
===========================================================================
report_checks -path_delay max (Setup)
============================================================================
======================= min_ss_100C_1v60 Corner ===================================

Startpoint: _1430_ (rising edge-triggered flip-flop clocked by CLK)
Endpoint: _1401_ (rising edge-triggered flip-flop clocked by CLK)
Path Group: CLK
Path Type: max

Fanout         Cap        Slew       Delay        Time   Description
---------------------------------------------------------------------------------------------
                                  0.000000    0.000000   clock CLK (rise edge)
                                  0.000000    0.000000   clock source latency
     1    0.018921    0.142429    0.101889    0.101889 ^ CLK (in)
                                                         CLK (net)
                      0.142439    0.000000    0.101889 ^ clkbuf_0_CLK/A (sky130_fd_sc_hd__clkbuf_16)
    16    0.102249    0.179542    0.368269    0.470158 ^ clkbuf_0_CLK/X (sky130_fd_sc_hd__clkbuf_16)
                                                         clknet_0_CLK (net)
                      0.179571    0.002443    0.472601 ^ clkbuf_4_5_0_CLK/A (sky130_fd_sc_hd__clkbuf_8)
     6    0.016758    0.076022    0.292736    0.765337 ^ clkbuf_4_5_0_CLK/X (sky130_fd_sc_hd__clkbuf_8)
                                                         clknet_4_5_0_CLK (net)
                      0.076022    0.000093    0.765430 ^ _1430_/CLK (sky130_fd_sc_hd__dfrtp_2)
     1    0.004090    0.080294    0.846732    1.612162 v _1430_/Q (sky130_fd_sc_hd__dfrtp_2)
                                                         duty_active[4] (net)
                      0.080294    0.000069    1.612232 v fanout118/A (sky130_fd_sc_hd__clkdlybuf4s25_1)
     5    0.049686    0.662601    0.962885    2.575117 v fanout118/X (sky130_fd_sc_hd__clkdlybuf4s25_1)
                                                         net118 (net)
                      0.662601    0.000038    2.575155 v fanout111/A (sky130_fd_sc_hd__clkdlybuf4s25_1)
     3    0.015690    0.229230    0.847255    3.422410 v fanout111/X (sky130_fd_sc_hd__clkdlybuf4s25_1)
                                                         net111 (net)
                      0.229230    0.000528    3.422939 v load_slew112/A (sky130_fd_sc_hd__clkbuf_4)
     8    0.039897    0.157008    0.434860    3.857799 v load_slew112/X (sky130_fd_sc_hd__clkbuf_4)
                                                         net112 (net)
                      0.157008    0.000801    3.858599 v fanout110/A (sky130_fd_sc_hd__clkdlybuf4s25_1)
     7    0.035196    0.475670    0.856817    4.715416 v fanout110/X (sky130_fd_sc_hd__clkdlybuf4s25_1)
                                                         net110 (net)
                      0.475670    0.001111    4.716527 v fanout108/A (sky130_fd_sc_hd__clkdlybuf4s25_1)
     4    0.015985    0.232684    0.788160    5.504687 v fanout108/X (sky130_fd_sc_hd__clkdlybuf4s25_1)
                                                         net108 (net)
                      0.232684    0.000007    5.504694 v load_slew109/A (sky130_fd_sc_hd__buf_2)
     7    0.032444    0.158885    0.437730    5.942424 v load_slew109/X (sky130_fd_sc_hd__buf_2)
                                                         net109 (net)
                      0.158888    0.001004    5.943428 v _0699_/A (sky130_fd_sc_hd__inv_2)
     1    0.003131    0.054311    0.105271    6.048699 ^ _0699_/Y (sky130_fd_sc_hd__inv_2)
                                                         _0066_ (net)
                      0.054311    0.000035    6.048735 ^ fanout58/A (sky130_fd_sc_hd__clkdlybuf4s25_1)
     5    0.026016    0.425632    0.749147    6.797881 ^ fanout58/X (sky130_fd_sc_hd__clkdlybuf4s25_1)
                                                         net58 (net)
                      0.425632    0.000115    6.797996 ^ fanout55/A (sky130_fd_sc_hd__clkdlybuf4s25_1)
     7    0.031240    0.506766    0.964549    7.762545 ^ fanout55/X (sky130_fd_sc_hd__clkdlybuf4s25_1)
                                                         net55 (net)
                      0.506766    0.000830    7.763375 ^ fanout52/A (sky130_fd_sc_hd__clkdlybuf4s25_1)
    10    0.048460    0.775591    1.195013    8.958388 ^ fanout52/X (sky130_fd_sc_hd__clkdlybuf4s25_1)
                                                         net52 (net)
                      0.775591    0.001127    8.959516 ^ _1031_/S0 (sky130_fd_sc_hd__mux4_2)
     3    0.010006    0.189747    1.458874   10.418389 v _1031_/X (sky130_fd_sc_hd__mux4_2)
                                                         _0374_ (net)
                      0.189747    0.000149   10.418538 v _1038_/A2 (sky130_fd_sc_hd__o22a_2)
     2    0.007145    0.095970    0.499988   10.918527 v _1038_/X (sky130_fd_sc_hd__o22a_2)
                                                         _0381_ (net)
                      0.095970    0.000076   10.918603 v _1061_/A0 (sky130_fd_sc_hd__mux4_2)
     1    0.002722    0.144909    1.062174   11.980778 v _1061_/X (sky130_fd_sc_hd__mux4_2)
                                                         _0404_ (net)
                      0.144909    0.000022   11.980800 v _1062_/B (sky130_fd_sc_hd__or2_2)
     1    0.002739    0.111856    0.673690   12.654490 v _1062_/X (sky130_fd_sc_hd__or2_2)
                                                         _0405_ (net)
                      0.111856    0.000015   12.654505 v _1068_/A1 (sky130_fd_sc_hd__a21o_2)
     2    0.004714    0.069909    0.392115   13.046619 v _1068_/X (sky130_fd_sc_hd__a21o_2)
                                                         _0411_ (net)
                      0.069909    0.000028   13.046648 v _1070_/C (sky130_fd_sc_hd__and3_2)
     1    0.003369    0.074098    0.453989   13.500636 v _1070_/X (sky130_fd_sc_hd__and3_2)
                                                         _0413_ (net)
                      0.074098    0.000042   13.500678 v _1174_/B1 (sky130_fd_sc_hd__a211o_2)
     1    0.005879    0.099417    0.629506   14.130184 v _1174_/X (sky130_fd_sc_hd__a211o_2)
                                                         _0517_ (net)
                      0.099417    0.000090   14.130274 v _1290_/A1 (sky130_fd_sc_hd__a31oi_2)
     1    0.004350    0.205750    0.242910   14.373184 ^ _1290_/Y (sky130_fd_sc_hd__a31oi_2)
                                                         _0633_ (net)
                      0.205750    0.000064   14.373248 ^ _1295_/A2 (sky130_fd_sc_hd__a31o_2)
     1    0.006679    0.100411    0.412299   14.785546 ^ _1295_/X (sky130_fd_sc_hd__a31o_2)
                                                         _0638_ (net)
                      0.100411    0.000111   14.785658 ^ _1304_/A1 (sky130_fd_sc_hd__a31oi_2)
     4    0.019926    0.317685    0.337389   15.123046 v _1304_/Y (sky130_fd_sc_hd__a31oi_2)
                                                         _0647_ (net)
                      0.317685    0.000554   15.123601 v _1330_/A1 (sky130_fd_sc_hd__o211a_2)
     1    0.004782    0.079315    0.626560   15.750161 v _1330_/X (sky130_fd_sc_hd__o211a_2)
                                                         _0669_ (net)
                      0.079315    0.000050   15.750211 v _1335_/B (sky130_fd_sc_hd__nor3b_2)
     3    0.009426    0.353785    0.396076   16.146286 ^ _1335_/Y (sky130_fd_sc_hd__nor3b_2)
                                                         _0674_ (net)
                      0.353785    0.000050   16.146336 ^ max_cap29/A (sky130_fd_sc_hd__clkbuf_2)
     3    0.018014    0.164669    0.400140   16.546476 ^ max_cap29/X (sky130_fd_sc_hd__clkbuf_2)
                                                         net29 (net)
                      0.164669    0.000259   16.546736 ^ _1349_/A2 (sky130_fd_sc_hd__o31ai_2)
     1    0.002290    0.085314    0.159453   16.706188 v _1349_/Y (sky130_fd_sc_hd__o31ai_2)
                                                         _0027_ (net)
                      0.085314    0.000021   16.706211 v _1401_/D (sky130_fd_sc_hd__dfrtp_2)
                                             16.706211   data arrival time

                                 20.000000   20.000000   clock CLK (rise edge)
                                  0.000000   20.000000   clock source latency
     1    0.018921    0.142429    0.092186   20.092186 ^ CLK (in)
                                                         CLK (net)
                      0.142439    0.000000   20.092186 ^ clkbuf_0_CLK/A (sky130_fd_sc_hd__clkbuf_16)
    16    0.102249    0.179542    0.333195   20.425381 ^ clkbuf_0_CLK/X (sky130_fd_sc_hd__clkbuf_16)
                                                         clknet_0_CLK (net)
                      0.179554    0.001602   20.426983 ^ clkbuf_4_14_0_CLK/A (sky130_fd_sc_hd__clkbuf_8)
     6    0.017613    0.077970    0.266676   20.693659 ^ clkbuf_4_14_0_CLK/X (sky130_fd_sc_hd__clkbuf_8)
                                                         clknet_4_14_0_CLK (net)
                      0.077970    0.000167   20.693827 ^ _1401_/CLK (sky130_fd_sc_hd__dfrtp_2)
                                 -0.250000   20.443827   clock uncertainty
                                  0.044777   20.488604   clock reconvergence pessimism
                                 -0.280882   20.207722   library setup time
                                             20.207722   data required time
---------------------------------------------------------------------------------------------
                                             20.207722   data required time
                                            -16.706211   data arrival time
---------------------------------------------------------------------------------------------
                                              3.501512   slack (MET)


Startpoint: _1430_ (rising edge-triggered flip-flop clocked by CLK)
Endpoint: _1470_ (rising edge-triggered flip-flop clocked by CLK)
Path Group: CLK
Path Type: max

Fanout         Cap        Slew       Delay        Time   Description
---------------------------------------------------------------------------------------------
                                  0.000000    0.000000   clock CLK (rise edge)
                                  0.000000    0.000000   clock source latency
     1    0.018921    0.142429    0.101889    0.101889 ^ CLK (in)
                                                         CLK (net)
                      0.142439    0.000000    0.101889 ^ clkbuf_0_CLK/A (sky130_fd_sc_hd__clkbuf_16)
    16    0.102249    0.179542    0.368269    0.470158 ^ clkbuf_0_CLK/X (sky130_fd_sc_hd__clkbuf_16)
                                                         clknet_0_CLK (net)
                      0.179571    0.002443    0.472601 ^ clkbuf_4_5_0_CLK/A (sky130_fd_sc_hd__clkbuf_8)
     6    0.016758    0.076022    0.292736    0.765337 ^ clkbuf_4_5_0_CLK/X (sky130_fd_sc_hd__clkbuf_8)
                                                         clknet_4_5_0_CLK (net)
                      0.076022    0.000093    0.765430 ^ _1430_/CLK (sky130_fd_sc_hd__dfrtp_2)
     1    0.004090    0.080294    0.846732    1.612162 v _1430_/Q (sky130_fd_sc_hd__dfrtp_2)
                                                         duty_active[4] (net)
                      0.080294    0.000069    1.612232 v fanout118/A (sky130_fd_sc_hd__clkdlybuf4s25_1)
     5    0.049686    0.662601    0.962885    2.575117 v fanout118/X (sky130_fd_sc_hd__clkdlybuf4s25_1)
                                                         net118 (net)
                      0.662601    0.000038    2.575155 v fanout111/A (sky130_fd_sc_hd__clkdlybuf4s25_1)
     3    0.015690    0.229230    0.847255    3.422410 v fanout111/X (sky130_fd_sc_hd__clkdlybuf4s25_1)
                                                         net111 (net)
                      0.229230    0.000528    3.422939 v load_slew112/A (sky130_fd_sc_hd__clkbuf_4)
     8    0.039897    0.157008    0.434860    3.857799 v load_slew112/X (sky130_fd_sc_hd__clkbuf_4)
                                                         net112 (net)
                      0.157008    0.000801    3.858599 v fanout110/A (sky130_fd_sc_hd__clkdlybuf4s25_1)
     7    0.035196    0.475670    0.856817    4.715416 v fanout110/X (sky130_fd_sc_hd__clkdlybuf4s25_1)
                                                         net110 (net)
                      0.475670    0.001111    4.716527 v fanout108/A (sky130_fd_sc_hd__clkdlybuf4s25_1)
     4    0.015985    0.232684    0.788160    5.504687 v fanout108/X (sky130_fd_sc_hd__clkdlybuf4s25_1)
                                                         net108 (net)
                      0.232684    0.000007    5.504694 v load_slew109/A (sky130_fd_sc_hd__buf_2)
     7    0.032444    0.158885    0.437730    5.942424 v load_slew109/X (sky130_fd_sc_hd__buf_2)
                                                         net109 (net)
                      0.158888    0.001004    5.943428 v _0699_/A (sky130_fd_sc_hd__inv_2)
     1    0.003131    0.054311    0.105271    6.048699 ^ _0699_/Y (sky130_fd_sc_hd__inv_2)
                                                         _0066_ (net)
                      0.054311    0.000035    6.048735 ^ fanout58/A (sky130_fd_sc_hd__clkdlybuf4s25_1)
     5    0.026016    0.425632    0.749147    6.797881 ^ fanout58/X (sky130_fd_sc_hd__clkdlybuf4s25_1)
                                                         net58 (net)
                      0.425632    0.000115    6.797996 ^ fanout55/A (sky130_fd_sc_hd__clkdlybuf4s25_1)
     7    0.031240    0.506766    0.964549    7.762545 ^ fanout55/X (sky130_fd_sc_hd__clkdlybuf4s25_1)
                                                         net55 (net)
                      0.506766    0.000830    7.763375 ^ fanout52/A (sky130_fd_sc_hd__clkdlybuf4s25_1)
    10    0.048460    0.775591    1.195013    8.958388 ^ fanout52/X (sky130_fd_sc_hd__clkdlybuf4s25_1)
                                                         net52 (net)
                      0.775591    0.001127    8.959516 ^ _1031_/S0 (sky130_fd_sc_hd__mux4_2)
     3    0.010006    0.189747    1.458874   10.418389 v _1031_/X (sky130_fd_sc_hd__mux4_2)
                                                         _0374_ (net)
                      0.189747    0.000149   10.418538 v _1038_/A2 (sky130_fd_sc_hd__o22a_2)
     2    0.007145    0.095970    0.499988   10.918527 v _1038_/X (sky130_fd_sc_hd__o22a_2)
                                                         _0381_ (net)
                      0.095970    0.000076   10.918603 v _1061_/A0 (sky130_fd_sc_hd__mux4_2)
     1    0.002722    0.144909    1.062174   11.980778 v _1061_/X (sky130_fd_sc_hd__mux4_2)
                                                         _0404_ (net)
                      0.144909    0.000022   11.980800 v _1062_/B (sky130_fd_sc_hd__or2_2)
     1    0.002739    0.111856    0.673690   12.654490 v _1062_/X (sky130_fd_sc_hd__or2_2)
                                                         _0405_ (net)
                      0.111856    0.000015   12.654505 v _1068_/A1 (sky130_fd_sc_hd__a21o_2)
     2    0.004714    0.069909    0.392115   13.046619 v _1068_/X (sky130_fd_sc_hd__a21o_2)
                                                         _0411_ (net)
                      0.069909    0.000028   13.046648 v _1070_/C (sky130_fd_sc_hd__and3_2)
     1    0.003369    0.074098    0.453989   13.500636 v _1070_/X (sky130_fd_sc_hd__and3_2)
                                                         _0413_ (net)
                      0.074098    0.000042   13.500678 v _1174_/B1 (sky130_fd_sc_hd__a211o_2)
     1    0.005879    0.099417    0.629506   14.130184 v _1174_/X (sky130_fd_sc_hd__a211o_2)
                                                         _0517_ (net)
                      0.099417    0.000090   14.130274 v _1290_/A1 (sky130_fd_sc_hd__a31oi_2)
     1    0.004350    0.205750    0.242910   14.373184 ^ _1290_/Y (sky130_fd_sc_hd__a31oi_2)
                                                         _0633_ (net)
                      0.205750    0.000064   14.373248 ^ _1295_/A2 (sky130_fd_sc_hd__a31o_2)
     1    0.006679    0.100411    0.412299   14.785546 ^ _1295_/X (sky130_fd_sc_hd__a31o_2)
                                                         _0638_ (net)
                      0.100411    0.000111   14.785658 ^ _1304_/A1 (sky130_fd_sc_hd__a31oi_2)
     4    0.019926    0.317685    0.337389   15.123046 v _1304_/Y (sky130_fd_sc_hd__a31oi_2)
                                                         _0647_ (net)
                      0.317685    0.000465   15.123511 v _1308_/A1 (sky130_fd_sc_hd__o2111a_2)
     1    0.004523    0.076236    0.618199   15.741711 v _1308_/X (sky130_fd_sc_hd__o2111a_2)
                                                         _0651_ (net)
                      0.076236    0.000041   15.741752 v _1313_/A (sky130_fd_sc_hd__nor2_2)
     5    0.024941    0.460991    0.454587   16.196339 ^ _1313_/Y (sky130_fd_sc_hd__nor2_2)
                                                         _0656_ (net)
                      0.460991    0.000156   16.196495 ^ _1317_/A1 (sky130_fd_sc_hd__o2111a_2)
     1    0.002836    0.084779    0.606073   16.802568 ^ _1317_/X (sky130_fd_sc_hd__o2111a_2)
                                                         _0008_ (net)
                      0.084779    0.000034   16.802603 ^ _1470_/D (sky130_fd_sc_hd__dfrtp_2)
                                             16.802603   data arrival time

                                 20.000000   20.000000   clock CLK (rise edge)
                                  0.000000   20.000000   clock source latency
     1    0.018921    0.142429    0.092186   20.092186 ^ CLK (in)
                                                         CLK (net)
                      0.142439    0.000000   20.092186 ^ clkbuf_0_CLK/A (sky130_fd_sc_hd__clkbuf_16)
    16    0.102249    0.179542    0.333195   20.425381 ^ clkbuf_0_CLK/X (sky130_fd_sc_hd__clkbuf_16)
                                                         clknet_0_CLK (net)
                      0.179543    0.000934   20.426315 ^ clkbuf_4_8_0_CLK/A (sky130_fd_sc_hd__clkbuf_8)
     5    0.013699    0.069341    0.258195   20.684511 ^ clkbuf_4_8_0_CLK/X (sky130_fd_sc_hd__clkbuf_8)
                                                         clknet_4_8_0_CLK (net)
                      0.069341    0.000085   20.684595 ^ _1470_/CLK (sky130_fd_sc_hd__dfrtp_2)
                                 -0.250000   20.434597   clock uncertainty
                                  0.044777   20.479374   clock reconvergence pessimism
                                 -0.142285   20.337090   library setup time
                                             20.337090   data required time
---------------------------------------------------------------------------------------------
                                             20.337090   data required time
                                            -16.802603   data arrival time
---------------------------------------------------------------------------------------------
                                              3.534487   slack (MET)


Startpoint: _1430_ (rising edge-triggered flip-flop clocked by CLK)
Endpoint: _1400_ (rising edge-triggered flip-flop clocked by CLK)
Path Group: CLK
Path Type: max

Fanout         Cap        Slew       Delay        Time   Description
---------------------------------------------------------------------------------------------
                                  0.000000    0.000000   clock CLK (rise edge)
                                  0.000000    0.000000   clock source latency
     1    0.018921    0.142429    0.101889    0.101889 ^ CLK (in)
                                                         CLK (net)
                      0.142439    0.000000    0.101889 ^ clkbuf_0_CLK/A (sky130_fd_sc_hd__clkbuf_16)
    16    0.102249    0.179542    0.368269    0.470158 ^ clkbuf_0_CLK/X (sky130_fd_sc_hd__clkbuf_16)
                                                         clknet_0_CLK (net)
                      0.179571    0.002443    0.472601 ^ clkbuf_4_5_0_CLK/A (sky130_fd_sc_hd__clkbuf_8)
     6    0.016758    0.076022    0.292736    0.765337 ^ clkbuf_4_5_0_CLK/X (sky130_fd_sc_hd__clkbuf_8)
                                                         clknet_4_5_0_CLK (net)
                      0.076022    0.000093    0.765430 ^ _1430_/CLK (sky130_fd_sc_hd__dfrtp_2)
     1    0.004090    0.080294    0.846732    1.612162 v _1430_/Q (sky130_fd_sc_hd__dfrtp_2)
                                                         duty_active[4] (net)
                      0.080294    0.000069    1.612232 v fanout118/A (sky130_fd_sc_hd__clkdlybuf4s25_1)
     5    0.049686    0.662601    0.962885    2.575117 v fanout118/X (sky130_fd_sc_hd__clkdlybuf4s25_1)
                                                         net118 (net)
                      0.662601    0.000038    2.575155 v fanout111/A (sky130_fd_sc_hd__clkdlybuf4s25_1)
     3    0.015690    0.229230    0.847255    3.422410 v fanout111/X (sky130_fd_sc_hd__clkdlybuf4s25_1)
                                                         net111 (net)
                      0.229230    0.000528    3.422939 v load_slew112/A (sky130_fd_sc_hd__clkbuf_4)
     8    0.039897    0.157008    0.434860    3.857799 v load_slew112/X (sky130_fd_sc_hd__clkbuf_4)
                                                         net112 (net)
                      0.157008    0.000801    3.858599 v fanout110/A (sky130_fd_sc_hd__clkdlybuf4s25_1)
     7    0.035196    0.475670    0.856817    4.715416 v fanout110/X (sky130_fd_sc_hd__clkdlybuf4s25_1)
                                                         net110 (net)
                      0.475670    0.001111    4.716527 v fanout108/A (sky130_fd_sc_hd__clkdlybuf4s25_1)
     4    0.015985    0.232684    0.788160    5.504687 v fanout108/X (sky130_fd_sc_hd__clkdlybuf4s25_1)
                                                         net108 (net)
                      0.232684    0.000007    5.504694 v load_slew109/A (sky130_fd_sc_hd__buf_2)
     7    0.032444    0.158885    0.437730    5.942424 v load_slew109/X (sky130_fd_sc_hd__buf_2)
                                                         net109 (net)
                      0.158888    0.001004    5.943428 v _0699_/A (sky130_fd_sc_hd__inv_2)
     1    0.003131    0.054311    0.105271    6.048699 ^ _0699_/Y (sky130_fd_sc_hd__inv_2)
                                                         _0066_ (net)
                      0.054311    0.000035    6.048735 ^ fanout58/A (sky130_fd_sc_hd__clkdlybuf4s25_1)
     5    0.026016    0.425632    0.749147    6.797881 ^ fanout58/X (sky130_fd_sc_hd__clkdlybuf4s25_1)
                                                         net58 (net)
                      0.425632    0.000115    6.797996 ^ fanout55/A (sky130_fd_sc_hd__clkdlybuf4s25_1)
     7    0.031240    0.506766    0.964549    7.762545 ^ fanout55/X (sky130_fd_sc_hd__clkdlybuf4s25_1)
                                                         net55 (net)
                      0.506766    0.000830    7.763375 ^ fanout52/A (sky130_fd_sc_hd__clkdlybuf4s25_1)
    10    0.048460    0.775591    1.195013    8.958388 ^ fanout52/X (sky130_fd_sc_hd__clkdlybuf4s25_1)
                                                         net52 (net)
                      0.775591    0.001127    8.959516 ^ _1031_/S0 (sky130_fd_sc_hd__mux4_2)
     3    0.010006    0.189747    1.458874   10.418389 v _1031_/X (sky130_fd_sc_hd__mux4_2)
                                                         _0374_ (net)
                      0.189747    0.000149   10.418538 v _1038_/A2 (sky130_fd_sc_hd__o22a_2)
     2    0.007145    0.095970    0.499988   10.918527 v _1038_/X (sky130_fd_sc_hd__o22a_2)
                                                         _0381_ (net)
                      0.095970    0.000076   10.918603 v _1061_/A0 (sky130_fd_sc_hd__mux4_2)
     1    0.002722    0.144909    1.062174   11.980778 v _1061_/X (sky130_fd_sc_hd__mux4_2)
                                                         _0404_ (net)
                      0.144909    0.000022   11.980800 v _1062_/B (sky130_fd_sc_hd__or2_2)
     1    0.002739    0.111856    0.673690   12.654490 v _1062_/X (sky130_fd_sc_hd__or2_2)
                                                         _0405_ (net)
                      0.111856    0.000015   12.654505 v _1068_/A1 (sky130_fd_sc_hd__a21o_2)
     2    0.004714    0.069909    0.392115   13.046619 v _1068_/X (sky130_fd_sc_hd__a21o_2)
                                                         _0411_ (net)
                      0.069909    0.000028   13.046648 v _1070_/C (sky130_fd_sc_hd__and3_2)
     1    0.003369    0.074098    0.453989   13.500636 v _1070_/X (sky130_fd_sc_hd__and3_2)
                                                         _0413_ (net)
                      0.074098    0.000042   13.500678 v _1174_/B1 (sky130_fd_sc_hd__a211o_2)
     1    0.005879    0.099417    0.629506   14.130184 v _1174_/X (sky130_fd_sc_hd__a211o_2)
                                                         _0517_ (net)
                      0.099417    0.000090   14.130274 v _1290_/A1 (sky130_fd_sc_hd__a31oi_2)
     1    0.004350    0.205750    0.242910   14.373184 ^ _1290_/Y (sky130_fd_sc_hd__a31oi_2)
                                                         _0633_ (net)
                      0.205750    0.000064   14.373248 ^ _1295_/A2 (sky130_fd_sc_hd__a31o_2)
     1    0.006679    0.100411    0.412299   14.785546 ^ _1295_/X (sky130_fd_sc_hd__a31o_2)
                                                         _0638_ (net)
                      0.100411    0.000111   14.785658 ^ _1304_/A1 (sky130_fd_sc_hd__a31oi_2)
     4    0.019926    0.317685    0.337389   15.123046 v _1304_/Y (sky130_fd_sc_hd__a31oi_2)
                                                         _0647_ (net)
                      0.317685    0.000554   15.123601 v _1330_/A1 (sky130_fd_sc_hd__o211a_2)
     1    0.004782    0.079315    0.626560   15.750161 v _1330_/X (sky130_fd_sc_hd__o211a_2)
                                                         _0669_ (net)
                      0.079315    0.000050   15.750211 v _1335_/B (sky130_fd_sc_hd__nor3b_2)
     3    0.009426    0.353785    0.396076   16.146286 ^ _1335_/Y (sky130_fd_sc_hd__nor3b_2)
                                                         _0674_ (net)
                      0.353785    0.000050   16.146336 ^ max_cap29/A (sky130_fd_sc_hd__clkbuf_2)
     3    0.018014    0.164669    0.400140   16.546476 ^ max_cap29/X (sky130_fd_sc_hd__clkbuf_2)
                                                         net29 (net)
                      0.164669    0.000203   16.546679 ^ _1347_/B1 (sky130_fd_sc_hd__a21oi_2)
     1    0.004144    0.076811    0.097948   16.644627 v _1347_/Y (sky130_fd_sc_hd__a21oi_2)
                                                         _0026_ (net)
                      0.076811    0.000071   16.644699 v _1400_/D (sky130_fd_sc_hd__dfrtp_2)
                                             16.644699   data arrival time

                                 20.000000   20.000000   clock CLK (rise edge)
                                  0.000000   20.000000   clock source latency
     1    0.018921    0.142429    0.092186   20.092186 ^ CLK (in)
                                                         CLK (net)
                      0.142439    0.000000   20.092186 ^ clkbuf_0_CLK/A (sky130_fd_sc_hd__clkbuf_16)
    16    0.102249    0.179542    0.333195   20.425381 ^ clkbuf_0_CLK/X (sky130_fd_sc_hd__clkbuf_16)
                                                         clknet_0_CLK (net)
                      0.179553    0.001572   20.426952 ^ clkbuf_4_15_0_CLK/A (sky130_fd_sc_hd__clkbuf_8)
     6    0.015079    0.072320    0.261190   20.688143 ^ clkbuf_4_15_0_CLK/X (sky130_fd_sc_hd__clkbuf_8)
                                                         clknet_4_15_0_CLK (net)
                      0.072320    0.000146   20.688290 ^ _1400_/CLK (sky130_fd_sc_hd__dfrtp_2)
                                 -0.250000   20.438290   clock uncertainty
                                  0.044777   20.483067   clock reconvergence pessimism
                                 -0.278836   20.204229   library setup time
                                             20.204229   data required time
---------------------------------------------------------------------------------------------
                                             20.204229   data required time
                                            -16.644699   data arrival time
---------------------------------------------------------------------------------------------
                                              3.559531   slack (MET)


Startpoint: _1430_ (rising edge-triggered flip-flop clocked by CLK)
Endpoint: _1397_ (rising edge-triggered flip-flop clocked by CLK)
Path Group: CLK
Path Type: max

Fanout         Cap        Slew       Delay        Time   Description
---------------------------------------------------------------------------------------------
                                  0.000000    0.000000   clock CLK (rise edge)
                                  0.000000    0.000000   clock source latency
     1    0.018921    0.142429    0.101889    0.101889 ^ CLK (in)
                                                         CLK (net)
                      0.142439    0.000000    0.101889 ^ clkbuf_0_CLK/A (sky130_fd_sc_hd__clkbuf_16)
    16    0.102249    0.179542    0.368269    0.470158 ^ clkbuf_0_CLK/X (sky130_fd_sc_hd__clkbuf_16)
                                                         clknet_0_CLK (net)
                      0.179571    0.002443    0.472601 ^ clkbuf_4_5_0_CLK/A (sky130_fd_sc_hd__clkbuf_8)
     6    0.016758    0.076022    0.292736    0.765337 ^ clkbuf_4_5_0_CLK/X (sky130_fd_sc_hd__clkbuf_8)
                                                         clknet_4_5_0_CLK (net)
                      0.076022    0.000093    0.765430 ^ _1430_/CLK (sky130_fd_sc_hd__dfrtp_2)
     1    0.004090    0.080294    0.846732    1.612162 v _1430_/Q (sky130_fd_sc_hd__dfrtp_2)
                                                         duty_active[4] (net)
                      0.080294    0.000069    1.612232 v fanout118/A (sky130_fd_sc_hd__clkdlybuf4s25_1)
     5    0.049686    0.662601    0.962885    2.575117 v fanout118/X (sky130_fd_sc_hd__clkdlybuf4s25_1)
                                                         net118 (net)
                      0.662601    0.000038    2.575155 v fanout111/A (sky130_fd_sc_hd__clkdlybuf4s25_1)
     3    0.015690    0.229230    0.847255    3.422410 v fanout111/X (sky130_fd_sc_hd__clkdlybuf4s25_1)
                                                         net111 (net)
                      0.229230    0.000528    3.422939 v load_slew112/A (sky130_fd_sc_hd__clkbuf_4)
     8    0.039897    0.157008    0.434860    3.857799 v load_slew112/X (sky130_fd_sc_hd__clkbuf_4)
                                                         net112 (net)
                      0.157008    0.000801    3.858599 v fanout110/A (sky130_fd_sc_hd__clkdlybuf4s25_1)
     7    0.035196    0.475670    0.856817    4.715416 v fanout110/X (sky130_fd_sc_hd__clkdlybuf4s25_1)
                                                         net110 (net)
                      0.475670    0.001111    4.716527 v fanout108/A (sky130_fd_sc_hd__clkdlybuf4s25_1)
     4    0.015985    0.232684    0.788160    5.504687 v fanout108/X (sky130_fd_sc_hd__clkdlybuf4s25_1)
                                                         net108 (net)
                      0.232684    0.000007    5.504694 v load_slew109/A (sky130_fd_sc_hd__buf_2)
     7    0.032444    0.158885    0.437730    5.942424 v load_slew109/X (sky130_fd_sc_hd__buf_2)
                                                         net109 (net)
                      0.158888    0.001004    5.943428 v _0699_/A (sky130_fd_sc_hd__inv_2)
     1    0.003131    0.054311    0.105271    6.048699 ^ _0699_/Y (sky130_fd_sc_hd__inv_2)
                                                         _0066_ (net)
                      0.054311    0.000035    6.048735 ^ fanout58/A (sky130_fd_sc_hd__clkdlybuf4s25_1)
     5    0.026016    0.425632    0.749147    6.797881 ^ fanout58/X (sky130_fd_sc_hd__clkdlybuf4s25_1)
                                                         net58 (net)
                      0.425632    0.000115    6.797996 ^ fanout55/A (sky130_fd_sc_hd__clkdlybuf4s25_1)
     7    0.031240    0.506766    0.964549    7.762545 ^ fanout55/X (sky130_fd_sc_hd__clkdlybuf4s25_1)
                                                         net55 (net)
                      0.506766    0.000830    7.763375 ^ fanout52/A (sky130_fd_sc_hd__clkdlybuf4s25_1)
    10    0.048460    0.775591    1.195013    8.958388 ^ fanout52/X (sky130_fd_sc_hd__clkdlybuf4s25_1)
                                                         net52 (net)
                      0.775591    0.001127    8.959516 ^ _1031_/S0 (sky130_fd_sc_hd__mux4_2)
     3    0.010006    0.189747    1.458874   10.418389 v _1031_/X (sky130_fd_sc_hd__mux4_2)
                                                         _0374_ (net)
                      0.189747    0.000149   10.418538 v _1038_/A2 (sky130_fd_sc_hd__o22a_2)
     2    0.007145    0.095970    0.499988   10.918527 v _1038_/X (sky130_fd_sc_hd__o22a_2)
                                                         _0381_ (net)
                      0.095970    0.000076   10.918603 v _1061_/A0 (sky130_fd_sc_hd__mux4_2)
     1    0.002722    0.144909    1.062174   11.980778 v _1061_/X (sky130_fd_sc_hd__mux4_2)
                                                         _0404_ (net)
                      0.144909    0.000022   11.980800 v _1062_/B (sky130_fd_sc_hd__or2_2)
     1    0.002739    0.111856    0.673690   12.654490 v _1062_/X (sky130_fd_sc_hd__or2_2)
                                                         _0405_ (net)
                      0.111856    0.000015   12.654505 v _1068_/A1 (sky130_fd_sc_hd__a21o_2)
     2    0.004714    0.069909    0.392115   13.046619 v _1068_/X (sky130_fd_sc_hd__a21o_2)
                                                         _0411_ (net)
                      0.069909    0.000028   13.046648 v _1070_/C (sky130_fd_sc_hd__and3_2)
     1    0.003369    0.074098    0.453989   13.500636 v _1070_/X (sky130_fd_sc_hd__and3_2)
                                                         _0413_ (net)
                      0.074098    0.000042   13.500678 v _1174_/B1 (sky130_fd_sc_hd__a211o_2)
     1    0.005879    0.099417    0.629506   14.130184 v _1174_/X (sky130_fd_sc_hd__a211o_2)
                                                         _0517_ (net)
                      0.099417    0.000090   14.130274 v _1290_/A1 (sky130_fd_sc_hd__a31oi_2)
     1    0.004350    0.205750    0.242910   14.373184 ^ _1290_/Y (sky130_fd_sc_hd__a31oi_2)
                                                         _0633_ (net)
                      0.205750    0.000064   14.373248 ^ _1295_/A2 (sky130_fd_sc_hd__a31o_2)
     1    0.006679    0.100411    0.412299   14.785546 ^ _1295_/X (sky130_fd_sc_hd__a31o_2)
                                                         _0638_ (net)
                      0.100411    0.000111   14.785658 ^ _1304_/A1 (sky130_fd_sc_hd__a31oi_2)
     4    0.019926    0.317685    0.337389   15.123046 v _1304_/Y (sky130_fd_sc_hd__a31oi_2)
                                                         _0647_ (net)
                      0.317685    0.000554   15.123601 v _1330_/A1 (sky130_fd_sc_hd__o211a_2)
     1    0.004782    0.079315    0.626560   15.750161 v _1330_/X (sky130_fd_sc_hd__o211a_2)
                                                         _0669_ (net)
                      0.079315    0.000050   15.750211 v _1335_/B (sky130_fd_sc_hd__nor3b_2)
     3    0.009426    0.353785    0.396076   16.146286 ^ _1335_/Y (sky130_fd_sc_hd__nor3b_2)
                                                         _0674_ (net)
                      0.353785    0.000050   16.146336 ^ max_cap29/A (sky130_fd_sc_hd__clkbuf_2)
     3    0.018014    0.164669    0.400140   16.546476 ^ max_cap29/X (sky130_fd_sc_hd__clkbuf_2)
                                                         net29 (net)
                      0.164669    0.000140   16.546618 ^ _1339_/B (sky130_fd_sc_hd__nor2_2)
     1    0.003752    0.055780    0.097986   16.644602 v _1339_/Y (sky130_fd_sc_hd__nor2_2)
                                                         _0023_ (net)
                      0.055780    0.000053   16.644655 v _1397_/D (sky130_fd_sc_hd__dfrtp_2)
                                             16.644655   data arrival time

                                 20.000000   20.000000   clock CLK (rise edge)
                                  0.000000   20.000000   clock source latency
     1    0.018921    0.142429    0.092186   20.092186 ^ CLK (in)
                                                         CLK (net)
                      0.142439    0.000000   20.092186 ^ clkbuf_0_CLK/A (sky130_fd_sc_hd__clkbuf_16)
    16    0.102249    0.179542    0.333195   20.425381 ^ clkbuf_0_CLK/X (sky130_fd_sc_hd__clkbuf_16)
                                                         clknet_0_CLK (net)
                      0.179553    0.001572   20.426952 ^ clkbuf_4_15_0_CLK/A (sky130_fd_sc_hd__clkbuf_8)
     6    0.015079    0.072320    0.261190   20.688143 ^ clkbuf_4_15_0_CLK/X (sky130_fd_sc_hd__clkbuf_8)
                                                         clknet_4_15_0_CLK (net)
                      0.072320    0.000075   20.688217 ^ _1397_/CLK (sky130_fd_sc_hd__dfrtp_2)
                                 -0.250000   20.438219   clock uncertainty
                                  0.044777   20.482996   clock reconvergence pessimism
                                 -0.270050   20.212946   library setup time
                                             20.212946   data required time
---------------------------------------------------------------------------------------------
                                             20.212946   data required time
                                            -16.644655   data arrival time
---------------------------------------------------------------------------------------------
                                              3.568291   slack (MET)


Startpoint: _1430_ (rising edge-triggered flip-flop clocked by CLK)
Endpoint: _1472_ (rising edge-triggered flip-flop clocked by CLK)
Path Group: CLK
Path Type: max

Fanout         Cap        Slew       Delay        Time   Description
---------------------------------------------------------------------------------------------
                                  0.000000    0.000000   clock CLK (rise edge)
                                  0.000000    0.000000   clock source latency
     1    0.018921    0.142429    0.101889    0.101889 ^ CLK (in)
                                                         CLK (net)
                      0.142439    0.000000    0.101889 ^ clkbuf_0_CLK/A (sky130_fd_sc_hd__clkbuf_16)
    16    0.102249    0.179542    0.368269    0.470158 ^ clkbuf_0_CLK/X (sky130_fd_sc_hd__clkbuf_16)
                                                         clknet_0_CLK (net)
                      0.179571    0.002443    0.472601 ^ clkbuf_4_5_0_CLK/A (sky130_fd_sc_hd__clkbuf_8)
     6    0.016758    0.076022    0.292736    0.765337 ^ clkbuf_4_5_0_CLK/X (sky130_fd_sc_hd__clkbuf_8)
                                                         clknet_4_5_0_CLK (net)
                      0.076022    0.000093    0.765430 ^ _1430_/CLK (sky130_fd_sc_hd__dfrtp_2)
     1    0.004090    0.080294    0.846732    1.612162 v _1430_/Q (sky130_fd_sc_hd__dfrtp_2)
                                                         duty_active[4] (net)
                      0.080294    0.000069    1.612232 v fanout118/A (sky130_fd_sc_hd__clkdlybuf4s25_1)
     5    0.049686    0.662601    0.962885    2.575117 v fanout118/X (sky130_fd_sc_hd__clkdlybuf4s25_1)
                                                         net118 (net)
                      0.662601    0.000038    2.575155 v fanout111/A (sky130_fd_sc_hd__clkdlybuf4s25_1)
     3    0.015690    0.229230    0.847255    3.422410 v fanout111/X (sky130_fd_sc_hd__clkdlybuf4s25_1)
                                                         net111 (net)
                      0.229230    0.000528    3.422939 v load_slew112/A (sky130_fd_sc_hd__clkbuf_4)
     8    0.039897    0.157008    0.434860    3.857799 v load_slew112/X (sky130_fd_sc_hd__clkbuf_4)
                                                         net112 (net)
                      0.157008    0.000801    3.858599 v fanout110/A (sky130_fd_sc_hd__clkdlybuf4s25_1)
     7    0.035196    0.475670    0.856817    4.715416 v fanout110/X (sky130_fd_sc_hd__clkdlybuf4s25_1)
                                                         net110 (net)
                      0.475670    0.001111    4.716527 v fanout108/A (sky130_fd_sc_hd__clkdlybuf4s25_1)
     4    0.015985    0.232684    0.788160    5.504687 v fanout108/X (sky130_fd_sc_hd__clkdlybuf4s25_1)
                                                         net108 (net)
                      0.232684    0.000007    5.504694 v load_slew109/A (sky130_fd_sc_hd__buf_2)
     7    0.032444    0.158885    0.437730    5.942424 v load_slew109/X (sky130_fd_sc_hd__buf_2)
                                                         net109 (net)
                      0.158888    0.001004    5.943428 v _0699_/A (sky130_fd_sc_hd__inv_2)
     1    0.003131    0.054311    0.105271    6.048699 ^ _0699_/Y (sky130_fd_sc_hd__inv_2)
                                                         _0066_ (net)
                      0.054311    0.000035    6.048735 ^ fanout58/A (sky130_fd_sc_hd__clkdlybuf4s25_1)
     5    0.026016    0.425632    0.749147    6.797881 ^ fanout58/X (sky130_fd_sc_hd__clkdlybuf4s25_1)
                                                         net58 (net)
                      0.425632    0.000115    6.797996 ^ fanout55/A (sky130_fd_sc_hd__clkdlybuf4s25_1)
     7    0.031240    0.506766    0.964549    7.762545 ^ fanout55/X (sky130_fd_sc_hd__clkdlybuf4s25_1)
                                                         net55 (net)
                      0.506766    0.000830    7.763375 ^ fanout52/A (sky130_fd_sc_hd__clkdlybuf4s25_1)
    10    0.048460    0.775591    1.195013    8.958388 ^ fanout52/X (sky130_fd_sc_hd__clkdlybuf4s25_1)
                                                         net52 (net)
                      0.775591    0.001127    8.959516 ^ _1031_/S0 (sky130_fd_sc_hd__mux4_2)
     3    0.010006    0.189747    1.458874   10.418389 v _1031_/X (sky130_fd_sc_hd__mux4_2)
                                                         _0374_ (net)
                      0.189747    0.000149   10.418538 v _1038_/A2 (sky130_fd_sc_hd__o22a_2)
     2    0.007145    0.095970    0.499988   10.918527 v _1038_/X (sky130_fd_sc_hd__o22a_2)
                                                         _0381_ (net)
                      0.095970    0.000076   10.918603 v _1061_/A0 (sky130_fd_sc_hd__mux4_2)
     1    0.002722    0.144909    1.062174   11.980778 v _1061_/X (sky130_fd_sc_hd__mux4_2)
                                                         _0404_ (net)
                      0.144909    0.000022   11.980800 v _1062_/B (sky130_fd_sc_hd__or2_2)
     1    0.002739    0.111856    0.673690   12.654490 v _1062_/X (sky130_fd_sc_hd__or2_2)
                                                         _0405_ (net)
                      0.111856    0.000015   12.654505 v _1068_/A1 (sky130_fd_sc_hd__a21o_2)
     2    0.004714    0.069909    0.392115   13.046619 v _1068_/X (sky130_fd_sc_hd__a21o_2)
                                                         _0411_ (net)
                      0.069909    0.000028   13.046648 v _1070_/C (sky130_fd_sc_hd__and3_2)
     1    0.003369    0.074098    0.453989   13.500636 v _1070_/X (sky130_fd_sc_hd__and3_2)
                                                         _0413_ (net)
                      0.074098    0.000042   13.500678 v _1174_/B1 (sky130_fd_sc_hd__a211o_2)
     1    0.005879    0.099417    0.629506   14.130184 v _1174_/X (sky130_fd_sc_hd__a211o_2)
                                                         _0517_ (net)
                      0.099417    0.000090   14.130274 v _1290_/A1 (sky130_fd_sc_hd__a31oi_2)
     1    0.004350    0.205750    0.242910   14.373184 ^ _1290_/Y (sky130_fd_sc_hd__a31oi_2)
                                                         _0633_ (net)
                      0.205750    0.000064   14.373248 ^ _1295_/A2 (sky130_fd_sc_hd__a31o_2)
     1    0.006679    0.100411    0.412299   14.785546 ^ _1295_/X (sky130_fd_sc_hd__a31o_2)
                                                         _0638_ (net)
                      0.100411    0.000111   14.785658 ^ _1304_/A1 (sky130_fd_sc_hd__a31oi_2)
     4    0.019926    0.317685    0.337389   15.123046 v _1304_/Y (sky130_fd_sc_hd__a31oi_2)
                                                         _0647_ (net)
                      0.317685    0.000570   15.123616 v _1319_/A1 (sky130_fd_sc_hd__o211a_2)
     1    0.004542    0.077764    0.624297   15.747913 v _1319_/X (sky130_fd_sc_hd__o211a_2)
                                                         _0660_ (net)
                      0.077764    0.000041   15.747954 v _1324_/A (sky130_fd_sc_hd__nor2_2)
     5    0.026064    0.479701    0.469640   16.217594 ^ _1324_/Y (sky130_fd_sc_hd__nor2_2)
                                                         _0665_ (net)
                      0.479701    0.000172   16.217768 ^ _1328_/A1 (sky130_fd_sc_hd__o211a_2)
     1    0.003183    0.081752    0.531532   16.749300 ^ _1328_/X (sky130_fd_sc_hd__o211a_2)
                                                         _0006_ (net)
                      0.081752    0.000044   16.749344 ^ _1472_/D (sky130_fd_sc_hd__dfrtp_2)
                                             16.749344   data arrival time

                                 20.000000   20.000000   clock CLK (rise edge)
                                  0.000000   20.000000   clock source latency
     1    0.018921    0.142429    0.092186   20.092186 ^ CLK (in)
                                                         CLK (net)
                      0.142439    0.000000   20.092186 ^ clkbuf_0_CLK/A (sky130_fd_sc_hd__clkbuf_16)
    16    0.102249    0.179542    0.333195   20.425381 ^ clkbuf_0_CLK/X (sky130_fd_sc_hd__clkbuf_16)
                                                         clknet_0_CLK (net)
                      0.179557    0.001728   20.427109 ^ clkbuf_4_10_0_CLK/A (sky130_fd_sc_hd__clkbuf_8)
     6    0.017324    0.077315    0.266059   20.693169 ^ clkbuf_4_10_0_CLK/X (sky130_fd_sc_hd__clkbuf_8)
                                                         clknet_4_10_0_CLK (net)
                      0.077315    0.000114   20.693283 ^ _1472_/CLK (sky130_fd_sc_hd__dfrtp_2)
                                 -0.250000   20.443283   clock uncertainty
                                  0.044777   20.488060   clock reconvergence pessimism
                                 -0.140107   20.347954   library setup time
                                             20.347954   data required time
---------------------------------------------------------------------------------------------
                                             20.347954   data required time
                                            -16.749344   data arrival time
---------------------------------------------------------------------------------------------
                                              3.598609   slack (MET)


Startpoint: _1430_ (rising edge-triggered flip-flop clocked by CLK)
Endpoint: _1473_ (rising edge-triggered flip-flop clocked by CLK)
Path Group: CLK
Path Type: max

Fanout         Cap        Slew       Delay        Time   Description
---------------------------------------------------------------------------------------------
                                  0.000000    0.000000   clock CLK (rise edge)
                                  0.000000    0.000000   clock source latency
     1    0.018921    0.142429    0.101889    0.101889 ^ CLK (in)
                                                         CLK (net)
                      0.142439    0.000000    0.101889 ^ clkbuf_0_CLK/A (sky130_fd_sc_hd__clkbuf_16)
    16    0.102249    0.179542    0.368269    0.470158 ^ clkbuf_0_CLK/X (sky130_fd_sc_hd__clkbuf_16)
                                                         clknet_0_CLK (net)
                      0.179571    0.002443    0.472601 ^ clkbuf_4_5_0_CLK/A (sky130_fd_sc_hd__clkbuf_8)
     6    0.016758    0.076022    0.292736    0.765337 ^ clkbuf_4_5_0_CLK/X (sky130_fd_sc_hd__clkbuf_8)
                                                         clknet_4_5_0_CLK (net)
                      0.076022    0.000093    0.765430 ^ _1430_/CLK (sky130_fd_sc_hd__dfrtp_2)
     1    0.004090    0.080294    0.846732    1.612162 v _1430_/Q (sky130_fd_sc_hd__dfrtp_2)
                                                         duty_active[4] (net)
                      0.080294    0.000069    1.612232 v fanout118/A (sky130_fd_sc_hd__clkdlybuf4s25_1)
     5    0.049686    0.662601    0.962885    2.575117 v fanout118/X (sky130_fd_sc_hd__clkdlybuf4s25_1)
                                                         net118 (net)
                      0.662601    0.000038    2.575155 v fanout111/A (sky130_fd_sc_hd__clkdlybuf4s25_1)
     3    0.015690    0.229230    0.847255    3.422410 v fanout111/X (sky130_fd_sc_hd__clkdlybuf4s25_1)
                                                         net111 (net)
                      0.229230    0.000528    3.422939 v load_slew112/A (sky130_fd_sc_hd__clkbuf_4)
     8    0.039897    0.157008    0.434860    3.857799 v load_slew112/X (sky130_fd_sc_hd__clkbuf_4)
                                                         net112 (net)
                      0.157008    0.000801    3.858599 v fanout110/A (sky130_fd_sc_hd__clkdlybuf4s25_1)
     7    0.035196    0.475670    0.856817    4.715416 v fanout110/X (sky130_fd_sc_hd__clkdlybuf4s25_1)
                                                         net110 (net)
                      0.475670    0.001111    4.716527 v fanout108/A (sky130_fd_sc_hd__clkdlybuf4s25_1)
     4    0.015985    0.232684    0.788160    5.504687 v fanout108/X (sky130_fd_sc_hd__clkdlybuf4s25_1)
                                                         net108 (net)
                      0.232684    0.000007    5.504694 v load_slew109/A (sky130_fd_sc_hd__buf_2)
     7    0.032444    0.158885    0.437730    5.942424 v load_slew109/X (sky130_fd_sc_hd__buf_2)
                                                         net109 (net)
                      0.158888    0.001004    5.943428 v _0699_/A (sky130_fd_sc_hd__inv_2)
     1    0.003131    0.054311    0.105271    6.048699 ^ _0699_/Y (sky130_fd_sc_hd__inv_2)
                                                         _0066_ (net)
                      0.054311    0.000035    6.048735 ^ fanout58/A (sky130_fd_sc_hd__clkdlybuf4s25_1)
     5    0.026016    0.425632    0.749147    6.797881 ^ fanout58/X (sky130_fd_sc_hd__clkdlybuf4s25_1)
                                                         net58 (net)
                      0.425632    0.000115    6.797996 ^ fanout55/A (sky130_fd_sc_hd__clkdlybuf4s25_1)
     7    0.031240    0.506766    0.964549    7.762545 ^ fanout55/X (sky130_fd_sc_hd__clkdlybuf4s25_1)
                                                         net55 (net)
                      0.506766    0.000830    7.763375 ^ fanout52/A (sky130_fd_sc_hd__clkdlybuf4s25_1)
    10    0.048460    0.775591    1.195013    8.958388 ^ fanout52/X (sky130_fd_sc_hd__clkdlybuf4s25_1)
                                                         net52 (net)
                      0.775591    0.001127    8.959516 ^ _1031_/S0 (sky130_fd_sc_hd__mux4_2)
     3    0.010006    0.189747    1.458874   10.418389 v _1031_/X (sky130_fd_sc_hd__mux4_2)
                                                         _0374_ (net)
                      0.189747    0.000149   10.418538 v _1038_/A2 (sky130_fd_sc_hd__o22a_2)
     2    0.007145    0.095970    0.499988   10.918527 v _1038_/X (sky130_fd_sc_hd__o22a_2)
                                                         _0381_ (net)
                      0.095970    0.000076   10.918603 v _1061_/A0 (sky130_fd_sc_hd__mux4_2)
     1    0.002722    0.144909    1.062174   11.980778 v _1061_/X (sky130_fd_sc_hd__mux4_2)
                                                         _0404_ (net)
                      0.144909    0.000022   11.980800 v _1062_/B (sky130_fd_sc_hd__or2_2)
     1    0.002739    0.111856    0.673690   12.654490 v _1062_/X (sky130_fd_sc_hd__or2_2)
                                                         _0405_ (net)
                      0.111856    0.000015   12.654505 v _1068_/A1 (sky130_fd_sc_hd__a21o_2)
     2    0.004714    0.069909    0.392115   13.046619 v _1068_/X (sky130_fd_sc_hd__a21o_2)
                                                         _0411_ (net)
                      0.069909    0.000028   13.046648 v _1070_/C (sky130_fd_sc_hd__and3_2)
     1    0.003369    0.074098    0.453989   13.500636 v _1070_/X (sky130_fd_sc_hd__and3_2)
                                                         _0413_ (net)
                      0.074098    0.000042   13.500678 v _1174_/B1 (sky130_fd_sc_hd__a211o_2)
     1    0.005879    0.099417    0.629506   14.130184 v _1174_/X (sky130_fd_sc_hd__a211o_2)
                                                         _0517_ (net)
                      0.099417    0.000090   14.130274 v _1290_/A1 (sky130_fd_sc_hd__a31oi_2)
     1    0.004350    0.205750    0.242910   14.373184 ^ _1290_/Y (sky130_fd_sc_hd__a31oi_2)
                                                         _0633_ (net)
                      0.205750    0.000064   14.373248 ^ _1295_/A2 (sky130_fd_sc_hd__a31o_2)
     1    0.006679    0.100411    0.412299   14.785546 ^ _1295_/X (sky130_fd_sc_hd__a31o_2)
                                                         _0638_ (net)
                      0.100411    0.000111   14.785658 ^ _1304_/A1 (sky130_fd_sc_hd__a31oi_2)
     4    0.019926    0.317685    0.337389   15.123046 v _1304_/Y (sky130_fd_sc_hd__a31oi_2)
                                                         _0647_ (net)
                      0.317685    0.000570   15.123616 v _1319_/A1 (sky130_fd_sc_hd__o211a_2)
     1    0.004542    0.077764    0.624297   15.747913 v _1319_/X (sky130_fd_sc_hd__o211a_2)
                                                         _0660_ (net)
                      0.077764    0.000041   15.747954 v _1324_/A (sky130_fd_sc_hd__nor2_2)
     5    0.026064    0.479701    0.469640   16.217594 ^ _1324_/Y (sky130_fd_sc_hd__nor2_2)
                                                         _0665_ (net)
                      0.479701    0.000231   16.217825 ^ _1327_/A1 (sky130_fd_sc_hd__o211a_2)
     1    0.003158    0.081557    0.531250   16.749075 ^ _1327_/X (sky130_fd_sc_hd__o211a_2)
                                                         _0007_ (net)
                      0.081557    0.000043   16.749119 ^ _1473_/D (sky130_fd_sc_hd__dfrtp_2)
                                             16.749119   data arrival time

                                 20.000000   20.000000   clock CLK (rise edge)
                                  0.000000   20.000000   clock source latency
     1    0.018921    0.142429    0.092186   20.092186 ^ CLK (in)
                                                         CLK (net)
                      0.142439    0.000000   20.092186 ^ clkbuf_0_CLK/A (sky130_fd_sc_hd__clkbuf_16)
    16    0.102249    0.179542    0.333195   20.425381 ^ clkbuf_0_CLK/X (sky130_fd_sc_hd__clkbuf_16)
                                                         clknet_0_CLK (net)
                      0.179557    0.001728   20.427109 ^ clkbuf_4_10_0_CLK/A (sky130_fd_sc_hd__clkbuf_8)
     6    0.017324    0.077315    0.266059   20.693169 ^ clkbuf_4_10_0_CLK/X (sky130_fd_sc_hd__clkbuf_8)
                                                         clknet_4_10_0_CLK (net)
                      0.077315    0.000099   20.693268 ^ _1473_/CLK (sky130_fd_sc_hd__dfrtp_2)
                                 -0.250000   20.443270   clock uncertainty
                                  0.044777   20.488045   clock reconvergence pessimism
                                 -0.140058   20.347986   library setup time
                                             20.347986   data required time
---------------------------------------------------------------------------------------------
                                             20.347986   data required time
                                            -16.749119   data arrival time
---------------------------------------------------------------------------------------------
                                              3.598869   slack (MET)


Startpoint: _1430_ (rising edge-triggered flip-flop clocked by CLK)
Endpoint: _1471_ (rising edge-triggered flip-flop clocked by CLK)
Path Group: CLK
Path Type: max

Fanout         Cap        Slew       Delay        Time   Description
---------------------------------------------------------------------------------------------
                                  0.000000    0.000000   clock CLK (rise edge)
                                  0.000000    0.000000   clock source latency
     1    0.018921    0.142429    0.101889    0.101889 ^ CLK (in)
                                                         CLK (net)
                      0.142439    0.000000    0.101889 ^ clkbuf_0_CLK/A (sky130_fd_sc_hd__clkbuf_16)
    16    0.102249    0.179542    0.368269    0.470158 ^ clkbuf_0_CLK/X (sky130_fd_sc_hd__clkbuf_16)
                                                         clknet_0_CLK (net)
                      0.179571    0.002443    0.472601 ^ clkbuf_4_5_0_CLK/A (sky130_fd_sc_hd__clkbuf_8)
     6    0.016758    0.076022    0.292736    0.765337 ^ clkbuf_4_5_0_CLK/X (sky130_fd_sc_hd__clkbuf_8)
                                                         clknet_4_5_0_CLK (net)
                      0.076022    0.000093    0.765430 ^ _1430_/CLK (sky130_fd_sc_hd__dfrtp_2)
     1    0.004090    0.080294    0.846732    1.612162 v _1430_/Q (sky130_fd_sc_hd__dfrtp_2)
                                                         duty_active[4] (net)
                      0.080294    0.000069    1.612232 v fanout118/A (sky130_fd_sc_hd__clkdlybuf4s25_1)
     5    0.049686    0.662601    0.962885    2.575117 v fanout118/X (sky130_fd_sc_hd__clkdlybuf4s25_1)
                                                         net118 (net)
                      0.662601    0.000038    2.575155 v fanout111/A (sky130_fd_sc_hd__clkdlybuf4s25_1)
     3    0.015690    0.229230    0.847255    3.422410 v fanout111/X (sky130_fd_sc_hd__clkdlybuf4s25_1)
                                                         net111 (net)
                      0.229230    0.000528    3.422939 v load_slew112/A (sky130_fd_sc_hd__clkbuf_4)
     8    0.039897    0.157008    0.434860    3.857799 v load_slew112/X (sky130_fd_sc_hd__clkbuf_4)
                                                         net112 (net)
                      0.157008    0.000801    3.858599 v fanout110/A (sky130_fd_sc_hd__clkdlybuf4s25_1)
     7    0.035196    0.475670    0.856817    4.715416 v fanout110/X (sky130_fd_sc_hd__clkdlybuf4s25_1)
                                                         net110 (net)
                      0.475670    0.001111    4.716527 v fanout108/A (sky130_fd_sc_hd__clkdlybuf4s25_1)
     4    0.015985    0.232684    0.788160    5.504687 v fanout108/X (sky130_fd_sc_hd__clkdlybuf4s25_1)
                                                         net108 (net)
                      0.232684    0.000007    5.504694 v load_slew109/A (sky130_fd_sc_hd__buf_2)
     7    0.032444    0.158885    0.437730    5.942424 v load_slew109/X (sky130_fd_sc_hd__buf_2)
                                                         net109 (net)
                      0.158888    0.001004    5.943428 v _0699_/A (sky130_fd_sc_hd__inv_2)
     1    0.003131    0.054311    0.105271    6.048699 ^ _0699_/Y (sky130_fd_sc_hd__inv_2)
                                                         _0066_ (net)
                      0.054311    0.000035    6.048735 ^ fanout58/A (sky130_fd_sc_hd__clkdlybuf4s25_1)
     5    0.026016    0.425632    0.749147    6.797881 ^ fanout58/X (sky130_fd_sc_hd__clkdlybuf4s25_1)
                                                         net58 (net)
                      0.425632    0.000115    6.797996 ^ fanout55/A (sky130_fd_sc_hd__clkdlybuf4s25_1)
     7    0.031240    0.506766    0.964549    7.762545 ^ fanout55/X (sky130_fd_sc_hd__clkdlybuf4s25_1)
                                                         net55 (net)
                      0.506766    0.000830    7.763375 ^ fanout52/A (sky130_fd_sc_hd__clkdlybuf4s25_1)
    10    0.048460    0.775591    1.195013    8.958388 ^ fanout52/X (sky130_fd_sc_hd__clkdlybuf4s25_1)
                                                         net52 (net)
                      0.775591    0.001127    8.959516 ^ _1031_/S0 (sky130_fd_sc_hd__mux4_2)
     3    0.010006    0.189747    1.458874   10.418389 v _1031_/X (sky130_fd_sc_hd__mux4_2)
                                                         _0374_ (net)
                      0.189747    0.000149   10.418538 v _1038_/A2 (sky130_fd_sc_hd__o22a_2)
     2    0.007145    0.095970    0.499988   10.918527 v _1038_/X (sky130_fd_sc_hd__o22a_2)
                                                         _0381_ (net)
                      0.095970    0.000076   10.918603 v _1061_/A0 (sky130_fd_sc_hd__mux4_2)
     1    0.002722    0.144909    1.062174   11.980778 v _1061_/X (sky130_fd_sc_hd__mux4_2)
                                                         _0404_ (net)
                      0.144909    0.000022   11.980800 v _1062_/B (sky130_fd_sc_hd__or2_2)
     1    0.002739    0.111856    0.673690   12.654490 v _1062_/X (sky130_fd_sc_hd__or2_2)
                                                         _0405_ (net)
                      0.111856    0.000015   12.654505 v _1068_/A1 (sky130_fd_sc_hd__a21o_2)
     2    0.004714    0.069909    0.392115   13.046619 v _1068_/X (sky130_fd_sc_hd__a21o_2)
                                                         _0411_ (net)
                      0.069909    0.000028   13.046648 v _1070_/C (sky130_fd_sc_hd__and3_2)
     1    0.003369    0.074098    0.453989   13.500636 v _1070_/X (sky130_fd_sc_hd__and3_2)
                                                         _0413_ (net)
                      0.074098    0.000042   13.500678 v _1174_/B1 (sky130_fd_sc_hd__a211o_2)
     1    0.005879    0.099417    0.629506   14.130184 v _1174_/X (sky130_fd_sc_hd__a211o_2)
                                                         _0517_ (net)
                      0.099417    0.000090   14.130274 v _1290_/A1 (sky130_fd_sc_hd__a31oi_2)
     1    0.004350    0.205750    0.242910   14.373184 ^ _1290_/Y (sky130_fd_sc_hd__a31oi_2)
                                                         _0633_ (net)
                      0.205750    0.000064   14.373248 ^ _1295_/A2 (sky130_fd_sc_hd__a31o_2)
     1    0.006679    0.100411    0.412299   14.785546 ^ _1295_/X (sky130_fd_sc_hd__a31o_2)
                                                         _0638_ (net)
                      0.100411    0.000111   14.785658 ^ _1304_/A1 (sky130_fd_sc_hd__a31oi_2)
     4    0.019926    0.317685    0.337389   15.123046 v _1304_/Y (sky130_fd_sc_hd__a31oi_2)
                                                         _0647_ (net)
                      0.317685    0.000465   15.123511 v _1308_/A1 (sky130_fd_sc_hd__o2111a_2)
     1    0.004523    0.076236    0.618199   15.741711 v _1308_/X (sky130_fd_sc_hd__o2111a_2)
                                                         _0651_ (net)
                      0.076236    0.000041   15.741752 v _1313_/A (sky130_fd_sc_hd__nor2_2)
     5    0.024941    0.460991    0.454587   16.196339 ^ _1313_/Y (sky130_fd_sc_hd__nor2_2)
                                                         _0656_ (net)
                      0.460991    0.000092   16.196432 ^ _1316_/A1 (sky130_fd_sc_hd__o211a_2)
     1    0.002989    0.079911    0.523462   16.719894 ^ _1316_/X (sky130_fd_sc_hd__o211a_2)
                                                         _0009_ (net)
                      0.079911    0.000027   16.719919 ^ _1471_/D (sky130_fd_sc_hd__dfrtp_2)
                                             16.719919   data arrival time

                                 20.000000   20.000000   clock CLK (rise edge)
                                  0.000000   20.000000   clock source latency
     1    0.018921    0.142429    0.092186   20.092186 ^ CLK (in)
                                                         CLK (net)
                      0.142439    0.000000   20.092186 ^ clkbuf_0_CLK/A (sky130_fd_sc_hd__clkbuf_16)
    16    0.102249    0.179542    0.333195   20.425381 ^ clkbuf_0_CLK/X (sky130_fd_sc_hd__clkbuf_16)
                                                         clknet_0_CLK (net)
                      0.179543    0.000934   20.426315 ^ clkbuf_4_8_0_CLK/A (sky130_fd_sc_hd__clkbuf_8)
     5    0.013699    0.069341    0.258195   20.684511 ^ clkbuf_4_8_0_CLK/X (sky130_fd_sc_hd__clkbuf_8)
                                                         clknet_4_8_0_CLK (net)
                      0.069341    0.000078   20.684589 ^ _1471_/CLK (sky130_fd_sc_hd__dfrtp_2)
                                 -0.250000   20.434589   clock uncertainty
                                  0.044777   20.479366   clock reconvergence pessimism
                                 -0.141054   20.338312   library setup time
                                             20.338312   data required time
---------------------------------------------------------------------------------------------
                                             20.338312   data required time
                                            -16.719919   data arrival time
---------------------------------------------------------------------------------------------
                                              3.618393   slack (MET)


Startpoint: _1430_ (rising edge-triggered flip-flop clocked by CLK)
Endpoint: _1475_ (rising edge-triggered flip-flop clocked by CLK)
Path Group: CLK
Path Type: max

Fanout         Cap        Slew       Delay        Time   Description
---------------------------------------------------------------------------------------------
                                  0.000000    0.000000   clock CLK (rise edge)
                                  0.000000    0.000000   clock source latency
     1    0.018921    0.142429    0.101889    0.101889 ^ CLK (in)
                                                         CLK (net)
                      0.142439    0.000000    0.101889 ^ clkbuf_0_CLK/A (sky130_fd_sc_hd__clkbuf_16)
    16    0.102249    0.179542    0.368269    0.470158 ^ clkbuf_0_CLK/X (sky130_fd_sc_hd__clkbuf_16)
                                                         clknet_0_CLK (net)
                      0.179571    0.002443    0.472601 ^ clkbuf_4_5_0_CLK/A (sky130_fd_sc_hd__clkbuf_8)
     6    0.016758    0.076022    0.292736    0.765337 ^ clkbuf_4_5_0_CLK/X (sky130_fd_sc_hd__clkbuf_8)
                                                         clknet_4_5_0_CLK (net)
                      0.076022    0.000093    0.765430 ^ _1430_/CLK (sky130_fd_sc_hd__dfrtp_2)
     1    0.004090    0.080294    0.846732    1.612162 v _1430_/Q (sky130_fd_sc_hd__dfrtp_2)
                                                         duty_active[4] (net)
                      0.080294    0.000069    1.612232 v fanout118/A (sky130_fd_sc_hd__clkdlybuf4s25_1)
     5    0.049686    0.662601    0.962885    2.575117 v fanout118/X (sky130_fd_sc_hd__clkdlybuf4s25_1)
                                                         net118 (net)
                      0.662601    0.000038    2.575155 v fanout111/A (sky130_fd_sc_hd__clkdlybuf4s25_1)
     3    0.015690    0.229230    0.847255    3.422410 v fanout111/X (sky130_fd_sc_hd__clkdlybuf4s25_1)
                                                         net111 (net)
                      0.229230    0.000528    3.422939 v load_slew112/A (sky130_fd_sc_hd__clkbuf_4)
     8    0.039897    0.157008    0.434860    3.857799 v load_slew112/X (sky130_fd_sc_hd__clkbuf_4)
                                                         net112 (net)
                      0.157008    0.000801    3.858599 v fanout110/A (sky130_fd_sc_hd__clkdlybuf4s25_1)
     7    0.035196    0.475670    0.856817    4.715416 v fanout110/X (sky130_fd_sc_hd__clkdlybuf4s25_1)
                                                         net110 (net)
                      0.475670    0.001111    4.716527 v fanout108/A (sky130_fd_sc_hd__clkdlybuf4s25_1)
     4    0.015985    0.232684    0.788160    5.504687 v fanout108/X (sky130_fd_sc_hd__clkdlybuf4s25_1)
                                                         net108 (net)
                      0.232684    0.000007    5.504694 v load_slew109/A (sky130_fd_sc_hd__buf_2)
     7    0.032444    0.158885    0.437730    5.942424 v load_slew109/X (sky130_fd_sc_hd__buf_2)
                                                         net109 (net)
                      0.158888    0.001004    5.943428 v _0699_/A (sky130_fd_sc_hd__inv_2)
     1    0.003131    0.054311    0.105271    6.048699 ^ _0699_/Y (sky130_fd_sc_hd__inv_2)
                                                         _0066_ (net)
                      0.054311    0.000035    6.048735 ^ fanout58/A (sky130_fd_sc_hd__clkdlybuf4s25_1)
     5    0.026016    0.425632    0.749147    6.797881 ^ fanout58/X (sky130_fd_sc_hd__clkdlybuf4s25_1)
                                                         net58 (net)
                      0.425632    0.000115    6.797996 ^ fanout55/A (sky130_fd_sc_hd__clkdlybuf4s25_1)
     7    0.031240    0.506766    0.964549    7.762545 ^ fanout55/X (sky130_fd_sc_hd__clkdlybuf4s25_1)
                                                         net55 (net)
                      0.506766    0.000830    7.763375 ^ fanout52/A (sky130_fd_sc_hd__clkdlybuf4s25_1)
    10    0.048460    0.775591    1.195013    8.958388 ^ fanout52/X (sky130_fd_sc_hd__clkdlybuf4s25_1)
                                                         net52 (net)
                      0.775591    0.001127    8.959516 ^ _1031_/S0 (sky130_fd_sc_hd__mux4_2)
     3    0.010006    0.189747    1.458874   10.418389 v _1031_/X (sky130_fd_sc_hd__mux4_2)
                                                         _0374_ (net)
                      0.189747    0.000149   10.418538 v _1038_/A2 (sky130_fd_sc_hd__o22a_2)
     2    0.007145    0.095970    0.499988   10.918527 v _1038_/X (sky130_fd_sc_hd__o22a_2)
                                                         _0381_ (net)
                      0.095970    0.000076   10.918603 v _1061_/A0 (sky130_fd_sc_hd__mux4_2)
     1    0.002722    0.144909    1.062174   11.980778 v _1061_/X (sky130_fd_sc_hd__mux4_2)
                                                         _0404_ (net)
                      0.144909    0.000022   11.980800 v _1062_/B (sky130_fd_sc_hd__or2_2)
     1    0.002739    0.111856    0.673690   12.654490 v _1062_/X (sky130_fd_sc_hd__or2_2)
                                                         _0405_ (net)
                      0.111856    0.000015   12.654505 v _1068_/A1 (sky130_fd_sc_hd__a21o_2)
     2    0.004714    0.069909    0.392115   13.046619 v _1068_/X (sky130_fd_sc_hd__a21o_2)
                                                         _0411_ (net)
                      0.069909    0.000028   13.046648 v _1070_/C (sky130_fd_sc_hd__and3_2)
     1    0.003369    0.074098    0.453989   13.500636 v _1070_/X (sky130_fd_sc_hd__and3_2)
                                                         _0413_ (net)
                      0.074098    0.000042   13.500678 v _1174_/B1 (sky130_fd_sc_hd__a211o_2)
     1    0.005879    0.099417    0.629506   14.130184 v _1174_/X (sky130_fd_sc_hd__a211o_2)
                                                         _0517_ (net)
                      0.099417    0.000090   14.130274 v _1290_/A1 (sky130_fd_sc_hd__a31oi_2)
     1    0.004350    0.205750    0.242910   14.373184 ^ _1290_/Y (sky130_fd_sc_hd__a31oi_2)
                                                         _0633_ (net)
                      0.205750    0.000064   14.373248 ^ _1295_/A2 (sky130_fd_sc_hd__a31o_2)
     1    0.006679    0.100411    0.412299   14.785546 ^ _1295_/X (sky130_fd_sc_hd__a31o_2)
                                                         _0638_ (net)
                      0.100411    0.000111   14.785658 ^ _1304_/A1 (sky130_fd_sc_hd__a31oi_2)
     4    0.019926    0.317685    0.337389   15.123046 v _1304_/Y (sky130_fd_sc_hd__a31oi_2)
                                                         _0647_ (net)
                      0.317685    0.000554   15.123601 v _1330_/A1 (sky130_fd_sc_hd__o211a_2)
     1    0.004782    0.079315    0.626560   15.750161 v _1330_/X (sky130_fd_sc_hd__o211a_2)
                                                         _0669_ (net)
                      0.079315    0.000050   15.750211 v _1335_/B (sky130_fd_sc_hd__nor3b_2)
     3    0.009426    0.353785    0.396076   16.146286 ^ _1335_/Y (sky130_fd_sc_hd__nor3b_2)
                                                         _0674_ (net)
                      0.353785    0.000052   16.146338 ^ _1337_/A1 (sky130_fd_sc_hd__o2111a_2)
     1    0.002158    0.079408    0.563302   16.709641 ^ _1337_/X (sky130_fd_sc_hd__o2111a_2)
                                                         _0005_ (net)
                      0.079408    0.000020   16.709660 ^ _1475_/D (sky130_fd_sc_hd__dfrtp_2)
                                             16.709660   data arrival time

                                 20.000000   20.000000   clock CLK (rise edge)
                                  0.000000   20.000000   clock source latency
     1    0.018921    0.142429    0.092186   20.092186 ^ CLK (in)
                                                         CLK (net)
                      0.142439    0.000000   20.092186 ^ clkbuf_0_CLK/A (sky130_fd_sc_hd__clkbuf_16)
    16    0.102249    0.179542    0.333195   20.425381 ^ clkbuf_0_CLK/X (sky130_fd_sc_hd__clkbuf_16)
                                                         clknet_0_CLK (net)
                      0.179556    0.001702   20.427082 ^ clkbuf_4_11_0_CLK/A (sky130_fd_sc_hd__clkbuf_8)
     6    0.015998    0.074334    0.263176   20.690260 ^ clkbuf_4_11_0_CLK/X (sky130_fd_sc_hd__clkbuf_8)
                                                         clknet_4_11_0_CLK (net)
                      0.074334    0.000094   20.690353 ^ _1475_/CLK (sky130_fd_sc_hd__dfrtp_2)
                                 -0.250000   20.440353   clock uncertainty
                                  0.044777   20.485130   clock reconvergence pessimism
                                 -0.140042   20.345087   library setup time
                                             20.345087   data required time
---------------------------------------------------------------------------------------------
                                             20.345087   data required time
                                            -16.709660   data arrival time
---------------------------------------------------------------------------------------------
                                              3.635428   slack (MET)


Startpoint: _1430_ (rising edge-triggered flip-flop clocked by CLK)
Endpoint: _1474_ (rising edge-triggered flip-flop clocked by CLK)
Path Group: CLK
Path Type: max

Fanout         Cap        Slew       Delay        Time   Description
---------------------------------------------------------------------------------------------
                                  0.000000    0.000000   clock CLK (rise edge)
                                  0.000000    0.000000   clock source latency
     1    0.018921    0.142429    0.101889    0.101889 ^ CLK (in)
                                                         CLK (net)
                      0.142439    0.000000    0.101889 ^ clkbuf_0_CLK/A (sky130_fd_sc_hd__clkbuf_16)
    16    0.102249    0.179542    0.368269    0.470158 ^ clkbuf_0_CLK/X (sky130_fd_sc_hd__clkbuf_16)
                                                         clknet_0_CLK (net)
                      0.179571    0.002443    0.472601 ^ clkbuf_4_5_0_CLK/A (sky130_fd_sc_hd__clkbuf_8)
     6    0.016758    0.076022    0.292736    0.765337 ^ clkbuf_4_5_0_CLK/X (sky130_fd_sc_hd__clkbuf_8)
                                                         clknet_4_5_0_CLK (net)
                      0.076022    0.000093    0.765430 ^ _1430_/CLK (sky130_fd_sc_hd__dfrtp_2)
     1    0.004090    0.080294    0.846732    1.612162 v _1430_/Q (sky130_fd_sc_hd__dfrtp_2)
                                                         duty_active[4] (net)
                      0.080294    0.000069    1.612232 v fanout118/A (sky130_fd_sc_hd__clkdlybuf4s25_1)
     5    0.049686    0.662601    0.962885    2.575117 v fanout118/X (sky130_fd_sc_hd__clkdlybuf4s25_1)
                                                         net118 (net)
                      0.662601    0.000038    2.575155 v fanout111/A (sky130_fd_sc_hd__clkdlybuf4s25_1)
     3    0.015690    0.229230    0.847255    3.422410 v fanout111/X (sky130_fd_sc_hd__clkdlybuf4s25_1)
                                                         net111 (net)
                      0.229230    0.000528    3.422939 v load_slew112/A (sky130_fd_sc_hd__clkbuf_4)
     8    0.039897    0.157008    0.434860    3.857799 v load_slew112/X (sky130_fd_sc_hd__clkbuf_4)
                                                         net112 (net)
                      0.157008    0.000801    3.858599 v fanout110/A (sky130_fd_sc_hd__clkdlybuf4s25_1)
     7    0.035196    0.475670    0.856817    4.715416 v fanout110/X (sky130_fd_sc_hd__clkdlybuf4s25_1)
                                                         net110 (net)
                      0.475670    0.001111    4.716527 v fanout108/A (sky130_fd_sc_hd__clkdlybuf4s25_1)
     4    0.015985    0.232684    0.788160    5.504687 v fanout108/X (sky130_fd_sc_hd__clkdlybuf4s25_1)
                                                         net108 (net)
                      0.232684    0.000007    5.504694 v load_slew109/A (sky130_fd_sc_hd__buf_2)
     7    0.032444    0.158885    0.437730    5.942424 v load_slew109/X (sky130_fd_sc_hd__buf_2)
                                                         net109 (net)
                      0.158888    0.001004    5.943428 v _0699_/A (sky130_fd_sc_hd__inv_2)
     1    0.003131    0.054311    0.105271    6.048699 ^ _0699_/Y (sky130_fd_sc_hd__inv_2)
                                                         _0066_ (net)
                      0.054311    0.000035    6.048735 ^ fanout58/A (sky130_fd_sc_hd__clkdlybuf4s25_1)
     5    0.026016    0.425632    0.749147    6.797881 ^ fanout58/X (sky130_fd_sc_hd__clkdlybuf4s25_1)
                                                         net58 (net)
                      0.425632    0.000115    6.797996 ^ fanout55/A (sky130_fd_sc_hd__clkdlybuf4s25_1)
     7    0.031240    0.506766    0.964549    7.762545 ^ fanout55/X (sky130_fd_sc_hd__clkdlybuf4s25_1)
                                                         net55 (net)
                      0.506766    0.000830    7.763375 ^ fanout52/A (sky130_fd_sc_hd__clkdlybuf4s25_1)
    10    0.048460    0.775591    1.195013    8.958388 ^ fanout52/X (sky130_fd_sc_hd__clkdlybuf4s25_1)
                                                         net52 (net)
                      0.775591    0.001127    8.959516 ^ _1031_/S0 (sky130_fd_sc_hd__mux4_2)
     3    0.010006    0.189747    1.458874   10.418389 v _1031_/X (sky130_fd_sc_hd__mux4_2)
                                                         _0374_ (net)
                      0.189747    0.000149   10.418538 v _1038_/A2 (sky130_fd_sc_hd__o22a_2)
     2    0.007145    0.095970    0.499988   10.918527 v _1038_/X (sky130_fd_sc_hd__o22a_2)
                                                         _0381_ (net)
                      0.095970    0.000076   10.918603 v _1061_/A0 (sky130_fd_sc_hd__mux4_2)
     1    0.002722    0.144909    1.062174   11.980778 v _1061_/X (sky130_fd_sc_hd__mux4_2)
                                                         _0404_ (net)
                      0.144909    0.000022   11.980800 v _1062_/B (sky130_fd_sc_hd__or2_2)
     1    0.002739    0.111856    0.673690   12.654490 v _1062_/X (sky130_fd_sc_hd__or2_2)
                                                         _0405_ (net)
                      0.111856    0.000015   12.654505 v _1068_/A1 (sky130_fd_sc_hd__a21o_2)
     2    0.004714    0.069909    0.392115   13.046619 v _1068_/X (sky130_fd_sc_hd__a21o_2)
                                                         _0411_ (net)
                      0.069909    0.000028   13.046648 v _1070_/C (sky130_fd_sc_hd__and3_2)
     1    0.003369    0.074098    0.453989   13.500636 v _1070_/X (sky130_fd_sc_hd__and3_2)
                                                         _0413_ (net)
                      0.074098    0.000042   13.500678 v _1174_/B1 (sky130_fd_sc_hd__a211o_2)
     1    0.005879    0.099417    0.629506   14.130184 v _1174_/X (sky130_fd_sc_hd__a211o_2)
                                                         _0517_ (net)
                      0.099417    0.000090   14.130274 v _1290_/A1 (sky130_fd_sc_hd__a31oi_2)
     1    0.004350    0.205750    0.242910   14.373184 ^ _1290_/Y (sky130_fd_sc_hd__a31oi_2)
                                                         _0633_ (net)
                      0.205750    0.000064   14.373248 ^ _1295_/A2 (sky130_fd_sc_hd__a31o_2)
     1    0.006679    0.100411    0.412299   14.785546 ^ _1295_/X (sky130_fd_sc_hd__a31o_2)
                                                         _0638_ (net)
                      0.100411    0.000111   14.785658 ^ _1304_/A1 (sky130_fd_sc_hd__a31oi_2)
     4    0.019926    0.317685    0.337389   15.123046 v _1304_/Y (sky130_fd_sc_hd__a31oi_2)
                                                         _0647_ (net)
                      0.317685    0.000554   15.123601 v _1330_/A1 (sky130_fd_sc_hd__o211a_2)
     1    0.004782    0.079315    0.626560   15.750161 v _1330_/X (sky130_fd_sc_hd__o211a_2)
                                                         _0669_ (net)
                      0.079315    0.000050   15.750211 v _1335_/B (sky130_fd_sc_hd__nor3b_2)
     3    0.009426    0.353785    0.396076   16.146286 ^ _1335_/Y (sky130_fd_sc_hd__nor3b_2)
                                                         _0674_ (net)
                      0.353785    0.000076   16.146362 ^ _1338_/A1 (sky130_fd_sc_hd__o211a_2)
     1    0.002937    0.079181    0.489264   16.635626 ^ _1338_/X (sky130_fd_sc_hd__o211a_2)
                                                         _0004_ (net)
                      0.079181    0.000025   16.635651 ^ _1474_/D (sky130_fd_sc_hd__dfrtp_2)
                                             16.635651   data arrival time

                                 20.000000   20.000000   clock CLK (rise edge)
                                  0.000000   20.000000   clock source latency
     1    0.018921    0.142429    0.092186   20.092186 ^ CLK (in)
                                                         CLK (net)
                      0.142439    0.000000   20.092186 ^ clkbuf_0_CLK/A (sky130_fd_sc_hd__clkbuf_16)
    16    0.102249    0.179542    0.333195   20.425381 ^ clkbuf_0_CLK/X (sky130_fd_sc_hd__clkbuf_16)
                                                         clknet_0_CLK (net)
                      0.179545    0.001121   20.426502 ^ clkbuf_4_13_0_CLK/A (sky130_fd_sc_hd__clkbuf_8)
     6    0.016133    0.074633    0.263469   20.689972 ^ clkbuf_4_13_0_CLK/X (sky130_fd_sc_hd__clkbuf_8)
                                                         clknet_4_13_0_CLK (net)
                      0.074633    0.000155   20.690126 ^ _1474_/CLK (sky130_fd_sc_hd__dfrtp_2)
                                 -0.250000   20.440126   clock uncertainty
                                  0.044777   20.484903   clock reconvergence pessimism
                                 -0.139932   20.344971   library setup time
                                             20.344971   data required time
---------------------------------------------------------------------------------------------
                                             20.344971   data required time
                                            -16.635651   data arrival time
---------------------------------------------------------------------------------------------
                                              3.709319   slack (MET)


Startpoint: _1430_ (rising edge-triggered flip-flop clocked by CLK)
Endpoint: _1407_ (rising edge-triggered flip-flop clocked by CLK)
Path Group: CLK
Path Type: max

Fanout         Cap        Slew       Delay        Time   Description
---------------------------------------------------------------------------------------------
                                  0.000000    0.000000   clock CLK (rise edge)
                                  0.000000    0.000000   clock source latency
     1    0.018921    0.142429    0.101889    0.101889 ^ CLK (in)
                                                         CLK (net)
                      0.142439    0.000000    0.101889 ^ clkbuf_0_CLK/A (sky130_fd_sc_hd__clkbuf_16)
    16    0.102249    0.179542    0.368269    0.470158 ^ clkbuf_0_CLK/X (sky130_fd_sc_hd__clkbuf_16)
                                                         clknet_0_CLK (net)
                      0.179571    0.002443    0.472601 ^ clkbuf_4_5_0_CLK/A (sky130_fd_sc_hd__clkbuf_8)
     6    0.016758    0.076022    0.292736    0.765337 ^ clkbuf_4_5_0_CLK/X (sky130_fd_sc_hd__clkbuf_8)
                                                         clknet_4_5_0_CLK (net)
                      0.076022    0.000093    0.765430 ^ _1430_/CLK (sky130_fd_sc_hd__dfrtp_2)
     1    0.004090    0.080294    0.846732    1.612162 v _1430_/Q (sky130_fd_sc_hd__dfrtp_2)
                                                         duty_active[4] (net)
                      0.080294    0.000069    1.612232 v fanout118/A (sky130_fd_sc_hd__clkdlybuf4s25_1)
     5    0.049686    0.662601    0.962885    2.575117 v fanout118/X (sky130_fd_sc_hd__clkdlybuf4s25_1)
                                                         net118 (net)
                      0.662601    0.000038    2.575155 v fanout111/A (sky130_fd_sc_hd__clkdlybuf4s25_1)
     3    0.015690    0.229230    0.847255    3.422410 v fanout111/X (sky130_fd_sc_hd__clkdlybuf4s25_1)
                                                         net111 (net)
                      0.229230    0.000528    3.422939 v load_slew112/A (sky130_fd_sc_hd__clkbuf_4)
     8    0.039897    0.157008    0.434860    3.857799 v load_slew112/X (sky130_fd_sc_hd__clkbuf_4)
                                                         net112 (net)
                      0.157008    0.000801    3.858599 v fanout110/A (sky130_fd_sc_hd__clkdlybuf4s25_1)
     7    0.035196    0.475670    0.856817    4.715416 v fanout110/X (sky130_fd_sc_hd__clkdlybuf4s25_1)
                                                         net110 (net)
                      0.475670    0.001111    4.716527 v fanout108/A (sky130_fd_sc_hd__clkdlybuf4s25_1)
     4    0.015985    0.232684    0.788160    5.504687 v fanout108/X (sky130_fd_sc_hd__clkdlybuf4s25_1)
                                                         net108 (net)
                      0.232684    0.000007    5.504694 v load_slew109/A (sky130_fd_sc_hd__buf_2)
     7    0.032444    0.158885    0.437730    5.942424 v load_slew109/X (sky130_fd_sc_hd__buf_2)
                                                         net109 (net)
                      0.158888    0.001004    5.943428 v _0699_/A (sky130_fd_sc_hd__inv_2)
     1    0.003131    0.054311    0.105271    6.048699 ^ _0699_/Y (sky130_fd_sc_hd__inv_2)
                                                         _0066_ (net)
                      0.054311    0.000035    6.048735 ^ fanout58/A (sky130_fd_sc_hd__clkdlybuf4s25_1)
     5    0.026016    0.425632    0.749147    6.797881 ^ fanout58/X (sky130_fd_sc_hd__clkdlybuf4s25_1)
                                                         net58 (net)
                      0.425632    0.000115    6.797996 ^ fanout55/A (sky130_fd_sc_hd__clkdlybuf4s25_1)
     7    0.031240    0.506766    0.964549    7.762545 ^ fanout55/X (sky130_fd_sc_hd__clkdlybuf4s25_1)
                                                         net55 (net)
                      0.506766    0.000830    7.763375 ^ fanout52/A (sky130_fd_sc_hd__clkdlybuf4s25_1)
    10    0.048460    0.775591    1.195013    8.958388 ^ fanout52/X (sky130_fd_sc_hd__clkdlybuf4s25_1)
                                                         net52 (net)
                      0.775591    0.001127    8.959516 ^ _1031_/S0 (sky130_fd_sc_hd__mux4_2)
     3    0.010006    0.189747    1.458874   10.418389 v _1031_/X (sky130_fd_sc_hd__mux4_2)
                                                         _0374_ (net)
                      0.189747    0.000149   10.418538 v _1038_/A2 (sky130_fd_sc_hd__o22a_2)
     2    0.007145    0.095970    0.499988   10.918527 v _1038_/X (sky130_fd_sc_hd__o22a_2)
                                                         _0381_ (net)
                      0.095970    0.000076   10.918603 v _1061_/A0 (sky130_fd_sc_hd__mux4_2)
     1    0.002722    0.144909    1.062174   11.980778 v _1061_/X (sky130_fd_sc_hd__mux4_2)
                                                         _0404_ (net)
                      0.144909    0.000022   11.980800 v _1062_/B (sky130_fd_sc_hd__or2_2)
     1    0.002739    0.111856    0.673690   12.654490 v _1062_/X (sky130_fd_sc_hd__or2_2)
                                                         _0405_ (net)
                      0.111856    0.000015   12.654505 v _1068_/A1 (sky130_fd_sc_hd__a21o_2)
     2    0.004714    0.069909    0.392115   13.046619 v _1068_/X (sky130_fd_sc_hd__a21o_2)
                                                         _0411_ (net)
                      0.069909    0.000028   13.046648 v _1070_/C (sky130_fd_sc_hd__and3_2)
     1    0.003369    0.074098    0.453989   13.500636 v _1070_/X (sky130_fd_sc_hd__and3_2)
                                                         _0413_ (net)
                      0.074098    0.000042   13.500678 v _1174_/B1 (sky130_fd_sc_hd__a211o_2)
     1    0.005879    0.099417    0.629506   14.130184 v _1174_/X (sky130_fd_sc_hd__a211o_2)
                                                         _0517_ (net)
                      0.099417    0.000090   14.130274 v _1290_/A1 (sky130_fd_sc_hd__a31oi_2)
     1    0.004350    0.205750    0.242910   14.373184 ^ _1290_/Y (sky130_fd_sc_hd__a31oi_2)
                                                         _0633_ (net)
                      0.205750    0.000064   14.373248 ^ _1295_/A2 (sky130_fd_sc_hd__a31o_2)
     1    0.006679    0.100411    0.412299   14.785546 ^ _1295_/X (sky130_fd_sc_hd__a31o_2)
                                                         _0638_ (net)
                      0.100411    0.000111   14.785658 ^ _1304_/A1 (sky130_fd_sc_hd__a31oi_2)
     4    0.019926    0.317685    0.337389   15.123046 v _1304_/Y (sky130_fd_sc_hd__a31oi_2)
                                                         _0647_ (net)
                      0.317685    0.000570   15.123616 v _1319_/A1 (sky130_fd_sc_hd__o211a_2)
     1    0.004542    0.077764    0.624297   15.747913 v _1319_/X (sky130_fd_sc_hd__o211a_2)
                                                         _0660_ (net)
                      0.077764    0.000041   15.747954 v _1324_/A (sky130_fd_sc_hd__nor2_2)
     5    0.026064    0.479701    0.469640   16.217594 ^ _1324_/Y (sky130_fd_sc_hd__nor2_2)
                                                         _0665_ (net)
                      0.479701    0.000407   16.218002 ^ _1361_/B1 (sky130_fd_sc_hd__a21oi_2)
     1    0.003392    0.110882    0.160663   16.378664 v _1361_/Y (sky130_fd_sc_hd__a21oi_2)
                                                         _0033_ (net)
                      0.110882    0.000050   16.378714 v _1407_/D (sky130_fd_sc_hd__dfrtp_2)
                                             16.378714   data arrival time

                                 20.000000   20.000000   clock CLK (rise edge)
                                  0.000000   20.000000   clock source latency
     1    0.018921    0.142429    0.092186   20.092186 ^ CLK (in)
                                                         CLK (net)
                      0.142439    0.000000   20.092186 ^ clkbuf_0_CLK/A (sky130_fd_sc_hd__clkbuf_16)
    16    0.102249    0.179542    0.333195   20.425381 ^ clkbuf_0_CLK/X (sky130_fd_sc_hd__clkbuf_16)
                                                         clknet_0_CLK (net)
                      0.179554    0.001602   20.426983 ^ clkbuf_4_14_0_CLK/A (sky130_fd_sc_hd__clkbuf_8)
     6    0.017613    0.077970    0.266676   20.693659 ^ clkbuf_4_14_0_CLK/X (sky130_fd_sc_hd__clkbuf_8)
                                                         clknet_4_14_0_CLK (net)
                      0.077970    0.000167   20.693827 ^ _1407_/CLK (sky130_fd_sc_hd__dfrtp_2)
                                 -0.250000   20.443827   clock uncertainty
                                  0.044777   20.488604   clock reconvergence pessimism
                                 -0.291562   20.197041   library setup time
                                             20.197041   data required time
---------------------------------------------------------------------------------------------
                                             20.197041   data required time
                                            -16.378714   data arrival time
---------------------------------------------------------------------------------------------
                                              3.818327   slack (MET)


Startpoint: _1430_ (rising edge-triggered flip-flop clocked by CLK)
Endpoint: _1403_ (rising edge-triggered flip-flop clocked by CLK)
Path Group: CLK
Path Type: max

Fanout         Cap        Slew       Delay        Time   Description
---------------------------------------------------------------------------------------------
                                  0.000000    0.000000   clock CLK (rise edge)
                                  0.000000    0.000000   clock source latency
     1    0.018921    0.142429    0.101889    0.101889 ^ CLK (in)
                                                         CLK (net)
                      0.142439    0.000000    0.101889 ^ clkbuf_0_CLK/A (sky130_fd_sc_hd__clkbuf_16)
    16    0.102249    0.179542    0.368269    0.470158 ^ clkbuf_0_CLK/X (sky130_fd_sc_hd__clkbuf_16)
                                                         clknet_0_CLK (net)
                      0.179571    0.002443    0.472601 ^ clkbuf_4_5_0_CLK/A (sky130_fd_sc_hd__clkbuf_8)
     6    0.016758    0.076022    0.292736    0.765337 ^ clkbuf_4_5_0_CLK/X (sky130_fd_sc_hd__clkbuf_8)
                                                         clknet_4_5_0_CLK (net)
                      0.076022    0.000093    0.765430 ^ _1430_/CLK (sky130_fd_sc_hd__dfrtp_2)
     1    0.004090    0.080294    0.846732    1.612162 v _1430_/Q (sky130_fd_sc_hd__dfrtp_2)
                                                         duty_active[4] (net)
                      0.080294    0.000069    1.612232 v fanout118/A (sky130_fd_sc_hd__clkdlybuf4s25_1)
     5    0.049686    0.662601    0.962885    2.575117 v fanout118/X (sky130_fd_sc_hd__clkdlybuf4s25_1)
                                                         net118 (net)
                      0.662601    0.000038    2.575155 v fanout111/A (sky130_fd_sc_hd__clkdlybuf4s25_1)
     3    0.015690    0.229230    0.847255    3.422410 v fanout111/X (sky130_fd_sc_hd__clkdlybuf4s25_1)
                                                         net111 (net)
                      0.229230    0.000528    3.422939 v load_slew112/A (sky130_fd_sc_hd__clkbuf_4)
     8    0.039897    0.157008    0.434860    3.857799 v load_slew112/X (sky130_fd_sc_hd__clkbuf_4)
                                                         net112 (net)
                      0.157008    0.000801    3.858599 v fanout110/A (sky130_fd_sc_hd__clkdlybuf4s25_1)
     7    0.035196    0.475670    0.856817    4.715416 v fanout110/X (sky130_fd_sc_hd__clkdlybuf4s25_1)
                                                         net110 (net)
                      0.475670    0.001111    4.716527 v fanout108/A (sky130_fd_sc_hd__clkdlybuf4s25_1)
     4    0.015985    0.232684    0.788160    5.504687 v fanout108/X (sky130_fd_sc_hd__clkdlybuf4s25_1)
                                                         net108 (net)
                      0.232684    0.000007    5.504694 v load_slew109/A (sky130_fd_sc_hd__buf_2)
     7    0.032444    0.158885    0.437730    5.942424 v load_slew109/X (sky130_fd_sc_hd__buf_2)
                                                         net109 (net)
                      0.158888    0.001004    5.943428 v _0699_/A (sky130_fd_sc_hd__inv_2)
     1    0.003131    0.054311    0.105271    6.048699 ^ _0699_/Y (sky130_fd_sc_hd__inv_2)
                                                         _0066_ (net)
                      0.054311    0.000035    6.048735 ^ fanout58/A (sky130_fd_sc_hd__clkdlybuf4s25_1)
     5    0.026016    0.425632    0.749147    6.797881 ^ fanout58/X (sky130_fd_sc_hd__clkdlybuf4s25_1)
                                                         net58 (net)
                      0.425632    0.000115    6.797996 ^ fanout55/A (sky130_fd_sc_hd__clkdlybuf4s25_1)
     7    0.031240    0.506766    0.964549    7.762545 ^ fanout55/X (sky130_fd_sc_hd__clkdlybuf4s25_1)
                                                         net55 (net)
                      0.506766    0.000830    7.763375 ^ fanout52/A (sky130_fd_sc_hd__clkdlybuf4s25_1)
    10    0.048460    0.775591    1.195013    8.958388 ^ fanout52/X (sky130_fd_sc_hd__clkdlybuf4s25_1)
                                                         net52 (net)
                      0.775591    0.001127    8.959516 ^ _1031_/S0 (sky130_fd_sc_hd__mux4_2)
     3    0.010006    0.189747    1.458874   10.418389 v _1031_/X (sky130_fd_sc_hd__mux4_2)
                                                         _0374_ (net)
                      0.189747    0.000149   10.418538 v _1038_/A2 (sky130_fd_sc_hd__o22a_2)
     2    0.007145    0.095970    0.499988   10.918527 v _1038_/X (sky130_fd_sc_hd__o22a_2)
                                                         _0381_ (net)
                      0.095970    0.000076   10.918603 v _1061_/A0 (sky130_fd_sc_hd__mux4_2)
     1    0.002722    0.144909    1.062174   11.980778 v _1061_/X (sky130_fd_sc_hd__mux4_2)
                                                         _0404_ (net)
                      0.144909    0.000022   11.980800 v _1062_/B (sky130_fd_sc_hd__or2_2)
     1    0.002739    0.111856    0.673690   12.654490 v _1062_/X (sky130_fd_sc_hd__or2_2)
                                                         _0405_ (net)
                      0.111856    0.000015   12.654505 v _1068_/A1 (sky130_fd_sc_hd__a21o_2)
     2    0.004714    0.069909    0.392115   13.046619 v _1068_/X (sky130_fd_sc_hd__a21o_2)
                                                         _0411_ (net)
                      0.069909    0.000028   13.046648 v _1070_/C (sky130_fd_sc_hd__and3_2)
     1    0.003369    0.074098    0.453989   13.500636 v _1070_/X (sky130_fd_sc_hd__and3_2)
                                                         _0413_ (net)
                      0.074098    0.000042   13.500678 v _1174_/B1 (sky130_fd_sc_hd__a211o_2)
     1    0.005879    0.099417    0.629506   14.130184 v _1174_/X (sky130_fd_sc_hd__a211o_2)
                                                         _0517_ (net)
                      0.099417    0.000090   14.130274 v _1290_/A1 (sky130_fd_sc_hd__a31oi_2)
     1    0.004350    0.205750    0.242910   14.373184 ^ _1290_/Y (sky130_fd_sc_hd__a31oi_2)
                                                         _0633_ (net)
                      0.205750    0.000064   14.373248 ^ _1295_/A2 (sky130_fd_sc_hd__a31o_2)
     1    0.006679    0.100411    0.412299   14.785546 ^ _1295_/X (sky130_fd_sc_hd__a31o_2)
                                                         _0638_ (net)
                      0.100411    0.000111   14.785658 ^ _1304_/A1 (sky130_fd_sc_hd__a31oi_2)
     4    0.019926    0.317685    0.337389   15.123046 v _1304_/Y (sky130_fd_sc_hd__a31oi_2)
                                                         _0647_ (net)
                      0.317685    0.000570   15.123616 v _1319_/A1 (sky130_fd_sc_hd__o211a_2)
     1    0.004542    0.077764    0.624297   15.747913 v _1319_/X (sky130_fd_sc_hd__o211a_2)
                                                         _0660_ (net)
                      0.077764    0.000041   15.747954 v _1324_/A (sky130_fd_sc_hd__nor2_2)
     5    0.026064    0.479701    0.469640   16.217594 ^ _1324_/Y (sky130_fd_sc_hd__nor2_2)
                                                         _0665_ (net)
                      0.479701    0.000474   16.218069 ^ _1351_/B (sky130_fd_sc_hd__nor2_2)
     1    0.002577    0.085998    0.156064   16.374132 v _1351_/Y (sky130_fd_sc_hd__nor2_2)
                                                         _0029_ (net)
                      0.085998    0.000028   16.374161 v _1403_/D (sky130_fd_sc_hd__dfrtp_2)
                                             16.374161   data arrival time

                                 20.000000   20.000000   clock CLK (rise edge)
                                  0.000000   20.000000   clock source latency
     1    0.018921    0.142429    0.092186   20.092186 ^ CLK (in)
                                                         CLK (net)
                      0.142439    0.000000   20.092186 ^ clkbuf_0_CLK/A (sky130_fd_sc_hd__clkbuf_16)
    16    0.102249    0.179542    0.333195   20.425381 ^ clkbuf_0_CLK/X (sky130_fd_sc_hd__clkbuf_16)
                                                         clknet_0_CLK (net)
                      0.179556    0.001702   20.427082 ^ clkbuf_4_11_0_CLK/A (sky130_fd_sc_hd__clkbuf_8)
     6    0.015998    0.074334    0.263176   20.690260 ^ clkbuf_4_11_0_CLK/X (sky130_fd_sc_hd__clkbuf_8)
                                                         clknet_4_11_0_CLK (net)
                      0.074334    0.000179   20.690439 ^ _1403_/CLK (sky130_fd_sc_hd__dfrtp_2)
                                 -0.250000   20.440439   clock uncertainty
                                  0.044777   20.485216   clock reconvergence pessimism
                                 -0.282137   20.203079   library setup time
                                             20.203079   data required time
---------------------------------------------------------------------------------------------
                                             20.203079   data required time
                                            -16.374161   data arrival time
---------------------------------------------------------------------------------------------
                                              3.828918   slack (MET)


Startpoint: _1430_ (rising edge-triggered flip-flop clocked by CLK)
Endpoint: _1406_ (rising edge-triggered flip-flop clocked by CLK)
Path Group: CLK
Path Type: max

Fanout         Cap        Slew       Delay        Time   Description
---------------------------------------------------------------------------------------------
                                  0.000000    0.000000   clock CLK (rise edge)
                                  0.000000    0.000000   clock source latency
     1    0.018921    0.142429    0.101889    0.101889 ^ CLK (in)
                                                         CLK (net)
                      0.142439    0.000000    0.101889 ^ clkbuf_0_CLK/A (sky130_fd_sc_hd__clkbuf_16)
    16    0.102249    0.179542    0.368269    0.470158 ^ clkbuf_0_CLK/X (sky130_fd_sc_hd__clkbuf_16)
                                                         clknet_0_CLK (net)
                      0.179571    0.002443    0.472601 ^ clkbuf_4_5_0_CLK/A (sky130_fd_sc_hd__clkbuf_8)
     6    0.016758    0.076022    0.292736    0.765337 ^ clkbuf_4_5_0_CLK/X (sky130_fd_sc_hd__clkbuf_8)
                                                         clknet_4_5_0_CLK (net)
                      0.076022    0.000093    0.765430 ^ _1430_/CLK (sky130_fd_sc_hd__dfrtp_2)
     1    0.004090    0.080294    0.846732    1.612162 v _1430_/Q (sky130_fd_sc_hd__dfrtp_2)
                                                         duty_active[4] (net)
                      0.080294    0.000069    1.612232 v fanout118/A (sky130_fd_sc_hd__clkdlybuf4s25_1)
     5    0.049686    0.662601    0.962885    2.575117 v fanout118/X (sky130_fd_sc_hd__clkdlybuf4s25_1)
                                                         net118 (net)
                      0.662601    0.000038    2.575155 v fanout111/A (sky130_fd_sc_hd__clkdlybuf4s25_1)
     3    0.015690    0.229230    0.847255    3.422410 v fanout111/X (sky130_fd_sc_hd__clkdlybuf4s25_1)
                                                         net111 (net)
                      0.229230    0.000528    3.422939 v load_slew112/A (sky130_fd_sc_hd__clkbuf_4)
     8    0.039897    0.157008    0.434860    3.857799 v load_slew112/X (sky130_fd_sc_hd__clkbuf_4)
                                                         net112 (net)
                      0.157008    0.000801    3.858599 v fanout110/A (sky130_fd_sc_hd__clkdlybuf4s25_1)
     7    0.035196    0.475670    0.856817    4.715416 v fanout110/X (sky130_fd_sc_hd__clkdlybuf4s25_1)
                                                         net110 (net)
                      0.475670    0.001111    4.716527 v fanout108/A (sky130_fd_sc_hd__clkdlybuf4s25_1)
     4    0.015985    0.232684    0.788160    5.504687 v fanout108/X (sky130_fd_sc_hd__clkdlybuf4s25_1)
                                                         net108 (net)
                      0.232684    0.000007    5.504694 v load_slew109/A (sky130_fd_sc_hd__buf_2)
     7    0.032444    0.158885    0.437730    5.942424 v load_slew109/X (sky130_fd_sc_hd__buf_2)
                                                         net109 (net)
                      0.158888    0.001004    5.943428 v _0699_/A (sky130_fd_sc_hd__inv_2)
     1    0.003131    0.054311    0.105271    6.048699 ^ _0699_/Y (sky130_fd_sc_hd__inv_2)
                                                         _0066_ (net)
                      0.054311    0.000035    6.048735 ^ fanout58/A (sky130_fd_sc_hd__clkdlybuf4s25_1)
     5    0.026016    0.425632    0.749147    6.797881 ^ fanout58/X (sky130_fd_sc_hd__clkdlybuf4s25_1)
                                                         net58 (net)
                      0.425632    0.000115    6.797996 ^ fanout55/A (sky130_fd_sc_hd__clkdlybuf4s25_1)
     7    0.031240    0.506766    0.964549    7.762545 ^ fanout55/X (sky130_fd_sc_hd__clkdlybuf4s25_1)
                                                         net55 (net)
                      0.506766    0.000830    7.763375 ^ fanout52/A (sky130_fd_sc_hd__clkdlybuf4s25_1)
    10    0.048460    0.775591    1.195013    8.958388 ^ fanout52/X (sky130_fd_sc_hd__clkdlybuf4s25_1)
                                                         net52 (net)
                      0.775591    0.001127    8.959516 ^ _1031_/S0 (sky130_fd_sc_hd__mux4_2)
     3    0.010006    0.189747    1.458874   10.418389 v _1031_/X (sky130_fd_sc_hd__mux4_2)
                                                         _0374_ (net)
                      0.189747    0.000149   10.418538 v _1038_/A2 (sky130_fd_sc_hd__o22a_2)
     2    0.007145    0.095970    0.499988   10.918527 v _1038_/X (sky130_fd_sc_hd__o22a_2)
                                                         _0381_ (net)
                      0.095970    0.000076   10.918603 v _1061_/A0 (sky130_fd_sc_hd__mux4_2)
     1    0.002722    0.144909    1.062174   11.980778 v _1061_/X (sky130_fd_sc_hd__mux4_2)
                                                         _0404_ (net)
                      0.144909    0.000022   11.980800 v _1062_/B (sky130_fd_sc_hd__or2_2)
     1    0.002739    0.111856    0.673690   12.654490 v _1062_/X (sky130_fd_sc_hd__or2_2)
                                                         _0405_ (net)
                      0.111856    0.000015   12.654505 v _1068_/A1 (sky130_fd_sc_hd__a21o_2)
     2    0.004714    0.069909    0.392115   13.046619 v _1068_/X (sky130_fd_sc_hd__a21o_2)
                                                         _0411_ (net)
                      0.069909    0.000028   13.046648 v _1070_/C (sky130_fd_sc_hd__and3_2)
     1    0.003369    0.074098    0.453989   13.500636 v _1070_/X (sky130_fd_sc_hd__and3_2)
                                                         _0413_ (net)
                      0.074098    0.000042   13.500678 v _1174_/B1 (sky130_fd_sc_hd__a211o_2)
     1    0.005879    0.099417    0.629506   14.130184 v _1174_/X (sky130_fd_sc_hd__a211o_2)
                                                         _0517_ (net)
                      0.099417    0.000090   14.130274 v _1290_/A1 (sky130_fd_sc_hd__a31oi_2)
     1    0.004350    0.205750    0.242910   14.373184 ^ _1290_/Y (sky130_fd_sc_hd__a31oi_2)
                                                         _0633_ (net)
                      0.205750    0.000064   14.373248 ^ _1295_/A2 (sky130_fd_sc_hd__a31o_2)
     1    0.006679    0.100411    0.412299   14.785546 ^ _1295_/X (sky130_fd_sc_hd__a31o_2)
                                                         _0638_ (net)
                      0.100411    0.000111   14.785658 ^ _1304_/A1 (sky130_fd_sc_hd__a31oi_2)
     4    0.019926    0.317685    0.337389   15.123046 v _1304_/Y (sky130_fd_sc_hd__a31oi_2)
                                                         _0647_ (net)
                      0.317685    0.000570   15.123616 v _1319_/A1 (sky130_fd_sc_hd__o211a_2)
     1    0.004542    0.077764    0.624297   15.747913 v _1319_/X (sky130_fd_sc_hd__o211a_2)
                                                         _0660_ (net)
                      0.077764    0.000041   15.747954 v _1324_/A (sky130_fd_sc_hd__nor2_2)
     5    0.026064    0.479701    0.469640   16.217594 ^ _1324_/Y (sky130_fd_sc_hd__nor2_2)
                                                         _0665_ (net)
                      0.479701    0.000261   16.217855 ^ _1358_/B1 (sky130_fd_sc_hd__a21oi_2)
     1    0.002040    0.106254    0.144818   16.362673 v _1358_/Y (sky130_fd_sc_hd__a21oi_2)
                                                         _0032_ (net)
                      0.106254    0.000018   16.362692 v _1406_/D (sky130_fd_sc_hd__dfrtp_2)
                                             16.362692   data arrival time

                                 20.000000   20.000000   clock CLK (rise edge)
                                  0.000000   20.000000   clock source latency
     1    0.018921    0.142429    0.092186   20.092186 ^ CLK (in)
                                                         CLK (net)
                      0.142439    0.000000   20.092186 ^ clkbuf_0_CLK/A (sky130_fd_sc_hd__clkbuf_16)
    16    0.102249    0.179542    0.333195   20.425381 ^ clkbuf_0_CLK/X (sky130_fd_sc_hd__clkbuf_16)
                                                         clknet_0_CLK (net)
                      0.179556    0.001702   20.427082 ^ clkbuf_4_11_0_CLK/A (sky130_fd_sc_hd__clkbuf_8)
     6    0.015998    0.074334    0.263176   20.690260 ^ clkbuf_4_11_0_CLK/X (sky130_fd_sc_hd__clkbuf_8)
                                                         clknet_4_11_0_CLK (net)
                      0.074334    0.000139   20.690397 ^ _1406_/CLK (sky130_fd_sc_hd__dfrtp_2)
                                 -0.250000   20.440399   clock uncertainty
                                  0.044777   20.485174   clock reconvergence pessimism
                                 -0.290599   20.194576   library setup time
                                             20.194576   data required time
---------------------------------------------------------------------------------------------
                                             20.194576   data required time
                                            -16.362692   data arrival time
---------------------------------------------------------------------------------------------
                                              3.831884   slack (MET)


Startpoint: _1430_ (rising edge-triggered flip-flop clocked by CLK)
Endpoint: _1409_ (rising edge-triggered flip-flop clocked by CLK)
Path Group: CLK
Path Type: max

Fanout         Cap        Slew       Delay        Time   Description
---------------------------------------------------------------------------------------------
                                  0.000000    0.000000   clock CLK (rise edge)
                                  0.000000    0.000000   clock source latency
     1    0.018921    0.142429    0.101889    0.101889 ^ CLK (in)
                                                         CLK (net)
                      0.142439    0.000000    0.101889 ^ clkbuf_0_CLK/A (sky130_fd_sc_hd__clkbuf_16)
    16    0.102249    0.179542    0.368269    0.470158 ^ clkbuf_0_CLK/X (sky130_fd_sc_hd__clkbuf_16)
                                                         clknet_0_CLK (net)
                      0.179571    0.002443    0.472601 ^ clkbuf_4_5_0_CLK/A (sky130_fd_sc_hd__clkbuf_8)
     6    0.016758    0.076022    0.292736    0.765337 ^ clkbuf_4_5_0_CLK/X (sky130_fd_sc_hd__clkbuf_8)
                                                         clknet_4_5_0_CLK (net)
                      0.076022    0.000093    0.765430 ^ _1430_/CLK (sky130_fd_sc_hd__dfrtp_2)
     1    0.004090    0.080294    0.846732    1.612162 v _1430_/Q (sky130_fd_sc_hd__dfrtp_2)
                                                         duty_active[4] (net)
                      0.080294    0.000069    1.612232 v fanout118/A (sky130_fd_sc_hd__clkdlybuf4s25_1)
     5    0.049686    0.662601    0.962885    2.575117 v fanout118/X (sky130_fd_sc_hd__clkdlybuf4s25_1)
                                                         net118 (net)
                      0.662601    0.000038    2.575155 v fanout111/A (sky130_fd_sc_hd__clkdlybuf4s25_1)
     3    0.015690    0.229230    0.847255    3.422410 v fanout111/X (sky130_fd_sc_hd__clkdlybuf4s25_1)
                                                         net111 (net)
                      0.229230    0.000528    3.422939 v load_slew112/A (sky130_fd_sc_hd__clkbuf_4)
     8    0.039897    0.157008    0.434860    3.857799 v load_slew112/X (sky130_fd_sc_hd__clkbuf_4)
                                                         net112 (net)
                      0.157008    0.000801    3.858599 v fanout110/A (sky130_fd_sc_hd__clkdlybuf4s25_1)
     7    0.035196    0.475670    0.856817    4.715416 v fanout110/X (sky130_fd_sc_hd__clkdlybuf4s25_1)
                                                         net110 (net)
                      0.475670    0.001111    4.716527 v fanout108/A (sky130_fd_sc_hd__clkdlybuf4s25_1)
     4    0.015985    0.232684    0.788160    5.504687 v fanout108/X (sky130_fd_sc_hd__clkdlybuf4s25_1)
                                                         net108 (net)
                      0.232684    0.000007    5.504694 v load_slew109/A (sky130_fd_sc_hd__buf_2)
     7    0.032444    0.158885    0.437730    5.942424 v load_slew109/X (sky130_fd_sc_hd__buf_2)
                                                         net109 (net)
                      0.158888    0.001004    5.943428 v _0699_/A (sky130_fd_sc_hd__inv_2)
     1    0.003131    0.054311    0.105271    6.048699 ^ _0699_/Y (sky130_fd_sc_hd__inv_2)
                                                         _0066_ (net)
                      0.054311    0.000035    6.048735 ^ fanout58/A (sky130_fd_sc_hd__clkdlybuf4s25_1)
     5    0.026016    0.425632    0.749147    6.797881 ^ fanout58/X (sky130_fd_sc_hd__clkdlybuf4s25_1)
                                                         net58 (net)
                      0.425632    0.000115    6.797996 ^ fanout55/A (sky130_fd_sc_hd__clkdlybuf4s25_1)
     7    0.031240    0.506766    0.964549    7.762545 ^ fanout55/X (sky130_fd_sc_hd__clkdlybuf4s25_1)
                                                         net55 (net)
                      0.506766    0.000830    7.763375 ^ fanout52/A (sky130_fd_sc_hd__clkdlybuf4s25_1)
    10    0.048460    0.775591    1.195013    8.958388 ^ fanout52/X (sky130_fd_sc_hd__clkdlybuf4s25_1)
                                                         net52 (net)
                      0.775591    0.001127    8.959516 ^ _1031_/S0 (sky130_fd_sc_hd__mux4_2)
     3    0.010006    0.189747    1.458874   10.418389 v _1031_/X (sky130_fd_sc_hd__mux4_2)
                                                         _0374_ (net)
                      0.189747    0.000149   10.418538 v _1038_/A2 (sky130_fd_sc_hd__o22a_2)
     2    0.007145    0.095970    0.499988   10.918527 v _1038_/X (sky130_fd_sc_hd__o22a_2)
                                                         _0381_ (net)
                      0.095970    0.000076   10.918603 v _1061_/A0 (sky130_fd_sc_hd__mux4_2)
     1    0.002722    0.144909    1.062174   11.980778 v _1061_/X (sky130_fd_sc_hd__mux4_2)
                                                         _0404_ (net)
                      0.144909    0.000022   11.980800 v _1062_/B (sky130_fd_sc_hd__or2_2)
     1    0.002739    0.111856    0.673690   12.654490 v _1062_/X (sky130_fd_sc_hd__or2_2)
                                                         _0405_ (net)
                      0.111856    0.000015   12.654505 v _1068_/A1 (sky130_fd_sc_hd__a21o_2)
     2    0.004714    0.069909    0.392115   13.046619 v _1068_/X (sky130_fd_sc_hd__a21o_2)
                                                         _0411_ (net)
                      0.069909    0.000028   13.046648 v _1070_/C (sky130_fd_sc_hd__and3_2)
     1    0.003369    0.074098    0.453989   13.500636 v _1070_/X (sky130_fd_sc_hd__and3_2)
                                                         _0413_ (net)
                      0.074098    0.000042   13.500678 v _1174_/B1 (sky130_fd_sc_hd__a211o_2)
     1    0.005879    0.099417    0.629506   14.130184 v _1174_/X (sky130_fd_sc_hd__a211o_2)
                                                         _0517_ (net)
                      0.099417    0.000090   14.130274 v _1290_/A1 (sky130_fd_sc_hd__a31oi_2)
     1    0.004350    0.205750    0.242910   14.373184 ^ _1290_/Y (sky130_fd_sc_hd__a31oi_2)
                                                         _0633_ (net)
                      0.205750    0.000064   14.373248 ^ _1295_/A2 (sky130_fd_sc_hd__a31o_2)
     1    0.006679    0.100411    0.412299   14.785546 ^ _1295_/X (sky130_fd_sc_hd__a31o_2)
                                                         _0638_ (net)
                      0.100411    0.000111   14.785658 ^ _1304_/A1 (sky130_fd_sc_hd__a31oi_2)
     4    0.019926    0.317685    0.337389   15.123046 v _1304_/Y (sky130_fd_sc_hd__a31oi_2)
                                                         _0647_ (net)
                      0.317685    0.000465   15.123511 v _1308_/A1 (sky130_fd_sc_hd__o2111a_2)
     1    0.004523    0.076236    0.618199   15.741711 v _1308_/X (sky130_fd_sc_hd__o2111a_2)
                                                         _0651_ (net)
                      0.076236    0.000041   15.741752 v _1313_/A (sky130_fd_sc_hd__nor2_2)
     5    0.024941    0.460991    0.454587   16.196339 ^ _1313_/Y (sky130_fd_sc_hd__nor2_2)
                                                         _0656_ (net)
                      0.460991    0.000213   16.196552 ^ _1363_/B (sky130_fd_sc_hd__nor2_2)
     1    0.003872    0.090677    0.168043   16.364595 v _1363_/Y (sky130_fd_sc_hd__nor2_2)
                                                         _0035_ (net)
                      0.090677    0.000066   16.364660 v _1409_/D (sky130_fd_sc_hd__dfrtp_2)
                                             16.364660   data arrival time

                                 20.000000   20.000000   clock CLK (rise edge)
                                  0.000000   20.000000   clock source latency
     1    0.018921    0.142429    0.092186   20.092186 ^ CLK (in)
                                                         CLK (net)
                      0.142439    0.000000   20.092186 ^ clkbuf_0_CLK/A (sky130_fd_sc_hd__clkbuf_16)
    16    0.102249    0.179542    0.333195   20.425381 ^ clkbuf_0_CLK/X (sky130_fd_sc_hd__clkbuf_16)
                                                         clknet_0_CLK (net)
                      0.179545    0.001121   20.426502 ^ clkbuf_4_13_0_CLK/A (sky130_fd_sc_hd__clkbuf_8)
     6    0.016133    0.074633    0.263469   20.689972 ^ clkbuf_4_13_0_CLK/X (sky130_fd_sc_hd__clkbuf_8)
                                                         clknet_4_13_0_CLK (net)
                      0.074633    0.000075   20.690046 ^ _1409_/CLK (sky130_fd_sc_hd__dfrtp_2)
                                 -0.250000   20.440046   clock uncertainty
                                  0.044777   20.484823   clock reconvergence pessimism
                                 -0.284012   20.200811   library setup time
                                             20.200811   data required time
---------------------------------------------------------------------------------------------
                                             20.200811   data required time
                                            -16.364660   data arrival time
---------------------------------------------------------------------------------------------
                                              3.836151   slack (MET)


Startpoint: _1430_ (rising edge-triggered flip-flop clocked by CLK)
Endpoint: _1413_ (rising edge-triggered flip-flop clocked by CLK)
Path Group: CLK
Path Type: max

Fanout         Cap        Slew       Delay        Time   Description
---------------------------------------------------------------------------------------------
                                  0.000000    0.000000   clock CLK (rise edge)
                                  0.000000    0.000000   clock source latency
     1    0.018921    0.142429    0.101889    0.101889 ^ CLK (in)
                                                         CLK (net)
                      0.142439    0.000000    0.101889 ^ clkbuf_0_CLK/A (sky130_fd_sc_hd__clkbuf_16)
    16    0.102249    0.179542    0.368269    0.470158 ^ clkbuf_0_CLK/X (sky130_fd_sc_hd__clkbuf_16)
                                                         clknet_0_CLK (net)
                      0.179571    0.002443    0.472601 ^ clkbuf_4_5_0_CLK/A (sky130_fd_sc_hd__clkbuf_8)
     6    0.016758    0.076022    0.292736    0.765337 ^ clkbuf_4_5_0_CLK/X (sky130_fd_sc_hd__clkbuf_8)
                                                         clknet_4_5_0_CLK (net)
                      0.076022    0.000093    0.765430 ^ _1430_/CLK (sky130_fd_sc_hd__dfrtp_2)
     1    0.004090    0.080294    0.846732    1.612162 v _1430_/Q (sky130_fd_sc_hd__dfrtp_2)
                                                         duty_active[4] (net)
                      0.080294    0.000069    1.612232 v fanout118/A (sky130_fd_sc_hd__clkdlybuf4s25_1)
     5    0.049686    0.662601    0.962885    2.575117 v fanout118/X (sky130_fd_sc_hd__clkdlybuf4s25_1)
                                                         net118 (net)
                      0.662601    0.000038    2.575155 v fanout111/A (sky130_fd_sc_hd__clkdlybuf4s25_1)
     3    0.015690    0.229230    0.847255    3.422410 v fanout111/X (sky130_fd_sc_hd__clkdlybuf4s25_1)
                                                         net111 (net)
                      0.229230    0.000528    3.422939 v load_slew112/A (sky130_fd_sc_hd__clkbuf_4)
     8    0.039897    0.157008    0.434860    3.857799 v load_slew112/X (sky130_fd_sc_hd__clkbuf_4)
                                                         net112 (net)
                      0.157008    0.000801    3.858599 v fanout110/A (sky130_fd_sc_hd__clkdlybuf4s25_1)
     7    0.035196    0.475670    0.856817    4.715416 v fanout110/X (sky130_fd_sc_hd__clkdlybuf4s25_1)
                                                         net110 (net)
                      0.475670    0.001111    4.716527 v fanout108/A (sky130_fd_sc_hd__clkdlybuf4s25_1)
     4    0.015985    0.232684    0.788160    5.504687 v fanout108/X (sky130_fd_sc_hd__clkdlybuf4s25_1)
                                                         net108 (net)
                      0.232684    0.000007    5.504694 v load_slew109/A (sky130_fd_sc_hd__buf_2)
     7    0.032444    0.158885    0.437730    5.942424 v load_slew109/X (sky130_fd_sc_hd__buf_2)
                                                         net109 (net)
                      0.158888    0.001004    5.943428 v _0699_/A (sky130_fd_sc_hd__inv_2)
     1    0.003131    0.054311    0.105271    6.048699 ^ _0699_/Y (sky130_fd_sc_hd__inv_2)
                                                         _0066_ (net)
                      0.054311    0.000035    6.048735 ^ fanout58/A (sky130_fd_sc_hd__clkdlybuf4s25_1)
     5    0.026016    0.425632    0.749147    6.797881 ^ fanout58/X (sky130_fd_sc_hd__clkdlybuf4s25_1)
                                                         net58 (net)
                      0.425632    0.000115    6.797996 ^ fanout55/A (sky130_fd_sc_hd__clkdlybuf4s25_1)
     7    0.031240    0.506766    0.964549    7.762545 ^ fanout55/X (sky130_fd_sc_hd__clkdlybuf4s25_1)
                                                         net55 (net)
                      0.506766    0.000830    7.763375 ^ fanout52/A (sky130_fd_sc_hd__clkdlybuf4s25_1)
    10    0.048460    0.775591    1.195013    8.958388 ^ fanout52/X (sky130_fd_sc_hd__clkdlybuf4s25_1)
                                                         net52 (net)
                      0.775591    0.001127    8.959516 ^ _1031_/S0 (sky130_fd_sc_hd__mux4_2)
     3    0.010006    0.189747    1.458874   10.418389 v _1031_/X (sky130_fd_sc_hd__mux4_2)
                                                         _0374_ (net)
                      0.189747    0.000149   10.418538 v _1038_/A2 (sky130_fd_sc_hd__o22a_2)
     2    0.007145    0.095970    0.499988   10.918527 v _1038_/X (sky130_fd_sc_hd__o22a_2)
                                                         _0381_ (net)
                      0.095970    0.000076   10.918603 v _1061_/A0 (sky130_fd_sc_hd__mux4_2)
     1    0.002722    0.144909    1.062174   11.980778 v _1061_/X (sky130_fd_sc_hd__mux4_2)
                                                         _0404_ (net)
                      0.144909    0.000022   11.980800 v _1062_/B (sky130_fd_sc_hd__or2_2)
     1    0.002739    0.111856    0.673690   12.654490 v _1062_/X (sky130_fd_sc_hd__or2_2)
                                                         _0405_ (net)
                      0.111856    0.000015   12.654505 v _1068_/A1 (sky130_fd_sc_hd__a21o_2)
     2    0.004714    0.069909    0.392115   13.046619 v _1068_/X (sky130_fd_sc_hd__a21o_2)
                                                         _0411_ (net)
                      0.069909    0.000028   13.046648 v _1070_/C (sky130_fd_sc_hd__and3_2)
     1    0.003369    0.074098    0.453989   13.500636 v _1070_/X (sky130_fd_sc_hd__and3_2)
                                                         _0413_ (net)
                      0.074098    0.000042   13.500678 v _1174_/B1 (sky130_fd_sc_hd__a211o_2)
     1    0.005879    0.099417    0.629506   14.130184 v _1174_/X (sky130_fd_sc_hd__a211o_2)
                                                         _0517_ (net)
                      0.099417    0.000090   14.130274 v _1290_/A1 (sky130_fd_sc_hd__a31oi_2)
     1    0.004350    0.205750    0.242910   14.373184 ^ _1290_/Y (sky130_fd_sc_hd__a31oi_2)
                                                         _0633_ (net)
                      0.205750    0.000064   14.373248 ^ _1295_/A2 (sky130_fd_sc_hd__a31o_2)
     1    0.006679    0.100411    0.412299   14.785546 ^ _1295_/X (sky130_fd_sc_hd__a31o_2)
                                                         _0638_ (net)
                      0.100411    0.000111   14.785658 ^ _1304_/A1 (sky130_fd_sc_hd__a31oi_2)
     4    0.019926    0.317685    0.337389   15.123046 v _1304_/Y (sky130_fd_sc_hd__a31oi_2)
                                                         _0647_ (net)
                      0.317685    0.000465   15.123511 v _1308_/A1 (sky130_fd_sc_hd__o2111a_2)
     1    0.004523    0.076236    0.618199   15.741711 v _1308_/X (sky130_fd_sc_hd__o2111a_2)
                                                         _0651_ (net)
                      0.076236    0.000041   15.741752 v _1313_/A (sky130_fd_sc_hd__nor2_2)
     5    0.024941    0.460991    0.454587   16.196339 ^ _1313_/Y (sky130_fd_sc_hd__nor2_2)
                                                         _0656_ (net)
                      0.460991    0.000275   16.196615 ^ _1373_/B1 (sky130_fd_sc_hd__a21oi_2)
     1    0.003053    0.106157    0.153289   16.349903 v _1373_/Y (sky130_fd_sc_hd__a21oi_2)
                                                         _0039_ (net)
                      0.106157    0.000037   16.349941 v _1413_/D (sky130_fd_sc_hd__dfrtp_2)
                                             16.349941   data arrival time

                                 20.000000   20.000000   clock CLK (rise edge)
                                  0.000000   20.000000   clock source latency
     1    0.018921    0.142429    0.092186   20.092186 ^ CLK (in)
                                                         CLK (net)
                      0.142439    0.000000   20.092186 ^ clkbuf_0_CLK/A (sky130_fd_sc_hd__clkbuf_16)
    16    0.102249    0.179542    0.333195   20.425381 ^ clkbuf_0_CLK/X (sky130_fd_sc_hd__clkbuf_16)
                                                         clknet_0_CLK (net)
                      0.179542    0.000846   20.426228 ^ clkbuf_4_12_0_CLK/A (sky130_fd_sc_hd__clkbuf_8)
     6    0.018149    0.079200    0.267795   20.694021 ^ clkbuf_4_12_0_CLK/X (sky130_fd_sc_hd__clkbuf_8)
                                                         clknet_4_12_0_CLK (net)
                      0.079200    0.000103   20.694124 ^ _1413_/CLK (sky130_fd_sc_hd__dfrtp_2)
                                 -0.250000   20.444126   clock uncertainty
                                  0.044777   20.488901   clock reconvergence pessimism
                                 -0.289260   20.199642   library setup time
                                             20.199642   data required time
---------------------------------------------------------------------------------------------
                                             20.199642   data required time
                                            -16.349941   data arrival time
---------------------------------------------------------------------------------------------
                                              3.849701   slack (MET)


Startpoint: _1430_ (rising edge-triggered flip-flop clocked by CLK)
Endpoint: _1412_ (rising edge-triggered flip-flop clocked by CLK)
Path Group: CLK
Path Type: max

Fanout         Cap        Slew       Delay        Time   Description
---------------------------------------------------------------------------------------------
                                  0.000000    0.000000   clock CLK (rise edge)
                                  0.000000    0.000000   clock source latency
     1    0.018921    0.142429    0.101889    0.101889 ^ CLK (in)
                                                         CLK (net)
                      0.142439    0.000000    0.101889 ^ clkbuf_0_CLK/A (sky130_fd_sc_hd__clkbuf_16)
    16    0.102249    0.179542    0.368269    0.470158 ^ clkbuf_0_CLK/X (sky130_fd_sc_hd__clkbuf_16)
                                                         clknet_0_CLK (net)
                      0.179571    0.002443    0.472601 ^ clkbuf_4_5_0_CLK/A (sky130_fd_sc_hd__clkbuf_8)
     6    0.016758    0.076022    0.292736    0.765337 ^ clkbuf_4_5_0_CLK/X (sky130_fd_sc_hd__clkbuf_8)
                                                         clknet_4_5_0_CLK (net)
                      0.076022    0.000093    0.765430 ^ _1430_/CLK (sky130_fd_sc_hd__dfrtp_2)
     1    0.004090    0.080294    0.846732    1.612162 v _1430_/Q (sky130_fd_sc_hd__dfrtp_2)
                                                         duty_active[4] (net)
                      0.080294    0.000069    1.612232 v fanout118/A (sky130_fd_sc_hd__clkdlybuf4s25_1)
     5    0.049686    0.662601    0.962885    2.575117 v fanout118/X (sky130_fd_sc_hd__clkdlybuf4s25_1)
                                                         net118 (net)
                      0.662601    0.000038    2.575155 v fanout111/A (sky130_fd_sc_hd__clkdlybuf4s25_1)
     3    0.015690    0.229230    0.847255    3.422410 v fanout111/X (sky130_fd_sc_hd__clkdlybuf4s25_1)
                                                         net111 (net)
                      0.229230    0.000528    3.422939 v load_slew112/A (sky130_fd_sc_hd__clkbuf_4)
     8    0.039897    0.157008    0.434860    3.857799 v load_slew112/X (sky130_fd_sc_hd__clkbuf_4)
                                                         net112 (net)
                      0.157008    0.000801    3.858599 v fanout110/A (sky130_fd_sc_hd__clkdlybuf4s25_1)
     7    0.035196    0.475670    0.856817    4.715416 v fanout110/X (sky130_fd_sc_hd__clkdlybuf4s25_1)
                                                         net110 (net)
                      0.475670    0.001111    4.716527 v fanout108/A (sky130_fd_sc_hd__clkdlybuf4s25_1)
     4    0.015985    0.232684    0.788160    5.504687 v fanout108/X (sky130_fd_sc_hd__clkdlybuf4s25_1)
                                                         net108 (net)
                      0.232684    0.000007    5.504694 v load_slew109/A (sky130_fd_sc_hd__buf_2)
     7    0.032444    0.158885    0.437730    5.942424 v load_slew109/X (sky130_fd_sc_hd__buf_2)
                                                         net109 (net)
                      0.158888    0.001004    5.943428 v _0699_/A (sky130_fd_sc_hd__inv_2)
     1    0.003131    0.054311    0.105271    6.048699 ^ _0699_/Y (sky130_fd_sc_hd__inv_2)
                                                         _0066_ (net)
                      0.054311    0.000035    6.048735 ^ fanout58/A (sky130_fd_sc_hd__clkdlybuf4s25_1)
     5    0.026016    0.425632    0.749147    6.797881 ^ fanout58/X (sky130_fd_sc_hd__clkdlybuf4s25_1)
                                                         net58 (net)
                      0.425632    0.000115    6.797996 ^ fanout55/A (sky130_fd_sc_hd__clkdlybuf4s25_1)
     7    0.031240    0.506766    0.964549    7.762545 ^ fanout55/X (sky130_fd_sc_hd__clkdlybuf4s25_1)
                                                         net55 (net)
                      0.506766    0.000830    7.763375 ^ fanout52/A (sky130_fd_sc_hd__clkdlybuf4s25_1)
    10    0.048460    0.775591    1.195013    8.958388 ^ fanout52/X (sky130_fd_sc_hd__clkdlybuf4s25_1)
                                                         net52 (net)
                      0.775591    0.001127    8.959516 ^ _1031_/S0 (sky130_fd_sc_hd__mux4_2)
     3    0.010006    0.189747    1.458874   10.418389 v _1031_/X (sky130_fd_sc_hd__mux4_2)
                                                         _0374_ (net)
                      0.189747    0.000149   10.418538 v _1038_/A2 (sky130_fd_sc_hd__o22a_2)
     2    0.007145    0.095970    0.499988   10.918527 v _1038_/X (sky130_fd_sc_hd__o22a_2)
                                                         _0381_ (net)
                      0.095970    0.000076   10.918603 v _1061_/A0 (sky130_fd_sc_hd__mux4_2)
     1    0.002722    0.144909    1.062174   11.980778 v _1061_/X (sky130_fd_sc_hd__mux4_2)
                                                         _0404_ (net)
                      0.144909    0.000022   11.980800 v _1062_/B (sky130_fd_sc_hd__or2_2)
     1    0.002739    0.111856    0.673690   12.654490 v _1062_/X (sky130_fd_sc_hd__or2_2)
                                                         _0405_ (net)
                      0.111856    0.000015   12.654505 v _1068_/A1 (sky130_fd_sc_hd__a21o_2)
     2    0.004714    0.069909    0.392115   13.046619 v _1068_/X (sky130_fd_sc_hd__a21o_2)
                                                         _0411_ (net)
                      0.069909    0.000028   13.046648 v _1070_/C (sky130_fd_sc_hd__and3_2)
     1    0.003369    0.074098    0.453989   13.500636 v _1070_/X (sky130_fd_sc_hd__and3_2)
                                                         _0413_ (net)
                      0.074098    0.000042   13.500678 v _1174_/B1 (sky130_fd_sc_hd__a211o_2)
     1    0.005879    0.099417    0.629506   14.130184 v _1174_/X (sky130_fd_sc_hd__a211o_2)
                                                         _0517_ (net)
                      0.099417    0.000090   14.130274 v _1290_/A1 (sky130_fd_sc_hd__a31oi_2)
     1    0.004350    0.205750    0.242910   14.373184 ^ _1290_/Y (sky130_fd_sc_hd__a31oi_2)
                                                         _0633_ (net)
                      0.205750    0.000064   14.373248 ^ _1295_/A2 (sky130_fd_sc_hd__a31o_2)
     1    0.006679    0.100411    0.412299   14.785546 ^ _1295_/X (sky130_fd_sc_hd__a31o_2)
                                                         _0638_ (net)
                      0.100411    0.000111   14.785658 ^ _1304_/A1 (sky130_fd_sc_hd__a31oi_2)
     4    0.019926    0.317685    0.337389   15.123046 v _1304_/Y (sky130_fd_sc_hd__a31oi_2)
                                                         _0647_ (net)
                      0.317685    0.000465   15.123511 v _1308_/A1 (sky130_fd_sc_hd__o2111a_2)
     1    0.004523    0.076236    0.618199   15.741711 v _1308_/X (sky130_fd_sc_hd__o2111a_2)
                                                         _0651_ (net)
                      0.076236    0.000041   15.741752 v _1313_/A (sky130_fd_sc_hd__nor2_2)
     5    0.024941    0.460991    0.454587   16.196339 ^ _1313_/Y (sky130_fd_sc_hd__nor2_2)
                                                         _0656_ (net)
                      0.460991    0.000187   16.196526 ^ _1370_/B1 (sky130_fd_sc_hd__a21oi_2)
     1    0.002290    0.103813    0.144587   16.341112 v _1370_/Y (sky130_fd_sc_hd__a21oi_2)
                                                         _0038_ (net)
                      0.103813    0.000021   16.341133 v _1412_/D (sky130_fd_sc_hd__dfrtp_2)
                                             16.341133   data arrival time

                                 20.000000   20.000000   clock CLK (rise edge)
                                  0.000000   20.000000   clock source latency
     1    0.018921    0.142429    0.092186   20.092186 ^ CLK (in)
                                                         CLK (net)
                      0.142439    0.000000   20.092186 ^ clkbuf_0_CLK/A (sky130_fd_sc_hd__clkbuf_16)
    16    0.102249    0.179542    0.333195   20.425381 ^ clkbuf_0_CLK/X (sky130_fd_sc_hd__clkbuf_16)
                                                         clknet_0_CLK (net)
                      0.179542    0.000846   20.426228 ^ clkbuf_4_12_0_CLK/A (sky130_fd_sc_hd__clkbuf_8)
     6    0.018149    0.079200    0.267795   20.694021 ^ clkbuf_4_12_0_CLK/X (sky130_fd_sc_hd__clkbuf_8)
                                                         clknet_4_12_0_CLK (net)
                      0.079200    0.000071   20.694092 ^ _1412_/CLK (sky130_fd_sc_hd__dfrtp_2)
                                 -0.250000   20.444094   clock uncertainty
                                  0.044777   20.488871   clock reconvergence pessimism
                                 -0.288281   20.200588   library setup time
                                             20.200588   data required time
---------------------------------------------------------------------------------------------
                                             20.200588   data required time
                                            -16.341133   data arrival time
---------------------------------------------------------------------------------------------
                                              3.859455   slack (MET)


Startpoint: UV_FAULT (input port clocked by CLK)
Endpoint: GH_A (output port clocked by CLK)
Path Group: CLK
Path Type: max

Fanout         Cap        Slew       Delay        Time   Description
---------------------------------------------------------------------------------------------
                                  0.000000    0.000000   clock CLK (rise edge)
                                  0.000000    0.000000   clock network delay (propagated)
                                  4.000000    4.000000 v input external delay
     1    0.004301    0.024330    0.014638    4.014638 v UV_FAULT (in)
                                                         UV_FAULT (net)
                      0.024330    0.000000    4.014638 v input20/A (sky130_fd_sc_hd__clkdlybuf4s25_1)
     1    0.002439    0.070645    0.451416    4.466054 v input20/X (sky130_fd_sc_hd__clkdlybuf4s25_1)
                                                         net20 (net)
                      0.070645    0.000026    4.466080 v _0712_/B (sky130_fd_sc_hd__or3_2)
     1    0.005372    0.183912    1.133702    5.599781 v _0712_/X (sky130_fd_sc_hd__or3_2)
                                                         _0078_ (net)
                      0.183912    0.000072    5.599854 v _0713_/C (sky130_fd_sc_hd__nor3_2)
     3    0.008660    0.324011    0.326438    5.926291 ^ _0713_/Y (sky130_fd_sc_hd__nor3_2)
                                                         _0079_ (net)
                      0.324011    0.000107    5.926398 ^ fanout37/A (sky130_fd_sc_hd__clkdlybuf4s25_1)
    10    0.032654    0.528590    0.943192    6.869590 ^ fanout37/X (sky130_fd_sc_hd__clkdlybuf4s25_1)
                                                         net37 (net)
                      0.528590    0.000338    6.869928 ^ _0715_/C (sky130_fd_sc_hd__and3_2)
     1    0.010206    0.134420    0.590140    7.460068 ^ _0715_/X (sky130_fd_sc_hd__and3_2)
                                                         net22 (net)
                      0.134420    0.000432    7.460500 ^ output22/A (sky130_fd_sc_hd__clkdlybuf4s25_1)
     1    0.034816    0.561733    0.888597    8.349096 ^ output22/X (sky130_fd_sc_hd__clkdlybuf4s25_1)
                                                         GH_A (net)
                      0.561733    0.000531    8.349627 ^ GH_A (out)
                                              8.349627   data arrival time

                                 20.000000   20.000000   clock CLK (rise edge)
                                  0.000000   20.000000   clock network delay (propagated)
                                 -0.250000   19.750002   clock uncertainty
                                  0.000000   19.750002   clock reconvergence pessimism
                                 -4.000000   15.750001   output external delay
                                             15.750001   data required time
---------------------------------------------------------------------------------------------
                                             15.750001   data required time
                                             -8.349627   data arrival time
---------------------------------------------------------------------------------------------
                                              7.400373   slack (MET)


Startpoint: UV_FAULT (input port clocked by CLK)
Endpoint: GH_B (output port clocked by CLK)
Path Group: CLK
Path Type: max

Fanout         Cap        Slew       Delay        Time   Description
---------------------------------------------------------------------------------------------
                                  0.000000    0.000000   clock CLK (rise edge)
                                  0.000000    0.000000   clock network delay (propagated)
                                  4.000000    4.000000 v input external delay
     1    0.004301    0.024330    0.014638    4.014638 v UV_FAULT (in)
                                                         UV_FAULT (net)
                      0.024330    0.000000    4.014638 v input20/A (sky130_fd_sc_hd__clkdlybuf4s25_1)
     1    0.002439    0.070645    0.451416    4.466054 v input20/X (sky130_fd_sc_hd__clkdlybuf4s25_1)
                                                         net20 (net)
                      0.070645    0.000026    4.466080 v _0712_/B (sky130_fd_sc_hd__or3_2)
     1    0.005372    0.183912    1.133702    5.599781 v _0712_/X (sky130_fd_sc_hd__or3_2)
                                                         _0078_ (net)
                      0.183912    0.000072    5.599854 v _0713_/C (sky130_fd_sc_hd__nor3_2)
     3    0.008660    0.324011    0.326438    5.926291 ^ _0713_/Y (sky130_fd_sc_hd__nor3_2)
                                                         _0079_ (net)
                      0.324011    0.000107    5.926398 ^ fanout37/A (sky130_fd_sc_hd__clkdlybuf4s25_1)
    10    0.032654    0.528590    0.943192    6.869590 ^ fanout37/X (sky130_fd_sc_hd__clkdlybuf4s25_1)
                                                         net37 (net)
                      0.528590    0.000293    6.869883 ^ _0717_/C (sky130_fd_sc_hd__and3_2)
     1    0.005623    0.104032    0.554271    7.424154 ^ _0717_/X (sky130_fd_sc_hd__and3_2)
                                                         net23 (net)
                      0.104032    0.000134    7.424288 ^ output23/A (sky130_fd_sc_hd__clkdlybuf4s25_1)
     1    0.035382    0.570341    0.880913    8.305202 ^ output23/X (sky130_fd_sc_hd__clkdlybuf4s25_1)
                                                         GH_B (net)
                      0.570341    0.000452    8.305654 ^ GH_B (out)
                                              8.305654   data arrival time

                                 20.000000   20.000000   clock CLK (rise edge)
                                  0.000000   20.000000   clock network delay (propagated)
                                 -0.250000   19.750002   clock uncertainty
                                  0.000000   19.750002   clock reconvergence pessimism
                                 -4.000000   15.750001   output external delay
                                             15.750001   data required time
---------------------------------------------------------------------------------------------
                                             15.750001   data required time
                                             -8.305654   data arrival time
---------------------------------------------------------------------------------------------
                                              7.444347   slack (MET)


Startpoint: UV_FAULT (input port clocked by CLK)
Endpoint: GL_A (output port clocked by CLK)
Path Group: CLK
Path Type: max

Fanout         Cap        Slew       Delay        Time   Description
---------------------------------------------------------------------------------------------
                                  0.000000    0.000000   clock CLK (rise edge)
                                  0.000000    0.000000   clock network delay (propagated)
                                  4.000000    4.000000 v input external delay
     1    0.004301    0.024330    0.014638    4.014638 v UV_FAULT (in)
                                                         UV_FAULT (net)
                      0.024330    0.000000    4.014638 v input20/A (sky130_fd_sc_hd__clkdlybuf4s25_1)
     1    0.002439    0.070645    0.451416    4.466054 v input20/X (sky130_fd_sc_hd__clkdlybuf4s25_1)
                                                         net20 (net)
                      0.070645    0.000026    4.466080 v _0712_/B (sky130_fd_sc_hd__or3_2)
     1    0.005372    0.183912    1.133702    5.599781 v _0712_/X (sky130_fd_sc_hd__or3_2)
                                                         _0078_ (net)
                      0.183912    0.000072    5.599854 v _0713_/C (sky130_fd_sc_hd__nor3_2)
     3    0.008660    0.324011    0.326438    5.926291 ^ _0713_/Y (sky130_fd_sc_hd__nor3_2)
                                                         _0079_ (net)
                      0.324011    0.000107    5.926398 ^ fanout37/A (sky130_fd_sc_hd__clkdlybuf4s25_1)
    10    0.032654    0.528590    0.943192    6.869590 ^ fanout37/X (sky130_fd_sc_hd__clkdlybuf4s25_1)
                                                         net37 (net)
                      0.528590    0.000286    6.869876 ^ _0716_/C (sky130_fd_sc_hd__and3_2)
     1    0.004509    0.094247    0.541911    7.411788 ^ _0716_/X (sky130_fd_sc_hd__and3_2)
                                                         net25 (net)
                      0.094247    0.000080    7.411868 ^ output25/A (sky130_fd_sc_hd__clkdlybuf4s25_1)
     1    0.035549    0.572873    0.878253    8.290121 ^ output25/X (sky130_fd_sc_hd__clkdlybuf4s25_1)
                                                         GL_A (net)
                      0.572873    0.000435    8.290556 ^ GL_A (out)
                                              8.290556   data arrival time

                                 20.000000   20.000000   clock CLK (rise edge)
                                  0.000000   20.000000   clock network delay (propagated)
                                 -0.250000   19.750002   clock uncertainty
                                  0.000000   19.750002   clock reconvergence pessimism
                                 -4.000000   15.750001   output external delay
                                             15.750001   data required time
---------------------------------------------------------------------------------------------
                                             15.750001   data required time
                                             -8.290556   data arrival time
---------------------------------------------------------------------------------------------
                                              7.459445   slack (MET)


Startpoint: UV_FAULT (input port clocked by CLK)
Endpoint: GL_B (output port clocked by CLK)
Path Group: CLK
Path Type: max

Fanout         Cap        Slew       Delay        Time   Description
---------------------------------------------------------------------------------------------
                                  0.000000    0.000000   clock CLK (rise edge)
                                  0.000000    0.000000   clock network delay (propagated)
                                  4.000000    4.000000 v input external delay
     1    0.004301    0.024330    0.014638    4.014638 v UV_FAULT (in)
                                                         UV_FAULT (net)
                      0.024330    0.000000    4.014638 v input20/A (sky130_fd_sc_hd__clkdlybuf4s25_1)
     1    0.002439    0.070645    0.451416    4.466054 v input20/X (sky130_fd_sc_hd__clkdlybuf4s25_1)
                                                         net20 (net)
                      0.070645    0.000026    4.466080 v _0712_/B (sky130_fd_sc_hd__or3_2)
     1    0.005372    0.183912    1.133702    5.599781 v _0712_/X (sky130_fd_sc_hd__or3_2)
                                                         _0078_ (net)
                      0.183912    0.000072    5.599854 v _0713_/C (sky130_fd_sc_hd__nor3_2)
     3    0.008660    0.324011    0.326438    5.926291 ^ _0713_/Y (sky130_fd_sc_hd__nor3_2)
                                                         _0079_ (net)
                      0.324011    0.000107    5.926398 ^ fanout37/A (sky130_fd_sc_hd__clkdlybuf4s25_1)
    10    0.032654    0.528590    0.943192    6.869590 ^ fanout37/X (sky130_fd_sc_hd__clkdlybuf4s25_1)
                                                         net37 (net)
                      0.528590    0.000335    6.869925 ^ _0718_/C (sky130_fd_sc_hd__and3_2)
     1    0.002739    0.081300    0.521515    7.391440 ^ _0718_/X (sky130_fd_sc_hd__and3_2)
                                                         net26 (net)
                      0.081300    0.000026    7.391466 ^ output26/A (sky130_fd_sc_hd__clkdlybuf4s25_1)
     1    0.035630    0.574076    0.873108    8.264574 ^ output26/X (sky130_fd_sc_hd__clkdlybuf4s25_1)
                                                         GL_B (net)
                      0.574076    0.000425    8.264998 ^ GL_B (out)
                                              8.264998   data arrival time

                                 20.000000   20.000000   clock CLK (rise edge)
                                  0.000000   20.000000   clock network delay (propagated)
                                 -0.250000   19.750002   clock uncertainty
                                  0.000000   19.750002   clock reconvergence pessimism
                                 -4.000000   15.750001   output external delay
                                             15.750001   data required time
---------------------------------------------------------------------------------------------
                                             15.750001   data required time
                                             -8.264998   data arrival time
---------------------------------------------------------------------------------------------
                                              7.485002   slack (MET)


Startpoint: UV_FAULT (input port clocked by CLK)
Endpoint: RUN (output port clocked by CLK)
Path Group: CLK
Path Type: max

Fanout         Cap        Slew       Delay        Time   Description
---------------------------------------------------------------------------------------------
                                  0.000000    0.000000   clock CLK (rise edge)
                                  0.000000    0.000000   clock network delay (propagated)
                                  4.000000    4.000000 v input external delay
     1    0.004301    0.024330    0.014638    4.014638 v UV_FAULT (in)
                                                         UV_FAULT (net)
                      0.024330    0.000000    4.014638 v input20/A (sky130_fd_sc_hd__clkdlybuf4s25_1)
     1    0.002439    0.070645    0.451416    4.466054 v input20/X (sky130_fd_sc_hd__clkdlybuf4s25_1)
                                                         net20 (net)
                      0.070645    0.000026    4.466080 v _0712_/B (sky130_fd_sc_hd__or3_2)
     1    0.005372    0.183912    1.133702    5.599781 v _0712_/X (sky130_fd_sc_hd__or3_2)
                                                         _0078_ (net)
                      0.183912    0.000072    5.599854 v _0713_/C (sky130_fd_sc_hd__nor3_2)
     3    0.008660    0.324011    0.326438    5.926291 ^ _0713_/Y (sky130_fd_sc_hd__nor3_2)
                                                         _0079_ (net)
                      0.324011    0.000107    5.926398 ^ fanout37/A (sky130_fd_sc_hd__clkdlybuf4s25_1)
    10    0.032654    0.528590    0.943192    6.869590 ^ fanout37/X (sky130_fd_sc_hd__clkdlybuf4s25_1)
                                                         net37 (net)
                      0.528590    0.000337    6.869927 ^ _0721_/B (sky130_fd_sc_hd__and2_2)
     1    0.003671    0.077144    0.450476    7.320403 ^ _0721_/X (sky130_fd_sc_hd__and2_2)
                                                         net28 (net)
                      0.077144    0.000045    7.320448 ^ output28/A (sky130_fd_sc_hd__clkdlybuf4s25_1)
     1    0.034933    0.563276    0.863157    8.183605 ^ output28/X (sky130_fd_sc_hd__clkdlybuf4s25_1)
                                                         RUN (net)
                      0.563276    0.000359    8.183964 ^ RUN (out)
                                              8.183964   data arrival time

                                 20.000000   20.000000   clock CLK (rise edge)
                                  0.000000   20.000000   clock network delay (propagated)
                                 -0.250000   19.750002   clock uncertainty
                                  0.000000   19.750002   clock reconvergence pessimism
                                 -4.000000   15.750001   output external delay
                                             15.750001   data required time
---------------------------------------------------------------------------------------------
                                             15.750001   data required time
                                             -8.183964   data arrival time
---------------------------------------------------------------------------------------------
                                              7.566037   slack (MET)


Startpoint: UV_FAULT (input port clocked by CLK)
Endpoint: GH_C (output port clocked by CLK)
Path Group: CLK
Path Type: max

Fanout         Cap        Slew       Delay        Time   Description
---------------------------------------------------------------------------------------------
                                  0.000000    0.000000   clock CLK (rise edge)
                                  0.000000    0.000000   clock network delay (propagated)
                                  4.000000    4.000000 v input external delay
     1    0.004301    0.024330    0.014638    4.014638 v UV_FAULT (in)
                                                         UV_FAULT (net)
                      0.024330    0.000000    4.014638 v input20/A (sky130_fd_sc_hd__clkdlybuf4s25_1)
     1    0.002439    0.070645    0.451416    4.466054 v input20/X (sky130_fd_sc_hd__clkdlybuf4s25_1)
                                                         net20 (net)
                      0.070645    0.000026    4.466080 v _0712_/B (sky130_fd_sc_hd__or3_2)
     1    0.005372    0.183912    1.133702    5.599781 v _0712_/X (sky130_fd_sc_hd__or3_2)
                                                         _0078_ (net)
                      0.183912    0.000072    5.599854 v _0713_/C (sky130_fd_sc_hd__nor3_2)
     3    0.008660    0.324011    0.326438    5.926291 ^ _0713_/Y (sky130_fd_sc_hd__nor3_2)
                                                         _0079_ (net)
                      0.324011    0.000155    5.926446 ^ _0719_/C (sky130_fd_sc_hd__and3_2)
     1    0.002754    0.080016    0.457195    6.383641 ^ _0719_/X (sky130_fd_sc_hd__and3_2)
                                                         net24 (net)
                      0.080016    0.000028    6.383669 ^ output24/A (sky130_fd_sc_hd__clkdlybuf4s25_1)
     1    0.034382    0.559981    0.858344    7.242013 ^ output24/X (sky130_fd_sc_hd__clkdlybuf4s25_1)
                                                         GH_C (net)
                      0.559981    0.000258    7.242271 ^ GH_C (out)
                                              7.242271   data arrival time

                                 20.000000   20.000000   clock CLK (rise edge)
                                  0.000000   20.000000   clock network delay (propagated)
                                 -0.250000   19.750002   clock uncertainty
                                  0.000000   19.750002   clock reconvergence pessimism
                                 -4.000000   15.750001   output external delay
                                             15.750001   data required time
---------------------------------------------------------------------------------------------
                                             15.750001   data required time
                                             -7.242271   data arrival time
---------------------------------------------------------------------------------------------
                                              8.507730   slack (MET)


Startpoint: UV_FAULT (input port clocked by CLK)
Endpoint: GL_C (output port clocked by CLK)
Path Group: CLK
Path Type: max

Fanout         Cap        Slew       Delay        Time   Description
---------------------------------------------------------------------------------------------
                                  0.000000    0.000000   clock CLK (rise edge)
                                  0.000000    0.000000   clock network delay (propagated)
                                  4.000000    4.000000 v input external delay
     1    0.004301    0.024330    0.014638    4.014638 v UV_FAULT (in)
                                                         UV_FAULT (net)
                      0.024330    0.000000    4.014638 v input20/A (sky130_fd_sc_hd__clkdlybuf4s25_1)
     1    0.002439    0.070645    0.451416    4.466054 v input20/X (sky130_fd_sc_hd__clkdlybuf4s25_1)
                                                         net20 (net)
                      0.070645    0.000026    4.466080 v _0712_/B (sky130_fd_sc_hd__or3_2)
     1    0.005372    0.183912    1.133702    5.599781 v _0712_/X (sky130_fd_sc_hd__or3_2)
                                                         _0078_ (net)
                      0.183912    0.000072    5.599854 v _0713_/C (sky130_fd_sc_hd__nor3_2)
     3    0.008660    0.324011    0.326438    5.926291 ^ _0713_/Y (sky130_fd_sc_hd__nor3_2)
                                                         _0079_ (net)
                      0.324011    0.000159    5.926450 ^ _0720_/C (sky130_fd_sc_hd__and3_2)
     1    0.002676    0.079450    0.456301    6.382751 ^ _0720_/X (sky130_fd_sc_hd__and3_2)
                                                         net27 (net)
                      0.079450    0.000026    6.382778 ^ output27/A (sky130_fd_sc_hd__clkdlybuf4s25_1)
     1    0.034306    0.553599    0.856939    7.239717 ^ output27/X (sky130_fd_sc_hd__clkdlybuf4s25_1)
                                                         GL_C (net)
                      0.553599    0.000348    7.240064 ^ GL_C (out)
                                              7.240064   data arrival time

                                 20.000000   20.000000   clock CLK (rise edge)
                                  0.000000   20.000000   clock network delay (propagated)
                                 -0.250000   19.750002   clock uncertainty
                                  0.000000   19.750002   clock reconvergence pessimism
                                 -4.000000   15.750001   output external delay
                                             15.750001   data required time
---------------------------------------------------------------------------------------------
                                             15.750001   data required time
                                             -7.240064   data arrival time
---------------------------------------------------------------------------------------------
                                              8.509936   slack (MET)


Startpoint: _1417_ (rising edge-triggered flip-flop clocked by CLK)
Endpoint: _1423_ (rising edge-triggered flip-flop clocked by CLK)
Path Group: CLK
Path Type: max

Fanout         Cap        Slew       Delay        Time   Description
---------------------------------------------------------------------------------------------
                                  0.000000    0.000000   clock CLK (rise edge)
                                  0.000000    0.000000   clock source latency
     1    0.018921    0.142429    0.101889    0.101889 ^ CLK (in)
                                                         CLK (net)
                      0.142439    0.000000    0.101889 ^ clkbuf_0_CLK/A (sky130_fd_sc_hd__clkbuf_16)
    16    0.102249    0.179542    0.368269    0.470158 ^ clkbuf_0_CLK/X (sky130_fd_sc_hd__clkbuf_16)
                                                         clknet_0_CLK (net)
                      0.179570    0.002396    0.472555 ^ clkbuf_4_4_0_CLK/A (sky130_fd_sc_hd__clkbuf_8)
     6    0.017565    0.077862    0.294639    0.767194 ^ clkbuf_4_4_0_CLK/X (sky130_fd_sc_hd__clkbuf_8)
                                                         clknet_4_4_0_CLK (net)
                      0.077862    0.000220    0.767414 ^ _1417_/CLK (sky130_fd_sc_hd__dfrtp_2)
     8    0.034816    0.210307    1.012979    1.780393 v _1417_/Q (sky130_fd_sc_hd__dfrtp_2)
                                                         hall.hall_active[1] (net)
                      0.210307    0.000292    1.780685 v _0770_/A0 (sky130_fd_sc_hd__mux2_1)
     7    0.020714    0.261387    0.915688    2.696373 v _0770_/X (sky130_fd_sc_hd__mux2_1)
                                                         _0114_ (net)
                      0.261387    0.000494    2.696867 v _0771_/A_N (sky130_fd_sc_hd__and2b_2)
     2    0.009011    0.106689    0.569421    3.266289 ^ _0771_/X (sky130_fd_sc_hd__and2b_2)
                                                         _0115_ (net)
                      0.106689    0.000079    3.266368 ^ _0773_/C_N (sky130_fd_sc_hd__or3b_2)
     2    0.009398    0.201713    1.168593    4.434960 v _0773_/X (sky130_fd_sc_hd__or3b_2)
                                                         _0117_ (net)
                      0.201713    0.000137    4.435097 v _0774_/B1 (sky130_fd_sc_hd__o21a_2)
     1    0.003415    0.061722    0.286775    4.721873 v _0774_/X (sky130_fd_sc_hd__o21a_2)
                                                         _0118_ (net)
                      0.061722    0.000043    4.721916 v _0775_/B (sky130_fd_sc_hd__or2_2)
     1    0.005252    0.125976    0.672404    5.394320 v _0775_/X (sky130_fd_sc_hd__or2_2)
                                                         _0119_ (net)
                      0.125976    0.000099    5.394418 v _0789_/A1 (sky130_fd_sc_hd__a32o_2)
     1    0.005025    0.077858    0.494750    5.889169 v _0789_/X (sky130_fd_sc_hd__a32o_2)
                                                         _0133_ (net)
                      0.077858    0.000101    5.889270 v _0790_/B1 (sky130_fd_sc_hd__o31a_2)
     1    0.007460    0.110945    0.238728    6.127998 v _0790_/X (sky130_fd_sc_hd__o31a_2)
                                                         _0134_ (net)
                      0.110945    0.000249    6.128246 v _0794_/B1 (sky130_fd_sc_hd__a31o_2)
     1    0.008284    0.087681    0.459731    6.587978 v _0794_/X (sky130_fd_sc_hd__a31o_2)
                                                         _0138_ (net)
                      0.087681    0.000216    6.588194 v _0795_/B (sky130_fd_sc_hd__nor2_2)
     4    0.016637    0.323435    0.313074    6.901268 ^ _0795_/Y (sky130_fd_sc_hd__nor2_2)
                                                         _0139_ (net)
                      0.323435    0.000254    6.901521 ^ _1380_/S (sky130_fd_sc_hd__mux2_1)
     1    0.003267    0.118919    0.829575    7.731096 v _1380_/X (sky130_fd_sc_hd__mux2_1)
                                                         _0049_ (net)
                      0.118919    0.000031    7.731127 v hold169/A (sky130_fd_sc_hd__dlygate4sd3_1)
     1    0.002950    0.111743    1.206680    8.937807 v hold169/X (sky130_fd_sc_hd__dlygate4sd3_1)
                                                         net168 (net)
                      0.111743    0.000023    8.937830 v _1423_/D (sky130_fd_sc_hd__dfrtp_2)
                                              8.937830   data arrival time

                                 20.000000   20.000000   clock CLK (rise edge)
                                  0.000000   20.000000   clock source latency
     1    0.018921    0.142429    0.092186   20.092186 ^ CLK (in)
                                                         CLK (net)
                      0.142439    0.000000   20.092186 ^ clkbuf_0_CLK/A (sky130_fd_sc_hd__clkbuf_16)
    16    0.102249    0.179542    0.333195   20.425381 ^ clkbuf_0_CLK/X (sky130_fd_sc_hd__clkbuf_16)
                                                         clknet_0_CLK (net)
                      0.179567    0.002078   20.427460 ^ clkbuf_4_3_0_CLK/A (sky130_fd_sc_hd__clkbuf_8)
     6    0.017765    0.078316    0.267008   20.694468 ^ clkbuf_4_3_0_CLK/X (sky130_fd_sc_hd__clkbuf_8)
                                                         clknet_4_3_0_CLK (net)
                      0.078316    0.000174   20.694641 ^ _1423_/CLK (sky130_fd_sc_hd__dfrtp_2)
                                 -0.250000   20.444643   clock uncertainty
                                  0.044777   20.489418   clock reconvergence pessimism
                                 -0.291830   20.197588   library setup time
                                             20.197588   data required time
---------------------------------------------------------------------------------------------
                                             20.197588   data required time
                                             -8.937830   data arrival time
---------------------------------------------------------------------------------------------
                                             11.259758   slack (MET)


Startpoint: _1452_ (rising edge-triggered flip-flop clocked by CLK)
Endpoint: _1415_ (rising edge-triggered flip-flop clocked by CLK)
Path Group: CLK
Path Type: max

Fanout         Cap        Slew       Delay        Time   Description
---------------------------------------------------------------------------------------------
                                  0.000000    0.000000   clock CLK (rise edge)
                                  0.000000    0.000000   clock source latency
     1    0.018921    0.142429    0.101889    0.101889 ^ CLK (in)
                                                         CLK (net)
                      0.142439    0.000000    0.101889 ^ clkbuf_0_CLK/A (sky130_fd_sc_hd__clkbuf_16)
    16    0.102249    0.179542    0.368269    0.470158 ^ clkbuf_0_CLK/X (sky130_fd_sc_hd__clkbuf_16)
                                                         clknet_0_CLK (net)
                      0.179566    0.002261    0.472420 ^ clkbuf_4_6_0_CLK/A (sky130_fd_sc_hd__clkbuf_8)
     6    0.015574    0.073401    0.289870    0.762289 ^ clkbuf_4_6_0_CLK/X (sky130_fd_sc_hd__clkbuf_8)
                                                         clknet_4_6_0_CLK (net)
                      0.073401    0.000136    0.762425 ^ _1452_/CLK (sky130_fd_sc_hd__dfrtp_2)
     6    0.025035    0.217943    0.866664    1.629089 ^ _1452_/Q (sky130_fd_sc_hd__dfrtp_2)
                                                         pwm.pwm_counter[0] (net)
                      0.217943    0.000229    1.629318 ^ hold174/A (sky130_fd_sc_hd__dlygate4sd3_1)
     1    0.005361    0.126416    1.192414    2.821733 ^ hold174/X (sky130_fd_sc_hd__dlygate4sd3_1)
                                                         net173 (net)
                      0.126416    0.000058    2.821791 ^ _0707_/A (sky130_fd_sc_hd__inv_2)
     2    0.003987    0.036074    0.080735    2.902525 v _0707_/Y (sky130_fd_sc_hd__inv_2)
                                                         _0011_ (net)
                      0.036074    0.000016    2.902541 v _0731_/C (sky130_fd_sc_hd__or3_2)
     1    0.003920    0.168821    1.017754    3.920295 v _0731_/X (sky130_fd_sc_hd__or3_2)
                                                         _0088_ (net)
                      0.168821    0.000073    3.920368 v _0734_/B (sky130_fd_sc_hd__or4b_2)
     1    0.003014    0.217531    1.591971    5.512339 v _0734_/X (sky130_fd_sc_hd__or4b_2)
                                                         _0091_ (net)
                      0.217531    0.000020    5.512360 v fanout32/A (sky130_fd_sc_hd__clkdlybuf4s25_1)
     5    0.033056    0.448357    0.864762    6.377122 v fanout32/X (sky130_fd_sc_hd__clkdlybuf4s25_1)
                                                         net32 (net)
                      0.448357    0.000099    6.377221 v fanout31/A (sky130_fd_sc_hd__clkdlybuf4s25_1)
     7    0.027562    0.379318    0.893922    7.271143 v fanout31/X (sky130_fd_sc_hd__clkdlybuf4s25_1)
                                                         net31 (net)
                      0.379318    0.000703    7.271847 v _0735_/A (sky130_fd_sc_hd__inv_2)
     3    0.013602    0.155136    0.259038    7.530885 ^ _0735_/Y (sky130_fd_sc_hd__inv_2)
                                                         _0092_ (net)
                      0.155136    0.000147    7.531032 ^ _1375_/A3 (sky130_fd_sc_hd__a31o_2)
     1    0.002722    0.068964    0.364329    7.895361 ^ _1375_/X (sky130_fd_sc_hd__a31o_2)
                                                         _0041_ (net)
                      0.068964    0.000036    7.895398 ^ hold158/A (sky130_fd_sc_hd__dlygate4sd3_1)
     1    0.002037    0.085119    1.080109    8.975507 ^ hold158/X (sky130_fd_sc_hd__dlygate4sd3_1)
                                                         net157 (net)
                      0.085119    0.000018    8.975525 ^ _1415_/D (sky130_fd_sc_hd__dfrtp_2)
                                              8.975525   data arrival time

                                 20.000000   20.000000   clock CLK (rise edge)
                                  0.000000   20.000000   clock source latency
     1    0.018921    0.142429    0.092186   20.092186 ^ CLK (in)
                                                         CLK (net)
                      0.142439    0.000000   20.092186 ^ clkbuf_0_CLK/A (sky130_fd_sc_hd__clkbuf_16)
    16    0.102249    0.179542    0.333195   20.425381 ^ clkbuf_0_CLK/X (sky130_fd_sc_hd__clkbuf_16)
                                                         clknet_0_CLK (net)
                      0.179569    0.002139   20.427521 ^ clkbuf_4_2_0_CLK/A (sky130_fd_sc_hd__clkbuf_8)
     6    0.018780    0.080637    0.269202   20.696722 ^ clkbuf_4_2_0_CLK/X (sky130_fd_sc_hd__clkbuf_8)
                                                         clknet_4_2_0_CLK (net)
                      0.080637    0.000240   20.696960 ^ _1415_/CLK (sky130_fd_sc_hd__dfrtp_2)
                                 -0.250000   20.446962   clock uncertainty
                                  0.044777   20.491739   clock reconvergence pessimism
                                 -0.140370   20.351370   library setup time
                                             20.351370   data required time
---------------------------------------------------------------------------------------------
                                             20.351370   data required time
                                             -8.975525   data arrival time
---------------------------------------------------------------------------------------------
                                             11.375845   slack (MET)


Startpoint: _1452_ (rising edge-triggered flip-flop clocked by CLK)
Endpoint: _1438_ (rising edge-triggered flip-flop clocked by CLK)
Path Group: CLK
Path Type: max

Fanout         Cap        Slew       Delay        Time   Description
---------------------------------------------------------------------------------------------
                                  0.000000    0.000000   clock CLK (rise edge)
                                  0.000000    0.000000   clock source latency
     1    0.018921    0.142429    0.101889    0.101889 ^ CLK (in)
                                                         CLK (net)
                      0.142439    0.000000    0.101889 ^ clkbuf_0_CLK/A (sky130_fd_sc_hd__clkbuf_16)
    16    0.102249    0.179542    0.368269    0.470158 ^ clkbuf_0_CLK/X (sky130_fd_sc_hd__clkbuf_16)
                                                         clknet_0_CLK (net)
                      0.179566    0.002261    0.472420 ^ clkbuf_4_6_0_CLK/A (sky130_fd_sc_hd__clkbuf_8)
     6    0.015574    0.073401    0.289870    0.762289 ^ clkbuf_4_6_0_CLK/X (sky130_fd_sc_hd__clkbuf_8)
                                                         clknet_4_6_0_CLK (net)
                      0.073401    0.000136    0.762425 ^ _1452_/CLK (sky130_fd_sc_hd__dfrtp_2)
     6    0.025035    0.217943    0.866664    1.629089 ^ _1452_/Q (sky130_fd_sc_hd__dfrtp_2)
                                                         pwm.pwm_counter[0] (net)
                      0.217943    0.000229    1.629318 ^ hold174/A (sky130_fd_sc_hd__dlygate4sd3_1)
     1    0.005361    0.126416    1.192414    2.821733 ^ hold174/X (sky130_fd_sc_hd__dlygate4sd3_1)
                                                         net173 (net)
                      0.126416    0.000058    2.821791 ^ _0707_/A (sky130_fd_sc_hd__inv_2)
     2    0.003987    0.036074    0.080735    2.902525 v _0707_/Y (sky130_fd_sc_hd__inv_2)
                                                         _0011_ (net)
                      0.036074    0.000016    2.902541 v _0731_/C (sky130_fd_sc_hd__or3_2)
     1    0.003920    0.168821    1.017754    3.920295 v _0731_/X (sky130_fd_sc_hd__or3_2)
                                                         _0088_ (net)
                      0.168821    0.000073    3.920368 v _0734_/B (sky130_fd_sc_hd__or4b_2)
     1    0.003014    0.217531    1.591971    5.512339 v _0734_/X (sky130_fd_sc_hd__or4b_2)
                                                         _0091_ (net)
                      0.217531    0.000020    5.512360 v fanout32/A (sky130_fd_sc_hd__clkdlybuf4s25_1)
     5    0.033056    0.448357    0.864762    6.377122 v fanout32/X (sky130_fd_sc_hd__clkdlybuf4s25_1)
                                                         net32 (net)
                      0.448357    0.000099    6.377221 v fanout31/A (sky130_fd_sc_hd__clkdlybuf4s25_1)
     7    0.027562    0.379318    0.893922    7.271143 v fanout31/X (sky130_fd_sc_hd__clkdlybuf4s25_1)
                                                         net31 (net)
                      0.379318    0.000714    7.271857 v _0736_/B (sky130_fd_sc_hd__nor2_2)
     3    0.009925    0.238546    0.349281    7.621138 ^ _0736_/Y (sky130_fd_sc_hd__nor2_2)
                                                         _0093_ (net)
                      0.238546    0.000227    7.621365 ^ _0737_/B (sky130_fd_sc_hd__or3b_2)
     1    0.007767    0.091301    0.306498    7.927863 ^ _0737_/X (sky130_fd_sc_hd__or3b_2)
                                                         _0094_ (net)
                      0.091301    0.000178    7.928041 ^ _0738_/B (sky130_fd_sc_hd__nand2_2)
     1    0.004262    0.083824    0.112294    8.040335 v _0738_/Y (sky130_fd_sc_hd__nand2_2)
                                                         _0095_ (net)
                      0.083824    0.000077    8.040412 v _0739_/C (sky130_fd_sc_hd__and3_2)
     1    0.002242    0.068316    0.450248    8.490660 v _0739_/X (sky130_fd_sc_hd__and3_2)
                                                         _0002_ (net)
                      0.068316    0.000021    8.490682 v _1438_/D (sky130_fd_sc_hd__dfrtp_2)
                                              8.490682   data arrival time

                                 20.000000   20.000000   clock CLK (rise edge)
                                  0.000000   20.000000   clock source latency
     1    0.018921    0.142429    0.092186   20.092186 ^ CLK (in)
                                                         CLK (net)
                      0.142439    0.000000   20.092186 ^ clkbuf_0_CLK/A (sky130_fd_sc_hd__clkbuf_16)
    16    0.102249    0.179542    0.333195   20.425381 ^ clkbuf_0_CLK/X (sky130_fd_sc_hd__clkbuf_16)
                                                         clknet_0_CLK (net)
                      0.179569    0.002139   20.427521 ^ clkbuf_4_2_0_CLK/A (sky130_fd_sc_hd__clkbuf_8)
     6    0.018780    0.080637    0.269202   20.696722 ^ clkbuf_4_2_0_CLK/X (sky130_fd_sc_hd__clkbuf_8)
                                                         clknet_4_2_0_CLK (net)
                      0.080637    0.000249   20.696970 ^ _1438_/CLK (sky130_fd_sc_hd__dfrtp_2)
                                 -0.250000   20.446970   clock uncertainty
                                  0.044777   20.491747   clock reconvergence pessimism
                                 -0.273070   20.218678   library setup time
                                             20.218678   data required time
---------------------------------------------------------------------------------------------
                                             20.218678   data required time
                                             -8.490682   data arrival time
---------------------------------------------------------------------------------------------
                                             11.727996   slack (MET)


Startpoint: _1452_ (rising edge-triggered flip-flop clocked by CLK)
Endpoint: _1435_ (rising edge-triggered flip-flop clocked by CLK)
Path Group: CLK
Path Type: max

Fanout         Cap        Slew       Delay        Time   Description
---------------------------------------------------------------------------------------------
                                  0.000000    0.000000   clock CLK (rise edge)
                                  0.000000    0.000000   clock source latency
     1    0.018921    0.142429    0.101889    0.101889 ^ CLK (in)
                                                         CLK (net)
                      0.142439    0.000000    0.101889 ^ clkbuf_0_CLK/A (sky130_fd_sc_hd__clkbuf_16)
    16    0.102249    0.179542    0.368269    0.470158 ^ clkbuf_0_CLK/X (sky130_fd_sc_hd__clkbuf_16)
                                                         clknet_0_CLK (net)
                      0.179566    0.002261    0.472420 ^ clkbuf_4_6_0_CLK/A (sky130_fd_sc_hd__clkbuf_8)
     6    0.015574    0.073401    0.289870    0.762289 ^ clkbuf_4_6_0_CLK/X (sky130_fd_sc_hd__clkbuf_8)
                                                         clknet_4_6_0_CLK (net)
                      0.073401    0.000136    0.762425 ^ _1452_/CLK (sky130_fd_sc_hd__dfrtp_2)
     6    0.025035    0.217943    0.866664    1.629089 ^ _1452_/Q (sky130_fd_sc_hd__dfrtp_2)
                                                         pwm.pwm_counter[0] (net)
                      0.217943    0.000229    1.629318 ^ hold174/A (sky130_fd_sc_hd__dlygate4sd3_1)
     1    0.005361    0.126416    1.192414    2.821733 ^ hold174/X (sky130_fd_sc_hd__dlygate4sd3_1)
                                                         net173 (net)
                      0.126416    0.000058    2.821791 ^ _0707_/A (sky130_fd_sc_hd__inv_2)
     2    0.003987    0.036074    0.080735    2.902525 v _0707_/Y (sky130_fd_sc_hd__inv_2)
                                                         _0011_ (net)
                      0.036074    0.000016    2.902541 v _0731_/C (sky130_fd_sc_hd__or3_2)
     1    0.003920    0.168821    1.017754    3.920295 v _0731_/X (sky130_fd_sc_hd__or3_2)
                                                         _0088_ (net)
                      0.168821    0.000073    3.920368 v _0734_/B (sky130_fd_sc_hd__or4b_2)
     1    0.003014    0.217531    1.591971    5.512339 v _0734_/X (sky130_fd_sc_hd__or4b_2)
                                                         _0091_ (net)
                      0.217531    0.000020    5.512360 v fanout32/A (sky130_fd_sc_hd__clkdlybuf4s25_1)
     5    0.033056    0.448357    0.864762    6.377122 v fanout32/X (sky130_fd_sc_hd__clkdlybuf4s25_1)
                                                         net32 (net)
                      0.448357    0.001389    6.378511 v _1392_/S (sky130_fd_sc_hd__mux2_1)
     1    0.002186    0.106866    0.872972    7.251483 v _1392_/X (sky130_fd_sc_hd__mux2_1)
                                                         _0061_ (net)
                      0.106866    0.000015    7.251498 v hold160/A (sky130_fd_sc_hd__dlygate4sd3_1)
     1    0.002486    0.103202    1.192264    8.443763 v hold160/X (sky130_fd_sc_hd__dlygate4sd3_1)
                                                         net159 (net)
                      0.103202    0.000028    8.443789 v _1435_/D (sky130_fd_sc_hd__dfrtp_2)
                                              8.443789   data arrival time

                                 20.000000   20.000000   clock CLK (rise edge)
                                  0.000000   20.000000   clock source latency
     1    0.018921    0.142429    0.092186   20.092186 ^ CLK (in)
                                                         CLK (net)
                      0.142439    0.000000   20.092186 ^ clkbuf_0_CLK/A (sky130_fd_sc_hd__clkbuf_16)
    16    0.102249    0.179542    0.333195   20.425381 ^ clkbuf_0_CLK/X (sky130_fd_sc_hd__clkbuf_16)
                                                         clknet_0_CLK (net)
                      0.179553    0.001572   20.426952 ^ clkbuf_4_15_0_CLK/A (sky130_fd_sc_hd__clkbuf_8)
     6    0.015079    0.072320    0.261190   20.688143 ^ clkbuf_4_15_0_CLK/X (sky130_fd_sc_hd__clkbuf_8)
                                                         clknet_4_15_0_CLK (net)
                      0.072320    0.000151   20.688293 ^ _1435_/CLK (sky130_fd_sc_hd__dfrtp_2)
                                 -0.250000   20.438295   clock uncertainty
                                  0.044777   20.483072   clock reconvergence pessimism
                                 -0.289861   20.193211   library setup time
                                             20.193211   data required time
---------------------------------------------------------------------------------------------
                                             20.193211   data required time
                                             -8.443789   data arrival time
---------------------------------------------------------------------------------------------
                                             11.749421   slack (MET)


Startpoint: _1452_ (rising edge-triggered flip-flop clocked by CLK)
Endpoint: _1432_ (rising edge-triggered flip-flop clocked by CLK)
Path Group: CLK
Path Type: max

Fanout         Cap        Slew       Delay        Time   Description
---------------------------------------------------------------------------------------------
                                  0.000000    0.000000   clock CLK (rise edge)
                                  0.000000    0.000000   clock source latency
     1    0.018921    0.142429    0.101889    0.101889 ^ CLK (in)
                                                         CLK (net)
                      0.142439    0.000000    0.101889 ^ clkbuf_0_CLK/A (sky130_fd_sc_hd__clkbuf_16)
    16    0.102249    0.179542    0.368269    0.470158 ^ clkbuf_0_CLK/X (sky130_fd_sc_hd__clkbuf_16)
                                                         clknet_0_CLK (net)
                      0.179566    0.002261    0.472420 ^ clkbuf_4_6_0_CLK/A (sky130_fd_sc_hd__clkbuf_8)
     6    0.015574    0.073401    0.289870    0.762289 ^ clkbuf_4_6_0_CLK/X (sky130_fd_sc_hd__clkbuf_8)
                                                         clknet_4_6_0_CLK (net)
                      0.073401    0.000136    0.762425 ^ _1452_/CLK (sky130_fd_sc_hd__dfrtp_2)
     6    0.025035    0.217943    0.866664    1.629089 ^ _1452_/Q (sky130_fd_sc_hd__dfrtp_2)
                                                         pwm.pwm_counter[0] (net)
                      0.217943    0.000229    1.629318 ^ hold174/A (sky130_fd_sc_hd__dlygate4sd3_1)
     1    0.005361    0.126416    1.192414    2.821733 ^ hold174/X (sky130_fd_sc_hd__dlygate4sd3_1)
                                                         net173 (net)
                      0.126416    0.000058    2.821791 ^ _0707_/A (sky130_fd_sc_hd__inv_2)
     2    0.003987    0.036074    0.080735    2.902525 v _0707_/Y (sky130_fd_sc_hd__inv_2)
                                                         _0011_ (net)
                      0.036074    0.000016    2.902541 v _0731_/C (sky130_fd_sc_hd__or3_2)
     1    0.003920    0.168821    1.017754    3.920295 v _0731_/X (sky130_fd_sc_hd__or3_2)
                                                         _0088_ (net)
                      0.168821    0.000073    3.920368 v _0734_/B (sky130_fd_sc_hd__or4b_2)
     1    0.003014    0.217531    1.591971    5.512339 v _0734_/X (sky130_fd_sc_hd__or4b_2)
                                                         _0091_ (net)
                      0.217531    0.000020    5.512360 v fanout32/A (sky130_fd_sc_hd__clkdlybuf4s25_1)
     5    0.033056    0.448357    0.864762    6.377122 v fanout32/X (sky130_fd_sc_hd__clkdlybuf4s25_1)
                                                         net32 (net)
                      0.448357    0.000277    6.377399 v fanout30/A (sky130_fd_sc_hd__clkdlybuf4s25_1)
    10    0.043980    0.589253    1.057728    7.435127 v fanout30/X (sky130_fd_sc_hd__clkdlybuf4s25_1)
                                                         net30 (net)
                      0.589253    0.000758    7.435885 v _1389_/S (sky130_fd_sc_hd__mux2_1)
     1    0.003880    0.122942    0.964774    8.400659 v _1389_/X (sky130_fd_sc_hd__mux2_1)
                                                         _0058_ (net)
                      0.122942    0.000059    8.400718 v _1432_/D (sky130_fd_sc_hd__dfrtp_2)
                                              8.400718   data arrival time

                                 20.000000   20.000000   clock CLK (rise edge)
                                  0.000000   20.000000   clock source latency
     1    0.018921    0.142429    0.092186   20.092186 ^ CLK (in)
                                                         CLK (net)
                      0.142439    0.000000   20.092186 ^ clkbuf_0_CLK/A (sky130_fd_sc_hd__clkbuf_16)
    16    0.102249    0.179542    0.333195   20.425381 ^ clkbuf_0_CLK/X (sky130_fd_sc_hd__clkbuf_16)
                                                         clknet_0_CLK (net)
                      0.179571    0.002210   20.427591 ^ clkbuf_4_5_0_CLK/A (sky130_fd_sc_hd__clkbuf_8)
     6    0.016758    0.076022    0.264858   20.692450 ^ clkbuf_4_5_0_CLK/X (sky130_fd_sc_hd__clkbuf_8)
                                                         clknet_4_5_0_CLK (net)
                      0.076022    0.000087   20.692535 ^ _1432_/CLK (sky130_fd_sc_hd__dfrtp_2)
                                 -0.250000   20.442537   clock uncertainty
                                  0.044777   20.487314   clock reconvergence pessimism
                                 -0.297120   20.190193   library setup time
                                             20.190193   data required time
---------------------------------------------------------------------------------------------
                                             20.190193   data required time
                                             -8.400718   data arrival time
---------------------------------------------------------------------------------------------
                                             11.789475   slack (MET)


Startpoint: _1452_ (rising edge-triggered flip-flop clocked by CLK)
Endpoint: _1430_ (rising edge-triggered flip-flop clocked by CLK)
Path Group: CLK
Path Type: max

Fanout         Cap        Slew       Delay        Time   Description
---------------------------------------------------------------------------------------------
                                  0.000000    0.000000   clock CLK (rise edge)
                                  0.000000    0.000000   clock source latency
     1    0.018921    0.142429    0.101889    0.101889 ^ CLK (in)
                                                         CLK (net)
                      0.142439    0.000000    0.101889 ^ clkbuf_0_CLK/A (sky130_fd_sc_hd__clkbuf_16)
    16    0.102249    0.179542    0.368269    0.470158 ^ clkbuf_0_CLK/X (sky130_fd_sc_hd__clkbuf_16)
                                                         clknet_0_CLK (net)
                      0.179566    0.002261    0.472420 ^ clkbuf_4_6_0_CLK/A (sky130_fd_sc_hd__clkbuf_8)
     6    0.015574    0.073401    0.289870    0.762289 ^ clkbuf_4_6_0_CLK/X (sky130_fd_sc_hd__clkbuf_8)
                                                         clknet_4_6_0_CLK (net)
                      0.073401    0.000136    0.762425 ^ _1452_/CLK (sky130_fd_sc_hd__dfrtp_2)
     6    0.025035    0.217943    0.866664    1.629089 ^ _1452_/Q (sky130_fd_sc_hd__dfrtp_2)
                                                         pwm.pwm_counter[0] (net)
                      0.217943    0.000229    1.629318 ^ hold174/A (sky130_fd_sc_hd__dlygate4sd3_1)
     1    0.005361    0.126416    1.192414    2.821733 ^ hold174/X (sky130_fd_sc_hd__dlygate4sd3_1)
                                                         net173 (net)
                      0.126416    0.000058    2.821791 ^ _0707_/A (sky130_fd_sc_hd__inv_2)
     2    0.003987    0.036074    0.080735    2.902525 v _0707_/Y (sky130_fd_sc_hd__inv_2)
                                                         _0011_ (net)
                      0.036074    0.000016    2.902541 v _0731_/C (sky130_fd_sc_hd__or3_2)
     1    0.003920    0.168821    1.017754    3.920295 v _0731_/X (sky130_fd_sc_hd__or3_2)
                                                         _0088_ (net)
                      0.168821    0.000073    3.920368 v _0734_/B (sky130_fd_sc_hd__or4b_2)
     1    0.003014    0.217531    1.591971    5.512339 v _0734_/X (sky130_fd_sc_hd__or4b_2)
                                                         _0091_ (net)
                      0.217531    0.000020    5.512360 v fanout32/A (sky130_fd_sc_hd__clkdlybuf4s25_1)
     5    0.033056    0.448357    0.864762    6.377122 v fanout32/X (sky130_fd_sc_hd__clkdlybuf4s25_1)
                                                         net32 (net)
                      0.448357    0.000277    6.377399 v fanout30/A (sky130_fd_sc_hd__clkdlybuf4s25_1)
    10    0.043980    0.589253    1.057728    7.435127 v fanout30/X (sky130_fd_sc_hd__clkdlybuf4s25_1)
                                                         net30 (net)
                      0.589253    0.001136    7.436263 v _1387_/S (sky130_fd_sc_hd__mux2_1)
     1    0.003727    0.119876    0.961998    8.398261 v _1387_/X (sky130_fd_sc_hd__mux2_1)
                                                         _0056_ (net)
                      0.119876    0.000056    8.398317 v _1430_/D (sky130_fd_sc_hd__dfrtp_2)
                                              8.398317   data arrival time

                                 20.000000   20.000000   clock CLK (rise edge)
                                  0.000000   20.000000   clock source latency
     1    0.018921    0.142429    0.092186   20.092186 ^ CLK (in)
                                                         CLK (net)
                      0.142439    0.000000   20.092186 ^ clkbuf_0_CLK/A (sky130_fd_sc_hd__clkbuf_16)
    16    0.102249    0.179542    0.333195   20.425381 ^ clkbuf_0_CLK/X (sky130_fd_sc_hd__clkbuf_16)
                                                         clknet_0_CLK (net)
                      0.179571    0.002210   20.427591 ^ clkbuf_4_5_0_CLK/A (sky130_fd_sc_hd__clkbuf_8)
     6    0.016758    0.076022    0.264858   20.692450 ^ clkbuf_4_5_0_CLK/X (sky130_fd_sc_hd__clkbuf_8)
                                                         clknet_4_5_0_CLK (net)
                      0.076022    0.000083   20.692533 ^ _1430_/CLK (sky130_fd_sc_hd__dfrtp_2)
                                 -0.250000   20.442533   clock uncertainty
                                  0.044777   20.487310   clock reconvergence pessimism
                                 -0.295839   20.191471   library setup time
                                             20.191471   data required time
---------------------------------------------------------------------------------------------
                                             20.191471   data required time
                                             -8.398317   data arrival time
---------------------------------------------------------------------------------------------
                                             11.793154   slack (MET)


Startpoint: _1452_ (rising edge-triggered flip-flop clocked by CLK)
Endpoint: _1428_ (rising edge-triggered flip-flop clocked by CLK)
Path Group: CLK
Path Type: max

Fanout         Cap        Slew       Delay        Time   Description
---------------------------------------------------------------------------------------------
                                  0.000000    0.000000   clock CLK (rise edge)
                                  0.000000    0.000000   clock source latency
     1    0.018921    0.142429    0.101889    0.101889 ^ CLK (in)
                                                         CLK (net)
                      0.142439    0.000000    0.101889 ^ clkbuf_0_CLK/A (sky130_fd_sc_hd__clkbuf_16)
    16    0.102249    0.179542    0.368269    0.470158 ^ clkbuf_0_CLK/X (sky130_fd_sc_hd__clkbuf_16)
                                                         clknet_0_CLK (net)
                      0.179566    0.002261    0.472420 ^ clkbuf_4_6_0_CLK/A (sky130_fd_sc_hd__clkbuf_8)
     6    0.015574    0.073401    0.289870    0.762289 ^ clkbuf_4_6_0_CLK/X (sky130_fd_sc_hd__clkbuf_8)
                                                         clknet_4_6_0_CLK (net)
                      0.073401    0.000136    0.762425 ^ _1452_/CLK (sky130_fd_sc_hd__dfrtp_2)
     6    0.025035    0.217943    0.866664    1.629089 ^ _1452_/Q (sky130_fd_sc_hd__dfrtp_2)
                                                         pwm.pwm_counter[0] (net)
                      0.217943    0.000229    1.629318 ^ hold174/A (sky130_fd_sc_hd__dlygate4sd3_1)
     1    0.005361    0.126416    1.192414    2.821733 ^ hold174/X (sky130_fd_sc_hd__dlygate4sd3_1)
                                                         net173 (net)
                      0.126416    0.000058    2.821791 ^ _0707_/A (sky130_fd_sc_hd__inv_2)
     2    0.003987    0.036074    0.080735    2.902525 v _0707_/Y (sky130_fd_sc_hd__inv_2)
                                                         _0011_ (net)
                      0.036074    0.000016    2.902541 v _0731_/C (sky130_fd_sc_hd__or3_2)
     1    0.003920    0.168821    1.017754    3.920295 v _0731_/X (sky130_fd_sc_hd__or3_2)
                                                         _0088_ (net)
                      0.168821    0.000073    3.920368 v _0734_/B (sky130_fd_sc_hd__or4b_2)
     1    0.003014    0.217531    1.591971    5.512339 v _0734_/X (sky130_fd_sc_hd__or4b_2)
                                                         _0091_ (net)
                      0.217531    0.000020    5.512360 v fanout32/A (sky130_fd_sc_hd__clkdlybuf4s25_1)
     5    0.033056    0.448357    0.864762    6.377122 v fanout32/X (sky130_fd_sc_hd__clkdlybuf4s25_1)
                                                         net32 (net)
                      0.448357    0.000277    6.377399 v fanout30/A (sky130_fd_sc_hd__clkdlybuf4s25_1)
    10    0.043980    0.589253    1.057728    7.435127 v fanout30/X (sky130_fd_sc_hd__clkdlybuf4s25_1)
                                                         net30 (net)
                      0.589253    0.000618    7.435746 v _1385_/S (sky130_fd_sc_hd__mux2_1)
     1    0.003358    0.116112    0.955290    8.391036 v _1385_/X (sky130_fd_sc_hd__mux2_1)
                                                         _0054_ (net)
                      0.116112    0.000046    8.391082 v _1428_/D (sky130_fd_sc_hd__dfrtp_2)
                                              8.391082   data arrival time

                                 20.000000   20.000000   clock CLK (rise edge)
                                  0.000000   20.000000   clock source latency
     1    0.018921    0.142429    0.092186   20.092186 ^ CLK (in)
                                                         CLK (net)
                      0.142439    0.000000   20.092186 ^ clkbuf_0_CLK/A (sky130_fd_sc_hd__clkbuf_16)
    16    0.102249    0.179542    0.333195   20.425381 ^ clkbuf_0_CLK/X (sky130_fd_sc_hd__clkbuf_16)
                                                         clknet_0_CLK (net)
                      0.179569    0.002144   20.427525 ^ clkbuf_4_1_0_CLK/A (sky130_fd_sc_hd__clkbuf_8)
     6    0.016941    0.076434    0.265210   20.692736 ^ clkbuf_4_1_0_CLK/X (sky130_fd_sc_hd__clkbuf_8)
                                                         clknet_4_1_0_CLK (net)
                      0.076434    0.000162   20.692898 ^ _1428_/CLK (sky130_fd_sc_hd__dfrtp_2)
                                 -0.250000   20.442898   clock uncertainty
                                  0.044777   20.487675   clock reconvergence pessimism
                                 -0.294157   20.193518   library setup time
                                             20.193518   data required time
---------------------------------------------------------------------------------------------
                                             20.193518   data required time
                                             -8.391082   data arrival time
---------------------------------------------------------------------------------------------
                                             11.802435   slack (MET)


Startpoint: _1452_ (rising edge-triggered flip-flop clocked by CLK)
Endpoint: _1426_ (rising edge-triggered flip-flop clocked by CLK)
Path Group: CLK
Path Type: max

Fanout         Cap        Slew       Delay        Time   Description
---------------------------------------------------------------------------------------------
                                  0.000000    0.000000   clock CLK (rise edge)
                                  0.000000    0.000000   clock source latency
     1    0.018921    0.142429    0.101889    0.101889 ^ CLK (in)
                                                         CLK (net)
                      0.142439    0.000000    0.101889 ^ clkbuf_0_CLK/A (sky130_fd_sc_hd__clkbuf_16)
    16    0.102249    0.179542    0.368269    0.470158 ^ clkbuf_0_CLK/X (sky130_fd_sc_hd__clkbuf_16)
                                                         clknet_0_CLK (net)
                      0.179566    0.002261    0.472420 ^ clkbuf_4_6_0_CLK/A (sky130_fd_sc_hd__clkbuf_8)
     6    0.015574    0.073401    0.289870    0.762289 ^ clkbuf_4_6_0_CLK/X (sky130_fd_sc_hd__clkbuf_8)
                                                         clknet_4_6_0_CLK (net)
                      0.073401    0.000136    0.762425 ^ _1452_/CLK (sky130_fd_sc_hd__dfrtp_2)
     6    0.025035    0.217943    0.866664    1.629089 ^ _1452_/Q (sky130_fd_sc_hd__dfrtp_2)
                                                         pwm.pwm_counter[0] (net)
                      0.217943    0.000229    1.629318 ^ hold174/A (sky130_fd_sc_hd__dlygate4sd3_1)
     1    0.005361    0.126416    1.192414    2.821733 ^ hold174/X (sky130_fd_sc_hd__dlygate4sd3_1)
                                                         net173 (net)
                      0.126416    0.000058    2.821791 ^ _0707_/A (sky130_fd_sc_hd__inv_2)
     2    0.003987    0.036074    0.080735    2.902525 v _0707_/Y (sky130_fd_sc_hd__inv_2)
                                                         _0011_ (net)
                      0.036074    0.000016    2.902541 v _0731_/C (sky130_fd_sc_hd__or3_2)
     1    0.003920    0.168821    1.017754    3.920295 v _0731_/X (sky130_fd_sc_hd__or3_2)
                                                         _0088_ (net)
                      0.168821    0.000073    3.920368 v _0734_/B (sky130_fd_sc_hd__or4b_2)
     1    0.003014    0.217531    1.591971    5.512339 v _0734_/X (sky130_fd_sc_hd__or4b_2)
                                                         _0091_ (net)
                      0.217531    0.000020    5.512360 v fanout32/A (sky130_fd_sc_hd__clkdlybuf4s25_1)
     5    0.033056    0.448357    0.864762    6.377122 v fanout32/X (sky130_fd_sc_hd__clkdlybuf4s25_1)
                                                         net32 (net)
                      0.448357    0.000277    6.377399 v fanout30/A (sky130_fd_sc_hd__clkdlybuf4s25_1)
    10    0.043980    0.589253    1.057728    7.435127 v fanout30/X (sky130_fd_sc_hd__clkdlybuf4s25_1)
                                                         net30 (net)
                      0.589253    0.001207    7.436334 v _1383_/S (sky130_fd_sc_hd__mux2_1)
     1    0.002631    0.112511    0.942093    8.378428 v _1383_/X (sky130_fd_sc_hd__mux2_1)
                                                         _0052_ (net)
                      0.112511    0.000028    8.378455 v _1426_/D (sky130_fd_sc_hd__dfrtp_2)
                                              8.378455   data arrival time

                                 20.000000   20.000000   clock CLK (rise edge)
                                  0.000000   20.000000   clock source latency
     1    0.018921    0.142429    0.092186   20.092186 ^ CLK (in)
                                                         CLK (net)
                      0.142439    0.000000   20.092186 ^ clkbuf_0_CLK/A (sky130_fd_sc_hd__clkbuf_16)
    16    0.102249    0.179542    0.333195   20.425381 ^ clkbuf_0_CLK/X (sky130_fd_sc_hd__clkbuf_16)
                                                         clknet_0_CLK (net)
                      0.179569    0.002149   20.427530 ^ clkbuf_4_7_0_CLK/A (sky130_fd_sc_hd__clkbuf_8)
     6    0.014960    0.072059    0.260936   20.688467 ^ clkbuf_4_7_0_CLK/X (sky130_fd_sc_hd__clkbuf_8)
                                                         clknet_4_7_0_CLK (net)
                      0.072060    0.000149   20.688616 ^ _1426_/CLK (sky130_fd_sc_hd__dfrtp_2)
                                 -0.250000   20.438616   clock uncertainty
                                  0.044777   20.483393   clock reconvergence pessimism
                                 -0.293820   20.189573   library setup time
                                             20.189573   data required time
---------------------------------------------------------------------------------------------
                                             20.189573   data required time
                                             -8.378455   data arrival time
---------------------------------------------------------------------------------------------
                                             11.811118   slack (MET)


Startpoint: _1452_ (rising edge-triggered flip-flop clocked by CLK)
Endpoint: _1427_ (rising edge-triggered flip-flop clocked by CLK)
Path Group: CLK
Path Type: max

Fanout         Cap        Slew       Delay        Time   Description
---------------------------------------------------------------------------------------------
                                  0.000000    0.000000   clock CLK (rise edge)
                                  0.000000    0.000000   clock source latency
     1    0.018921    0.142429    0.101889    0.101889 ^ CLK (in)
                                                         CLK (net)
                      0.142439    0.000000    0.101889 ^ clkbuf_0_CLK/A (sky130_fd_sc_hd__clkbuf_16)
    16    0.102249    0.179542    0.368269    0.470158 ^ clkbuf_0_CLK/X (sky130_fd_sc_hd__clkbuf_16)
                                                         clknet_0_CLK (net)
                      0.179566    0.002261    0.472420 ^ clkbuf_4_6_0_CLK/A (sky130_fd_sc_hd__clkbuf_8)
     6    0.015574    0.073401    0.289870    0.762289 ^ clkbuf_4_6_0_CLK/X (sky130_fd_sc_hd__clkbuf_8)
                                                         clknet_4_6_0_CLK (net)
                      0.073401    0.000136    0.762425 ^ _1452_/CLK (sky130_fd_sc_hd__dfrtp_2)
     6    0.025035    0.217943    0.866664    1.629089 ^ _1452_/Q (sky130_fd_sc_hd__dfrtp_2)
                                                         pwm.pwm_counter[0] (net)
                      0.217943    0.000229    1.629318 ^ hold174/A (sky130_fd_sc_hd__dlygate4sd3_1)
     1    0.005361    0.126416    1.192414    2.821733 ^ hold174/X (sky130_fd_sc_hd__dlygate4sd3_1)
                                                         net173 (net)
                      0.126416    0.000058    2.821791 ^ _0707_/A (sky130_fd_sc_hd__inv_2)
     2    0.003987    0.036074    0.080735    2.902525 v _0707_/Y (sky130_fd_sc_hd__inv_2)
                                                         _0011_ (net)
                      0.036074    0.000016    2.902541 v _0731_/C (sky130_fd_sc_hd__or3_2)
     1    0.003920    0.168821    1.017754    3.920295 v _0731_/X (sky130_fd_sc_hd__or3_2)
                                                         _0088_ (net)
                      0.168821    0.000073    3.920368 v _0734_/B (sky130_fd_sc_hd__or4b_2)
     1    0.003014    0.217531    1.591971    5.512339 v _0734_/X (sky130_fd_sc_hd__or4b_2)
                                                         _0091_ (net)
                      0.217531    0.000020    5.512360 v fanout32/A (sky130_fd_sc_hd__clkdlybuf4s25_1)
     5    0.033056    0.448357    0.864762    6.377122 v fanout32/X (sky130_fd_sc_hd__clkdlybuf4s25_1)
                                                         net32 (net)
                      0.448357    0.000277    6.377399 v fanout30/A (sky130_fd_sc_hd__clkdlybuf4s25_1)
    10    0.043980    0.589253    1.057728    7.435127 v fanout30/X (sky130_fd_sc_hd__clkdlybuf4s25_1)
                                                         net30 (net)
                      0.589253    0.001215    7.436342 v _1384_/S (sky130_fd_sc_hd__mux2_1)
     1    0.002605    0.111956    0.941607    8.377950 v _1384_/X (sky130_fd_sc_hd__mux2_1)
                                                         _0053_ (net)
                      0.111956    0.000028    8.377977 v _1427_/D (sky130_fd_sc_hd__dfrtp_2)
                                              8.377977   data arrival time

                                 20.000000   20.000000   clock CLK (rise edge)
                                  0.000000   20.000000   clock source latency
     1    0.018921    0.142429    0.092186   20.092186 ^ CLK (in)
                                                         CLK (net)
                      0.142439    0.000000   20.092186 ^ clkbuf_0_CLK/A (sky130_fd_sc_hd__clkbuf_16)
    16    0.102249    0.179542    0.333195   20.425381 ^ clkbuf_0_CLK/X (sky130_fd_sc_hd__clkbuf_16)
                                                         clknet_0_CLK (net)
                      0.179571    0.002210   20.427591 ^ clkbuf_4_5_0_CLK/A (sky130_fd_sc_hd__clkbuf_8)
     6    0.016758    0.076022    0.264858   20.692450 ^ clkbuf_4_5_0_CLK/X (sky130_fd_sc_hd__clkbuf_8)
                                                         clknet_4_5_0_CLK (net)
                      0.076022    0.000108   20.692558 ^ _1427_/CLK (sky130_fd_sc_hd__dfrtp_2)
                                 -0.250000   20.442558   clock uncertainty
                                  0.044777   20.487335   clock reconvergence pessimism
                                 -0.292531   20.194805   library setup time
                                             20.194805   data required time
---------------------------------------------------------------------------------------------
                                             20.194805   data required time
                                             -8.377977   data arrival time
---------------------------------------------------------------------------------------------
                                             11.816827   slack (MET)


Startpoint: _1452_ (rising edge-triggered flip-flop clocked by CLK)
Endpoint: _1431_ (rising edge-triggered flip-flop clocked by CLK)
Path Group: CLK
Path Type: max

Fanout         Cap        Slew       Delay        Time   Description
---------------------------------------------------------------------------------------------
                                  0.000000    0.000000   clock CLK (rise edge)
                                  0.000000    0.000000   clock source latency
     1    0.018921    0.142429    0.101889    0.101889 ^ CLK (in)
                                                         CLK (net)
                      0.142439    0.000000    0.101889 ^ clkbuf_0_CLK/A (sky130_fd_sc_hd__clkbuf_16)
    16    0.102249    0.179542    0.368269    0.470158 ^ clkbuf_0_CLK/X (sky130_fd_sc_hd__clkbuf_16)
                                                         clknet_0_CLK (net)
                      0.179566    0.002261    0.472420 ^ clkbuf_4_6_0_CLK/A (sky130_fd_sc_hd__clkbuf_8)
     6    0.015574    0.073401    0.289870    0.762289 ^ clkbuf_4_6_0_CLK/X (sky130_fd_sc_hd__clkbuf_8)
                                                         clknet_4_6_0_CLK (net)
                      0.073401    0.000136    0.762425 ^ _1452_/CLK (sky130_fd_sc_hd__dfrtp_2)
     6    0.025035    0.217943    0.866664    1.629089 ^ _1452_/Q (sky130_fd_sc_hd__dfrtp_2)
                                                         pwm.pwm_counter[0] (net)
                      0.217943    0.000229    1.629318 ^ hold174/A (sky130_fd_sc_hd__dlygate4sd3_1)
     1    0.005361    0.126416    1.192414    2.821733 ^ hold174/X (sky130_fd_sc_hd__dlygate4sd3_1)
                                                         net173 (net)
                      0.126416    0.000058    2.821791 ^ _0707_/A (sky130_fd_sc_hd__inv_2)
     2    0.003987    0.036074    0.080735    2.902525 v _0707_/Y (sky130_fd_sc_hd__inv_2)
                                                         _0011_ (net)
                      0.036074    0.000016    2.902541 v _0731_/C (sky130_fd_sc_hd__or3_2)
     1    0.003920    0.168821    1.017754    3.920295 v _0731_/X (sky130_fd_sc_hd__or3_2)
                                                         _0088_ (net)
                      0.168821    0.000073    3.920368 v _0734_/B (sky130_fd_sc_hd__or4b_2)
     1    0.003014    0.217531    1.591971    5.512339 v _0734_/X (sky130_fd_sc_hd__or4b_2)
                                                         _0091_ (net)
                      0.217531    0.000020    5.512360 v fanout32/A (sky130_fd_sc_hd__clkdlybuf4s25_1)
     5    0.033056    0.448357    0.864762    6.377122 v fanout32/X (sky130_fd_sc_hd__clkdlybuf4s25_1)
                                                         net32 (net)
                      0.448357    0.000277    6.377399 v fanout30/A (sky130_fd_sc_hd__clkdlybuf4s25_1)
    10    0.043980    0.589253    1.057728    7.435127 v fanout30/X (sky130_fd_sc_hd__clkdlybuf4s25_1)
                                                         net30 (net)
                      0.589253    0.001104    7.436232 v _1388_/S (sky130_fd_sc_hd__mux2_1)
     1    0.002192    0.107011    0.934103    8.370335 v _1388_/X (sky130_fd_sc_hd__mux2_1)
                                                         _0057_ (net)
                      0.107011    0.000012    8.370346 v _1431_/D (sky130_fd_sc_hd__dfrtp_2)
                                              8.370346   data arrival time

                                 20.000000   20.000000   clock CLK (rise edge)
                                  0.000000   20.000000   clock source latency
     1    0.018921    0.142429    0.092186   20.092186 ^ CLK (in)
                                                         CLK (net)
                      0.142439    0.000000   20.092186 ^ clkbuf_0_CLK/A (sky130_fd_sc_hd__clkbuf_16)
    16    0.102249    0.179542    0.333195   20.425381 ^ clkbuf_0_CLK/X (sky130_fd_sc_hd__clkbuf_16)
                                                         clknet_0_CLK (net)
                      0.179569    0.002149   20.427530 ^ clkbuf_4_7_0_CLK/A (sky130_fd_sc_hd__clkbuf_8)
     6    0.014960    0.072059    0.260936   20.688467 ^ clkbuf_4_7_0_CLK/X (sky130_fd_sc_hd__clkbuf_8)
                                                         clknet_4_7_0_CLK (net)
                      0.072060    0.000160   20.688627 ^ _1431_/CLK (sky130_fd_sc_hd__dfrtp_2)
                                 -0.250000   20.438627   clock uncertainty
                                  0.044777   20.483404   clock reconvergence pessimism
                                 -0.291522   20.191883   library setup time
                                             20.191883   data required time
---------------------------------------------------------------------------------------------
                                             20.191883   data required time
                                             -8.370346   data arrival time
---------------------------------------------------------------------------------------------
                                             11.821536   slack (MET)


Startpoint: _1452_ (rising edge-triggered flip-flop clocked by CLK)
Endpoint: _1429_ (rising edge-triggered flip-flop clocked by CLK)
Path Group: CLK
Path Type: max

Fanout         Cap        Slew       Delay        Time   Description
---------------------------------------------------------------------------------------------
                                  0.000000    0.000000   clock CLK (rise edge)
                                  0.000000    0.000000   clock source latency
     1    0.018921    0.142429    0.101889    0.101889 ^ CLK (in)
                                                         CLK (net)
                      0.142439    0.000000    0.101889 ^ clkbuf_0_CLK/A (sky130_fd_sc_hd__clkbuf_16)
    16    0.102249    0.179542    0.368269    0.470158 ^ clkbuf_0_CLK/X (sky130_fd_sc_hd__clkbuf_16)
                                                         clknet_0_CLK (net)
                      0.179566    0.002261    0.472420 ^ clkbuf_4_6_0_CLK/A (sky130_fd_sc_hd__clkbuf_8)
     6    0.015574    0.073401    0.289870    0.762289 ^ clkbuf_4_6_0_CLK/X (sky130_fd_sc_hd__clkbuf_8)
                                                         clknet_4_6_0_CLK (net)
                      0.073401    0.000136    0.762425 ^ _1452_/CLK (sky130_fd_sc_hd__dfrtp_2)
     6    0.025035    0.217943    0.866664    1.629089 ^ _1452_/Q (sky130_fd_sc_hd__dfrtp_2)
                                                         pwm.pwm_counter[0] (net)
                      0.217943    0.000229    1.629318 ^ hold174/A (sky130_fd_sc_hd__dlygate4sd3_1)
     1    0.005361    0.126416    1.192414    2.821733 ^ hold174/X (sky130_fd_sc_hd__dlygate4sd3_1)
                                                         net173 (net)
                      0.126416    0.000058    2.821791 ^ _0707_/A (sky130_fd_sc_hd__inv_2)
     2    0.003987    0.036074    0.080735    2.902525 v _0707_/Y (sky130_fd_sc_hd__inv_2)
                                                         _0011_ (net)
                      0.036074    0.000016    2.902541 v _0731_/C (sky130_fd_sc_hd__or3_2)
     1    0.003920    0.168821    1.017754    3.920295 v _0731_/X (sky130_fd_sc_hd__or3_2)
                                                         _0088_ (net)
                      0.168821    0.000073    3.920368 v _0734_/B (sky130_fd_sc_hd__or4b_2)
     1    0.003014    0.217531    1.591971    5.512339 v _0734_/X (sky130_fd_sc_hd__or4b_2)
                                                         _0091_ (net)
                      0.217531    0.000020    5.512360 v fanout32/A (sky130_fd_sc_hd__clkdlybuf4s25_1)
     5    0.033056    0.448357    0.864762    6.377122 v fanout32/X (sky130_fd_sc_hd__clkdlybuf4s25_1)
                                                         net32 (net)
                      0.448357    0.000277    6.377399 v fanout30/A (sky130_fd_sc_hd__clkdlybuf4s25_1)
    10    0.043980    0.589253    1.057728    7.435127 v fanout30/X (sky130_fd_sc_hd__clkdlybuf4s25_1)
                                                         net30 (net)
                      0.589253    0.000763    7.435891 v _1386_/S (sky130_fd_sc_hd__mux2_1)
     1    0.002499    0.110766    0.939683    8.375573 v _1386_/X (sky130_fd_sc_hd__mux2_1)
                                                         _0055_ (net)
                      0.110766    0.000027    8.375600 v _1429_/D (sky130_fd_sc_hd__dfrtp_2)
                                              8.375600   data arrival time

                                 20.000000   20.000000   clock CLK (rise edge)
                                  0.000000   20.000000   clock source latency
     1    0.018921    0.142429    0.092186   20.092186 ^ CLK (in)
                                                         CLK (net)
                      0.142439    0.000000   20.092186 ^ clkbuf_0_CLK/A (sky130_fd_sc_hd__clkbuf_16)
    16    0.102249    0.179542    0.333195   20.425381 ^ clkbuf_0_CLK/X (sky130_fd_sc_hd__clkbuf_16)
                                                         clknet_0_CLK (net)
                      0.179570    0.002169   20.427549 ^ clkbuf_4_4_0_CLK/A (sky130_fd_sc_hd__clkbuf_8)
     6    0.017565    0.077862    0.266578   20.694128 ^ clkbuf_4_4_0_CLK/X (sky130_fd_sc_hd__clkbuf_8)
                                                         clknet_4_4_0_CLK (net)
                      0.077862    0.000142   20.694269 ^ _1429_/CLK (sky130_fd_sc_hd__dfrtp_2)
                                 -0.250000   20.444271   clock uncertainty
                                  0.044777   20.489048   clock reconvergence pessimism
                                 -0.291542   20.197504   library setup time
                                             20.197504   data required time
---------------------------------------------------------------------------------------------
                                             20.197504   data required time
                                             -8.375600   data arrival time
---------------------------------------------------------------------------------------------
                                             11.821905   slack (MET)


Startpoint: _1452_ (rising edge-triggered flip-flop clocked by CLK)
Endpoint: _1433_ (rising edge-triggered flip-flop clocked by CLK)
Path Group: CLK
Path Type: max

Fanout         Cap        Slew       Delay        Time   Description
---------------------------------------------------------------------------------------------
                                  0.000000    0.000000   clock CLK (rise edge)
                                  0.000000    0.000000   clock source latency
     1    0.018921    0.142429    0.101889    0.101889 ^ CLK (in)
                                                         CLK (net)
                      0.142439    0.000000    0.101889 ^ clkbuf_0_CLK/A (sky130_fd_sc_hd__clkbuf_16)
    16    0.102249    0.179542    0.368269    0.470158 ^ clkbuf_0_CLK/X (sky130_fd_sc_hd__clkbuf_16)
                                                         clknet_0_CLK (net)
                      0.179566    0.002261    0.472420 ^ clkbuf_4_6_0_CLK/A (sky130_fd_sc_hd__clkbuf_8)
     6    0.015574    0.073401    0.289870    0.762289 ^ clkbuf_4_6_0_CLK/X (sky130_fd_sc_hd__clkbuf_8)
                                                         clknet_4_6_0_CLK (net)
                      0.073401    0.000136    0.762425 ^ _1452_/CLK (sky130_fd_sc_hd__dfrtp_2)
     6    0.025035    0.217943    0.866664    1.629089 ^ _1452_/Q (sky130_fd_sc_hd__dfrtp_2)
                                                         pwm.pwm_counter[0] (net)
                      0.217943    0.000229    1.629318 ^ hold174/A (sky130_fd_sc_hd__dlygate4sd3_1)
     1    0.005361    0.126416    1.192414    2.821733 ^ hold174/X (sky130_fd_sc_hd__dlygate4sd3_1)
                                                         net173 (net)
                      0.126416    0.000058    2.821791 ^ _0707_/A (sky130_fd_sc_hd__inv_2)
     2    0.003987    0.036074    0.080735    2.902525 v _0707_/Y (sky130_fd_sc_hd__inv_2)
                                                         _0011_ (net)
                      0.036074    0.000016    2.902541 v _0731_/C (sky130_fd_sc_hd__or3_2)
     1    0.003920    0.168821    1.017754    3.920295 v _0731_/X (sky130_fd_sc_hd__or3_2)
                                                         _0088_ (net)
                      0.168821    0.000073    3.920368 v _0734_/B (sky130_fd_sc_hd__or4b_2)
     1    0.003014    0.217531    1.591971    5.512339 v _0734_/X (sky130_fd_sc_hd__or4b_2)
                                                         _0091_ (net)
                      0.217531    0.000020    5.512360 v fanout32/A (sky130_fd_sc_hd__clkdlybuf4s25_1)
     5    0.033056    0.448357    0.864762    6.377122 v fanout32/X (sky130_fd_sc_hd__clkdlybuf4s25_1)
                                                         net32 (net)
                      0.448357    0.000277    6.377399 v fanout30/A (sky130_fd_sc_hd__clkdlybuf4s25_1)
    10    0.043980    0.589253    1.057728    7.435127 v fanout30/X (sky130_fd_sc_hd__clkdlybuf4s25_1)
                                                         net30 (net)
                      0.589253    0.001208    7.436335 v _1390_/S (sky130_fd_sc_hd__mux2_1)
     1    0.002097    0.107338    0.932372    8.368708 v _1390_/X (sky130_fd_sc_hd__mux2_1)
                                                         _0059_ (net)
                      0.107338    0.000019    8.368727 v _1433_/D (sky130_fd_sc_hd__dfrtp_2)
                                              8.368727   data arrival time

                                 20.000000   20.000000   clock CLK (rise edge)
                                  0.000000   20.000000   clock source latency
     1    0.018921    0.142429    0.092186   20.092186 ^ CLK (in)
                                                         CLK (net)
                      0.142439    0.000000   20.092186 ^ clkbuf_0_CLK/A (sky130_fd_sc_hd__clkbuf_16)
    16    0.102249    0.179542    0.333195   20.425381 ^ clkbuf_0_CLK/X (sky130_fd_sc_hd__clkbuf_16)
                                                         clknet_0_CLK (net)
                      0.179569    0.002149   20.427530 ^ clkbuf_4_7_0_CLK/A (sky130_fd_sc_hd__clkbuf_8)
     6    0.014960    0.072059    0.260936   20.688467 ^ clkbuf_4_7_0_CLK/X (sky130_fd_sc_hd__clkbuf_8)
                                                         clknet_4_7_0_CLK (net)
                      0.072059    0.000087   20.688553 ^ _1433_/CLK (sky130_fd_sc_hd__dfrtp_2)
                                 -0.250000   20.438555   clock uncertainty
                                  0.044777   20.483332   clock reconvergence pessimism
                                 -0.291659   20.191673   library setup time
                                             20.191673   data required time
---------------------------------------------------------------------------------------------
                                             20.191673   data required time
                                             -8.368727   data arrival time
---------------------------------------------------------------------------------------------
                                             11.822947   slack (MET)


Startpoint: _1452_ (rising edge-triggered flip-flop clocked by CLK)
Endpoint: _1465_ (rising edge-triggered flip-flop clocked by CLK)
Path Group: CLK
Path Type: max

Fanout         Cap        Slew       Delay        Time   Description
---------------------------------------------------------------------------------------------
                                  0.000000    0.000000   clock CLK (rise edge)
                                  0.000000    0.000000   clock source latency
     1    0.018921    0.142429    0.101889    0.101889 ^ CLK (in)
                                                         CLK (net)
                      0.142439    0.000000    0.101889 ^ clkbuf_0_CLK/A (sky130_fd_sc_hd__clkbuf_16)
    16    0.102249    0.179542    0.368269    0.470158 ^ clkbuf_0_CLK/X (sky130_fd_sc_hd__clkbuf_16)
                                                         clknet_0_CLK (net)
                      0.179566    0.002261    0.472420 ^ clkbuf_4_6_0_CLK/A (sky130_fd_sc_hd__clkbuf_8)
     6    0.015574    0.073401    0.289870    0.762289 ^ clkbuf_4_6_0_CLK/X (sky130_fd_sc_hd__clkbuf_8)
                                                         clknet_4_6_0_CLK (net)
                      0.073401    0.000136    0.762425 ^ _1452_/CLK (sky130_fd_sc_hd__dfrtp_2)
     6    0.025035    0.217943    0.866664    1.629089 ^ _1452_/Q (sky130_fd_sc_hd__dfrtp_2)
                                                         pwm.pwm_counter[0] (net)
                      0.217943    0.000229    1.629318 ^ hold174/A (sky130_fd_sc_hd__dlygate4sd3_1)
     1    0.005361    0.126416    1.192414    2.821733 ^ hold174/X (sky130_fd_sc_hd__dlygate4sd3_1)
                                                         net173 (net)
                      0.126416    0.000058    2.821791 ^ _0707_/A (sky130_fd_sc_hd__inv_2)
     2    0.003987    0.036074    0.080735    2.902525 v _0707_/Y (sky130_fd_sc_hd__inv_2)
                                                         _0011_ (net)
                      0.036074    0.000016    2.902541 v _0731_/C (sky130_fd_sc_hd__or3_2)
     1    0.003920    0.168821    1.017754    3.920295 v _0731_/X (sky130_fd_sc_hd__or3_2)
                                                         _0088_ (net)
                      0.168821    0.000073    3.920368 v _0734_/B (sky130_fd_sc_hd__or4b_2)
     1    0.003014    0.217531    1.591971    5.512339 v _0734_/X (sky130_fd_sc_hd__or4b_2)
                                                         _0091_ (net)
                      0.217531    0.000020    5.512360 v fanout32/A (sky130_fd_sc_hd__clkdlybuf4s25_1)
     5    0.033056    0.448357    0.864762    6.377122 v fanout32/X (sky130_fd_sc_hd__clkdlybuf4s25_1)
                                                         net32 (net)
                      0.448357    0.000277    6.377399 v fanout30/A (sky130_fd_sc_hd__clkdlybuf4s25_1)
    10    0.043980    0.589253    1.057728    7.435127 v fanout30/X (sky130_fd_sc_hd__clkdlybuf4s25_1)
                                                         net30 (net)
                      0.589253    0.000436    7.435563 v _0796_/A1 (sky130_fd_sc_hd__mux2_1)
     1    0.002391    0.109733    0.907646    8.343209 v _0796_/X (sky130_fd_sc_hd__mux2_1)
                                                         _0010_ (net)
                      0.109733    0.000023    8.343232 v _1465_/D (sky130_fd_sc_hd__dfrtp_2)
                                              8.343232   data arrival time

                                 20.000000   20.000000   clock CLK (rise edge)
                                  0.000000   20.000000   clock source latency
     1    0.018921    0.142429    0.092186   20.092186 ^ CLK (in)
                                                         CLK (net)
                      0.142439    0.000000   20.092186 ^ clkbuf_0_CLK/A (sky130_fd_sc_hd__clkbuf_16)
    16    0.102249    0.179542    0.333195   20.425381 ^ clkbuf_0_CLK/X (sky130_fd_sc_hd__clkbuf_16)
                                                         clknet_0_CLK (net)
                      0.179567    0.002078   20.427460 ^ clkbuf_4_3_0_CLK/A (sky130_fd_sc_hd__clkbuf_8)
     6    0.017765    0.078316    0.267008   20.694468 ^ clkbuf_4_3_0_CLK/X (sky130_fd_sc_hd__clkbuf_8)
                                                         clknet_4_3_0_CLK (net)
                      0.078316    0.000144   20.694611 ^ _1465_/CLK (sky130_fd_sc_hd__dfrtp_2)
                                 -0.250000   20.444613   clock uncertainty
                                  0.044777   20.489389   clock reconvergence pessimism
                                 -0.290990   20.198399   library setup time
                                             20.198399   data required time
---------------------------------------------------------------------------------------------
                                             20.198399   data required time
                                             -8.343232   data arrival time
---------------------------------------------------------------------------------------------
                                             11.855166   slack (MET)


Startpoint: _1452_ (rising edge-triggered flip-flop clocked by CLK)
Endpoint: _1417_ (rising edge-triggered flip-flop clocked by CLK)
Path Group: CLK
Path Type: max

Fanout         Cap        Slew       Delay        Time   Description
---------------------------------------------------------------------------------------------
                                  0.000000    0.000000   clock CLK (rise edge)
                                  0.000000    0.000000   clock source latency
     1    0.018921    0.142429    0.101889    0.101889 ^ CLK (in)
                                                         CLK (net)
                      0.142439    0.000000    0.101889 ^ clkbuf_0_CLK/A (sky130_fd_sc_hd__clkbuf_16)
    16    0.102249    0.179542    0.368269    0.470158 ^ clkbuf_0_CLK/X (sky130_fd_sc_hd__clkbuf_16)
                                                         clknet_0_CLK (net)
                      0.179566    0.002261    0.472420 ^ clkbuf_4_6_0_CLK/A (sky130_fd_sc_hd__clkbuf_8)
     6    0.015574    0.073401    0.289870    0.762289 ^ clkbuf_4_6_0_CLK/X (sky130_fd_sc_hd__clkbuf_8)
                                                         clknet_4_6_0_CLK (net)
                      0.073401    0.000136    0.762425 ^ _1452_/CLK (sky130_fd_sc_hd__dfrtp_2)
     6    0.025035    0.217943    0.866664    1.629089 ^ _1452_/Q (sky130_fd_sc_hd__dfrtp_2)
                                                         pwm.pwm_counter[0] (net)
                      0.217943    0.000229    1.629318 ^ hold174/A (sky130_fd_sc_hd__dlygate4sd3_1)
     1    0.005361    0.126416    1.192414    2.821733 ^ hold174/X (sky130_fd_sc_hd__dlygate4sd3_1)
                                                         net173 (net)
                      0.126416    0.000058    2.821791 ^ _0707_/A (sky130_fd_sc_hd__inv_2)
     2    0.003987    0.036074    0.080735    2.902525 v _0707_/Y (sky130_fd_sc_hd__inv_2)
                                                         _0011_ (net)
                      0.036074    0.000016    2.902541 v _0731_/C (sky130_fd_sc_hd__or3_2)
     1    0.003920    0.168821    1.017754    3.920295 v _0731_/X (sky130_fd_sc_hd__or3_2)
                                                         _0088_ (net)
                      0.168821    0.000073    3.920368 v _0734_/B (sky130_fd_sc_hd__or4b_2)
     1    0.003014    0.217531    1.591971    5.512339 v _0734_/X (sky130_fd_sc_hd__or4b_2)
                                                         _0091_ (net)
                      0.217531    0.000020    5.512360 v fanout32/A (sky130_fd_sc_hd__clkdlybuf4s25_1)
     5    0.033056    0.448357    0.864762    6.377122 v fanout32/X (sky130_fd_sc_hd__clkdlybuf4s25_1)
                                                         net32 (net)
                      0.448357    0.000099    6.377221 v fanout31/A (sky130_fd_sc_hd__clkdlybuf4s25_1)
     7    0.027562    0.379318    0.893922    7.271143 v fanout31/X (sky130_fd_sc_hd__clkdlybuf4s25_1)
                                                         net31 (net)
                      0.379318    0.000336    7.271479 v _1377_/S (sky130_fd_sc_hd__mux2_1)
     1    0.002801    0.113823    0.854238    8.125717 v _1377_/X (sky130_fd_sc_hd__mux2_1)
                                                         _0043_ (net)
                      0.113823    0.000033    8.125751 v _1417_/D (sky130_fd_sc_hd__dfrtp_2)
                                              8.125751   data arrival time

                                 20.000000   20.000000   clock CLK (rise edge)
                                  0.000000   20.000000   clock source latency
     1    0.018921    0.142429    0.092186   20.092186 ^ CLK (in)
                                                         CLK (net)
                      0.142439    0.000000   20.092186 ^ clkbuf_0_CLK/A (sky130_fd_sc_hd__clkbuf_16)
    16    0.102249    0.179542    0.333195   20.425381 ^ clkbuf_0_CLK/X (sky130_fd_sc_hd__clkbuf_16)
                                                         clknet_0_CLK (net)
                      0.179570    0.002169   20.427549 ^ clkbuf_4_4_0_CLK/A (sky130_fd_sc_hd__clkbuf_8)
     6    0.017565    0.077862    0.266578   20.694128 ^ clkbuf_4_4_0_CLK/X (sky130_fd_sc_hd__clkbuf_8)
                                                         clknet_4_4_0_CLK (net)
                      0.077862    0.000199   20.694326 ^ _1417_/CLK (sky130_fd_sc_hd__dfrtp_2)
                                 -0.250000   20.444328   clock uncertainty
                                  0.044777   20.489105   clock reconvergence pessimism
                                 -0.292820   20.196285   library setup time
                                             20.196285   data required time
---------------------------------------------------------------------------------------------
                                             20.196285   data required time
                                             -8.125751   data arrival time
---------------------------------------------------------------------------------------------
                                             12.070535   slack (MET)


Startpoint: _1452_ (rising edge-triggered flip-flop clocked by CLK)
Endpoint: _1418_ (rising edge-triggered flip-flop clocked by CLK)
Path Group: CLK
Path Type: max

Fanout         Cap        Slew       Delay        Time   Description
---------------------------------------------------------------------------------------------
                                  0.000000    0.000000   clock CLK (rise edge)
                                  0.000000    0.000000   clock source latency
     1    0.018921    0.142429    0.101889    0.101889 ^ CLK (in)
                                                         CLK (net)
                      0.142439    0.000000    0.101889 ^ clkbuf_0_CLK/A (sky130_fd_sc_hd__clkbuf_16)
    16    0.102249    0.179542    0.368269    0.470158 ^ clkbuf_0_CLK/X (sky130_fd_sc_hd__clkbuf_16)
                                                         clknet_0_CLK (net)
                      0.179566    0.002261    0.472420 ^ clkbuf_4_6_0_CLK/A (sky130_fd_sc_hd__clkbuf_8)
     6    0.015574    0.073401    0.289870    0.762289 ^ clkbuf_4_6_0_CLK/X (sky130_fd_sc_hd__clkbuf_8)
                                                         clknet_4_6_0_CLK (net)
                      0.073401    0.000136    0.762425 ^ _1452_/CLK (sky130_fd_sc_hd__dfrtp_2)
     6    0.025035    0.217943    0.866664    1.629089 ^ _1452_/Q (sky130_fd_sc_hd__dfrtp_2)
                                                         pwm.pwm_counter[0] (net)
                      0.217943    0.000229    1.629318 ^ hold174/A (sky130_fd_sc_hd__dlygate4sd3_1)
     1    0.005361    0.126416    1.192414    2.821733 ^ hold174/X (sky130_fd_sc_hd__dlygate4sd3_1)
                                                         net173 (net)
                      0.126416    0.000058    2.821791 ^ _0707_/A (sky130_fd_sc_hd__inv_2)
     2    0.003987    0.036074    0.080735    2.902525 v _0707_/Y (sky130_fd_sc_hd__inv_2)
                                                         _0011_ (net)
                      0.036074    0.000016    2.902541 v _0731_/C (sky130_fd_sc_hd__or3_2)
     1    0.003920    0.168821    1.017754    3.920295 v _0731_/X (sky130_fd_sc_hd__or3_2)
                                                         _0088_ (net)
                      0.168821    0.000073    3.920368 v _0734_/B (sky130_fd_sc_hd__or4b_2)
     1    0.003014    0.217531    1.591971    5.512339 v _0734_/X (sky130_fd_sc_hd__or4b_2)
                                                         _0091_ (net)
                      0.217531    0.000020    5.512360 v fanout32/A (sky130_fd_sc_hd__clkdlybuf4s25_1)
     5    0.033056    0.448357    0.864762    6.377122 v fanout32/X (sky130_fd_sc_hd__clkdlybuf4s25_1)
                                                         net32 (net)
                      0.448357    0.000099    6.377221 v fanout31/A (sky130_fd_sc_hd__clkdlybuf4s25_1)
     7    0.027562    0.379318    0.893922    7.271143 v fanout31/X (sky130_fd_sc_hd__clkdlybuf4s25_1)
                                                         net31 (net)
                      0.379318    0.000433    7.271576 v _1378_/S (sky130_fd_sc_hd__mux2_1)
     1    0.002269    0.107712    0.844568    8.116144 v _1378_/X (sky130_fd_sc_hd__mux2_1)
                                                         _0044_ (net)
                      0.107712    0.000021    8.116166 v _1418_/D (sky130_fd_sc_hd__dfrtp_2)
                                              8.116166   data arrival time

                                 20.000000   20.000000   clock CLK (rise edge)
                                  0.000000   20.000000   clock source latency
     1    0.018921    0.142429    0.092186   20.092186 ^ CLK (in)
                                                         CLK (net)
                      0.142439    0.000000   20.092186 ^ clkbuf_0_CLK/A (sky130_fd_sc_hd__clkbuf_16)
    16    0.102249    0.179542    0.333195   20.425381 ^ clkbuf_0_CLK/X (sky130_fd_sc_hd__clkbuf_16)
                                                         clknet_0_CLK (net)
                      0.179567    0.002078   20.427460 ^ clkbuf_4_3_0_CLK/A (sky130_fd_sc_hd__clkbuf_8)
     6    0.017765    0.078316    0.267008   20.694468 ^ clkbuf_4_3_0_CLK/X (sky130_fd_sc_hd__clkbuf_8)
                                                         clknet_4_3_0_CLK (net)
                      0.078316    0.000076   20.694544 ^ _1418_/CLK (sky130_fd_sc_hd__dfrtp_2)
                                 -0.250000   20.444544   clock uncertainty
                                  0.044777   20.489321   clock reconvergence pessimism
                                 -0.290146   20.199177   library setup time
                                             20.199177   data required time
---------------------------------------------------------------------------------------------
                                             20.199177   data required time
                                             -8.116166   data arrival time
---------------------------------------------------------------------------------------------
                                             12.083011   slack (MET)


Startpoint: _1452_ (rising edge-triggered flip-flop clocked by CLK)
Endpoint: _1416_ (rising edge-triggered flip-flop clocked by CLK)
Path Group: CLK
Path Type: max

Fanout         Cap        Slew       Delay        Time   Description
---------------------------------------------------------------------------------------------
                                  0.000000    0.000000   clock CLK (rise edge)
                                  0.000000    0.000000   clock source latency
     1    0.018921    0.142429    0.101889    0.101889 ^ CLK (in)
                                                         CLK (net)
                      0.142439    0.000000    0.101889 ^ clkbuf_0_CLK/A (sky130_fd_sc_hd__clkbuf_16)
    16    0.102249    0.179542    0.368269    0.470158 ^ clkbuf_0_CLK/X (sky130_fd_sc_hd__clkbuf_16)
                                                         clknet_0_CLK (net)
                      0.179566    0.002261    0.472420 ^ clkbuf_4_6_0_CLK/A (sky130_fd_sc_hd__clkbuf_8)
     6    0.015574    0.073401    0.289870    0.762289 ^ clkbuf_4_6_0_CLK/X (sky130_fd_sc_hd__clkbuf_8)
                                                         clknet_4_6_0_CLK (net)
                      0.073401    0.000136    0.762425 ^ _1452_/CLK (sky130_fd_sc_hd__dfrtp_2)
     6    0.025035    0.217943    0.866664    1.629089 ^ _1452_/Q (sky130_fd_sc_hd__dfrtp_2)
                                                         pwm.pwm_counter[0] (net)
                      0.217943    0.000229    1.629318 ^ hold174/A (sky130_fd_sc_hd__dlygate4sd3_1)
     1    0.005361    0.126416    1.192414    2.821733 ^ hold174/X (sky130_fd_sc_hd__dlygate4sd3_1)
                                                         net173 (net)
                      0.126416    0.000058    2.821791 ^ _0707_/A (sky130_fd_sc_hd__inv_2)
     2    0.003987    0.036074    0.080735    2.902525 v _0707_/Y (sky130_fd_sc_hd__inv_2)
                                                         _0011_ (net)
                      0.036074    0.000016    2.902541 v _0731_/C (sky130_fd_sc_hd__or3_2)
     1    0.003920    0.168821    1.017754    3.920295 v _0731_/X (sky130_fd_sc_hd__or3_2)
                                                         _0088_ (net)
                      0.168821    0.000073    3.920368 v _0734_/B (sky130_fd_sc_hd__or4b_2)
     1    0.003014    0.217531    1.591971    5.512339 v _0734_/X (sky130_fd_sc_hd__or4b_2)
                                                         _0091_ (net)
                      0.217531    0.000020    5.512360 v fanout32/A (sky130_fd_sc_hd__clkdlybuf4s25_1)
     5    0.033056    0.448357    0.864762    6.377122 v fanout32/X (sky130_fd_sc_hd__clkdlybuf4s25_1)
                                                         net32 (net)
                      0.448357    0.000099    6.377221 v fanout31/A (sky130_fd_sc_hd__clkdlybuf4s25_1)
     7    0.027562    0.379318    0.893922    7.271143 v fanout31/X (sky130_fd_sc_hd__clkdlybuf4s25_1)
                                                         net31 (net)
                      0.379318    0.000621    7.271765 v _1376_/S (sky130_fd_sc_hd__mux2_1)
     1    0.002248    0.107404    0.844201    8.115966 v _1376_/X (sky130_fd_sc_hd__mux2_1)
                                                         _0042_ (net)
                      0.107404    0.000020    8.115986 v _1416_/D (sky130_fd_sc_hd__dfrtp_2)
                                              8.115986   data arrival time

                                 20.000000   20.000000   clock CLK (rise edge)
                                  0.000000   20.000000   clock source latency
     1    0.018921    0.142429    0.092186   20.092186 ^ CLK (in)
                                                         CLK (net)
                      0.142439    0.000000   20.092186 ^ clkbuf_0_CLK/A (sky130_fd_sc_hd__clkbuf_16)
    16    0.102249    0.179542    0.333195   20.425381 ^ clkbuf_0_CLK/X (sky130_fd_sc_hd__clkbuf_16)
                                                         clknet_0_CLK (net)
                      0.179569    0.002139   20.427521 ^ clkbuf_4_2_0_CLK/A (sky130_fd_sc_hd__clkbuf_8)
     6    0.018780    0.080637    0.269202   20.696722 ^ clkbuf_4_2_0_CLK/X (sky130_fd_sc_hd__clkbuf_8)
                                                         clknet_4_2_0_CLK (net)
                      0.080637    0.000165   20.696886 ^ _1416_/CLK (sky130_fd_sc_hd__dfrtp_2)
                                 -0.250000   20.446888   clock uncertainty
                                  0.044777   20.491665   clock reconvergence pessimism
                                 -0.289398   20.202265   library setup time
                                             20.202265   data required time
---------------------------------------------------------------------------------------------
                                             20.202265   data required time
                                             -8.115986   data arrival time
---------------------------------------------------------------------------------------------
                                             12.086279   slack (MET)


Startpoint: _1452_ (rising edge-triggered flip-flop clocked by CLK)
Endpoint: _1453_ (rising edge-triggered flip-flop clocked by CLK)
Path Group: CLK
Path Type: max

Fanout         Cap        Slew       Delay        Time   Description
---------------------------------------------------------------------------------------------
                                  0.000000    0.000000   clock CLK (rise edge)
                                  0.000000    0.000000   clock source latency
     1    0.018921    0.142429    0.101889    0.101889 ^ CLK (in)
                                                         CLK (net)
                      0.142439    0.000000    0.101889 ^ clkbuf_0_CLK/A (sky130_fd_sc_hd__clkbuf_16)
    16    0.102249    0.179542    0.368269    0.470158 ^ clkbuf_0_CLK/X (sky130_fd_sc_hd__clkbuf_16)
                                                         clknet_0_CLK (net)
                      0.179566    0.002261    0.472420 ^ clkbuf_4_6_0_CLK/A (sky130_fd_sc_hd__clkbuf_8)
     6    0.015574    0.073401    0.289870    0.762289 ^ clkbuf_4_6_0_CLK/X (sky130_fd_sc_hd__clkbuf_8)
                                                         clknet_4_6_0_CLK (net)
                      0.073401    0.000136    0.762425 ^ _1452_/CLK (sky130_fd_sc_hd__dfrtp_2)
     6    0.025035    0.217943    0.866664    1.629089 ^ _1452_/Q (sky130_fd_sc_hd__dfrtp_2)
                                                         pwm.pwm_counter[0] (net)
                      0.217943    0.000229    1.629318 ^ hold174/A (sky130_fd_sc_hd__dlygate4sd3_1)
     1    0.005361    0.126416    1.192414    2.821733 ^ hold174/X (sky130_fd_sc_hd__dlygate4sd3_1)
                                                         net173 (net)
                      0.126416    0.000058    2.821791 ^ _0707_/A (sky130_fd_sc_hd__inv_2)
     2    0.003987    0.036074    0.080735    2.902525 v _0707_/Y (sky130_fd_sc_hd__inv_2)
                                                         _0011_ (net)
                      0.036074    0.000016    2.902541 v _0731_/C (sky130_fd_sc_hd__or3_2)
     1    0.003920    0.168821    1.017754    3.920295 v _0731_/X (sky130_fd_sc_hd__or3_2)
                                                         _0088_ (net)
                      0.168821    0.000073    3.920368 v _0734_/B (sky130_fd_sc_hd__or4b_2)
     1    0.003014    0.217531    1.591971    5.512339 v _0734_/X (sky130_fd_sc_hd__or4b_2)
                                                         _0091_ (net)
                      0.217531    0.000020    5.512360 v fanout32/A (sky130_fd_sc_hd__clkdlybuf4s25_1)
     5    0.033056    0.448357    0.864762    6.377122 v fanout32/X (sky130_fd_sc_hd__clkdlybuf4s25_1)
                                                         net32 (net)
                      0.448357    0.000277    6.377399 v fanout30/A (sky130_fd_sc_hd__clkdlybuf4s25_1)
    10    0.043980    0.589253    1.057728    7.435127 v fanout30/X (sky130_fd_sc_hd__clkdlybuf4s25_1)
                                                         net30 (net)
                      0.589253    0.000405    7.435533 v _0745_/A (sky130_fd_sc_hd__and3_2)
     1    0.002610    0.070243    0.642428    8.077961 v _0745_/X (sky130_fd_sc_hd__and3_2)
                                                         _0013_ (net)
                      0.070243    0.000028    8.077989 v _1453_/D (sky130_fd_sc_hd__dfrtp_2)
                                              8.077989   data arrival time

                                 20.000000   20.000000   clock CLK (rise edge)
                                  0.000000   20.000000   clock source latency
     1    0.018921    0.142429    0.092186   20.092186 ^ CLK (in)
                                                         CLK (net)
                      0.142439    0.000000   20.092186 ^ clkbuf_0_CLK/A (sky130_fd_sc_hd__clkbuf_16)
    16    0.102249    0.179542    0.333195   20.425381 ^ clkbuf_0_CLK/X (sky130_fd_sc_hd__clkbuf_16)
                                                         clknet_0_CLK (net)
                      0.179566    0.002046   20.427427 ^ clkbuf_4_6_0_CLK/A (sky130_fd_sc_hd__clkbuf_8)
     6    0.015574    0.073401    0.262263   20.689690 ^ clkbuf_4_6_0_CLK/X (sky130_fd_sc_hd__clkbuf_8)
                                                         clknet_4_6_0_CLK (net)
                      0.073401    0.000099   20.689791 ^ _1453_/CLK (sky130_fd_sc_hd__dfrtp_2)
                                 -0.250000   20.439791   clock uncertainty
                                  0.072599   20.512390   clock reconvergence pessimism
                                 -0.275804   20.236586   library setup time
                                             20.236586   data required time
---------------------------------------------------------------------------------------------
                                             20.236586   data required time
                                             -8.077989   data arrival time
---------------------------------------------------------------------------------------------
                                             12.158598   slack (MET)


Startpoint: _1452_ (rising edge-triggered flip-flop clocked by CLK)
Endpoint: _1425_ (rising edge-triggered flip-flop clocked by CLK)
Path Group: CLK
Path Type: max

Fanout         Cap        Slew       Delay        Time   Description
---------------------------------------------------------------------------------------------
                                  0.000000    0.000000   clock CLK (rise edge)
                                  0.000000    0.000000   clock source latency
     1    0.018921    0.142429    0.101889    0.101889 ^ CLK (in)
                                                         CLK (net)
                      0.142439    0.000000    0.101889 ^ clkbuf_0_CLK/A (sky130_fd_sc_hd__clkbuf_16)
    16    0.102249    0.179542    0.368269    0.470158 ^ clkbuf_0_CLK/X (sky130_fd_sc_hd__clkbuf_16)
                                                         clknet_0_CLK (net)
                      0.179566    0.002261    0.472420 ^ clkbuf_4_6_0_CLK/A (sky130_fd_sc_hd__clkbuf_8)
     6    0.015574    0.073401    0.289870    0.762289 ^ clkbuf_4_6_0_CLK/X (sky130_fd_sc_hd__clkbuf_8)
                                                         clknet_4_6_0_CLK (net)
                      0.073401    0.000136    0.762425 ^ _1452_/CLK (sky130_fd_sc_hd__dfrtp_2)
     6    0.025035    0.217943    0.866664    1.629089 ^ _1452_/Q (sky130_fd_sc_hd__dfrtp_2)
                                                         pwm.pwm_counter[0] (net)
                      0.217943    0.000229    1.629318 ^ hold174/A (sky130_fd_sc_hd__dlygate4sd3_1)
     1    0.005361    0.126416    1.192414    2.821733 ^ hold174/X (sky130_fd_sc_hd__dlygate4sd3_1)
                                                         net173 (net)
                      0.126416    0.000058    2.821791 ^ _0707_/A (sky130_fd_sc_hd__inv_2)
     2    0.003987    0.036074    0.080735    2.902525 v _0707_/Y (sky130_fd_sc_hd__inv_2)
                                                         _0011_ (net)
                      0.036074    0.000016    2.902541 v _0731_/C (sky130_fd_sc_hd__or3_2)
     1    0.003920    0.168821    1.017754    3.920295 v _0731_/X (sky130_fd_sc_hd__or3_2)
                                                         _0088_ (net)
                      0.168821    0.000073    3.920368 v _0734_/B (sky130_fd_sc_hd__or4b_2)
     1    0.003014    0.217531    1.591971    5.512339 v _0734_/X (sky130_fd_sc_hd__or4b_2)
                                                         _0091_ (net)
                      0.217531    0.000020    5.512360 v fanout32/A (sky130_fd_sc_hd__clkdlybuf4s25_1)
     5    0.033056    0.448357    0.864762    6.377122 v fanout32/X (sky130_fd_sc_hd__clkdlybuf4s25_1)
                                                         net32 (net)
                      0.448357    0.000099    6.377221 v fanout31/A (sky130_fd_sc_hd__clkdlybuf4s25_1)
     7    0.027562    0.379318    0.893922    7.271143 v fanout31/X (sky130_fd_sc_hd__clkdlybuf4s25_1)
                                                         net31 (net)
                      0.379318    0.000714    7.271857 v _0736_/B (sky130_fd_sc_hd__nor2_2)
     3    0.009925    0.238546    0.349281    7.621138 ^ _0736_/Y (sky130_fd_sc_hd__nor2_2)
                                                         _0093_ (net)
                      0.238546    0.000115    7.621252 ^ _1382_/B1_N (sky130_fd_sc_hd__o21ba_2)
     1    0.003032    0.059914    0.374757    7.996009 v _1382_/X (sky130_fd_sc_hd__o21ba_2)
                                                         _0051_ (net)
                      0.059914    0.000040    7.996049 v _1425_/D (sky130_fd_sc_hd__dfrtp_2)
                                              7.996049   data arrival time

                                 20.000000   20.000000   clock CLK (rise edge)
                                  0.000000   20.000000   clock source latency
     1    0.018921    0.142429    0.092186   20.092186 ^ CLK (in)
                                                         CLK (net)
                      0.142439    0.000000   20.092186 ^ clkbuf_0_CLK/A (sky130_fd_sc_hd__clkbuf_16)
    16    0.102249    0.179542    0.333195   20.425381 ^ clkbuf_0_CLK/X (sky130_fd_sc_hd__clkbuf_16)
                                                         clknet_0_CLK (net)
                      0.179569    0.002139   20.427521 ^ clkbuf_4_2_0_CLK/A (sky130_fd_sc_hd__clkbuf_8)
     6    0.018780    0.080637    0.269202   20.696722 ^ clkbuf_4_2_0_CLK/X (sky130_fd_sc_hd__clkbuf_8)
                                                         clknet_4_2_0_CLK (net)
                      0.080637    0.000218   20.696939 ^ _1425_/CLK (sky130_fd_sc_hd__dfrtp_2)
                                 -0.250000   20.446941   clock uncertainty
                                  0.044777   20.491718   clock reconvergence pessimism
                                 -0.269561   20.222157   library setup time
                                             20.222157   data required time
---------------------------------------------------------------------------------------------
                                             20.222157   data required time
                                             -7.996049   data arrival time
---------------------------------------------------------------------------------------------
                                             12.226108   slack (MET)


Startpoint: _1452_ (rising edge-triggered flip-flop clocked by CLK)
Endpoint: _1437_ (rising edge-triggered flip-flop clocked by CLK)
Path Group: CLK
Path Type: max

Fanout         Cap        Slew       Delay        Time   Description
---------------------------------------------------------------------------------------------
                                  0.000000    0.000000   clock CLK (rise edge)
                                  0.000000    0.000000   clock source latency
     1    0.018921    0.142429    0.101889    0.101889 ^ CLK (in)
                                                         CLK (net)
                      0.142439    0.000000    0.101889 ^ clkbuf_0_CLK/A (sky130_fd_sc_hd__clkbuf_16)
    16    0.102249    0.179542    0.368269    0.470158 ^ clkbuf_0_CLK/X (sky130_fd_sc_hd__clkbuf_16)
                                                         clknet_0_CLK (net)
                      0.179566    0.002261    0.472420 ^ clkbuf_4_6_0_CLK/A (sky130_fd_sc_hd__clkbuf_8)
     6    0.015574    0.073401    0.289870    0.762289 ^ clkbuf_4_6_0_CLK/X (sky130_fd_sc_hd__clkbuf_8)
                                                         clknet_4_6_0_CLK (net)
                      0.073401    0.000136    0.762425 ^ _1452_/CLK (sky130_fd_sc_hd__dfrtp_2)
     6    0.025035    0.217943    0.866664    1.629089 ^ _1452_/Q (sky130_fd_sc_hd__dfrtp_2)
                                                         pwm.pwm_counter[0] (net)
                      0.217943    0.000229    1.629318 ^ hold174/A (sky130_fd_sc_hd__dlygate4sd3_1)
     1    0.005361    0.126416    1.192414    2.821733 ^ hold174/X (sky130_fd_sc_hd__dlygate4sd3_1)
                                                         net173 (net)
                      0.126416    0.000058    2.821791 ^ _0707_/A (sky130_fd_sc_hd__inv_2)
     2    0.003987    0.036074    0.080735    2.902525 v _0707_/Y (sky130_fd_sc_hd__inv_2)
                                                         _0011_ (net)
                      0.036074    0.000016    2.902541 v _0731_/C (sky130_fd_sc_hd__or3_2)
     1    0.003920    0.168821    1.017754    3.920295 v _0731_/X (sky130_fd_sc_hd__or3_2)
                                                         _0088_ (net)
                      0.168821    0.000073    3.920368 v _0734_/B (sky130_fd_sc_hd__or4b_2)
     1    0.003014    0.217531    1.591971    5.512339 v _0734_/X (sky130_fd_sc_hd__or4b_2)
                                                         _0091_ (net)
                      0.217531    0.000020    5.512360 v fanout32/A (sky130_fd_sc_hd__clkdlybuf4s25_1)
     5    0.033056    0.448357    0.864762    6.377122 v fanout32/X (sky130_fd_sc_hd__clkdlybuf4s25_1)
                                                         net32 (net)
                      0.448357    0.000099    6.377221 v fanout31/A (sky130_fd_sc_hd__clkdlybuf4s25_1)
     7    0.027562    0.379318    0.893922    7.271143 v fanout31/X (sky130_fd_sc_hd__clkdlybuf4s25_1)
                                                         net31 (net)
                      0.379318    0.000714    7.271857 v _0736_/B (sky130_fd_sc_hd__nor2_2)
     3    0.009925    0.238546    0.349281    7.621138 ^ _0736_/Y (sky130_fd_sc_hd__nor2_2)
                                                         _0093_ (net)
                      0.238546    0.000210    7.621347 ^ _0740_/A2 (sky130_fd_sc_hd__o211a_2)
     1    0.002154    0.074229    0.416653    8.038001 ^ _0740_/X (sky130_fd_sc_hd__o211a_2)
                                                         _0001_ (net)
                      0.074229    0.000011    8.038012 ^ _1437_/D (sky130_fd_sc_hd__dfrtp_2)
                                              8.038012   data arrival time

                                 20.000000   20.000000   clock CLK (rise edge)
                                  0.000000   20.000000   clock source latency
     1    0.018921    0.142429    0.092186   20.092186 ^ CLK (in)
                                                         CLK (net)
                      0.142439    0.000000   20.092186 ^ clkbuf_0_CLK/A (sky130_fd_sc_hd__clkbuf_16)
    16    0.102249    0.179542    0.333195   20.425381 ^ clkbuf_0_CLK/X (sky130_fd_sc_hd__clkbuf_16)
                                                         clknet_0_CLK (net)
                      0.179543    0.000934   20.426315 ^ clkbuf_4_8_0_CLK/A (sky130_fd_sc_hd__clkbuf_8)
     5    0.013699    0.069341    0.258195   20.684511 ^ clkbuf_4_8_0_CLK/X (sky130_fd_sc_hd__clkbuf_8)
                                                         clknet_4_8_0_CLK (net)
                      0.069341    0.000130   20.684641 ^ _1437_/CLK (sky130_fd_sc_hd__dfrtp_2)
                                 -0.250000   20.434641   clock uncertainty
                                  0.044777   20.479418   clock reconvergence pessimism
                                 -0.139617   20.339802   library setup time
                                             20.339802   data required time
---------------------------------------------------------------------------------------------
                                             20.339802   data required time
                                             -8.038012   data arrival time
---------------------------------------------------------------------------------------------
                                             12.301790   slack (MET)


Startpoint: _1452_ (rising edge-triggered flip-flop clocked by CLK)
Endpoint: _1457_ (rising edge-triggered flip-flop clocked by CLK)
Path Group: CLK
Path Type: max

Fanout         Cap        Slew       Delay        Time   Description
---------------------------------------------------------------------------------------------
                                  0.000000    0.000000   clock CLK (rise edge)
                                  0.000000    0.000000   clock source latency
     1    0.018921    0.142429    0.101889    0.101889 ^ CLK (in)
                                                         CLK (net)
                      0.142439    0.000000    0.101889 ^ clkbuf_0_CLK/A (sky130_fd_sc_hd__clkbuf_16)
    16    0.102249    0.179542    0.368269    0.470158 ^ clkbuf_0_CLK/X (sky130_fd_sc_hd__clkbuf_16)
                                                         clknet_0_CLK (net)
                      0.179566    0.002261    0.472420 ^ clkbuf_4_6_0_CLK/A (sky130_fd_sc_hd__clkbuf_8)
     6    0.015574    0.073401    0.289870    0.762289 ^ clkbuf_4_6_0_CLK/X (sky130_fd_sc_hd__clkbuf_8)
                                                         clknet_4_6_0_CLK (net)
                      0.073401    0.000136    0.762425 ^ _1452_/CLK (sky130_fd_sc_hd__dfrtp_2)
     6    0.025035    0.217943    0.866664    1.629089 ^ _1452_/Q (sky130_fd_sc_hd__dfrtp_2)
                                                         pwm.pwm_counter[0] (net)
                      0.217943    0.000229    1.629318 ^ hold174/A (sky130_fd_sc_hd__dlygate4sd3_1)
     1    0.005361    0.126416    1.192414    2.821733 ^ hold174/X (sky130_fd_sc_hd__dlygate4sd3_1)
                                                         net173 (net)
                      0.126416    0.000058    2.821791 ^ _0707_/A (sky130_fd_sc_hd__inv_2)
     2    0.003987    0.036074    0.080735    2.902525 v _0707_/Y (sky130_fd_sc_hd__inv_2)
                                                         _0011_ (net)
                      0.036074    0.000016    2.902541 v _0731_/C (sky130_fd_sc_hd__or3_2)
     1    0.003920    0.168821    1.017754    3.920295 v _0731_/X (sky130_fd_sc_hd__or3_2)
                                                         _0088_ (net)
                      0.168821    0.000073    3.920368 v _0734_/B (sky130_fd_sc_hd__or4b_2)
     1    0.003014    0.217531    1.591971    5.512339 v _0734_/X (sky130_fd_sc_hd__or4b_2)
                                                         _0091_ (net)
                      0.217531    0.000020    5.512360 v fanout32/A (sky130_fd_sc_hd__clkdlybuf4s25_1)
     5    0.033056    0.448357    0.864762    6.377122 v fanout32/X (sky130_fd_sc_hd__clkdlybuf4s25_1)
                                                         net32 (net)
                      0.448357    0.000099    6.377221 v fanout31/A (sky130_fd_sc_hd__clkdlybuf4s25_1)
     7    0.027562    0.379318    0.893922    7.271143 v fanout31/X (sky130_fd_sc_hd__clkdlybuf4s25_1)
                                                         net31 (net)
                      0.379318    0.000267    7.271411 v _0756_/A (sky130_fd_sc_hd__and3_2)
     1    0.002564    0.070441    0.531086    7.802496 v _0756_/X (sky130_fd_sc_hd__and3_2)
                                                         _0017_ (net)
                      0.070441    0.000026    7.802522 v _1457_/D (sky130_fd_sc_hd__dfrtp_2)
                                              7.802522   data arrival time

                                 20.000000   20.000000   clock CLK (rise edge)
                                  0.000000   20.000000   clock source latency
     1    0.018921    0.142429    0.092186   20.092186 ^ CLK (in)
                                                         CLK (net)
                      0.142439    0.000000   20.092186 ^ clkbuf_0_CLK/A (sky130_fd_sc_hd__clkbuf_16)
    16    0.102249    0.179542    0.333195   20.425381 ^ clkbuf_0_CLK/X (sky130_fd_sc_hd__clkbuf_16)
                                                         clknet_0_CLK (net)
                      0.179542    0.000846   20.426228 ^ clkbuf_4_12_0_CLK/A (sky130_fd_sc_hd__clkbuf_8)
     6    0.018149    0.079200    0.267795   20.694021 ^ clkbuf_4_12_0_CLK/X (sky130_fd_sc_hd__clkbuf_8)
                                                         clknet_4_12_0_CLK (net)
                      0.079201    0.000341   20.694363 ^ _1457_/CLK (sky130_fd_sc_hd__dfrtp_2)
                                 -0.250000   20.444363   clock uncertainty
                                  0.044777   20.489140   clock reconvergence pessimism
                                 -0.274341   20.214800   library setup time
                                             20.214800   data required time
---------------------------------------------------------------------------------------------
                                             20.214800   data required time
                                             -7.802522   data arrival time
---------------------------------------------------------------------------------------------
                                             12.412277   slack (MET)


Startpoint: _1417_ (rising edge-triggered flip-flop clocked by CLK)
Endpoint: _1424_ (rising edge-triggered flip-flop clocked by CLK)
Path Group: CLK
Path Type: max

Fanout         Cap        Slew       Delay        Time   Description
---------------------------------------------------------------------------------------------
                                  0.000000    0.000000   clock CLK (rise edge)
                                  0.000000    0.000000   clock source latency
     1    0.018921    0.142429    0.101889    0.101889 ^ CLK (in)
                                                         CLK (net)
                      0.142439    0.000000    0.101889 ^ clkbuf_0_CLK/A (sky130_fd_sc_hd__clkbuf_16)
    16    0.102249    0.179542    0.368269    0.470158 ^ clkbuf_0_CLK/X (sky130_fd_sc_hd__clkbuf_16)
                                                         clknet_0_CLK (net)
                      0.179570    0.002396    0.472555 ^ clkbuf_4_4_0_CLK/A (sky130_fd_sc_hd__clkbuf_8)
     6    0.017565    0.077862    0.294639    0.767194 ^ clkbuf_4_4_0_CLK/X (sky130_fd_sc_hd__clkbuf_8)
                                                         clknet_4_4_0_CLK (net)
                      0.077862    0.000220    0.767414 ^ _1417_/CLK (sky130_fd_sc_hd__dfrtp_2)
     8    0.034816    0.210307    1.012979    1.780393 v _1417_/Q (sky130_fd_sc_hd__dfrtp_2)
                                                         hall.hall_active[1] (net)
                      0.210307    0.000292    1.780685 v _0770_/A0 (sky130_fd_sc_hd__mux2_1)
     7    0.020714    0.261387    0.915688    2.696373 v _0770_/X (sky130_fd_sc_hd__mux2_1)
                                                         _0114_ (net)
                      0.261387    0.000494    2.696867 v _0771_/A_N (sky130_fd_sc_hd__and2b_2)
     2    0.009011    0.106689    0.569421    3.266289 ^ _0771_/X (sky130_fd_sc_hd__and2b_2)
                                                         _0115_ (net)
                      0.106689    0.000079    3.266368 ^ _0773_/C_N (sky130_fd_sc_hd__or3b_2)
     2    0.009398    0.201713    1.168593    4.434960 v _0773_/X (sky130_fd_sc_hd__or3b_2)
                                                         _0117_ (net)
                      0.201713    0.000137    4.435097 v _0774_/B1 (sky130_fd_sc_hd__o21a_2)
     1    0.003415    0.061722    0.286775    4.721873 v _0774_/X (sky130_fd_sc_hd__o21a_2)
                                                         _0118_ (net)
                      0.061722    0.000043    4.721916 v _0775_/B (sky130_fd_sc_hd__or2_2)
     1    0.005252    0.125976    0.672404    5.394320 v _0775_/X (sky130_fd_sc_hd__or2_2)
                                                         _0119_ (net)
                      0.125976    0.000099    5.394418 v _0789_/A1 (sky130_fd_sc_hd__a32o_2)
     1    0.005025    0.077858    0.494750    5.889169 v _0789_/X (sky130_fd_sc_hd__a32o_2)
                                                         _0133_ (net)
                      0.077858    0.000101    5.889270 v _0790_/B1 (sky130_fd_sc_hd__o31a_2)
     1    0.007460    0.110945    0.238728    6.127998 v _0790_/X (sky130_fd_sc_hd__o31a_2)
                                                         _0134_ (net)
                      0.110945    0.000249    6.128246 v _0794_/B1 (sky130_fd_sc_hd__a31o_2)
     1    0.008284    0.087681    0.459731    6.587978 v _0794_/X (sky130_fd_sc_hd__a31o_2)
                                                         _0138_ (net)
                      0.087681    0.000216    6.588194 v _0795_/B (sky130_fd_sc_hd__nor2_2)
     4    0.016637    0.323435    0.313074    6.901268 ^ _0795_/Y (sky130_fd_sc_hd__nor2_2)
                                                         _0139_ (net)
                      0.323435    0.000305    6.901572 ^ _1381_/S (sky130_fd_sc_hd__mux2_1)
     1    0.002398    0.108798    0.813882    7.715454 v _1381_/X (sky130_fd_sc_hd__mux2_1)
                                                         _0050_ (net)
                      0.108798    0.000023    7.715477 v _1424_/D (sky130_fd_sc_hd__dfrtp_2)
                                              7.715477   data arrival time

                                 20.000000   20.000000   clock CLK (rise edge)
                                  0.000000   20.000000   clock source latency
     1    0.018921    0.142429    0.092186   20.092186 ^ CLK (in)
                                                         CLK (net)
                      0.142439    0.000000   20.092186 ^ clkbuf_0_CLK/A (sky130_fd_sc_hd__clkbuf_16)
    16    0.102249    0.179542    0.333195   20.425381 ^ clkbuf_0_CLK/X (sky130_fd_sc_hd__clkbuf_16)
                                                         clknet_0_CLK (net)
                      0.179567    0.002078   20.427460 ^ clkbuf_4_3_0_CLK/A (sky130_fd_sc_hd__clkbuf_8)
     6    0.017765    0.078316    0.267008   20.694468 ^ clkbuf_4_3_0_CLK/X (sky130_fd_sc_hd__clkbuf_8)
                                                         clknet_4_3_0_CLK (net)
                      0.078316    0.000160   20.694628 ^ _1424_/CLK (sky130_fd_sc_hd__dfrtp_2)
                                 -0.250000   20.444628   clock uncertainty
                                  0.044777   20.489405   clock reconvergence pessimism
                                 -0.290599   20.198805   library setup time
                                             20.198805   data required time
---------------------------------------------------------------------------------------------
                                             20.198805   data required time
                                             -7.715477   data arrival time
---------------------------------------------------------------------------------------------
                                             12.483328   slack (MET)


Startpoint: _1417_ (rising edge-triggered flip-flop clocked by CLK)
Endpoint: _1422_ (rising edge-triggered flip-flop clocked by CLK)
Path Group: CLK
Path Type: max

Fanout         Cap        Slew       Delay        Time   Description
---------------------------------------------------------------------------------------------
                                  0.000000    0.000000   clock CLK (rise edge)
                                  0.000000    0.000000   clock source latency
     1    0.018921    0.142429    0.101889    0.101889 ^ CLK (in)
                                                         CLK (net)
                      0.142439    0.000000    0.101889 ^ clkbuf_0_CLK/A (sky130_fd_sc_hd__clkbuf_16)
    16    0.102249    0.179542    0.368269    0.470158 ^ clkbuf_0_CLK/X (sky130_fd_sc_hd__clkbuf_16)
                                                         clknet_0_CLK (net)
                      0.179570    0.002396    0.472555 ^ clkbuf_4_4_0_CLK/A (sky130_fd_sc_hd__clkbuf_8)
     6    0.017565    0.077862    0.294639    0.767194 ^ clkbuf_4_4_0_CLK/X (sky130_fd_sc_hd__clkbuf_8)
                                                         clknet_4_4_0_CLK (net)
                      0.077862    0.000220    0.767414 ^ _1417_/CLK (sky130_fd_sc_hd__dfrtp_2)
     8    0.034816    0.210307    1.012979    1.780393 v _1417_/Q (sky130_fd_sc_hd__dfrtp_2)
                                                         hall.hall_active[1] (net)
                      0.210307    0.000292    1.780685 v _0770_/A0 (sky130_fd_sc_hd__mux2_1)
     7    0.020714    0.261387    0.915688    2.696373 v _0770_/X (sky130_fd_sc_hd__mux2_1)
                                                         _0114_ (net)
                      0.261387    0.000494    2.696867 v _0771_/A_N (sky130_fd_sc_hd__and2b_2)
     2    0.009011    0.106689    0.569421    3.266289 ^ _0771_/X (sky130_fd_sc_hd__and2b_2)
                                                         _0115_ (net)
                      0.106689    0.000079    3.266368 ^ _0773_/C_N (sky130_fd_sc_hd__or3b_2)
     2    0.009398    0.201713    1.168593    4.434960 v _0773_/X (sky130_fd_sc_hd__or3b_2)
                                                         _0117_ (net)
                      0.201713    0.000137    4.435097 v _0774_/B1 (sky130_fd_sc_hd__o21a_2)
     1    0.003415    0.061722    0.286775    4.721873 v _0774_/X (sky130_fd_sc_hd__o21a_2)
                                                         _0118_ (net)
                      0.061722    0.000043    4.721916 v _0775_/B (sky130_fd_sc_hd__or2_2)
     1    0.005252    0.125976    0.672404    5.394320 v _0775_/X (sky130_fd_sc_hd__or2_2)
                                                         _0119_ (net)
                      0.125976    0.000099    5.394418 v _0789_/A1 (sky130_fd_sc_hd__a32o_2)
     1    0.005025    0.077858    0.494750    5.889169 v _0789_/X (sky130_fd_sc_hd__a32o_2)
                                                         _0133_ (net)
                      0.077858    0.000101    5.889270 v _0790_/B1 (sky130_fd_sc_hd__o31a_2)
     1    0.007460    0.110945    0.238728    6.127998 v _0790_/X (sky130_fd_sc_hd__o31a_2)
                                                         _0134_ (net)
                      0.110945    0.000249    6.128246 v _0794_/B1 (sky130_fd_sc_hd__a31o_2)
     1    0.008284    0.087681    0.459731    6.587978 v _0794_/X (sky130_fd_sc_hd__a31o_2)
                                                         _0138_ (net)
                      0.087681    0.000216    6.588194 v _0795_/B (sky130_fd_sc_hd__nor2_2)
     4    0.016637    0.323435    0.313074    6.901268 ^ _0795_/Y (sky130_fd_sc_hd__nor2_2)
                                                         _0139_ (net)
                      0.323435    0.000317    6.901585 ^ _1379_/S (sky130_fd_sc_hd__mux2_1)
     1    0.003270    0.114719    0.829613    7.731197 v _1379_/X (sky130_fd_sc_hd__mux2_1)
                                                         _0048_ (net)
                      0.114719    0.000045    7.731243 v _1422_/D (sky130_fd_sc_hd__dfrtp_2)
                                              7.731243   data arrival time

                                 20.000000   20.000000   clock CLK (rise edge)
                                  0.000000   20.000000   clock source latency
     1    0.018921    0.142429    0.092186   20.092186 ^ CLK (in)
                                                         CLK (net)
                      0.142439    0.000000   20.092186 ^ clkbuf_0_CLK/A (sky130_fd_sc_hd__clkbuf_16)
    16    0.102249    0.179542    0.333195   20.425381 ^ clkbuf_0_CLK/X (sky130_fd_sc_hd__clkbuf_16)
                                                         clknet_0_CLK (net)
                      0.179570    0.002169   20.427549 ^ clkbuf_4_4_0_CLK/A (sky130_fd_sc_hd__clkbuf_8)
     6    0.017565    0.077862    0.266578   20.694128 ^ clkbuf_4_4_0_CLK/X (sky130_fd_sc_hd__clkbuf_8)
                                                         clknet_4_4_0_CLK (net)
                      0.077862    0.000133   20.694262 ^ _1422_/CLK (sky130_fd_sc_hd__dfrtp_2)
                                 -0.250000   20.444262   clock uncertainty
                                  0.073066   20.517328   clock reconvergence pessimism
                                 -0.293194   20.224136   library setup time
                                             20.224136   data required time
---------------------------------------------------------------------------------------------
                                             20.224136   data required time
                                             -7.731243   data arrival time
---------------------------------------------------------------------------------------------
                                             12.492893   slack (MET)


Startpoint: _1452_ (rising edge-triggered flip-flop clocked by CLK)
Endpoint: _1459_ (rising edge-triggered flip-flop clocked by CLK)
Path Group: CLK
Path Type: max

Fanout         Cap        Slew       Delay        Time   Description
---------------------------------------------------------------------------------------------
                                  0.000000    0.000000   clock CLK (rise edge)
                                  0.000000    0.000000   clock source latency
     1    0.018921    0.142429    0.101889    0.101889 ^ CLK (in)
                                                         CLK (net)
                      0.142439    0.000000    0.101889 ^ clkbuf_0_CLK/A (sky130_fd_sc_hd__clkbuf_16)
    16    0.102249    0.179542    0.368269    0.470158 ^ clkbuf_0_CLK/X (sky130_fd_sc_hd__clkbuf_16)
                                                         clknet_0_CLK (net)
                      0.179566    0.002261    0.472420 ^ clkbuf_4_6_0_CLK/A (sky130_fd_sc_hd__clkbuf_8)
     6    0.015574    0.073401    0.289870    0.762289 ^ clkbuf_4_6_0_CLK/X (sky130_fd_sc_hd__clkbuf_8)
                                                         clknet_4_6_0_CLK (net)
                      0.073401    0.000136    0.762425 ^ _1452_/CLK (sky130_fd_sc_hd__dfrtp_2)
     6    0.025035    0.217943    0.866664    1.629089 ^ _1452_/Q (sky130_fd_sc_hd__dfrtp_2)
                                                         pwm.pwm_counter[0] (net)
                      0.217943    0.000229    1.629318 ^ hold174/A (sky130_fd_sc_hd__dlygate4sd3_1)
     1    0.005361    0.126416    1.192414    2.821733 ^ hold174/X (sky130_fd_sc_hd__dlygate4sd3_1)
                                                         net173 (net)
                      0.126416    0.000058    2.821791 ^ _0707_/A (sky130_fd_sc_hd__inv_2)
     2    0.003987    0.036074    0.080735    2.902525 v _0707_/Y (sky130_fd_sc_hd__inv_2)
                                                         _0011_ (net)
                      0.036074    0.000016    2.902541 v _0731_/C (sky130_fd_sc_hd__or3_2)
     1    0.003920    0.168821    1.017754    3.920295 v _0731_/X (sky130_fd_sc_hd__or3_2)
                                                         _0088_ (net)
                      0.168821    0.000073    3.920368 v _0734_/B (sky130_fd_sc_hd__or4b_2)
     1    0.003014    0.217531    1.591971    5.512339 v _0734_/X (sky130_fd_sc_hd__or4b_2)
                                                         _0091_ (net)
                      0.217531    0.000020    5.512360 v fanout32/A (sky130_fd_sc_hd__clkdlybuf4s25_1)
     5    0.033056    0.448357    0.864762    6.377122 v fanout32/X (sky130_fd_sc_hd__clkdlybuf4s25_1)
                                                         net32 (net)
                      0.448357    0.000099    6.377221 v fanout31/A (sky130_fd_sc_hd__clkdlybuf4s25_1)
     7    0.027562    0.379318    0.893922    7.271143 v fanout31/X (sky130_fd_sc_hd__clkdlybuf4s25_1)
                                                         net31 (net)
                      0.379318    0.000703    7.271847 v _0735_/A (sky130_fd_sc_hd__inv_2)
     3    0.013602    0.155136    0.259038    7.530885 ^ _0735_/Y (sky130_fd_sc_hd__inv_2)
                                                         _0092_ (net)
                      0.155136    0.000053    7.530938 ^ _0761_/A (sky130_fd_sc_hd__nor3_2)
     1    0.002783    0.062914    0.113752    7.644690 v _0761_/Y (sky130_fd_sc_hd__nor3_2)
                                                         _0019_ (net)
                      0.062914    0.000032    7.644722 v _1459_/D (sky130_fd_sc_hd__dfrtp_2)
                                              7.644722   data arrival time

                                 20.000000   20.000000   clock CLK (rise edge)
                                  0.000000   20.000000   clock source latency
     1    0.018921    0.142429    0.092186   20.092186 ^ CLK (in)
                                                         CLK (net)
                      0.142439    0.000000   20.092186 ^ clkbuf_0_CLK/A (sky130_fd_sc_hd__clkbuf_16)
    16    0.102249    0.179542    0.333195   20.425381 ^ clkbuf_0_CLK/X (sky130_fd_sc_hd__clkbuf_16)
                                                         clknet_0_CLK (net)
                      0.179543    0.000894   20.426275 ^ clkbuf_4_9_0_CLK/A (sky130_fd_sc_hd__clkbuf_8)
     6    0.016728    0.075957    0.264702   20.690977 ^ clkbuf_4_9_0_CLK/X (sky130_fd_sc_hd__clkbuf_8)
                                                         clknet_4_9_0_CLK (net)
                      0.075958    0.000371   20.691347 ^ _1459_/CLK (sky130_fd_sc_hd__dfrtp_2)
                                 -0.250000   20.441349   clock uncertainty
                                  0.044777   20.486126   clock reconvergence pessimism
                                 -0.272061   20.214064   library setup time
                                             20.214064   data required time
---------------------------------------------------------------------------------------------
                                             20.214064   data required time
                                             -7.644722   data arrival time
---------------------------------------------------------------------------------------------
                                             12.569343   slack (MET)


Startpoint: _1452_ (rising edge-triggered flip-flop clocked by CLK)
Endpoint: _1458_ (rising edge-triggered flip-flop clocked by CLK)
Path Group: CLK
Path Type: max

Fanout         Cap        Slew       Delay        Time   Description
---------------------------------------------------------------------------------------------
                                  0.000000    0.000000   clock CLK (rise edge)
                                  0.000000    0.000000   clock source latency
     1    0.018921    0.142429    0.101889    0.101889 ^ CLK (in)
                                                         CLK (net)
                      0.142439    0.000000    0.101889 ^ clkbuf_0_CLK/A (sky130_fd_sc_hd__clkbuf_16)
    16    0.102249    0.179542    0.368269    0.470158 ^ clkbuf_0_CLK/X (sky130_fd_sc_hd__clkbuf_16)
                                                         clknet_0_CLK (net)
                      0.179566    0.002261    0.472420 ^ clkbuf_4_6_0_CLK/A (sky130_fd_sc_hd__clkbuf_8)
     6    0.015574    0.073401    0.289870    0.762289 ^ clkbuf_4_6_0_CLK/X (sky130_fd_sc_hd__clkbuf_8)
                                                         clknet_4_6_0_CLK (net)
                      0.073401    0.000136    0.762425 ^ _1452_/CLK (sky130_fd_sc_hd__dfrtp_2)
     6    0.025035    0.217943    0.866664    1.629089 ^ _1452_/Q (sky130_fd_sc_hd__dfrtp_2)
                                                         pwm.pwm_counter[0] (net)
                      0.217943    0.000229    1.629318 ^ hold174/A (sky130_fd_sc_hd__dlygate4sd3_1)
     1    0.005361    0.126416    1.192414    2.821733 ^ hold174/X (sky130_fd_sc_hd__dlygate4sd3_1)
                                                         net173 (net)
                      0.126416    0.000058    2.821791 ^ _0707_/A (sky130_fd_sc_hd__inv_2)
     2    0.003987    0.036074    0.080735    2.902525 v _0707_/Y (sky130_fd_sc_hd__inv_2)
                                                         _0011_ (net)
                      0.036074    0.000016    2.902541 v _0731_/C (sky130_fd_sc_hd__or3_2)
     1    0.003920    0.168821    1.017754    3.920295 v _0731_/X (sky130_fd_sc_hd__or3_2)
                                                         _0088_ (net)
                      0.168821    0.000073    3.920368 v _0734_/B (sky130_fd_sc_hd__or4b_2)
     1    0.003014    0.217531    1.591971    5.512339 v _0734_/X (sky130_fd_sc_hd__or4b_2)
                                                         _0091_ (net)
                      0.217531    0.000020    5.512360 v fanout32/A (sky130_fd_sc_hd__clkdlybuf4s25_1)
     5    0.033056    0.448357    0.864762    6.377122 v fanout32/X (sky130_fd_sc_hd__clkdlybuf4s25_1)
                                                         net32 (net)
                      0.448357    0.000099    6.377221 v fanout31/A (sky130_fd_sc_hd__clkdlybuf4s25_1)
     7    0.027562    0.379318    0.893922    7.271143 v fanout31/X (sky130_fd_sc_hd__clkdlybuf4s25_1)
                                                         net31 (net)
                      0.379318    0.000552    7.271696 v _0758_/C1 (sky130_fd_sc_hd__o211a_2)
     1    0.002277    0.066444    0.360440    7.632135 v _0758_/X (sky130_fd_sc_hd__o211a_2)
                                                         _0018_ (net)
                      0.066444    0.000021    7.632156 v _1458_/D (sky130_fd_sc_hd__dfrtp_2)
                                              7.632156   data arrival time

                                 20.000000   20.000000   clock CLK (rise edge)
                                  0.000000   20.000000   clock source latency
     1    0.018921    0.142429    0.092186   20.092186 ^ CLK (in)
                                                         CLK (net)
                      0.142439    0.000000   20.092186 ^ clkbuf_0_CLK/A (sky130_fd_sc_hd__clkbuf_16)
    16    0.102249    0.179542    0.333195   20.425381 ^ clkbuf_0_CLK/X (sky130_fd_sc_hd__clkbuf_16)
                                                         clknet_0_CLK (net)
                      0.179542    0.000846   20.426228 ^ clkbuf_4_12_0_CLK/A (sky130_fd_sc_hd__clkbuf_8)
     6    0.018149    0.079200    0.267795   20.694021 ^ clkbuf_4_12_0_CLK/X (sky130_fd_sc_hd__clkbuf_8)
                                                         clknet_4_12_0_CLK (net)
                      0.079200    0.000330   20.694351 ^ _1458_/CLK (sky130_fd_sc_hd__dfrtp_2)
                                 -0.250000   20.444353   clock uncertainty
                                  0.044777   20.489130   clock reconvergence pessimism
                                 -0.272671   20.216459   library setup time
                                             20.216459   data required time
---------------------------------------------------------------------------------------------
                                             20.216459   data required time
                                             -7.632156   data arrival time
---------------------------------------------------------------------------------------------
                                             12.584302   slack (MET)


Startpoint: UV_FAULT (input port clocked by CLK)
Endpoint: _1439_ (rising edge-triggered flip-flop clocked by CLK)
Path Group: CLK
Path Type: max

Fanout         Cap        Slew       Delay        Time   Description
---------------------------------------------------------------------------------------------
                                  0.000000    0.000000   clock CLK (rise edge)
                                  0.000000    0.000000   clock network delay (propagated)
                                  4.000000    4.000000 v input external delay
     1    0.004301    0.024330    0.014638    4.014638 v UV_FAULT (in)
                                                         UV_FAULT (net)
                      0.024330    0.000000    4.014638 v input20/A (sky130_fd_sc_hd__clkdlybuf4s25_1)
     1    0.002439    0.070645    0.451416    4.466054 v input20/X (sky130_fd_sc_hd__clkdlybuf4s25_1)
                                                         net20 (net)
                      0.070645    0.000026    4.466080 v _0712_/B (sky130_fd_sc_hd__or3_2)
     1    0.005372    0.183912    1.133702    5.599781 v _0712_/X (sky130_fd_sc_hd__or3_2)
                                                         _0078_ (net)
                      0.183912    0.000072    5.599854 v _0713_/C (sky130_fd_sc_hd__nor3_2)
     3    0.008660    0.324011    0.326438    5.926291 ^ _0713_/Y (sky130_fd_sc_hd__nor3_2)
                                                         _0079_ (net)
                      0.324011    0.000107    5.926398 ^ fanout37/A (sky130_fd_sc_hd__clkdlybuf4s25_1)
    10    0.032654    0.528590    0.943192    6.869590 ^ fanout37/X (sky130_fd_sc_hd__clkdlybuf4s25_1)
                                                         net37 (net)
                      0.528590    0.000328    6.869918 ^ _0722_/B1 (sky130_fd_sc_hd__o211a_2)
     2    0.007964    0.120014    0.605896    7.475814 ^ _0722_/X (sky130_fd_sc_hd__o211a_2)
                                                         _0080_ (net)
                      0.120014    0.000072    7.475886 ^ _0723_/B1 (sky130_fd_sc_hd__a21oi_2)
     1    0.006460    0.123810    0.091333    7.567219 v _0723_/Y (sky130_fd_sc_hd__a21oi_2)
                                                         _0081_ (net)
                      0.123810    0.000115    7.567334 v _0724_/B (sky130_fd_sc_hd__nor2_2)
     1    0.002154    0.096564    0.138314    7.705648 ^ _0724_/Y (sky130_fd_sc_hd__nor2_2)
                                                         _0003_ (net)
                      0.096564    0.000011    7.705658 ^ _1439_/D (sky130_fd_sc_hd__dfrtp_2)
                                              7.705658   data arrival time

                                 20.000000   20.000000   clock CLK (rise edge)
                                  0.000000   20.000000   clock source latency
     1    0.018921    0.142429    0.092186   20.092186 ^ CLK (in)
                                                         CLK (net)
                      0.142439    0.000000   20.092186 ^ clkbuf_0_CLK/A (sky130_fd_sc_hd__clkbuf_16)
    16    0.102249    0.179542    0.333195   20.425381 ^ clkbuf_0_CLK/X (sky130_fd_sc_hd__clkbuf_16)
                                                         clknet_0_CLK (net)
                      0.179543    0.000894   20.426275 ^ clkbuf_4_9_0_CLK/A (sky130_fd_sc_hd__clkbuf_8)
     6    0.016728    0.075957    0.264702   20.690977 ^ clkbuf_4_9_0_CLK/X (sky130_fd_sc_hd__clkbuf_8)
                                                         clknet_4_9_0_CLK (net)
                      0.075957    0.000224   20.691200 ^ _1439_/CLK (sky130_fd_sc_hd__dfrtp_2)
                                 -0.250000   20.441202   clock uncertainty
                                  0.000000   20.441202   clock reconvergence pessimism
                                 -0.144092   20.297108   library setup time
                                             20.297108   data required time
---------------------------------------------------------------------------------------------
                                             20.297108   data required time
                                             -7.705658   data arrival time
---------------------------------------------------------------------------------------------
                                             12.591450   slack (MET)


Startpoint: UV_FAULT (input port clocked by CLK)
Endpoint: _1436_ (rising edge-triggered flip-flop clocked by CLK)
Path Group: CLK
Path Type: max

Fanout         Cap        Slew       Delay        Time   Description
---------------------------------------------------------------------------------------------
                                  0.000000    0.000000   clock CLK (rise edge)
                                  0.000000    0.000000   clock network delay (propagated)
                                  4.000000    4.000000 v input external delay
     1    0.004301    0.024330    0.014638    4.014638 v UV_FAULT (in)
                                                         UV_FAULT (net)
                      0.024330    0.000000    4.014638 v input20/A (sky130_fd_sc_hd__clkdlybuf4s25_1)
     1    0.002439    0.070645    0.451416    4.466054 v input20/X (sky130_fd_sc_hd__clkdlybuf4s25_1)
                                                         net20 (net)
                      0.070645    0.000026    4.466080 v _0712_/B (sky130_fd_sc_hd__or3_2)
     1    0.005372    0.183912    1.133702    5.599781 v _0712_/X (sky130_fd_sc_hd__or3_2)
                                                         _0078_ (net)
                      0.183912    0.000072    5.599854 v _0713_/C (sky130_fd_sc_hd__nor3_2)
     3    0.008660    0.324011    0.326438    5.926291 ^ _0713_/Y (sky130_fd_sc_hd__nor3_2)
                                                         _0079_ (net)
                      0.324011    0.000107    5.926398 ^ fanout37/A (sky130_fd_sc_hd__clkdlybuf4s25_1)
    10    0.032654    0.528590    0.943192    6.869590 ^ fanout37/X (sky130_fd_sc_hd__clkdlybuf4s25_1)
                                                         net37 (net)
                      0.528590    0.000334    6.869924 ^ _0742_/B (sky130_fd_sc_hd__and3b_2)
     1    0.003005    0.083561    0.535122    7.405046 ^ _0742_/X (sky130_fd_sc_hd__and3b_2)
                                                         _0000_ (net)
                      0.083561    0.000031    7.405077 ^ _1436_/D (sky130_fd_sc_hd__dfstp_2)
                                              7.405077   data arrival time

                                 20.000000   20.000000   clock CLK (rise edge)
                                  0.000000   20.000000   clock source latency
     1    0.018921    0.142429    0.092186   20.092186 ^ CLK (in)
                                                         CLK (net)
                      0.142439    0.000000   20.092186 ^ clkbuf_0_CLK/A (sky130_fd_sc_hd__clkbuf_16)
    16    0.102249    0.179542    0.333195   20.425381 ^ clkbuf_0_CLK/X (sky130_fd_sc_hd__clkbuf_16)
                                                         clknet_0_CLK (net)
                      0.179543    0.000934   20.426315 ^ clkbuf_4_8_0_CLK/A (sky130_fd_sc_hd__clkbuf_8)
     5    0.013699    0.069341    0.258195   20.684511 ^ clkbuf_4_8_0_CLK/X (sky130_fd_sc_hd__clkbuf_8)
                                                         clknet_4_8_0_CLK (net)
                      0.069365    0.000167   20.684677 ^ _1436_/CLK (sky130_fd_sc_hd__dfstp_2)
                                 -0.250000   20.434679   clock uncertainty
                                  0.000000   20.434679   clock reconvergence pessimism
                                 -0.124373   20.310305   library setup time
                                             20.310305   data required time
---------------------------------------------------------------------------------------------
                                             20.310305   data required time
                                             -7.405077   data arrival time
---------------------------------------------------------------------------------------------
                                             12.905229   slack (MET)


Startpoint: _1452_ (rising edge-triggered flip-flop clocked by CLK)
Endpoint: _1434_ (rising edge-triggered flip-flop clocked by CLK)
Path Group: CLK
Path Type: max

Fanout         Cap        Slew       Delay        Time   Description
---------------------------------------------------------------------------------------------
                                  0.000000    0.000000   clock CLK (rise edge)
                                  0.000000    0.000000   clock source latency
     1    0.018921    0.142429    0.101889    0.101889 ^ CLK (in)
                                                         CLK (net)
                      0.142439    0.000000    0.101889 ^ clkbuf_0_CLK/A (sky130_fd_sc_hd__clkbuf_16)
    16    0.102249    0.179542    0.368269    0.470158 ^ clkbuf_0_CLK/X (sky130_fd_sc_hd__clkbuf_16)
                                                         clknet_0_CLK (net)
                      0.179566    0.002261    0.472420 ^ clkbuf_4_6_0_CLK/A (sky130_fd_sc_hd__clkbuf_8)
     6    0.015574    0.073401    0.289870    0.762289 ^ clkbuf_4_6_0_CLK/X (sky130_fd_sc_hd__clkbuf_8)
                                                         clknet_4_6_0_CLK (net)
                      0.073401    0.000136    0.762425 ^ _1452_/CLK (sky130_fd_sc_hd__dfrtp_2)
     6    0.025035    0.217943    0.866664    1.629089 ^ _1452_/Q (sky130_fd_sc_hd__dfrtp_2)
                                                         pwm.pwm_counter[0] (net)
                      0.217943    0.000229    1.629318 ^ hold174/A (sky130_fd_sc_hd__dlygate4sd3_1)
     1    0.005361    0.126416    1.192414    2.821733 ^ hold174/X (sky130_fd_sc_hd__dlygate4sd3_1)
                                                         net173 (net)
                      0.126416    0.000058    2.821791 ^ _0707_/A (sky130_fd_sc_hd__inv_2)
     2    0.003987    0.036074    0.080735    2.902525 v _0707_/Y (sky130_fd_sc_hd__inv_2)
                                                         _0011_ (net)
                      0.036074    0.000016    2.902541 v _0731_/C (sky130_fd_sc_hd__or3_2)
     1    0.003920    0.168821    1.017754    3.920295 v _0731_/X (sky130_fd_sc_hd__or3_2)
                                                         _0088_ (net)
                      0.168821    0.000073    3.920368 v _0734_/B (sky130_fd_sc_hd__or4b_2)
     1    0.003014    0.217531    1.591971    5.512339 v _0734_/X (sky130_fd_sc_hd__or4b_2)
                                                         _0091_ (net)
                      0.217531    0.000020    5.512360 v fanout32/A (sky130_fd_sc_hd__clkdlybuf4s25_1)
     5    0.033056    0.448357    0.864762    6.377122 v fanout32/X (sky130_fd_sc_hd__clkdlybuf4s25_1)
                                                         net32 (net)
                      0.448357    0.001321    6.378443 v _1391_/S (sky130_fd_sc_hd__mux2_1)
     1    0.002264    0.107738    0.874391    7.252834 v _1391_/X (sky130_fd_sc_hd__mux2_1)
                                                         _0060_ (net)
                      0.107738    0.000023    7.252858 v _1434_/D (sky130_fd_sc_hd__dfrtp_2)
                                              7.252858   data arrival time

                                 20.000000   20.000000   clock CLK (rise edge)
                                  0.000000   20.000000   clock source latency
     1    0.018921    0.142429    0.092186   20.092186 ^ CLK (in)
                                                         CLK (net)
                      0.142439    0.000000   20.092186 ^ clkbuf_0_CLK/A (sky130_fd_sc_hd__clkbuf_16)
    16    0.102249    0.179542    0.333195   20.425381 ^ clkbuf_0_CLK/X (sky130_fd_sc_hd__clkbuf_16)
                                                         clknet_0_CLK (net)
                      0.179553    0.001572   20.426952 ^ clkbuf_4_15_0_CLK/A (sky130_fd_sc_hd__clkbuf_8)
     6    0.015079    0.072320    0.261190   20.688143 ^ clkbuf_4_15_0_CLK/X (sky130_fd_sc_hd__clkbuf_8)
                                                         clknet_4_15_0_CLK (net)
                      0.072320    0.000139   20.688282 ^ _1434_/CLK (sky130_fd_sc_hd__dfrtp_2)
                                 -0.250000   20.438282   clock uncertainty
                                  0.044777   20.483059   clock reconvergence pessimism
                                 -0.291756   20.191303   library setup time
                                             20.191303   data required time
---------------------------------------------------------------------------------------------
                                             20.191303   data required time
                                             -7.252858   data arrival time
---------------------------------------------------------------------------------------------
                                             12.938445   slack (MET)


Startpoint: UV_FAULT (input port clocked by CLK)
Endpoint: _1396_ (rising edge-triggered flip-flop clocked by CLK)
Path Group: CLK
Path Type: max

Fanout         Cap        Slew       Delay        Time   Description
---------------------------------------------------------------------------------------------
                                  0.000000    0.000000   clock CLK (rise edge)
                                  0.000000    0.000000   clock network delay (propagated)
                                  4.000000    4.000000 v input external delay
     1    0.004301    0.024330    0.014638    4.014638 v UV_FAULT (in)
                                                         UV_FAULT (net)
                      0.024330    0.000000    4.014638 v input20/A (sky130_fd_sc_hd__clkdlybuf4s25_1)
     1    0.002439    0.070645    0.451416    4.466054 v input20/X (sky130_fd_sc_hd__clkdlybuf4s25_1)
                                                         net20 (net)
                      0.070645    0.000026    4.466080 v _0712_/B (sky130_fd_sc_hd__or3_2)
     1    0.005372    0.183912    1.133702    5.599781 v _0712_/X (sky130_fd_sc_hd__or3_2)
                                                         _0078_ (net)
                      0.183912    0.000072    5.599854 v _0713_/C (sky130_fd_sc_hd__nor3_2)
     3    0.008660    0.324011    0.326438    5.926291 ^ _0713_/Y (sky130_fd_sc_hd__nor3_2)
                                                         _0079_ (net)
                      0.324011    0.000107    5.926398 ^ fanout37/A (sky130_fd_sc_hd__clkdlybuf4s25_1)
    10    0.032654    0.528590    0.943192    6.869590 ^ fanout37/X (sky130_fd_sc_hd__clkdlybuf4s25_1)
                                                         net37 (net)
                      0.528590    0.000226    6.869817 ^ _0714_/A (sky130_fd_sc_hd__inv_2)
     1    0.002804    0.086749    0.160198    7.030015 v _0714_/Y (sky130_fd_sc_hd__inv_2)
                                                         _0022_ (net)
                      0.086749    0.000034    7.030048 v _1396_/D (sky130_fd_sc_hd__dfrtp_2)
                                              7.030048   data arrival time

                                 20.000000   20.000000   clock CLK (rise edge)
                                  0.000000   20.000000   clock source latency
     1    0.018921    0.142429    0.092186   20.092186 ^ CLK (in)
                                                         CLK (net)
                      0.142439    0.000000   20.092186 ^ clkbuf_0_CLK/A (sky130_fd_sc_hd__clkbuf_16)
    16    0.102249    0.179542    0.333195   20.425381 ^ clkbuf_0_CLK/X (sky130_fd_sc_hd__clkbuf_16)
                                                         clknet_0_CLK (net)
                      0.179543    0.000934   20.426315 ^ clkbuf_4_8_0_CLK/A (sky130_fd_sc_hd__clkbuf_8)
     5    0.013699    0.069341    0.258195   20.684511 ^ clkbuf_4_8_0_CLK/X (sky130_fd_sc_hd__clkbuf_8)
                                                         clknet_4_8_0_CLK (net)
                      0.069341    0.000075   20.684586 ^ _1396_/CLK (sky130_fd_sc_hd__dfrtp_2)
                                 -0.250000   20.434586   clock uncertainty
                                  0.000000   20.434586   clock reconvergence pessimism
                                 -0.283782   20.150805   library setup time
                                             20.150805   data required time
---------------------------------------------------------------------------------------------
                                             20.150805   data required time
                                             -7.030048   data arrival time
---------------------------------------------------------------------------------------------
                                             13.120756   slack (MET)


Startpoint: _1396_ (rising edge-triggered flip-flop clocked by CLK)
Endpoint: FAULT (output port clocked by CLK)
Path Group: CLK
Path Type: max

Fanout         Cap        Slew       Delay        Time   Description
---------------------------------------------------------------------------------------------
                                  0.000000    0.000000   clock CLK (rise edge)
                                  0.000000    0.000000   clock source latency
     1    0.018921    0.142429    0.101889    0.101889 ^ CLK (in)
                                                         CLK (net)
                      0.142439    0.000000    0.101889 ^ clkbuf_0_CLK/A (sky130_fd_sc_hd__clkbuf_16)
    16    0.102249    0.179542    0.368269    0.470158 ^ clkbuf_0_CLK/X (sky130_fd_sc_hd__clkbuf_16)
                                                         clknet_0_CLK (net)
                      0.179543    0.001033    0.471191 ^ clkbuf_4_8_0_CLK/A (sky130_fd_sc_hd__clkbuf_8)
     5    0.013699    0.069341    0.285372    0.756563 ^ clkbuf_4_8_0_CLK/X (sky130_fd_sc_hd__clkbuf_8)
                                                         clknet_4_8_0_CLK (net)
                      0.069341    0.000084    0.756647 ^ _1396_/CLK (sky130_fd_sc_hd__dfrtp_2)
     4    0.009819    0.107471    0.886143    1.642790 v _1396_/Q (sky130_fd_sc_hd__dfrtp_2)
                                                         net21 (net)
                      0.107471    0.000065    1.642855 v output21/A (sky130_fd_sc_hd__clkdlybuf4s25_1)
     1    0.034544    0.467269    0.826974    2.469829 v output21/X (sky130_fd_sc_hd__clkdlybuf4s25_1)
                                                         FAULT (net)
                      0.467269    0.000297    2.470126 v FAULT (out)
                                              2.470126   data arrival time

                                 20.000000   20.000000   clock CLK (rise edge)
                                  0.000000   20.000000   clock network delay (propagated)
                                 -0.250000   19.750002   clock uncertainty
                                  0.000000   19.750002   clock reconvergence pessimism
                                 -4.000000   15.750001   output external delay
                                             15.750001   data required time
---------------------------------------------------------------------------------------------
                                             15.750001   data required time
                                             -2.470126   data arrival time
---------------------------------------------------------------------------------------------
                                             13.279875   slack (MET)


Startpoint: _1452_ (rising edge-triggered flip-flop clocked by CLK)
Endpoint: _1462_ (rising edge-triggered flip-flop clocked by CLK)
Path Group: CLK
Path Type: max

Fanout         Cap        Slew       Delay        Time   Description
---------------------------------------------------------------------------------------------
                                  0.000000    0.000000   clock CLK (rise edge)
                                  0.000000    0.000000   clock source latency
     1    0.018921    0.142429    0.101889    0.101889 ^ CLK (in)
                                                         CLK (net)
                      0.142439    0.000000    0.101889 ^ clkbuf_0_CLK/A (sky130_fd_sc_hd__clkbuf_16)
    16    0.102249    0.179542    0.368269    0.470158 ^ clkbuf_0_CLK/X (sky130_fd_sc_hd__clkbuf_16)
                                                         clknet_0_CLK (net)
                      0.179566    0.002261    0.472420 ^ clkbuf_4_6_0_CLK/A (sky130_fd_sc_hd__clkbuf_8)
     6    0.015574    0.073401    0.289870    0.762289 ^ clkbuf_4_6_0_CLK/X (sky130_fd_sc_hd__clkbuf_8)
                                                         clknet_4_6_0_CLK (net)
                      0.073401    0.000136    0.762425 ^ _1452_/CLK (sky130_fd_sc_hd__dfrtp_2)
     6    0.025035    0.217943    0.866664    1.629089 ^ _1452_/Q (sky130_fd_sc_hd__dfrtp_2)
                                                         pwm.pwm_counter[0] (net)
                      0.217943    0.000229    1.629318 ^ hold174/A (sky130_fd_sc_hd__dlygate4sd3_1)
     1    0.005361    0.126416    1.192414    2.821733 ^ hold174/X (sky130_fd_sc_hd__dlygate4sd3_1)
                                                         net173 (net)
                      0.126416    0.000058    2.821791 ^ _0707_/A (sky130_fd_sc_hd__inv_2)
     2    0.003987    0.036074    0.080735    2.902525 v _0707_/Y (sky130_fd_sc_hd__inv_2)
                                                         _0011_ (net)
                      0.036074    0.000016    2.902541 v _0731_/C (sky130_fd_sc_hd__or3_2)
     1    0.003920    0.168821    1.017754    3.920295 v _0731_/X (sky130_fd_sc_hd__or3_2)
                                                         _0088_ (net)
                      0.168821    0.000073    3.920368 v _0734_/B (sky130_fd_sc_hd__or4b_2)
     1    0.003014    0.217531    1.591971    5.512339 v _0734_/X (sky130_fd_sc_hd__or4b_2)
                                                         _0091_ (net)
                      0.217531    0.000020    5.512360 v fanout32/A (sky130_fd_sc_hd__clkdlybuf4s25_1)
     5    0.033056    0.448357    0.864762    6.377122 v fanout32/X (sky130_fd_sc_hd__clkdlybuf4s25_1)
                                                         net32 (net)
                      0.448357    0.000366    6.377488 v _0767_/C1 (sky130_fd_sc_hd__o211a_2)
     1    0.003072    0.070505    0.397878    6.775366 v _0767_/X (sky130_fd_sc_hd__o211a_2)
                                                         _0012_ (net)
                      0.070505    0.000039    6.775405 v _1462_/D (sky130_fd_sc_hd__dfrtp_2)
                                              6.775405   data arrival time

                                 20.000000   20.000000   clock CLK (rise edge)
                                  0.000000   20.000000   clock source latency
     1    0.018921    0.142429    0.092186   20.092186 ^ CLK (in)
                                                         CLK (net)
                      0.142439    0.000000   20.092186 ^ clkbuf_0_CLK/A (sky130_fd_sc_hd__clkbuf_16)
    16    0.102249    0.179542    0.333195   20.425381 ^ clkbuf_0_CLK/X (sky130_fd_sc_hd__clkbuf_16)
                                                         clknet_0_CLK (net)
                      0.179542    0.000846   20.426228 ^ clkbuf_4_12_0_CLK/A (sky130_fd_sc_hd__clkbuf_8)
     6    0.018149    0.079200    0.267795   20.694021 ^ clkbuf_4_12_0_CLK/X (sky130_fd_sc_hd__clkbuf_8)
                                                         clknet_4_12_0_CLK (net)
                      0.079200    0.000256   20.694277 ^ _1462_/CLK (sky130_fd_sc_hd__dfrtp_2)
                                 -0.250000   20.444279   clock uncertainty
                                  0.044777   20.489054   clock reconvergence pessimism
                                 -0.274368   20.214687   library setup time
                                             20.214687   data required time
---------------------------------------------------------------------------------------------
                                             20.214687   data required time
                                             -6.775405   data arrival time
---------------------------------------------------------------------------------------------
                                             13.439282   slack (MET)


Startpoint: _1452_ (rising edge-triggered flip-flop clocked by CLK)
Endpoint: _1461_ (rising edge-triggered flip-flop clocked by CLK)
Path Group: CLK
Path Type: max

Fanout         Cap        Slew       Delay        Time   Description
---------------------------------------------------------------------------------------------
                                  0.000000    0.000000   clock CLK (rise edge)
                                  0.000000    0.000000   clock source latency
     1    0.018921    0.142429    0.101889    0.101889 ^ CLK (in)
                                                         CLK (net)
                      0.142439    0.000000    0.101889 ^ clkbuf_0_CLK/A (sky130_fd_sc_hd__clkbuf_16)
    16    0.102249    0.179542    0.368269    0.470158 ^ clkbuf_0_CLK/X (sky130_fd_sc_hd__clkbuf_16)
                                                         clknet_0_CLK (net)
                      0.179566    0.002261    0.472420 ^ clkbuf_4_6_0_CLK/A (sky130_fd_sc_hd__clkbuf_8)
     6    0.015574    0.073401    0.289870    0.762289 ^ clkbuf_4_6_0_CLK/X (sky130_fd_sc_hd__clkbuf_8)
                                                         clknet_4_6_0_CLK (net)
                      0.073401    0.000136    0.762425 ^ _1452_/CLK (sky130_fd_sc_hd__dfrtp_2)
     6    0.023317    0.163692    0.963767    1.726193 v _1452_/Q (sky130_fd_sc_hd__dfrtp_2)
                                                         pwm.pwm_counter[0] (net)
                      0.163692    0.000200    1.726392 v _0746_/C (sky130_fd_sc_hd__and3_2)
     4    0.021658    0.150218    0.611253    2.337645 v _0746_/X (sky130_fd_sc_hd__and3_2)
                                                         _0099_ (net)
                      0.150218    0.000232    2.337878 v _0750_/C (sky130_fd_sc_hd__and3_2)
     3    0.008356    0.096970    0.532457    2.870334 v _0750_/X (sky130_fd_sc_hd__and3_2)
                                                         _0101_ (net)
                      0.096970    0.000090    2.870425 v _0754_/B (sky130_fd_sc_hd__and2_2)
     4    0.014577    0.120124    0.496074    3.366499 v _0754_/X (sky130_fd_sc_hd__and2_2)
                                                         _0104_ (net)
                      0.120124    0.000059    3.366558 v _0760_/C (sky130_fd_sc_hd__and3_2)
     5    0.028233    0.175060    0.614275    3.980833 v _0760_/X (sky130_fd_sc_hd__and3_2)
                                                         _0108_ (net)
                      0.175060    0.000675    3.981508 v _0764_/A2 (sky130_fd_sc_hd__a21oi_2)
     1    0.002384    0.123025    0.257270    4.238778 ^ _0764_/Y (sky130_fd_sc_hd__a21oi_2)
                                                         _0110_ (net)
                      0.123025    0.000026    4.238804 ^ hold197/A (sky130_fd_sc_hd__dlygate4sd3_1)
     1    0.004928    0.125258    1.147661    5.386465 ^ hold197/X (sky130_fd_sc_hd__dlygate4sd3_1)
                                                         net196 (net)
                      0.125258    0.000024    5.386489 ^ _0765_/B (sky130_fd_sc_hd__nor2_2)
     1    0.002963    0.043120    0.080460    5.466949 v _0765_/Y (sky130_fd_sc_hd__nor2_2)
                                                         _0021_ (net)
                      0.043120    0.000039    5.466987 v _1461_/D (sky130_fd_sc_hd__dfrtp_2)
                                              5.466987   data arrival time

                                 20.000000   20.000000   clock CLK (rise edge)
                                  0.000000   20.000000   clock source latency
     1    0.018921    0.142429    0.092186   20.092186 ^ CLK (in)
                                                         CLK (net)
                      0.142439    0.000000   20.092186 ^ clkbuf_0_CLK/A (sky130_fd_sc_hd__clkbuf_16)
    16    0.102249    0.179542    0.333195   20.425381 ^ clkbuf_0_CLK/X (sky130_fd_sc_hd__clkbuf_16)
                                                         clknet_0_CLK (net)
                      0.179543    0.000894   20.426275 ^ clkbuf_4_9_0_CLK/A (sky130_fd_sc_hd__clkbuf_8)
     6    0.016728    0.075957    0.264702   20.690977 ^ clkbuf_4_9_0_CLK/X (sky130_fd_sc_hd__clkbuf_8)
                                                         clknet_4_9_0_CLK (net)
                      0.075957    0.000325   20.691301 ^ _1461_/CLK (sky130_fd_sc_hd__dfrtp_2)
                                 -0.250000   20.441303   clock uncertainty
                                  0.044777   20.486078   clock reconvergence pessimism
                                 -0.263792   20.222286   library setup time
                                             20.222286   data required time
---------------------------------------------------------------------------------------------
                                             20.222286   data required time
                                             -5.466987   data arrival time
---------------------------------------------------------------------------------------------
                                             14.755300   slack (MET)


Startpoint: _1409_ (rising edge-triggered flip-flop clocked by CLK)
Endpoint: _1414_ (rising edge-triggered flip-flop clocked by CLK)
Path Group: CLK
Path Type: max

Fanout         Cap        Slew       Delay        Time   Description
---------------------------------------------------------------------------------------------
                                  0.000000    0.000000   clock CLK (rise edge)
                                  0.000000    0.000000   clock source latency
     1    0.018921    0.142429    0.101889    0.101889 ^ CLK (in)
                                                         CLK (net)
                      0.142439    0.000000    0.101889 ^ clkbuf_0_CLK/A (sky130_fd_sc_hd__clkbuf_16)
    16    0.102249    0.179542    0.368269    0.470158 ^ clkbuf_0_CLK/X (sky130_fd_sc_hd__clkbuf_16)
                                                         clknet_0_CLK (net)
                      0.179545    0.001238    0.471396 ^ clkbuf_4_13_0_CLK/A (sky130_fd_sc_hd__clkbuf_8)
     6    0.016133    0.074633    0.291202    0.762599 ^ clkbuf_4_13_0_CLK/X (sky130_fd_sc_hd__clkbuf_8)
                                                         clknet_4_13_0_CLK (net)
                      0.074633    0.000084    0.762682 ^ _1409_/CLK (sky130_fd_sc_hd__dfrtp_2)
     5    0.013150    0.123919    0.910046    1.672728 v _1409_/Q (sky130_fd_sc_hd__dfrtp_2)
                                                         gates.phase_c.dead_count[0] (net)
                      0.123919    0.000124    1.672852 v _1309_/A (sky130_fd_sc_hd__or3_2)
     4    0.016272    0.246721    1.324835    2.997687 v _1309_/X (sky130_fd_sc_hd__or3_2)
                                                         _0652_ (net)
                      0.246721    0.000196    2.997883 v _1368_/B (sky130_fd_sc_hd__or2_2)
     4    0.016322    0.182707    0.838244    3.836127 v _1368_/X (sky130_fd_sc_hd__or2_2)
                                                         _0690_ (net)
                      0.182707    0.000157    3.836284 v _1374_/A2 (sky130_fd_sc_hd__o21a_2)
     1    0.002129    0.054841    0.413777    4.250062 v _1374_/X (sky130_fd_sc_hd__o21a_2)
                                                         _0040_ (net)
                      0.054841    0.000022    4.250083 v hold154/A (sky130_fd_sc_hd__dlygate4sd3_1)
     1    0.002673    0.108501    1.170484    5.420567 v hold154/X (sky130_fd_sc_hd__dlygate4sd3_1)
                                                         net153 (net)
                      0.108501    0.000031    5.420598 v _1414_/D (sky130_fd_sc_hd__dfrtp_2)
                                              5.420598   data arrival time

                                 20.000000   20.000000   clock CLK (rise edge)
                                  0.000000   20.000000   clock source latency
     1    0.018921    0.142429    0.092186   20.092186 ^ CLK (in)
                                                         CLK (net)
                      0.142439    0.000000   20.092186 ^ clkbuf_0_CLK/A (sky130_fd_sc_hd__clkbuf_16)
    16    0.102249    0.179542    0.333195   20.425381 ^ clkbuf_0_CLK/X (sky130_fd_sc_hd__clkbuf_16)
                                                         clknet_0_CLK (net)
                      0.179543    0.000894   20.426275 ^ clkbuf_4_9_0_CLK/A (sky130_fd_sc_hd__clkbuf_8)
     6    0.016728    0.075957    0.264702   20.690977 ^ clkbuf_4_9_0_CLK/X (sky130_fd_sc_hd__clkbuf_8)
                                                         clknet_4_9_0_CLK (net)
                      0.075957    0.000053   20.691031 ^ _1414_/CLK (sky130_fd_sc_hd__dfrtp_2)
                                 -0.250000   20.441031   clock uncertainty
                                  0.044777   20.485807   clock reconvergence pessimism
                                 -0.291105   20.194704   library setup time
                                             20.194704   data required time
---------------------------------------------------------------------------------------------
                                             20.194704   data required time
                                             -5.420598   data arrival time
---------------------------------------------------------------------------------------------
                                             14.774106   slack (MET)


Startpoint: _1403_ (rising edge-triggered flip-flop clocked by CLK)
Endpoint: _1408_ (rising edge-triggered flip-flop clocked by CLK)
Path Group: CLK
Path Type: max

Fanout         Cap        Slew       Delay        Time   Description
---------------------------------------------------------------------------------------------
                                  0.000000    0.000000   clock CLK (rise edge)
                                  0.000000    0.000000   clock source latency
     1    0.018921    0.142429    0.101889    0.101889 ^ CLK (in)
                                                         CLK (net)
                      0.142439    0.000000    0.101889 ^ clkbuf_0_CLK/A (sky130_fd_sc_hd__clkbuf_16)
    16    0.102249    0.179542    0.368269    0.470158 ^ clkbuf_0_CLK/X (sky130_fd_sc_hd__clkbuf_16)
                                                         clknet_0_CLK (net)
                      0.179556    0.001880    0.472039 ^ clkbuf_4_11_0_CLK/A (sky130_fd_sc_hd__clkbuf_8)
     6    0.015998    0.074334    0.290879    0.762917 ^ clkbuf_4_11_0_CLK/X (sky130_fd_sc_hd__clkbuf_8)
                                                         clknet_4_11_0_CLK (net)
                      0.074334    0.000199    0.763116 ^ _1403_/CLK (sky130_fd_sc_hd__dfrtp_2)
     5    0.012251    0.119329    0.904127    1.667243 v _1403_/Q (sky130_fd_sc_hd__dfrtp_2)
                                                         gates.phase_b.dead_count[0] (net)
                      0.119329    0.000178    1.667421 v _1320_/A (sky130_fd_sc_hd__or3_2)
     4    0.015918    0.244079    1.319361    2.986783 v _1320_/X (sky130_fd_sc_hd__or3_2)
                                                         _0661_ (net)
                      0.244079    0.000115    2.986898 v _1356_/B (sky130_fd_sc_hd__or2_2)
     4    0.017057    0.186004    0.842799    3.829697 v _1356_/X (sky130_fd_sc_hd__or2_2)
                                                         _0684_ (net)
                      0.186004    0.000259    3.829957 v _1362_/A2 (sky130_fd_sc_hd__o21a_2)
     1    0.002148    0.054935    0.415413    4.245369 v _1362_/X (sky130_fd_sc_hd__o21a_2)
                                                         _0034_ (net)
                      0.054935    0.000021    4.245390 v hold151/A (sky130_fd_sc_hd__dlygate4sd3_1)
     1    0.002244    0.103721    1.162926    5.408317 v hold151/X (sky130_fd_sc_hd__dlygate4sd3_1)
                                                         net150 (net)
                      0.103721    0.000021    5.408338 v _1408_/D (sky130_fd_sc_hd__dfrtp_2)
                                              5.408338   data arrival time

                                 20.000000   20.000000   clock CLK (rise edge)
                                  0.000000   20.000000   clock source latency
     1    0.018921    0.142429    0.092186   20.092186 ^ CLK (in)
                                                         CLK (net)
                      0.142439    0.000000   20.092186 ^ clkbuf_0_CLK/A (sky130_fd_sc_hd__clkbuf_16)
    16    0.102249    0.179542    0.333195   20.425381 ^ clkbuf_0_CLK/X (sky130_fd_sc_hd__clkbuf_16)
                                                         clknet_0_CLK (net)
                      0.179556    0.001702   20.427082 ^ clkbuf_4_11_0_CLK/A (sky130_fd_sc_hd__clkbuf_8)
     6    0.015998    0.074334    0.263176   20.690260 ^ clkbuf_4_11_0_CLK/X (sky130_fd_sc_hd__clkbuf_8)
                                                         clknet_4_11_0_CLK (net)
                      0.074334    0.000172   20.690432 ^ _1408_/CLK (sky130_fd_sc_hd__dfrtp_2)
                                 -0.250000   20.440432   clock uncertainty
                                  0.072659   20.513090   clock reconvergence pessimism
                                 -0.289541   20.223549   library setup time
                                             20.223549   data required time
---------------------------------------------------------------------------------------------
                                             20.223549   data required time
                                             -5.408338   data arrival time
---------------------------------------------------------------------------------------------
                                             14.815212   slack (MET)


Startpoint: _1441_ (rising edge-triggered flip-flop clocked by CLK)
Endpoint: _1431_ (recovery check against rising-edge clock CLK)
Path Group: asynchronous
Path Type: max

Fanout         Cap        Slew       Delay        Time   Description
---------------------------------------------------------------------------------------------
                                  0.000000    0.000000   clock CLK (rise edge)
                                  0.000000    0.000000   clock source latency
     1    0.018921    0.142429    0.101889    0.101889 ^ CLK (in)
                                                         CLK (net)
                      0.142439    0.000000    0.101889 ^ clkbuf_0_CLK/A (sky130_fd_sc_hd__clkbuf_16)
    16    0.102249    0.179542    0.368269    0.470158 ^ clkbuf_0_CLK/X (sky130_fd_sc_hd__clkbuf_16)
                                                         clknet_0_CLK (net)
                      0.179557    0.001910    0.472069 ^ clkbuf_4_10_0_CLK/A (sky130_fd_sc_hd__clkbuf_8)
     6    0.017324    0.077315    0.294065    0.766133 ^ clkbuf_4_10_0_CLK/X (sky130_fd_sc_hd__clkbuf_8)
                                                         clknet_4_10_0_CLK (net)
                      0.077315    0.000112    0.766246 ^ _1441_/CLK (sky130_fd_sc_hd__dfrtp_2)
     1    0.001730    0.063384    0.698705    1.464950 ^ _1441_/Q (sky130_fd_sc_hd__dfrtp_2)
                                                         control.reset_n (net)
                      0.063384    0.000007    1.464957 ^ hold143/A (sky130_fd_sc_hd__dlygate4sd3_1)
     2    0.009671    0.184754    1.181936    2.646893 ^ hold143/X (sky130_fd_sc_hd__dlygate4sd3_1)
                                                         net142 (net)
                      0.184754    0.000282    2.647176 ^ fanout72/A (sky130_fd_sc_hd__clkdlybuf4s25_1)
     8    0.036718    0.591714    0.934377    3.581553 ^ fanout72/X (sky130_fd_sc_hd__clkdlybuf4s25_1)
                                                         net72 (net)
                      0.591714    0.000387    3.581939 ^ fanout69/A (sky130_fd_sc_hd__clkdlybuf4s25_1)
     8    0.037104    0.598221    1.094561    4.676500 ^ fanout69/X (sky130_fd_sc_hd__clkdlybuf4s25_1)
                                                         net69 (net)
                      0.598221    0.000924    4.677424 ^ fanout67/A (sky130_fd_sc_hd__clkdlybuf4s25_1)
     3    0.015342    0.261191    0.844693    5.522117 ^ fanout67/X (sky130_fd_sc_hd__clkdlybuf4s25_1)
                                                         net67 (net)
                      0.261191    0.000465    5.522583 ^ load_slew68/A (sky130_fd_sc_hd__clkbuf_4)
     8    0.032517    0.172306    0.431188    5.953771 ^ load_slew68/X (sky130_fd_sc_hd__clkbuf_4)
                                                         net68 (net)
                      0.172306    0.000373    5.954144 ^ _1431_/RESET_B (sky130_fd_sc_hd__dfrtp_2)
                                              5.954144   data arrival time

                                 20.000000   20.000000   clock CLK (rise edge)
                                  0.000000   20.000000   clock source latency
     1    0.018921    0.142429    0.092186   20.092186 ^ CLK (in)
                                                         CLK (net)
                      0.142439    0.000000   20.092186 ^ clkbuf_0_CLK/A (sky130_fd_sc_hd__clkbuf_16)
    16    0.102249    0.179542    0.333195   20.425381 ^ clkbuf_0_CLK/X (sky130_fd_sc_hd__clkbuf_16)
                                                         clknet_0_CLK (net)
                      0.179569    0.002149   20.427530 ^ clkbuf_4_7_0_CLK/A (sky130_fd_sc_hd__clkbuf_8)
     6    0.014960    0.072059    0.260936   20.688467 ^ clkbuf_4_7_0_CLK/X (sky130_fd_sc_hd__clkbuf_8)
                                                         clknet_4_7_0_CLK (net)
                      0.072060    0.000160   20.688627 ^ _1431_/CLK (sky130_fd_sc_hd__dfrtp_2)
                                 -0.250000   20.438627   clock uncertainty
                                  0.044777   20.483404   clock reconvergence pessimism
                                  0.401522   20.884926   library recovery time
                                             20.884926   data required time
---------------------------------------------------------------------------------------------
                                             20.884926   data required time
                                             -5.954144   data arrival time
---------------------------------------------------------------------------------------------
                                             14.930782   slack (MET)


Startpoint: _1441_ (rising edge-triggered flip-flop clocked by CLK)
Endpoint: _1426_ (recovery check against rising-edge clock CLK)
Path Group: asynchronous
Path Type: max

Fanout         Cap        Slew       Delay        Time   Description
---------------------------------------------------------------------------------------------
                                  0.000000    0.000000   clock CLK (rise edge)
                                  0.000000    0.000000   clock source latency
     1    0.018921    0.142429    0.101889    0.101889 ^ CLK (in)
                                                         CLK (net)
                      0.142439    0.000000    0.101889 ^ clkbuf_0_CLK/A (sky130_fd_sc_hd__clkbuf_16)
    16    0.102249    0.179542    0.368269    0.470158 ^ clkbuf_0_CLK/X (sky130_fd_sc_hd__clkbuf_16)
                                                         clknet_0_CLK (net)
                      0.179557    0.001910    0.472069 ^ clkbuf_4_10_0_CLK/A (sky130_fd_sc_hd__clkbuf_8)
     6    0.017324    0.077315    0.294065    0.766133 ^ clkbuf_4_10_0_CLK/X (sky130_fd_sc_hd__clkbuf_8)
                                                         clknet_4_10_0_CLK (net)
                      0.077315    0.000112    0.766246 ^ _1441_/CLK (sky130_fd_sc_hd__dfrtp_2)
     1    0.001730    0.063384    0.698705    1.464950 ^ _1441_/Q (sky130_fd_sc_hd__dfrtp_2)
                                                         control.reset_n (net)
                      0.063384    0.000007    1.464957 ^ hold143/A (sky130_fd_sc_hd__dlygate4sd3_1)
     2    0.009671    0.184754    1.181936    2.646893 ^ hold143/X (sky130_fd_sc_hd__dlygate4sd3_1)
                                                         net142 (net)
                      0.184754    0.000282    2.647176 ^ fanout72/A (sky130_fd_sc_hd__clkdlybuf4s25_1)
     8    0.036718    0.591714    0.934377    3.581553 ^ fanout72/X (sky130_fd_sc_hd__clkdlybuf4s25_1)
                                                         net72 (net)
                      0.591714    0.000387    3.581939 ^ fanout69/A (sky130_fd_sc_hd__clkdlybuf4s25_1)
     8    0.037104    0.598221    1.094561    4.676500 ^ fanout69/X (sky130_fd_sc_hd__clkdlybuf4s25_1)
                                                         net69 (net)
                      0.598221    0.000924    4.677424 ^ fanout67/A (sky130_fd_sc_hd__clkdlybuf4s25_1)
     3    0.015342    0.261191    0.844693    5.522117 ^ fanout67/X (sky130_fd_sc_hd__clkdlybuf4s25_1)
                                                         net67 (net)
                      0.261191    0.000465    5.522583 ^ load_slew68/A (sky130_fd_sc_hd__clkbuf_4)
     8    0.032517    0.172306    0.431188    5.953771 ^ load_slew68/X (sky130_fd_sc_hd__clkbuf_4)
                                                         net68 (net)
                      0.172306    0.000338    5.954109 ^ _1426_/RESET_B (sky130_fd_sc_hd__dfrtp_2)
                                              5.954109   data arrival time

                                 20.000000   20.000000   clock CLK (rise edge)
                                  0.000000   20.000000   clock source latency
     1    0.018921    0.142429    0.092186   20.092186 ^ CLK (in)
                                                         CLK (net)
                      0.142439    0.000000   20.092186 ^ clkbuf_0_CLK/A (sky130_fd_sc_hd__clkbuf_16)
    16    0.102249    0.179542    0.333195   20.425381 ^ clkbuf_0_CLK/X (sky130_fd_sc_hd__clkbuf_16)
                                                         clknet_0_CLK (net)
                      0.179569    0.002149   20.427530 ^ clkbuf_4_7_0_CLK/A (sky130_fd_sc_hd__clkbuf_8)
     6    0.014960    0.072059    0.260936   20.688467 ^ clkbuf_4_7_0_CLK/X (sky130_fd_sc_hd__clkbuf_8)
                                                         clknet_4_7_0_CLK (net)
                      0.072060    0.000149   20.688616 ^ _1426_/CLK (sky130_fd_sc_hd__dfrtp_2)
                                 -0.250000   20.438616   clock uncertainty
                                  0.044777   20.483393   clock reconvergence pessimism
                                  0.401522   20.884916   library recovery time
                                             20.884916   data required time
---------------------------------------------------------------------------------------------
                                             20.884916   data required time
                                             -5.954109   data arrival time
---------------------------------------------------------------------------------------------
                                             14.930807   slack (MET)


Startpoint: _1441_ (rising edge-triggered flip-flop clocked by CLK)
Endpoint: _1427_ (recovery check against rising-edge clock CLK)
Path Group: asynchronous
Path Type: max

Fanout         Cap        Slew       Delay        Time   Description
---------------------------------------------------------------------------------------------
                                  0.000000    0.000000   clock CLK (rise edge)
                                  0.000000    0.000000   clock source latency
     1    0.018921    0.142429    0.101889    0.101889 ^ CLK (in)
                                                         CLK (net)
                      0.142439    0.000000    0.101889 ^ clkbuf_0_CLK/A (sky130_fd_sc_hd__clkbuf_16)
    16    0.102249    0.179542    0.368269    0.470158 ^ clkbuf_0_CLK/X (sky130_fd_sc_hd__clkbuf_16)
                                                         clknet_0_CLK (net)
                      0.179557    0.001910    0.472069 ^ clkbuf_4_10_0_CLK/A (sky130_fd_sc_hd__clkbuf_8)
     6    0.017324    0.077315    0.294065    0.766133 ^ clkbuf_4_10_0_CLK/X (sky130_fd_sc_hd__clkbuf_8)
                                                         clknet_4_10_0_CLK (net)
                      0.077315    0.000112    0.766246 ^ _1441_/CLK (sky130_fd_sc_hd__dfrtp_2)
     1    0.001730    0.063384    0.698705    1.464950 ^ _1441_/Q (sky130_fd_sc_hd__dfrtp_2)
                                                         control.reset_n (net)
                      0.063384    0.000007    1.464957 ^ hold143/A (sky130_fd_sc_hd__dlygate4sd3_1)
     2    0.009671    0.184754    1.181936    2.646893 ^ hold143/X (sky130_fd_sc_hd__dlygate4sd3_1)
                                                         net142 (net)
                      0.184754    0.000282    2.647176 ^ fanout72/A (sky130_fd_sc_hd__clkdlybuf4s25_1)
     8    0.036718    0.591714    0.934377    3.581553 ^ fanout72/X (sky130_fd_sc_hd__clkdlybuf4s25_1)
                                                         net72 (net)
                      0.591714    0.000387    3.581939 ^ fanout69/A (sky130_fd_sc_hd__clkdlybuf4s25_1)
     8    0.037104    0.598221    1.094561    4.676500 ^ fanout69/X (sky130_fd_sc_hd__clkdlybuf4s25_1)
                                                         net69 (net)
                      0.598221    0.000924    4.677424 ^ fanout67/A (sky130_fd_sc_hd__clkdlybuf4s25_1)
     3    0.015342    0.261191    0.844693    5.522117 ^ fanout67/X (sky130_fd_sc_hd__clkdlybuf4s25_1)
                                                         net67 (net)
                      0.261191    0.000465    5.522583 ^ load_slew68/A (sky130_fd_sc_hd__clkbuf_4)
     8    0.032517    0.172306    0.431188    5.953771 ^ load_slew68/X (sky130_fd_sc_hd__clkbuf_4)
                                                         net68 (net)
                      0.172306    0.000388    5.954159 ^ _1427_/RESET_B (sky130_fd_sc_hd__dfrtp_2)
                                              5.954159   data arrival time

                                 20.000000   20.000000   clock CLK (rise edge)
                                  0.000000   20.000000   clock source latency
     1    0.018921    0.142429    0.092186   20.092186 ^ CLK (in)
                                                         CLK (net)
                      0.142439    0.000000   20.092186 ^ clkbuf_0_CLK/A (sky130_fd_sc_hd__clkbuf_16)
    16    0.102249    0.179542    0.333195   20.425381 ^ clkbuf_0_CLK/X (sky130_fd_sc_hd__clkbuf_16)
                                                         clknet_0_CLK (net)
                      0.179571    0.002210   20.427591 ^ clkbuf_4_5_0_CLK/A (sky130_fd_sc_hd__clkbuf_8)
     6    0.016758    0.076022    0.264858   20.692450 ^ clkbuf_4_5_0_CLK/X (sky130_fd_sc_hd__clkbuf_8)
                                                         clknet_4_5_0_CLK (net)
                      0.076022    0.000108   20.692558 ^ _1427_/CLK (sky130_fd_sc_hd__dfrtp_2)
                                 -0.250000   20.442558   clock uncertainty
                                  0.044777   20.487335   clock reconvergence pessimism
                                  0.402858   20.890194   library recovery time
                                             20.890194   data required time
---------------------------------------------------------------------------------------------
                                             20.890194   data required time
                                             -5.954159   data arrival time
---------------------------------------------------------------------------------------------
                                             14.936035   slack (MET)


Startpoint: _1441_ (rising edge-triggered flip-flop clocked by CLK)
Endpoint: _1430_ (recovery check against rising-edge clock CLK)
Path Group: asynchronous
Path Type: max

Fanout         Cap        Slew       Delay        Time   Description
---------------------------------------------------------------------------------------------
                                  0.000000    0.000000   clock CLK (rise edge)
                                  0.000000    0.000000   clock source latency
     1    0.018921    0.142429    0.101889    0.101889 ^ CLK (in)
                                                         CLK (net)
                      0.142439    0.000000    0.101889 ^ clkbuf_0_CLK/A (sky130_fd_sc_hd__clkbuf_16)
    16    0.102249    0.179542    0.368269    0.470158 ^ clkbuf_0_CLK/X (sky130_fd_sc_hd__clkbuf_16)
                                                         clknet_0_CLK (net)
                      0.179557    0.001910    0.472069 ^ clkbuf_4_10_0_CLK/A (sky130_fd_sc_hd__clkbuf_8)
     6    0.017324    0.077315    0.294065    0.766133 ^ clkbuf_4_10_0_CLK/X (sky130_fd_sc_hd__clkbuf_8)
                                                         clknet_4_10_0_CLK (net)
                      0.077315    0.000112    0.766246 ^ _1441_/CLK (sky130_fd_sc_hd__dfrtp_2)
     1    0.001730    0.063384    0.698705    1.464950 ^ _1441_/Q (sky130_fd_sc_hd__dfrtp_2)
                                                         control.reset_n (net)
                      0.063384    0.000007    1.464957 ^ hold143/A (sky130_fd_sc_hd__dlygate4sd3_1)
     2    0.009671    0.184754    1.181936    2.646893 ^ hold143/X (sky130_fd_sc_hd__dlygate4sd3_1)
                                                         net142 (net)
                      0.184754    0.000282    2.647176 ^ fanout72/A (sky130_fd_sc_hd__clkdlybuf4s25_1)
     8    0.036718    0.591714    0.934377    3.581553 ^ fanout72/X (sky130_fd_sc_hd__clkdlybuf4s25_1)
                                                         net72 (net)
                      0.591714    0.000387    3.581939 ^ fanout69/A (sky130_fd_sc_hd__clkdlybuf4s25_1)
     8    0.037104    0.598221    1.094561    4.676500 ^ fanout69/X (sky130_fd_sc_hd__clkdlybuf4s25_1)
                                                         net69 (net)
                      0.598221    0.000924    4.677424 ^ fanout67/A (sky130_fd_sc_hd__clkdlybuf4s25_1)
     3    0.015342    0.261191    0.844693    5.522117 ^ fanout67/X (sky130_fd_sc_hd__clkdlybuf4s25_1)
                                                         net67 (net)
                      0.261191    0.000465    5.522583 ^ load_slew68/A (sky130_fd_sc_hd__clkbuf_4)
     8    0.032517    0.172306    0.431188    5.953771 ^ load_slew68/X (sky130_fd_sc_hd__clkbuf_4)
                                                         net68 (net)
                      0.172306    0.000176    5.953947 ^ _1430_/RESET_B (sky130_fd_sc_hd__dfrtp_2)
                                              5.953947   data arrival time

                                 20.000000   20.000000   clock CLK (rise edge)
                                  0.000000   20.000000   clock source latency
     1    0.018921    0.142429    0.092186   20.092186 ^ CLK (in)
                                                         CLK (net)
                      0.142439    0.000000   20.092186 ^ clkbuf_0_CLK/A (sky130_fd_sc_hd__clkbuf_16)
    16    0.102249    0.179542    0.333195   20.425381 ^ clkbuf_0_CLK/X (sky130_fd_sc_hd__clkbuf_16)
                                                         clknet_0_CLK (net)
                      0.179571    0.002210   20.427591 ^ clkbuf_4_5_0_CLK/A (sky130_fd_sc_hd__clkbuf_8)
     6    0.016758    0.076022    0.264858   20.692450 ^ clkbuf_4_5_0_CLK/X (sky130_fd_sc_hd__clkbuf_8)
                                                         clknet_4_5_0_CLK (net)
                      0.076022    0.000083   20.692533 ^ _1430_/CLK (sky130_fd_sc_hd__dfrtp_2)
                                 -0.250000   20.442533   clock uncertainty
                                  0.044777   20.487310   clock reconvergence pessimism
                                  0.402858   20.890169   library recovery time
                                             20.890169   data required time
---------------------------------------------------------------------------------------------
                                             20.890169   data required time
                                             -5.953947   data arrival time
---------------------------------------------------------------------------------------------
                                             14.936221   slack (MET)


Startpoint: _1441_ (rising edge-triggered flip-flop clocked by CLK)
Endpoint: _1442_ (recovery check against rising-edge clock CLK)
Path Group: asynchronous
Path Type: max

Fanout         Cap        Slew       Delay        Time   Description
---------------------------------------------------------------------------------------------
                                  0.000000    0.000000   clock CLK (rise edge)
                                  0.000000    0.000000   clock source latency
     1    0.018921    0.142429    0.101889    0.101889 ^ CLK (in)
                                                         CLK (net)
                      0.142439    0.000000    0.101889 ^ clkbuf_0_CLK/A (sky130_fd_sc_hd__clkbuf_16)
    16    0.102249    0.179542    0.368269    0.470158 ^ clkbuf_0_CLK/X (sky130_fd_sc_hd__clkbuf_16)
                                                         clknet_0_CLK (net)
                      0.179557    0.001910    0.472069 ^ clkbuf_4_10_0_CLK/A (sky130_fd_sc_hd__clkbuf_8)
     6    0.017324    0.077315    0.294065    0.766133 ^ clkbuf_4_10_0_CLK/X (sky130_fd_sc_hd__clkbuf_8)
                                                         clknet_4_10_0_CLK (net)
                      0.077315    0.000112    0.766246 ^ _1441_/CLK (sky130_fd_sc_hd__dfrtp_2)
     1    0.001730    0.063384    0.698705    1.464950 ^ _1441_/Q (sky130_fd_sc_hd__dfrtp_2)
                                                         control.reset_n (net)
                      0.063384    0.000007    1.464957 ^ hold143/A (sky130_fd_sc_hd__dlygate4sd3_1)
     2    0.009671    0.184754    1.181936    2.646893 ^ hold143/X (sky130_fd_sc_hd__dlygate4sd3_1)
                                                         net142 (net)
                      0.184754    0.000282    2.647176 ^ fanout72/A (sky130_fd_sc_hd__clkdlybuf4s25_1)
     8    0.036718    0.591714    0.934377    3.581553 ^ fanout72/X (sky130_fd_sc_hd__clkdlybuf4s25_1)
                                                         net72 (net)
                      0.591714    0.000387    3.581939 ^ fanout69/A (sky130_fd_sc_hd__clkdlybuf4s25_1)
     8    0.037104    0.598221    1.094561    4.676500 ^ fanout69/X (sky130_fd_sc_hd__clkdlybuf4s25_1)
                                                         net69 (net)
                      0.598221    0.000924    4.677424 ^ fanout67/A (sky130_fd_sc_hd__clkdlybuf4s25_1)
     3    0.015342    0.261191    0.844693    5.522117 ^ fanout67/X (sky130_fd_sc_hd__clkdlybuf4s25_1)
                                                         net67 (net)
                      0.261191    0.000465    5.522583 ^ load_slew68/A (sky130_fd_sc_hd__clkbuf_4)
     8    0.032517    0.172306    0.431188    5.953771 ^ load_slew68/X (sky130_fd_sc_hd__clkbuf_4)
                                                         net68 (net)
                      0.172306    0.000164    5.953935 ^ _1442_/RESET_B (sky130_fd_sc_hd__dfrtp_2)
                                              5.953935   data arrival time

                                 20.000000   20.000000   clock CLK (rise edge)
                                  0.000000   20.000000   clock source latency
     1    0.018921    0.142429    0.092186   20.092186 ^ CLK (in)
                                                         CLK (net)
                      0.142439    0.000000   20.092186 ^ clkbuf_0_CLK/A (sky130_fd_sc_hd__clkbuf_16)
    16    0.102249    0.179542    0.333195   20.425381 ^ clkbuf_0_CLK/X (sky130_fd_sc_hd__clkbuf_16)
                                                         clknet_0_CLK (net)
                      0.179571    0.002210   20.427591 ^ clkbuf_4_5_0_CLK/A (sky130_fd_sc_hd__clkbuf_8)
     6    0.016758    0.076022    0.264858   20.692450 ^ clkbuf_4_5_0_CLK/X (sky130_fd_sc_hd__clkbuf_8)
                                                         clknet_4_5_0_CLK (net)
                      0.076022    0.000114   20.692562 ^ _1442_/CLK (sky130_fd_sc_hd__dfrtp_2)
                                 -0.250000   20.442564   clock uncertainty
                                  0.044777   20.487341   clock reconvergence pessimism
                                  0.402858   20.890198   library recovery time
                                             20.890198   data required time
---------------------------------------------------------------------------------------------
                                             20.890198   data required time
                                             -5.953935   data arrival time
---------------------------------------------------------------------------------------------
                                             14.936262   slack (MET)


Startpoint: _1441_ (rising edge-triggered flip-flop clocked by CLK)
Endpoint: _1448_ (recovery check against rising-edge clock CLK)
Path Group: asynchronous
Path Type: max

Fanout         Cap        Slew       Delay        Time   Description
---------------------------------------------------------------------------------------------
                                  0.000000    0.000000   clock CLK (rise edge)
                                  0.000000    0.000000   clock source latency
     1    0.018921    0.142429    0.101889    0.101889 ^ CLK (in)
                                                         CLK (net)
                      0.142439    0.000000    0.101889 ^ clkbuf_0_CLK/A (sky130_fd_sc_hd__clkbuf_16)
    16    0.102249    0.179542    0.368269    0.470158 ^ clkbuf_0_CLK/X (sky130_fd_sc_hd__clkbuf_16)
                                                         clknet_0_CLK (net)
                      0.179557    0.001910    0.472069 ^ clkbuf_4_10_0_CLK/A (sky130_fd_sc_hd__clkbuf_8)
     6    0.017324    0.077315    0.294065    0.766133 ^ clkbuf_4_10_0_CLK/X (sky130_fd_sc_hd__clkbuf_8)
                                                         clknet_4_10_0_CLK (net)
                      0.077315    0.000112    0.766246 ^ _1441_/CLK (sky130_fd_sc_hd__dfrtp_2)
     1    0.001730    0.063384    0.698705    1.464950 ^ _1441_/Q (sky130_fd_sc_hd__dfrtp_2)
                                                         control.reset_n (net)
                      0.063384    0.000007    1.464957 ^ hold143/A (sky130_fd_sc_hd__dlygate4sd3_1)
     2    0.009671    0.184754    1.181936    2.646893 ^ hold143/X (sky130_fd_sc_hd__dlygate4sd3_1)
                                                         net142 (net)
                      0.184754    0.000282    2.647176 ^ fanout72/A (sky130_fd_sc_hd__clkdlybuf4s25_1)
     8    0.036718    0.591714    0.934377    3.581553 ^ fanout72/X (sky130_fd_sc_hd__clkdlybuf4s25_1)
                                                         net72 (net)
                      0.591714    0.000387    3.581939 ^ fanout69/A (sky130_fd_sc_hd__clkdlybuf4s25_1)
     8    0.037104    0.598221    1.094561    4.676500 ^ fanout69/X (sky130_fd_sc_hd__clkdlybuf4s25_1)
                                                         net69 (net)
                      0.598221    0.000924    4.677424 ^ fanout67/A (sky130_fd_sc_hd__clkdlybuf4s25_1)
     3    0.015342    0.261191    0.844693    5.522117 ^ fanout67/X (sky130_fd_sc_hd__clkdlybuf4s25_1)
                                                         net67 (net)
                      0.261191    0.000465    5.522583 ^ load_slew68/A (sky130_fd_sc_hd__clkbuf_4)
     8    0.032517    0.172306    0.431188    5.953771 ^ load_slew68/X (sky130_fd_sc_hd__clkbuf_4)
                                                         net68 (net)
                      0.172306    0.000239    5.954010 ^ _1448_/RESET_B (sky130_fd_sc_hd__dfrtp_2)
                                              5.954010   data arrival time

                                 20.000000   20.000000   clock CLK (rise edge)
                                  0.000000   20.000000   clock source latency
     1    0.018921    0.142429    0.092186   20.092186 ^ CLK (in)
                                                         CLK (net)
                      0.142439    0.000000   20.092186 ^ clkbuf_0_CLK/A (sky130_fd_sc_hd__clkbuf_16)
    16    0.102249    0.179542    0.333195   20.425381 ^ clkbuf_0_CLK/X (sky130_fd_sc_hd__clkbuf_16)
                                                         clknet_0_CLK (net)
                      0.179570    0.002169   20.427549 ^ clkbuf_4_4_0_CLK/A (sky130_fd_sc_hd__clkbuf_8)
     6    0.017565    0.077862    0.266578   20.694128 ^ clkbuf_4_4_0_CLK/X (sky130_fd_sc_hd__clkbuf_8)
                                                         clknet_4_4_0_CLK (net)
                      0.077862    0.000144   20.694271 ^ _1448_/CLK (sky130_fd_sc_hd__dfrtp_2)
                                 -0.250000   20.444273   clock uncertainty
                                  0.044777   20.489050   clock reconvergence pessimism
                                  0.403478   20.892527   library recovery time
                                             20.892527   data required time
---------------------------------------------------------------------------------------------
                                             20.892527   data required time
                                             -5.954010   data arrival time
---------------------------------------------------------------------------------------------
                                             14.938519   slack (MET)


Startpoint: _1441_ (rising edge-triggered flip-flop clocked by CLK)
Endpoint: _1446_ (recovery check against rising-edge clock CLK)
Path Group: asynchronous
Path Type: max

Fanout         Cap        Slew       Delay        Time   Description
---------------------------------------------------------------------------------------------
                                  0.000000    0.000000   clock CLK (rise edge)
                                  0.000000    0.000000   clock source latency
     1    0.018921    0.142429    0.101889    0.101889 ^ CLK (in)
                                                         CLK (net)
                      0.142439    0.000000    0.101889 ^ clkbuf_0_CLK/A (sky130_fd_sc_hd__clkbuf_16)
    16    0.102249    0.179542    0.368269    0.470158 ^ clkbuf_0_CLK/X (sky130_fd_sc_hd__clkbuf_16)
                                                         clknet_0_CLK (net)
                      0.179557    0.001910    0.472069 ^ clkbuf_4_10_0_CLK/A (sky130_fd_sc_hd__clkbuf_8)
     6    0.017324    0.077315    0.294065    0.766133 ^ clkbuf_4_10_0_CLK/X (sky130_fd_sc_hd__clkbuf_8)
                                                         clknet_4_10_0_CLK (net)
                      0.077315    0.000112    0.766246 ^ _1441_/CLK (sky130_fd_sc_hd__dfrtp_2)
     1    0.001730    0.063384    0.698705    1.464950 ^ _1441_/Q (sky130_fd_sc_hd__dfrtp_2)
                                                         control.reset_n (net)
                      0.063384    0.000007    1.464957 ^ hold143/A (sky130_fd_sc_hd__dlygate4sd3_1)
     2    0.009671    0.184754    1.181936    2.646893 ^ hold143/X (sky130_fd_sc_hd__dlygate4sd3_1)
                                                         net142 (net)
                      0.184754    0.000282    2.647176 ^ fanout72/A (sky130_fd_sc_hd__clkdlybuf4s25_1)
     8    0.036718    0.591714    0.934377    3.581553 ^ fanout72/X (sky130_fd_sc_hd__clkdlybuf4s25_1)
                                                         net72 (net)
                      0.591714    0.000387    3.581939 ^ fanout69/A (sky130_fd_sc_hd__clkdlybuf4s25_1)
     8    0.037104    0.598221    1.094561    4.676500 ^ fanout69/X (sky130_fd_sc_hd__clkdlybuf4s25_1)
                                                         net69 (net)
                      0.598221    0.000924    4.677424 ^ fanout67/A (sky130_fd_sc_hd__clkdlybuf4s25_1)
     3    0.015342    0.261191    0.844693    5.522117 ^ fanout67/X (sky130_fd_sc_hd__clkdlybuf4s25_1)
                                                         net67 (net)
                      0.261191    0.000465    5.522583 ^ load_slew68/A (sky130_fd_sc_hd__clkbuf_4)
     8    0.032517    0.172306    0.431188    5.953771 ^ load_slew68/X (sky130_fd_sc_hd__clkbuf_4)
                                                         net68 (net)
                      0.172306    0.000143    5.953915 ^ _1446_/RESET_B (sky130_fd_sc_hd__dfrtp_2)
                                              5.953915   data arrival time

                                 20.000000   20.000000   clock CLK (rise edge)
                                  0.000000   20.000000   clock source latency
     1    0.018921    0.142429    0.092186   20.092186 ^ CLK (in)
                                                         CLK (net)
                      0.142439    0.000000   20.092186 ^ clkbuf_0_CLK/A (sky130_fd_sc_hd__clkbuf_16)
    16    0.102249    0.179542    0.333195   20.425381 ^ clkbuf_0_CLK/X (sky130_fd_sc_hd__clkbuf_16)
                                                         clknet_0_CLK (net)
                      0.179570    0.002169   20.427549 ^ clkbuf_4_4_0_CLK/A (sky130_fd_sc_hd__clkbuf_8)
     6    0.017565    0.077862    0.266578   20.694128 ^ clkbuf_4_4_0_CLK/X (sky130_fd_sc_hd__clkbuf_8)
                                                         clknet_4_4_0_CLK (net)
                      0.077862    0.000147   20.694275 ^ _1446_/CLK (sky130_fd_sc_hd__dfrtp_2)
                                 -0.250000   20.444277   clock uncertainty
                                  0.044777   20.489054   clock reconvergence pessimism
                                  0.403478   20.892530   library recovery time
                                             20.892530   data required time
---------------------------------------------------------------------------------------------
                                             20.892530   data required time
                                             -5.953915   data arrival time
---------------------------------------------------------------------------------------------
                                             14.938616   slack (MET)


Startpoint: _1441_ (rising edge-triggered flip-flop clocked by CLK)
Endpoint: _1429_ (recovery check against rising-edge clock CLK)
Path Group: asynchronous
Path Type: max

Fanout         Cap        Slew       Delay        Time   Description
---------------------------------------------------------------------------------------------
                                  0.000000    0.000000   clock CLK (rise edge)
                                  0.000000    0.000000   clock source latency
     1    0.018921    0.142429    0.101889    0.101889 ^ CLK (in)
                                                         CLK (net)
                      0.142439    0.000000    0.101889 ^ clkbuf_0_CLK/A (sky130_fd_sc_hd__clkbuf_16)
    16    0.102249    0.179542    0.368269    0.470158 ^ clkbuf_0_CLK/X (sky130_fd_sc_hd__clkbuf_16)
                                                         clknet_0_CLK (net)
                      0.179557    0.001910    0.472069 ^ clkbuf_4_10_0_CLK/A (sky130_fd_sc_hd__clkbuf_8)
     6    0.017324    0.077315    0.294065    0.766133 ^ clkbuf_4_10_0_CLK/X (sky130_fd_sc_hd__clkbuf_8)
                                                         clknet_4_10_0_CLK (net)
                      0.077315    0.000112    0.766246 ^ _1441_/CLK (sky130_fd_sc_hd__dfrtp_2)
     1    0.001730    0.063384    0.698705    1.464950 ^ _1441_/Q (sky130_fd_sc_hd__dfrtp_2)
                                                         control.reset_n (net)
                      0.063384    0.000007    1.464957 ^ hold143/A (sky130_fd_sc_hd__dlygate4sd3_1)
     2    0.009671    0.184754    1.181936    2.646893 ^ hold143/X (sky130_fd_sc_hd__dlygate4sd3_1)
                                                         net142 (net)
                      0.184754    0.000282    2.647176 ^ fanout72/A (sky130_fd_sc_hd__clkdlybuf4s25_1)
     8    0.036718    0.591714    0.934377    3.581553 ^ fanout72/X (sky130_fd_sc_hd__clkdlybuf4s25_1)
                                                         net72 (net)
                      0.591714    0.000387    3.581939 ^ fanout69/A (sky130_fd_sc_hd__clkdlybuf4s25_1)
     8    0.037104    0.598221    1.094561    4.676500 ^ fanout69/X (sky130_fd_sc_hd__clkdlybuf4s25_1)
                                                         net69 (net)
                      0.598221    0.000924    4.677424 ^ fanout67/A (sky130_fd_sc_hd__clkdlybuf4s25_1)
     3    0.015342    0.261191    0.844693    5.522117 ^ fanout67/X (sky130_fd_sc_hd__clkdlybuf4s25_1)
                                                         net67 (net)
                      0.261191    0.000465    5.522583 ^ load_slew68/A (sky130_fd_sc_hd__clkbuf_4)
     8    0.032517    0.172306    0.431188    5.953771 ^ load_slew68/X (sky130_fd_sc_hd__clkbuf_4)
                                                         net68 (net)
                      0.172306    0.000103    5.953874 ^ _1429_/RESET_B (sky130_fd_sc_hd__dfrtp_2)
                                              5.953874   data arrival time

                                 20.000000   20.000000   clock CLK (rise edge)
                                  0.000000   20.000000   clock source latency
     1    0.018921    0.142429    0.092186   20.092186 ^ CLK (in)
                                                         CLK (net)
                      0.142439    0.000000   20.092186 ^ clkbuf_0_CLK/A (sky130_fd_sc_hd__clkbuf_16)
    16    0.102249    0.179542    0.333195   20.425381 ^ clkbuf_0_CLK/X (sky130_fd_sc_hd__clkbuf_16)
                                                         clknet_0_CLK (net)
                      0.179570    0.002169   20.427549 ^ clkbuf_4_4_0_CLK/A (sky130_fd_sc_hd__clkbuf_8)
     6    0.017565    0.077862    0.266578   20.694128 ^ clkbuf_4_4_0_CLK/X (sky130_fd_sc_hd__clkbuf_8)
                                                         clknet_4_4_0_CLK (net)
                      0.077862    0.000142   20.694269 ^ _1429_/CLK (sky130_fd_sc_hd__dfrtp_2)
                                 -0.250000   20.444271   clock uncertainty
                                  0.044777   20.489048   clock reconvergence pessimism
                                  0.403478   20.892525   library recovery time
                                             20.892525   data required time
---------------------------------------------------------------------------------------------
                                             20.892525   data required time
                                             -5.953874   data arrival time
---------------------------------------------------------------------------------------------
                                             14.938652   slack (MET)


Startpoint: _1441_ (rising edge-triggered flip-flop clocked by CLK)
Endpoint: _1449_ (recovery check against rising-edge clock CLK)
Path Group: asynchronous
Path Type: max

Fanout         Cap        Slew       Delay        Time   Description
---------------------------------------------------------------------------------------------
                                  0.000000    0.000000   clock CLK (rise edge)
                                  0.000000    0.000000   clock source latency
     1    0.018921    0.142429    0.101889    0.101889 ^ CLK (in)
                                                         CLK (net)
                      0.142439    0.000000    0.101889 ^ clkbuf_0_CLK/A (sky130_fd_sc_hd__clkbuf_16)
    16    0.102249    0.179542    0.368269    0.470158 ^ clkbuf_0_CLK/X (sky130_fd_sc_hd__clkbuf_16)
                                                         clknet_0_CLK (net)
                      0.179557    0.001910    0.472069 ^ clkbuf_4_10_0_CLK/A (sky130_fd_sc_hd__clkbuf_8)
     6    0.017324    0.077315    0.294065    0.766133 ^ clkbuf_4_10_0_CLK/X (sky130_fd_sc_hd__clkbuf_8)
                                                         clknet_4_10_0_CLK (net)
                      0.077315    0.000112    0.766246 ^ _1441_/CLK (sky130_fd_sc_hd__dfrtp_2)
     1    0.001730    0.063384    0.698705    1.464950 ^ _1441_/Q (sky130_fd_sc_hd__dfrtp_2)
                                                         control.reset_n (net)
                      0.063384    0.000007    1.464957 ^ hold143/A (sky130_fd_sc_hd__dlygate4sd3_1)
     2    0.009671    0.184754    1.181936    2.646893 ^ hold143/X (sky130_fd_sc_hd__dlygate4sd3_1)
                                                         net142 (net)
                      0.184754    0.000282    2.647176 ^ fanout72/A (sky130_fd_sc_hd__clkdlybuf4s25_1)
     8    0.036718    0.591714    0.934377    3.581553 ^ fanout72/X (sky130_fd_sc_hd__clkdlybuf4s25_1)
                                                         net72 (net)
                      0.591714    0.000387    3.581939 ^ fanout69/A (sky130_fd_sc_hd__clkdlybuf4s25_1)
     8    0.037104    0.598221    1.094561    4.676500 ^ fanout69/X (sky130_fd_sc_hd__clkdlybuf4s25_1)
                                                         net69 (net)
                      0.598221    0.000924    4.677424 ^ fanout67/A (sky130_fd_sc_hd__clkdlybuf4s25_1)
     3    0.015342    0.261191    0.844693    5.522117 ^ fanout67/X (sky130_fd_sc_hd__clkdlybuf4s25_1)
                                                         net67 (net)
                      0.261191    0.000585    5.522702 ^ _1449_/RESET_B (sky130_fd_sc_hd__dfrtp_2)
                                              5.522702   data arrival time

                                 20.000000   20.000000   clock CLK (rise edge)
                                  0.000000   20.000000   clock source latency
     1    0.018921    0.142429    0.092186   20.092186 ^ CLK (in)
                                                         CLK (net)
                      0.142439    0.000000   20.092186 ^ clkbuf_0_CLK/A (sky130_fd_sc_hd__clkbuf_16)
    16    0.102249    0.179542    0.333195   20.425381 ^ clkbuf_0_CLK/X (sky130_fd_sc_hd__clkbuf_16)
                                                         clknet_0_CLK (net)
                      0.179571    0.002210   20.427591 ^ clkbuf_4_5_0_CLK/A (sky130_fd_sc_hd__clkbuf_8)
     6    0.016758    0.076022    0.264858   20.692450 ^ clkbuf_4_5_0_CLK/X (sky130_fd_sc_hd__clkbuf_8)
                                                         clknet_4_5_0_CLK (net)
                      0.076022    0.000052   20.692501 ^ _1449_/CLK (sky130_fd_sc_hd__dfrtp_2)
                                 -0.250000   20.442501   clock uncertainty
                                  0.044777   20.487278   clock reconvergence pessimism
                                  0.364881   20.852160   library recovery time
                                             20.852160   data required time
---------------------------------------------------------------------------------------------
                                             20.852160   data required time
                                             -5.522702   data arrival time
---------------------------------------------------------------------------------------------
                                             15.329457   slack (MET)


Startpoint: _1441_ (rising edge-triggered flip-flop clocked by CLK)
Endpoint: _1432_ (recovery check against rising-edge clock CLK)
Path Group: asynchronous
Path Type: max

Fanout         Cap        Slew       Delay        Time   Description
---------------------------------------------------------------------------------------------
                                  0.000000    0.000000   clock CLK (rise edge)
                                  0.000000    0.000000   clock source latency
     1    0.018921    0.142429    0.101889    0.101889 ^ CLK (in)
                                                         CLK (net)
                      0.142439    0.000000    0.101889 ^ clkbuf_0_CLK/A (sky130_fd_sc_hd__clkbuf_16)
    16    0.102249    0.179542    0.368269    0.470158 ^ clkbuf_0_CLK/X (sky130_fd_sc_hd__clkbuf_16)
                                                         clknet_0_CLK (net)
                      0.179557    0.001910    0.472069 ^ clkbuf_4_10_0_CLK/A (sky130_fd_sc_hd__clkbuf_8)
     6    0.017324    0.077315    0.294065    0.766133 ^ clkbuf_4_10_0_CLK/X (sky130_fd_sc_hd__clkbuf_8)
                                                         clknet_4_10_0_CLK (net)
                      0.077315    0.000112    0.766246 ^ _1441_/CLK (sky130_fd_sc_hd__dfrtp_2)
     1    0.001730    0.063384    0.698705    1.464950 ^ _1441_/Q (sky130_fd_sc_hd__dfrtp_2)
                                                         control.reset_n (net)
                      0.063384    0.000007    1.464957 ^ hold143/A (sky130_fd_sc_hd__dlygate4sd3_1)
     2    0.009671    0.184754    1.181936    2.646893 ^ hold143/X (sky130_fd_sc_hd__dlygate4sd3_1)
                                                         net142 (net)
                      0.184754    0.000282    2.647176 ^ fanout72/A (sky130_fd_sc_hd__clkdlybuf4s25_1)
     8    0.036718    0.591714    0.934377    3.581553 ^ fanout72/X (sky130_fd_sc_hd__clkdlybuf4s25_1)
                                                         net72 (net)
                      0.591714    0.000387    3.581939 ^ fanout69/A (sky130_fd_sc_hd__clkdlybuf4s25_1)
     8    0.037104    0.598221    1.094561    4.676500 ^ fanout69/X (sky130_fd_sc_hd__clkdlybuf4s25_1)
                                                         net69 (net)
                      0.598221    0.000924    4.677424 ^ fanout67/A (sky130_fd_sc_hd__clkdlybuf4s25_1)
     3    0.015342    0.261191    0.844693    5.522117 ^ fanout67/X (sky130_fd_sc_hd__clkdlybuf4s25_1)
                                                         net67 (net)
                      0.261191    0.000562    5.522679 ^ _1432_/RESET_B (sky130_fd_sc_hd__dfrtp_2)
                                              5.522679   data arrival time

                                 20.000000   20.000000   clock CLK (rise edge)
                                  0.000000   20.000000   clock source latency
     1    0.018921    0.142429    0.092186   20.092186 ^ CLK (in)
                                                         CLK (net)
                      0.142439    0.000000   20.092186 ^ clkbuf_0_CLK/A (sky130_fd_sc_hd__clkbuf_16)
    16    0.102249    0.179542    0.333195   20.425381 ^ clkbuf_0_CLK/X (sky130_fd_sc_hd__clkbuf_16)
                                                         clknet_0_CLK (net)
                      0.179571    0.002210   20.427591 ^ clkbuf_4_5_0_CLK/A (sky130_fd_sc_hd__clkbuf_8)
     6    0.016758    0.076022    0.264858   20.692450 ^ clkbuf_4_5_0_CLK/X (sky130_fd_sc_hd__clkbuf_8)
                                                         clknet_4_5_0_CLK (net)
                      0.076022    0.000087   20.692535 ^ _1432_/CLK (sky130_fd_sc_hd__dfrtp_2)
                                 -0.250000   20.442537   clock uncertainty
                                  0.044777   20.487314   clock reconvergence pessimism
                                  0.364881   20.852196   library recovery time
                                             20.852196   data required time
---------------------------------------------------------------------------------------------
                                             20.852196   data required time
                                             -5.522679   data arrival time
---------------------------------------------------------------------------------------------
                                             15.329515   slack (MET)


Startpoint: DUTY[0] (input port clocked by CLK)
Endpoint: _1442_ (rising edge-triggered flip-flop clocked by CLK)
Path Group: CLK
Path Type: max

Fanout         Cap        Slew       Delay        Time   Description
---------------------------------------------------------------------------------------------
                                  0.000000    0.000000   clock CLK (rise edge)
                                  0.000000    0.000000   clock network delay (propagated)
                                  4.000000    4.000000 v input external delay
     1    0.010538    0.049532    0.034630    4.034630 v DUTY[0] (in)
                                                         DUTY[0] (net)
                      0.049532    0.000000    4.034630 v input3/A (sky130_fd_sc_hd__clkdlybuf4s25_1)
     1    0.008738    0.145061    0.537249    4.571879 v input3/X (sky130_fd_sc_hd__clkdlybuf4s25_1)
                                                         net3 (net)
                      0.145061    0.000311    4.572191 v _1442_/D (sky130_fd_sc_hd__dfrtp_2)
                                              4.572191   data arrival time

                                 20.000000   20.000000   clock CLK (rise edge)
                                  0.000000   20.000000   clock source latency
     1    0.018921    0.142429    0.092186   20.092186 ^ CLK (in)
                                                         CLK (net)
                      0.142439    0.000000   20.092186 ^ clkbuf_0_CLK/A (sky130_fd_sc_hd__clkbuf_16)
    16    0.102249    0.179542    0.333195   20.425381 ^ clkbuf_0_CLK/X (sky130_fd_sc_hd__clkbuf_16)
                                                         clknet_0_CLK (net)
                      0.179571    0.002210   20.427591 ^ clkbuf_4_5_0_CLK/A (sky130_fd_sc_hd__clkbuf_8)
     6    0.016758    0.076022    0.264858   20.692450 ^ clkbuf_4_5_0_CLK/X (sky130_fd_sc_hd__clkbuf_8)
                                                         clknet_4_5_0_CLK (net)
                      0.076022    0.000114   20.692562 ^ _1442_/CLK (sky130_fd_sc_hd__dfrtp_2)
                                 -0.250000   20.442564   clock uncertainty
                                  0.000000   20.442564   clock reconvergence pessimism
                                 -0.306360   20.136204   library setup time
                                             20.136204   data required time
---------------------------------------------------------------------------------------------
                                             20.136204   data required time
                                             -4.572191   data arrival time
---------------------------------------------------------------------------------------------
                                             15.564013   slack (MET)


Startpoint: DUTY[7] (input port clocked by CLK)
Endpoint: _1449_ (rising edge-triggered flip-flop clocked by CLK)
Path Group: CLK
Path Type: max

Fanout         Cap        Slew       Delay        Time   Description
---------------------------------------------------------------------------------------------
                                  0.000000    0.000000   clock CLK (rise edge)
                                  0.000000    0.000000   clock network delay (propagated)
                                  4.000000    4.000000 v input external delay
     1    0.009036    0.043433    0.029982    4.029982 v DUTY[7] (in)
                                                         DUTY[7] (net)
                      0.043438    0.000000    4.029982 v input10/A (sky130_fd_sc_hd__clkdlybuf4s25_1)
     1    0.007928    0.135169    0.525449    4.555431 v input10/X (sky130_fd_sc_hd__clkdlybuf4s25_1)
                                                         net10 (net)
                      0.135169    0.000242    4.555674 v _1449_/D (sky130_fd_sc_hd__dfrtp_2)
                                              4.555674   data arrival time

                                 20.000000   20.000000   clock CLK (rise edge)
                                  0.000000   20.000000   clock source latency
     1    0.018921    0.142429    0.092186   20.092186 ^ CLK (in)
                                                         CLK (net)
                      0.142439    0.000000   20.092186 ^ clkbuf_0_CLK/A (sky130_fd_sc_hd__clkbuf_16)
    16    0.102249    0.179542    0.333195   20.425381 ^ clkbuf_0_CLK/X (sky130_fd_sc_hd__clkbuf_16)
                                                         clknet_0_CLK (net)
                      0.179571    0.002210   20.427591 ^ clkbuf_4_5_0_CLK/A (sky130_fd_sc_hd__clkbuf_8)
     6    0.016758    0.076022    0.264858   20.692450 ^ clkbuf_4_5_0_CLK/X (sky130_fd_sc_hd__clkbuf_8)
                                                         clknet_4_5_0_CLK (net)
                      0.076022    0.000052   20.692501 ^ _1449_/CLK (sky130_fd_sc_hd__dfrtp_2)
                                 -0.250000   20.442501   clock uncertainty
                                  0.000000   20.442501   clock reconvergence pessimism
                                 -0.302228   20.140274   library setup time
                                             20.140274   data required time
---------------------------------------------------------------------------------------------
                                             20.140274   data required time
                                             -4.555674   data arrival time
---------------------------------------------------------------------------------------------
                                             15.584600   slack (MET)


Startpoint: DUTY[6] (input port clocked by CLK)
Endpoint: _1448_ (rising edge-triggered flip-flop clocked by CLK)
Path Group: CLK
Path Type: max

Fanout         Cap        Slew       Delay        Time   Description
---------------------------------------------------------------------------------------------
                                  0.000000    0.000000   clock CLK (rise edge)
                                  0.000000    0.000000   clock network delay (propagated)
                                  4.000000    4.000000 v input external delay
     1    0.009651    0.045932    0.031892    4.031892 v DUTY[6] (in)
                                                         DUTY[6] (net)
                      0.045935    0.000000    4.031892 v input9/A (sky130_fd_sc_hd__clkdlybuf4s25_1)
     1    0.007293    0.127443    0.519683    4.551575 v input9/X (sky130_fd_sc_hd__clkdlybuf4s25_1)
                                                         net9 (net)
                      0.127443    0.000122    4.551697 v _1448_/D (sky130_fd_sc_hd__dfrtp_2)
                                              4.551697   data arrival time

                                 20.000000   20.000000   clock CLK (rise edge)
                                  0.000000   20.000000   clock source latency
     1    0.018921    0.142429    0.092186   20.092186 ^ CLK (in)
                                                         CLK (net)
                      0.142439    0.000000   20.092186 ^ clkbuf_0_CLK/A (sky130_fd_sc_hd__clkbuf_16)
    16    0.102249    0.179542    0.333195   20.425381 ^ clkbuf_0_CLK/X (sky130_fd_sc_hd__clkbuf_16)
                                                         clknet_0_CLK (net)
                      0.179570    0.002169   20.427549 ^ clkbuf_4_4_0_CLK/A (sky130_fd_sc_hd__clkbuf_8)
     6    0.017565    0.077862    0.266578   20.694128 ^ clkbuf_4_4_0_CLK/X (sky130_fd_sc_hd__clkbuf_8)
                                                         clknet_4_4_0_CLK (net)
                      0.077862    0.000144   20.694271 ^ _1448_/CLK (sky130_fd_sc_hd__dfrtp_2)
                                 -0.250000   20.444273   clock uncertainty
                                  0.000000   20.444273   clock reconvergence pessimism
                                 -0.298509   20.145763   library setup time
                                             20.145763   data required time
---------------------------------------------------------------------------------------------
                                             20.145763   data required time
                                             -4.551697   data arrival time
---------------------------------------------------------------------------------------------
                                             15.594065   slack (MET)


Startpoint: DUTY[4] (input port clocked by CLK)
Endpoint: _1446_ (rising edge-triggered flip-flop clocked by CLK)
Path Group: CLK
Path Type: max

Fanout         Cap        Slew       Delay        Time   Description
---------------------------------------------------------------------------------------------
                                  0.000000    0.000000   clock CLK (rise edge)
                                  0.000000    0.000000   clock network delay (propagated)
                                  4.000000    4.000000 v input external delay
     1    0.009213    0.044120    0.030415    4.030415 v DUTY[4] (in)
                                                         DUTY[4] (net)
                      0.044121    0.000000    4.030415 v input7/A (sky130_fd_sc_hd__clkdlybuf4s25_1)
     1    0.006370    0.116391    0.508613    4.539028 v input7/X (sky130_fd_sc_hd__clkdlybuf4s25_1)
                                                         net7 (net)
                      0.116391    0.000175    4.539203 v _1446_/D (sky130_fd_sc_hd__dfrtp_2)
                                              4.539203   data arrival time

                                 20.000000   20.000000   clock CLK (rise edge)
                                  0.000000   20.000000   clock source latency
     1    0.018921    0.142429    0.092186   20.092186 ^ CLK (in)
                                                         CLK (net)
                      0.142439    0.000000   20.092186 ^ clkbuf_0_CLK/A (sky130_fd_sc_hd__clkbuf_16)
    16    0.102249    0.179542    0.333195   20.425381 ^ clkbuf_0_CLK/X (sky130_fd_sc_hd__clkbuf_16)
                                                         clknet_0_CLK (net)
                      0.179570    0.002169   20.427549 ^ clkbuf_4_4_0_CLK/A (sky130_fd_sc_hd__clkbuf_8)
     6    0.017565    0.077862    0.266578   20.694128 ^ clkbuf_4_4_0_CLK/X (sky130_fd_sc_hd__clkbuf_8)
                                                         clknet_4_4_0_CLK (net)
                      0.077862    0.000147   20.694275 ^ _1446_/CLK (sky130_fd_sc_hd__dfrtp_2)
                                 -0.250000   20.444277   clock uncertainty
                                  0.000000   20.444277   clock reconvergence pessimism
                                 -0.293892   20.150383   library setup time
                                             20.150383   data required time
---------------------------------------------------------------------------------------------
                                             20.150383   data required time
                                             -4.539203   data arrival time
---------------------------------------------------------------------------------------------
                                             15.611180   slack (MET)


Startpoint: DUTY[1] (input port clocked by CLK)
Endpoint: _1443_ (rising edge-triggered flip-flop clocked by CLK)
Path Group: CLK
Path Type: max

Fanout         Cap        Slew       Delay        Time   Description
---------------------------------------------------------------------------------------------
                                  0.000000    0.000000   clock CLK (rise edge)
                                  0.000000    0.000000   clock network delay (propagated)
                                  4.000000    4.000000 v input external delay
     1    0.006284    0.032240    0.021156    4.021155 v DUTY[1] (in)
                                                         DUTY[1] (net)
                      0.032241    0.000000    4.021155 v input4/A (sky130_fd_sc_hd__clkdlybuf4s25_1)
     1    0.005682    0.108365    0.495341    4.516497 v input4/X (sky130_fd_sc_hd__clkdlybuf4s25_1)
                                                         net4 (net)
                      0.108365    0.000166    4.516663 v _1443_/D (sky130_fd_sc_hd__dfrtp_2)
                                              4.516663   data arrival time

                                 20.000000   20.000000   clock CLK (rise edge)
                                  0.000000   20.000000   clock source latency
     1    0.018921    0.142429    0.092186   20.092186 ^ CLK (in)
                                                         CLK (net)
                      0.142439    0.000000   20.092186 ^ clkbuf_0_CLK/A (sky130_fd_sc_hd__clkbuf_16)
    16    0.102249    0.179542    0.333195   20.425381 ^ clkbuf_0_CLK/X (sky130_fd_sc_hd__clkbuf_16)
                                                         clknet_0_CLK (net)
                      0.179569    0.002149   20.427530 ^ clkbuf_4_7_0_CLK/A (sky130_fd_sc_hd__clkbuf_8)
     6    0.014960    0.072059    0.260936   20.688467 ^ clkbuf_4_7_0_CLK/X (sky130_fd_sc_hd__clkbuf_8)
                                                         clknet_4_7_0_CLK (net)
                      0.072061    0.000174   20.688641 ^ _1443_/CLK (sky130_fd_sc_hd__dfrtp_2)
                                 -0.250000   20.438643   clock uncertainty
                                  0.000000   20.438643   clock reconvergence pessimism
                                 -0.292087   20.146553   library setup time
                                             20.146553   data required time
---------------------------------------------------------------------------------------------
                                             20.146553   data required time
                                             -4.516663   data arrival time
---------------------------------------------------------------------------------------------
                                             15.629890   slack (MET)


Startpoint: HALL_A (input port clocked by CLK)
Endpoint: _1463_ (rising edge-triggered flip-flop clocked by CLK)
Path Group: CLK
Path Type: max

Fanout         Cap        Slew       Delay        Time   Description
---------------------------------------------------------------------------------------------
                                  0.000000    0.000000   clock CLK (rise edge)
                                  0.000000    0.000000   clock network delay (propagated)
                                  4.000000    4.000000 v input external delay
     1    0.004902    0.026725    0.016654    4.016654 v HALL_A (in)
                                                         HALL_A (net)
                      0.026726    0.000000    4.016654 v input14/A (sky130_fd_sc_hd__clkdlybuf4s25_1)
     1    0.007099    0.125230    0.508369    4.525023 v input14/X (sky130_fd_sc_hd__clkdlybuf4s25_1)
                                                         net14 (net)
                      0.125230    0.000239    4.525262 v _1463_/D (sky130_fd_sc_hd__dfrtp_2)
                                              4.525262   data arrival time

                                 20.000000   20.000000   clock CLK (rise edge)
                                  0.000000   20.000000   clock source latency
     1    0.018921    0.142429    0.092186   20.092186 ^ CLK (in)
                                                         CLK (net)
                      0.142439    0.000000   20.092186 ^ clkbuf_0_CLK/A (sky130_fd_sc_hd__clkbuf_16)
    16    0.102249    0.179542    0.333195   20.425381 ^ clkbuf_0_CLK/X (sky130_fd_sc_hd__clkbuf_16)
                                                         clknet_0_CLK (net)
                      0.179569    0.002141   20.427521 ^ clkbuf_4_0_0_CLK/A (sky130_fd_sc_hd__clkbuf_8)
     6    0.021496    0.086978    0.275069   20.702591 ^ clkbuf_4_0_0_CLK/X (sky130_fd_sc_hd__clkbuf_8)
                                                         clknet_4_0_0_CLK (net)
                      0.086978    0.000249   20.702839 ^ _1463_/CLK (sky130_fd_sc_hd__dfrtp_2)
                                 -0.250000   20.452841   clock uncertainty
                                  0.000000   20.452841   clock reconvergence pessimism
                                 -0.295151   20.157690   library setup time
                                             20.157690   data required time
---------------------------------------------------------------------------------------------
                                             20.157690   data required time
                                             -4.525262   data arrival time
---------------------------------------------------------------------------------------------
                                             15.632427   slack (MET)


Startpoint: _1402_ (rising edge-triggered flip-flop clocked by CLK)
Endpoint: _1399_ (rising edge-triggered flip-flop clocked by CLK)
Path Group: CLK
Path Type: max

Fanout         Cap        Slew       Delay        Time   Description
---------------------------------------------------------------------------------------------
                                  0.000000    0.000000   clock CLK (rise edge)
                                  0.000000    0.000000   clock source latency
     1    0.018921    0.142429    0.101889    0.101889 ^ CLK (in)
                                                         CLK (net)
                      0.142439    0.000000    0.101889 ^ clkbuf_0_CLK/A (sky130_fd_sc_hd__clkbuf_16)
    16    0.102249    0.179542    0.368269    0.470158 ^ clkbuf_0_CLK/X (sky130_fd_sc_hd__clkbuf_16)
                                                         clknet_0_CLK (net)
                      0.179554    0.001770    0.471928 ^ clkbuf_4_14_0_CLK/A (sky130_fd_sc_hd__clkbuf_8)
     6    0.017613    0.077970    0.294748    0.766676 ^ clkbuf_4_14_0_CLK/X (sky130_fd_sc_hd__clkbuf_8)
                                                         clknet_4_14_0_CLK (net)
                      0.077970    0.000066    0.766742 ^ _1402_/CLK (sky130_fd_sc_hd__dfrtp_2)
     1    0.001746    0.068738    0.823245    1.589987 v _1402_/Q (sky130_fd_sc_hd__dfrtp_2)
                                                         gates.phase_a.dead_count[5] (net)
                      0.068738    0.000015    1.590002 v hold163/A (sky130_fd_sc_hd__dlygate4sd3_1)
     2    0.007487    0.156076    1.244327    2.834329 v hold163/X (sky130_fd_sc_hd__dlygate4sd3_1)
                                                         net162 (net)
                      0.156076    0.000037    2.834366 v _1333_/A (sky130_fd_sc_hd__nor2_2)
     4    0.016945    0.328306    0.386682    3.221049 ^ _1333_/Y (sky130_fd_sc_hd__nor2_2)
                                                         _0672_ (net)
                      0.328306    0.000207    3.221256 ^ _1344_/A1 (sky130_fd_sc_hd__o21ai_2)
     1    0.002087    0.071742    0.200197    3.421454 v _1344_/Y (sky130_fd_sc_hd__o21ai_2)
                                                         _0025_ (net)
                      0.071742    0.000021    3.421475 v hold166/A (sky130_fd_sc_hd__dlygate4sd3_1)
     1    0.002282    0.103993    1.171147    4.592622 v hold166/X (sky130_fd_sc_hd__dlygate4sd3_1)
                                                         net165 (net)
                      0.103993    0.000023    4.592645 v _1399_/D (sky130_fd_sc_hd__dfrtp_2)
                                              4.592645   data arrival time

                                 20.000000   20.000000   clock CLK (rise edge)
                                  0.000000   20.000000   clock source latency
     1    0.018921    0.142429    0.092186   20.092186 ^ CLK (in)
                                                         CLK (net)
                      0.142439    0.000000   20.092186 ^ clkbuf_0_CLK/A (sky130_fd_sc_hd__clkbuf_16)
    16    0.102249    0.179542    0.333195   20.425381 ^ clkbuf_0_CLK/X (sky130_fd_sc_hd__clkbuf_16)
                                                         clknet_0_CLK (net)
                      0.179554    0.001602   20.426983 ^ clkbuf_4_14_0_CLK/A (sky130_fd_sc_hd__clkbuf_8)
     6    0.017613    0.077970    0.266676   20.693659 ^ clkbuf_4_14_0_CLK/X (sky130_fd_sc_hd__clkbuf_8)
                                                         clknet_4_14_0_CLK (net)
                      0.077970    0.000147   20.693806 ^ _1399_/CLK (sky130_fd_sc_hd__dfrtp_2)
                                 -0.250000   20.443808   clock uncertainty
                                  0.073017   20.516825   clock reconvergence pessimism
                                 -0.288685   20.228140   library setup time
                                             20.228140   data required time
---------------------------------------------------------------------------------------------
                                             20.228140   data required time
                                             -4.592645   data arrival time
---------------------------------------------------------------------------------------------
                                             15.635495   slack (MET)


Startpoint: DUTY[3] (input port clocked by CLK)
Endpoint: _1445_ (rising edge-triggered flip-flop clocked by CLK)
Path Group: CLK
Path Type: max

Fanout         Cap        Slew       Delay        Time   Description
---------------------------------------------------------------------------------------------
                                  0.000000    0.000000   clock CLK (rise edge)
                                  0.000000    0.000000   clock network delay (propagated)
                                  4.000000    4.000000 v input external delay
     1    0.006378    0.032618    0.021458    4.021458 v DUTY[3] (in)
                                                         DUTY[3] (net)
                      0.032619    0.000000    4.021458 v input6/A (sky130_fd_sc_hd__clkdlybuf4s25_1)
     1    0.005075    0.101310    0.488855    4.510313 v input6/X (sky130_fd_sc_hd__clkdlybuf4s25_1)
                                                         net6 (net)
                      0.101310    0.000101    4.510414 v _1445_/D (sky130_fd_sc_hd__dfrtp_2)
                                              4.510414   data arrival time

                                 20.000000   20.000000   clock CLK (rise edge)
                                  0.000000   20.000000   clock source latency
     1    0.018921    0.142429    0.092186   20.092186 ^ CLK (in)
                                                         CLK (net)
                      0.142439    0.000000   20.092186 ^ clkbuf_0_CLK/A (sky130_fd_sc_hd__clkbuf_16)
    16    0.102249    0.179542    0.333195   20.425381 ^ clkbuf_0_CLK/X (sky130_fd_sc_hd__clkbuf_16)
                                                         clknet_0_CLK (net)
                      0.179569    0.002144   20.427525 ^ clkbuf_4_1_0_CLK/A (sky130_fd_sc_hd__clkbuf_8)
     6    0.016941    0.076434    0.265210   20.692736 ^ clkbuf_4_1_0_CLK/X (sky130_fd_sc_hd__clkbuf_8)
                                                         clknet_4_1_0_CLK (net)
                      0.076434    0.000158   20.692894 ^ _1445_/CLK (sky130_fd_sc_hd__dfrtp_2)
                                 -0.250000   20.442894   clock uncertainty
                                  0.000000   20.442894   clock reconvergence pessimism
                                 -0.287974   20.154921   library setup time
                                             20.154921   data required time
---------------------------------------------------------------------------------------------
                                             20.154921   data required time
                                             -4.510414   data arrival time
---------------------------------------------------------------------------------------------
                                             15.644506   slack (MET)


Startpoint: DUTY[2] (input port clocked by CLK)
Endpoint: _1444_ (rising edge-triggered flip-flop clocked by CLK)
Path Group: CLK
Path Type: max

Fanout         Cap        Slew       Delay        Time   Description
---------------------------------------------------------------------------------------------
                                  0.000000    0.000000   clock CLK (rise edge)
                                  0.000000    0.000000   clock network delay (propagated)
                                  4.000000    4.000000 v input external delay
     1    0.006617    0.033588    0.022235    4.022234 v DUTY[2] (in)
                                                         DUTY[2] (net)
                      0.033589    0.000000    4.022234 v input5/A (sky130_fd_sc_hd__clkdlybuf4s25_1)
     1    0.004823    0.098404    0.486540    4.508774 v input5/X (sky130_fd_sc_hd__clkdlybuf4s25_1)
                                                         net5 (net)
                      0.098404    0.000086    4.508860 v _1444_/D (sky130_fd_sc_hd__dfrtp_2)
                                              4.508860   data arrival time

                                 20.000000   20.000000   clock CLK (rise edge)
                                  0.000000   20.000000   clock source latency
     1    0.018921    0.142429    0.092186   20.092186 ^ CLK (in)
                                                         CLK (net)
                      0.142439    0.000000   20.092186 ^ clkbuf_0_CLK/A (sky130_fd_sc_hd__clkbuf_16)
    16    0.102249    0.179542    0.333195   20.425381 ^ clkbuf_0_CLK/X (sky130_fd_sc_hd__clkbuf_16)
                                                         clknet_0_CLK (net)
                      0.179569    0.002144   20.427525 ^ clkbuf_4_1_0_CLK/A (sky130_fd_sc_hd__clkbuf_8)
     6    0.016941    0.076434    0.265210   20.692736 ^ clkbuf_4_1_0_CLK/X (sky130_fd_sc_hd__clkbuf_8)
                                                         clknet_4_1_0_CLK (net)
                      0.076434    0.000112   20.692846 ^ _1444_/CLK (sky130_fd_sc_hd__dfrtp_2)
                                 -0.250000   20.442848   clock uncertainty
                                  0.000000   20.442848   clock reconvergence pessimism
                                 -0.286760   20.156090   library setup time
                                             20.156090   data required time
---------------------------------------------------------------------------------------------
                                             20.156090   data required time
                                             -4.508860   data arrival time
---------------------------------------------------------------------------------------------
                                             15.647228   slack (MET)


Startpoint: DUTY[9] (input port clocked by CLK)
Endpoint: _1451_ (rising edge-triggered flip-flop clocked by CLK)
Path Group: CLK
Path Type: max

Fanout         Cap        Slew       Delay        Time   Description
---------------------------------------------------------------------------------------------
                                  0.000000    0.000000   clock CLK (rise edge)
                                  0.000000    0.000000   clock network delay (propagated)
                                  4.000000    4.000000 v input external delay
     1    0.004642    0.025701    0.015789    4.015789 v DUTY[9] (in)
                                                         DUTY[9] (net)
                      0.025701    0.000000    4.015789 v input12/A (sky130_fd_sc_hd__clkdlybuf4s25_1)
     1    0.004783    0.097932    0.482406    4.498195 v input12/X (sky130_fd_sc_hd__clkdlybuf4s25_1)
                                                         net12 (net)
                      0.097932    0.000096    4.498291 v _1451_/D (sky130_fd_sc_hd__dfrtp_2)
                                              4.498291   data arrival time

                                 20.000000   20.000000   clock CLK (rise edge)
                                  0.000000   20.000000   clock source latency
     1    0.018921    0.142429    0.092186   20.092186 ^ CLK (in)
                                                         CLK (net)
                      0.142439    0.000000   20.092186 ^ clkbuf_0_CLK/A (sky130_fd_sc_hd__clkbuf_16)
    16    0.102249    0.179542    0.333195   20.425381 ^ clkbuf_0_CLK/X (sky130_fd_sc_hd__clkbuf_16)
                                                         clknet_0_CLK (net)
                      0.179553    0.001572   20.426952 ^ clkbuf_4_15_0_CLK/A (sky130_fd_sc_hd__clkbuf_8)
     6    0.015079    0.072320    0.261190   20.688143 ^ clkbuf_4_15_0_CLK/X (sky130_fd_sc_hd__clkbuf_8)
                                                         clknet_4_15_0_CLK (net)
                      0.072320    0.000121   20.688265 ^ _1451_/CLK (sky130_fd_sc_hd__dfrtp_2)
                                 -0.250000   20.438265   clock uncertainty
                                  0.000000   20.438265   clock reconvergence pessimism
                                 -0.287660   20.150606   library setup time
                                             20.150606   data required time
---------------------------------------------------------------------------------------------
                                             20.150606   data required time
                                             -4.498291   data arrival time
---------------------------------------------------------------------------------------------
                                             15.652313   slack (MET)


Startpoint: DUTY[5] (input port clocked by CLK)
Endpoint: _1447_ (rising edge-triggered flip-flop clocked by CLK)
Path Group: CLK
Path Type: max

Fanout         Cap        Slew       Delay        Time   Description
---------------------------------------------------------------------------------------------
                                  0.000000    0.000000   clock CLK (rise edge)
                                  0.000000    0.000000   clock network delay (propagated)
                                  4.000000    4.000000 v input external delay
     1    0.005755    0.030105    0.019469    4.019469 v DUTY[5] (in)
                                                         DUTY[5] (net)
                      0.030106    0.000000    4.019469 v input8/A (sky130_fd_sc_hd__clkdlybuf4s25_1)
     1    0.004302    0.092486    0.479097    4.498567 v input8/X (sky130_fd_sc_hd__clkdlybuf4s25_1)
                                                         net8 (net)
                      0.092486    0.000072    4.498639 v _1447_/D (sky130_fd_sc_hd__dfrtp_2)
                                              4.498639   data arrival time

                                 20.000000   20.000000   clock CLK (rise edge)
                                  0.000000   20.000000   clock source latency
     1    0.018921    0.142429    0.092186   20.092186 ^ CLK (in)
                                                         CLK (net)
                      0.142439    0.000000   20.092186 ^ clkbuf_0_CLK/A (sky130_fd_sc_hd__clkbuf_16)
    16    0.102249    0.179542    0.333195   20.425381 ^ clkbuf_0_CLK/X (sky130_fd_sc_hd__clkbuf_16)
                                                         clknet_0_CLK (net)
                      0.179569    0.002149   20.427530 ^ clkbuf_4_7_0_CLK/A (sky130_fd_sc_hd__clkbuf_8)
     6    0.014960    0.072059    0.260936   20.688467 ^ clkbuf_4_7_0_CLK/X (sky130_fd_sc_hd__clkbuf_8)
                                                         clknet_4_7_0_CLK (net)
                      0.072061    0.000167   20.688633 ^ _1447_/CLK (sky130_fd_sc_hd__dfrtp_2)
                                 -0.250000   20.438635   clock uncertainty
                                  0.000000   20.438635   clock reconvergence pessimism
                                 -0.285454   20.153181   library setup time
                                             20.153181   data required time
---------------------------------------------------------------------------------------------
                                             20.153181   data required time
                                             -4.498639   data arrival time
---------------------------------------------------------------------------------------------
                                             15.654543   slack (MET)


Startpoint: HALL_B (input port clocked by CLK)
Endpoint: _1466_ (rising edge-triggered flip-flop clocked by CLK)
Path Group: CLK
Path Type: max

Fanout         Cap        Slew       Delay        Time   Description
---------------------------------------------------------------------------------------------
                                  0.000000    0.000000   clock CLK (rise edge)
                                  0.000000    0.000000   clock network delay (propagated)
                                  4.000000    4.000000 v input external delay
     1    0.003608    0.021590    0.012358    4.012358 v HALL_B (in)
                                                         HALL_B (net)
                      0.021590    0.000000    4.012358 v input15/A (sky130_fd_sc_hd__clkdlybuf4s25_1)
     1    0.004135    0.090250    0.472985    4.485343 v input15/X (sky130_fd_sc_hd__clkdlybuf4s25_1)
                                                         net15 (net)
                      0.090250    0.000079    4.485422 v _1466_/D (sky130_fd_sc_hd__dfrtp_2)
                                              4.485422   data arrival time

                                 20.000000   20.000000   clock CLK (rise edge)
                                  0.000000   20.000000   clock source latency
     1    0.018921    0.142429    0.092186   20.092186 ^ CLK (in)
                                                         CLK (net)
                      0.142439    0.000000   20.092186 ^ clkbuf_0_CLK/A (sky130_fd_sc_hd__clkbuf_16)
    16    0.102249    0.179542    0.333195   20.425381 ^ clkbuf_0_CLK/X (sky130_fd_sc_hd__clkbuf_16)
                                                         clknet_0_CLK (net)
                      0.179569    0.002141   20.427521 ^ clkbuf_4_0_0_CLK/A (sky130_fd_sc_hd__clkbuf_8)
     6    0.021496    0.086978    0.275069   20.702591 ^ clkbuf_4_0_0_CLK/X (sky130_fd_sc_hd__clkbuf_8)
                                                         clknet_4_0_0_CLK (net)
                      0.086978    0.000275   20.702866 ^ _1466_/CLK (sky130_fd_sc_hd__dfrtp_2)
                                 -0.250000   20.452868   clock uncertainty
                                  0.000000   20.452868   clock reconvergence pessimism
                                 -0.280542   20.172325   library setup time
                                             20.172325   data required time
---------------------------------------------------------------------------------------------
                                             20.172325   data required time
                                             -4.485422   data arrival time
---------------------------------------------------------------------------------------------
                                             15.686903   slack (MET)


Startpoint: DUTY[8] (input port clocked by CLK)
Endpoint: _1450_ (rising edge-triggered flip-flop clocked by CLK)
Path Group: CLK
Path Type: max

Fanout         Cap        Slew       Delay        Time   Description
---------------------------------------------------------------------------------------------
                                  0.000000    0.000000   clock CLK (rise edge)
                                  0.000000    0.000000   clock network delay (propagated)
                                  4.000000    4.000000 v input external delay
     1    0.003856    0.022565    0.013179    4.013179 v DUTY[8] (in)
                                                         DUTY[8] (net)
                      0.022565    0.000000    4.013179 v input11/A (sky130_fd_sc_hd__clkdlybuf4s25_1)
     1    0.002453    0.073005    0.450801    4.463980 v input11/X (sky130_fd_sc_hd__clkdlybuf4s25_1)
                                                         net11 (net)
                      0.073005    0.000017    4.463997 v _1450_/D (sky130_fd_sc_hd__dfrtp_2)
                                              4.463997   data arrival time

                                 20.000000   20.000000   clock CLK (rise edge)
                                  0.000000   20.000000   clock source latency
     1    0.018921    0.142429    0.092186   20.092186 ^ CLK (in)
                                                         CLK (net)
                      0.142439    0.000000   20.092186 ^ clkbuf_0_CLK/A (sky130_fd_sc_hd__clkbuf_16)
    16    0.102249    0.179542    0.333195   20.425381 ^ clkbuf_0_CLK/X (sky130_fd_sc_hd__clkbuf_16)
                                                         clknet_0_CLK (net)
                      0.179554    0.001602   20.426983 ^ clkbuf_4_14_0_CLK/A (sky130_fd_sc_hd__clkbuf_8)
     6    0.017613    0.077970    0.266676   20.693659 ^ clkbuf_4_14_0_CLK/X (sky130_fd_sc_hd__clkbuf_8)
                                                         clknet_4_14_0_CLK (net)
                      0.077970    0.000210   20.693869 ^ _1450_/CLK (sky130_fd_sc_hd__dfrtp_2)
                                 -0.250000   20.443869   clock uncertainty
                                  0.000000   20.443869   clock reconvergence pessimism
                                 -0.275740   20.168129   library setup time
                                             20.168129   data required time
---------------------------------------------------------------------------------------------
                                             20.168129   data required time
                                             -4.463997   data arrival time
---------------------------------------------------------------------------------------------
                                             15.704132   slack (MET)


Startpoint: HALL_C (input port clocked by CLK)
Endpoint: _1468_ (rising edge-triggered flip-flop clocked by CLK)
Path Group: CLK
Path Type: max

Fanout         Cap        Slew       Delay        Time   Description
---------------------------------------------------------------------------------------------
                                  0.000000    0.000000   clock CLK (rise edge)
                                  0.000000    0.000000   clock network delay (propagated)
                                  4.000000    4.000000 v input external delay
     1    0.002978    0.019143    0.010266    4.010266 v HALL_C (in)
                                                         HALL_C (net)
                      0.019143    0.000000    4.010266 v input16/A (sky130_fd_sc_hd__clkdlybuf4s25_1)
     1    0.002814    0.074686    0.454085    4.464351 v input16/X (sky130_fd_sc_hd__clkdlybuf4s25_1)
                                                         net16 (net)
                      0.074686    0.000032    4.464383 v _1468_/D (sky130_fd_sc_hd__dfrtp_2)
                                              4.464383   data arrival time

                                 20.000000   20.000000   clock CLK (rise edge)
                                  0.000000   20.000000   clock source latency
     1    0.018921    0.142429    0.092186   20.092186 ^ CLK (in)
                                                         CLK (net)
                      0.142439    0.000000   20.092186 ^ clkbuf_0_CLK/A (sky130_fd_sc_hd__clkbuf_16)
    16    0.102249    0.179542    0.333195   20.425381 ^ clkbuf_0_CLK/X (sky130_fd_sc_hd__clkbuf_16)
                                                         clknet_0_CLK (net)
                      0.179569    0.002139   20.427521 ^ clkbuf_4_2_0_CLK/A (sky130_fd_sc_hd__clkbuf_8)
     6    0.018780    0.080637    0.269202   20.696722 ^ clkbuf_4_2_0_CLK/X (sky130_fd_sc_hd__clkbuf_8)
                                                         clknet_4_2_0_CLK (net)
                      0.080637    0.000146   20.696867 ^ _1468_/CLK (sky130_fd_sc_hd__dfrtp_2)
                                 -0.250000   20.446867   clock uncertainty
                                  0.000000   20.446867   clock reconvergence pessimism
                                 -0.275731   20.171137   library setup time
                                             20.171137   data required time
---------------------------------------------------------------------------------------------
                                             20.171137   data required time
                                             -4.464383   data arrival time
---------------------------------------------------------------------------------------------
                                             15.706754   slack (MET)


Startpoint: _1454_ (rising edge-triggered flip-flop clocked by CLK)
Endpoint: _1454_ (rising edge-triggered flip-flop clocked by CLK)
Path Group: CLK
Path Type: max

Fanout         Cap        Slew       Delay        Time   Description
---------------------------------------------------------------------------------------------
                                  0.000000    0.000000   clock CLK (rise edge)
                                  0.000000    0.000000   clock source latency
     1    0.018921    0.142429    0.101889    0.101889 ^ CLK (in)
                                                         CLK (net)
                      0.142439    0.000000    0.101889 ^ clkbuf_0_CLK/A (sky130_fd_sc_hd__clkbuf_16)
    16    0.102249    0.179542    0.368269    0.470158 ^ clkbuf_0_CLK/X (sky130_fd_sc_hd__clkbuf_16)
                                                         clknet_0_CLK (net)
                      0.179566    0.002261    0.472420 ^ clkbuf_4_6_0_CLK/A (sky130_fd_sc_hd__clkbuf_8)
     6    0.015574    0.073401    0.289870    0.762289 ^ clkbuf_4_6_0_CLK/X (sky130_fd_sc_hd__clkbuf_8)
                                                         clknet_4_6_0_CLK (net)
                      0.073401    0.000148    0.762438 ^ _1454_/CLK (sky130_fd_sc_hd__dfrtp_2)
     5    0.018752    0.146545    0.944833    1.707271 v _1454_/Q (sky130_fd_sc_hd__dfrtp_2)
                                                         pwm.pwm_counter[2] (net)
                      0.146545    0.000108    1.707379 v hold179/A (sky130_fd_sc_hd__dlygate4sd3_1)
     1    0.004912    0.133426    1.252736    2.960116 v hold179/X (sky130_fd_sc_hd__dlygate4sd3_1)
                                                         net178 (net)
                      0.133426    0.000033    2.960148 v _0747_/B1 (sky130_fd_sc_hd__a21oi_2)
     1    0.002143    0.119038    0.180691    3.140840 ^ _0747_/Y (sky130_fd_sc_hd__a21oi_2)
                                                         _0100_ (net)
                      0.119038    0.000021    3.140861 ^ hold180/A (sky130_fd_sc_hd__dlygate4sd3_1)
     1    0.005242    0.129506    1.149969    4.290830 ^ hold180/X (sky130_fd_sc_hd__dlygate4sd3_1)
                                                         net179 (net)
                      0.129506    0.000033    4.290863 ^ _0748_/B (sky130_fd_sc_hd__nor2_2)
     1    0.003157    0.057495    0.082851    4.373713 v _0748_/Y (sky130_fd_sc_hd__nor2_2)
                                                         _0014_ (net)
                      0.057495    0.000040    4.373754 v _1454_/D (sky130_fd_sc_hd__dfrtp_2)
                                              4.373754   data arrival time

                                 20.000000   20.000000   clock CLK (rise edge)
                                  0.000000   20.000000   clock source latency
     1    0.018921    0.142429    0.092186   20.092186 ^ CLK (in)
                                                         CLK (net)
                      0.142439    0.000000   20.092186 ^ clkbuf_0_CLK/A (sky130_fd_sc_hd__clkbuf_16)
    16    0.102249    0.179542    0.333195   20.425381 ^ clkbuf_0_CLK/X (sky130_fd_sc_hd__clkbuf_16)
                                                         clknet_0_CLK (net)
                      0.179566    0.002046   20.427427 ^ clkbuf_4_6_0_CLK/A (sky130_fd_sc_hd__clkbuf_8)
     6    0.015574    0.073401    0.262263   20.689690 ^ clkbuf_4_6_0_CLK/X (sky130_fd_sc_hd__clkbuf_8)
                                                         clknet_4_6_0_CLK (net)
                      0.073401    0.000135   20.689825 ^ _1454_/CLK (sky130_fd_sc_hd__dfrtp_2)
                                 -0.250000   20.439827   clock uncertainty
                                  0.072613   20.512440   clock reconvergence pessimism
                                 -0.270478   20.241962   library setup time
                                             20.241962   data required time
---------------------------------------------------------------------------------------------
                                             20.241962   data required time
                                             -4.373754   data arrival time
---------------------------------------------------------------------------------------------
                                             15.868207   slack (MET)


Startpoint: _1452_ (rising edge-triggered flip-flop clocked by CLK)
Endpoint: _1460_ (rising edge-triggered flip-flop clocked by CLK)
Path Group: CLK
Path Type: max

Fanout         Cap        Slew       Delay        Time   Description
---------------------------------------------------------------------------------------------
                                  0.000000    0.000000   clock CLK (rise edge)
                                  0.000000    0.000000   clock source latency
     1    0.018921    0.142429    0.101889    0.101889 ^ CLK (in)
                                                         CLK (net)
                      0.142439    0.000000    0.101889 ^ clkbuf_0_CLK/A (sky130_fd_sc_hd__clkbuf_16)
    16    0.102249    0.179542    0.368269    0.470158 ^ clkbuf_0_CLK/X (sky130_fd_sc_hd__clkbuf_16)
                                                         clknet_0_CLK (net)
                      0.179566    0.002261    0.472420 ^ clkbuf_4_6_0_CLK/A (sky130_fd_sc_hd__clkbuf_8)
     6    0.015574    0.073401    0.289870    0.762289 ^ clkbuf_4_6_0_CLK/X (sky130_fd_sc_hd__clkbuf_8)
                                                         clknet_4_6_0_CLK (net)
                      0.073401    0.000136    0.762425 ^ _1452_/CLK (sky130_fd_sc_hd__dfrtp_2)
     6    0.023317    0.163692    0.963767    1.726193 v _1452_/Q (sky130_fd_sc_hd__dfrtp_2)
                                                         pwm.pwm_counter[0] (net)
                      0.163692    0.000200    1.726392 v _0746_/C (sky130_fd_sc_hd__and3_2)
     4    0.021658    0.150218    0.611253    2.337645 v _0746_/X (sky130_fd_sc_hd__and3_2)
                                                         _0099_ (net)
                      0.150218    0.000232    2.337878 v _0750_/C (sky130_fd_sc_hd__and3_2)
     3    0.008356    0.096970    0.532457    2.870334 v _0750_/X (sky130_fd_sc_hd__and3_2)
                                                         _0101_ (net)
                      0.096970    0.000090    2.870425 v _0754_/B (sky130_fd_sc_hd__and2_2)
     4    0.014577    0.120124    0.496074    3.366499 v _0754_/X (sky130_fd_sc_hd__and2_2)
                                                         _0104_ (net)
                      0.120124    0.000059    3.366558 v _0760_/C (sky130_fd_sc_hd__and3_2)
     5    0.028233    0.175060    0.614275    3.980833 v _0760_/X (sky130_fd_sc_hd__and3_2)
                                                         _0108_ (net)
                      0.175060    0.000601    3.981434 v _0762_/B (sky130_fd_sc_hd__xor2_2)
     1    0.002133    0.089009    0.301932    4.283366 v _0762_/X (sky130_fd_sc_hd__xor2_2)
                                                         _0020_ (net)
                      0.089009    0.000020    4.283386 v _1460_/D (sky130_fd_sc_hd__dfrtp_2)
                                              4.283386   data arrival time

                                 20.000000   20.000000   clock CLK (rise edge)
                                  0.000000   20.000000   clock source latency
     1    0.018921    0.142429    0.092186   20.092186 ^ CLK (in)
                                                         CLK (net)
                      0.142439    0.000000   20.092186 ^ clkbuf_0_CLK/A (sky130_fd_sc_hd__clkbuf_16)
    16    0.102249    0.179542    0.333195   20.425381 ^ clkbuf_0_CLK/X (sky130_fd_sc_hd__clkbuf_16)
                                                         clknet_0_CLK (net)
                      0.179543    0.000894   20.426275 ^ clkbuf_4_9_0_CLK/A (sky130_fd_sc_hd__clkbuf_8)
     6    0.016728    0.075957    0.264702   20.690977 ^ clkbuf_4_9_0_CLK/X (sky130_fd_sc_hd__clkbuf_8)
                                                         clknet_4_9_0_CLK (net)
                      0.075958    0.000348   20.691324 ^ _1460_/CLK (sky130_fd_sc_hd__dfrtp_2)
                                 -0.250000   20.441326   clock uncertainty
                                  0.044777   20.486103   clock reconvergence pessimism
                                 -0.282962   20.203140   library setup time
                                             20.203140   data required time
---------------------------------------------------------------------------------------------
                                             20.203140   data required time
                                             -4.283386   data arrival time
---------------------------------------------------------------------------------------------
                                             15.919755   slack (MET)


Startpoint: _1441_ (rising edge-triggered flip-flop clocked by CLK)
Endpoint: _1444_ (recovery check against rising-edge clock CLK)
Path Group: asynchronous
Path Type: max

Fanout         Cap        Slew       Delay        Time   Description
---------------------------------------------------------------------------------------------
                                  0.000000    0.000000   clock CLK (rise edge)
                                  0.000000    0.000000   clock source latency
     1    0.018921    0.142429    0.101889    0.101889 ^ CLK (in)
                                                         CLK (net)
                      0.142439    0.000000    0.101889 ^ clkbuf_0_CLK/A (sky130_fd_sc_hd__clkbuf_16)
    16    0.102249    0.179542    0.368269    0.470158 ^ clkbuf_0_CLK/X (sky130_fd_sc_hd__clkbuf_16)
                                                         clknet_0_CLK (net)
                      0.179557    0.001910    0.472069 ^ clkbuf_4_10_0_CLK/A (sky130_fd_sc_hd__clkbuf_8)
     6    0.017324    0.077315    0.294065    0.766133 ^ clkbuf_4_10_0_CLK/X (sky130_fd_sc_hd__clkbuf_8)
                                                         clknet_4_10_0_CLK (net)
                      0.077315    0.000112    0.766246 ^ _1441_/CLK (sky130_fd_sc_hd__dfrtp_2)
     1    0.001730    0.063384    0.698705    1.464950 ^ _1441_/Q (sky130_fd_sc_hd__dfrtp_2)
                                                         control.reset_n (net)
                      0.063384    0.000007    1.464957 ^ hold143/A (sky130_fd_sc_hd__dlygate4sd3_1)
     2    0.009671    0.184754    1.181936    2.646893 ^ hold143/X (sky130_fd_sc_hd__dlygate4sd3_1)
                                                         net142 (net)
                      0.184754    0.000282    2.647176 ^ fanout72/A (sky130_fd_sc_hd__clkdlybuf4s25_1)
     8    0.036718    0.591714    0.934377    3.581553 ^ fanout72/X (sky130_fd_sc_hd__clkdlybuf4s25_1)
                                                         net72 (net)
                      0.591714    0.000346    3.581899 ^ fanout65/A (sky130_fd_sc_hd__clkdlybuf4s25_1)
    10    0.040236    0.647260    1.130794    4.712693 ^ fanout65/X (sky130_fd_sc_hd__clkdlybuf4s25_1)
                                                         net65 (net)
                      0.647260    0.001345    4.714037 ^ _1444_/RESET_B (sky130_fd_sc_hd__dfrtp_2)
                                              4.714037   data arrival time

                                 20.000000   20.000000   clock CLK (rise edge)
                                  0.000000   20.000000   clock source latency
     1    0.018921    0.142429    0.092186   20.092186 ^ CLK (in)
                                                         CLK (net)
                      0.142439    0.000000   20.092186 ^ clkbuf_0_CLK/A (sky130_fd_sc_hd__clkbuf_16)
    16    0.102249    0.179542    0.333195   20.425381 ^ clkbuf_0_CLK/X (sky130_fd_sc_hd__clkbuf_16)
                                                         clknet_0_CLK (net)
                      0.179569    0.002144   20.427525 ^ clkbuf_4_1_0_CLK/A (sky130_fd_sc_hd__clkbuf_8)
     6    0.016941    0.076434    0.265210   20.692736 ^ clkbuf_4_1_0_CLK/X (sky130_fd_sc_hd__clkbuf_8)
                                                         clknet_4_1_0_CLK (net)
                      0.076434    0.000112   20.692846 ^ _1444_/CLK (sky130_fd_sc_hd__dfrtp_2)
                                 -0.250000   20.442848   clock uncertainty
                                  0.044777   20.487625   clock reconvergence pessimism
                                  0.200075   20.687698   library recovery time
                                             20.687698   data required time
---------------------------------------------------------------------------------------------
                                             20.687698   data required time
                                             -4.714037   data arrival time
---------------------------------------------------------------------------------------------
                                             15.973662   slack (MET)


Startpoint: _1441_ (rising edge-triggered flip-flop clocked by CLK)
Endpoint: _1428_ (recovery check against rising-edge clock CLK)
Path Group: asynchronous
Path Type: max

Fanout         Cap        Slew       Delay        Time   Description
---------------------------------------------------------------------------------------------
                                  0.000000    0.000000   clock CLK (rise edge)
                                  0.000000    0.000000   clock source latency
     1    0.018921    0.142429    0.101889    0.101889 ^ CLK (in)
                                                         CLK (net)
                      0.142439    0.000000    0.101889 ^ clkbuf_0_CLK/A (sky130_fd_sc_hd__clkbuf_16)
    16    0.102249    0.179542    0.368269    0.470158 ^ clkbuf_0_CLK/X (sky130_fd_sc_hd__clkbuf_16)
                                                         clknet_0_CLK (net)
                      0.179557    0.001910    0.472069 ^ clkbuf_4_10_0_CLK/A (sky130_fd_sc_hd__clkbuf_8)
     6    0.017324    0.077315    0.294065    0.766133 ^ clkbuf_4_10_0_CLK/X (sky130_fd_sc_hd__clkbuf_8)
                                                         clknet_4_10_0_CLK (net)
                      0.077315    0.000112    0.766246 ^ _1441_/CLK (sky130_fd_sc_hd__dfrtp_2)
     1    0.001730    0.063384    0.698705    1.464950 ^ _1441_/Q (sky130_fd_sc_hd__dfrtp_2)
                                                         control.reset_n (net)
                      0.063384    0.000007    1.464957 ^ hold143/A (sky130_fd_sc_hd__dlygate4sd3_1)
     2    0.009671    0.184754    1.181936    2.646893 ^ hold143/X (sky130_fd_sc_hd__dlygate4sd3_1)
                                                         net142 (net)
                      0.184754    0.000282    2.647176 ^ fanout72/A (sky130_fd_sc_hd__clkdlybuf4s25_1)
     8    0.036718    0.591714    0.934377    3.581553 ^ fanout72/X (sky130_fd_sc_hd__clkdlybuf4s25_1)
                                                         net72 (net)
                      0.591714    0.000346    3.581899 ^ fanout65/A (sky130_fd_sc_hd__clkdlybuf4s25_1)
    10    0.040236    0.647260    1.130794    4.712693 ^ fanout65/X (sky130_fd_sc_hd__clkdlybuf4s25_1)
                                                         net65 (net)
                      0.647260    0.001371    4.714064 ^ _1428_/RESET_B (sky130_fd_sc_hd__dfrtp_2)
                                              4.714064   data arrival time

                                 20.000000   20.000000   clock CLK (rise edge)
                                  0.000000   20.000000   clock source latency
     1    0.018921    0.142429    0.092186   20.092186 ^ CLK (in)
                                                         CLK (net)
                      0.142439    0.000000   20.092186 ^ clkbuf_0_CLK/A (sky130_fd_sc_hd__clkbuf_16)
    16    0.102249    0.179542    0.333195   20.425381 ^ clkbuf_0_CLK/X (sky130_fd_sc_hd__clkbuf_16)
                                                         clknet_0_CLK (net)
                      0.179569    0.002144   20.427525 ^ clkbuf_4_1_0_CLK/A (sky130_fd_sc_hd__clkbuf_8)
     6    0.016941    0.076434    0.265210   20.692736 ^ clkbuf_4_1_0_CLK/X (sky130_fd_sc_hd__clkbuf_8)
                                                         clknet_4_1_0_CLK (net)
                      0.076434    0.000162   20.692898 ^ _1428_/CLK (sky130_fd_sc_hd__dfrtp_2)
                                 -0.250000   20.442898   clock uncertainty
                                  0.044777   20.487675   clock reconvergence pessimism
                                  0.200075   20.687750   library recovery time
                                             20.687750   data required time
---------------------------------------------------------------------------------------------
                                             20.687750   data required time
                                             -4.714064   data arrival time
---------------------------------------------------------------------------------------------
                                             15.973685   slack (MET)


Startpoint: _1441_ (rising edge-triggered flip-flop clocked by CLK)
Endpoint: _1445_ (recovery check against rising-edge clock CLK)
Path Group: asynchronous
Path Type: max

Fanout         Cap        Slew       Delay        Time   Description
---------------------------------------------------------------------------------------------
                                  0.000000    0.000000   clock CLK (rise edge)
                                  0.000000    0.000000   clock source latency
     1    0.018921    0.142429    0.101889    0.101889 ^ CLK (in)
                                                         CLK (net)
                      0.142439    0.000000    0.101889 ^ clkbuf_0_CLK/A (sky130_fd_sc_hd__clkbuf_16)
    16    0.102249    0.179542    0.368269    0.470158 ^ clkbuf_0_CLK/X (sky130_fd_sc_hd__clkbuf_16)
                                                         clknet_0_CLK (net)
                      0.179557    0.001910    0.472069 ^ clkbuf_4_10_0_CLK/A (sky130_fd_sc_hd__clkbuf_8)
     6    0.017324    0.077315    0.294065    0.766133 ^ clkbuf_4_10_0_CLK/X (sky130_fd_sc_hd__clkbuf_8)
                                                         clknet_4_10_0_CLK (net)
                      0.077315    0.000112    0.766246 ^ _1441_/CLK (sky130_fd_sc_hd__dfrtp_2)
     1    0.001730    0.063384    0.698705    1.464950 ^ _1441_/Q (sky130_fd_sc_hd__dfrtp_2)
                                                         control.reset_n (net)
                      0.063384    0.000007    1.464957 ^ hold143/A (sky130_fd_sc_hd__dlygate4sd3_1)
     2    0.009671    0.184754    1.181936    2.646893 ^ hold143/X (sky130_fd_sc_hd__dlygate4sd3_1)
                                                         net142 (net)
                      0.184754    0.000282    2.647176 ^ fanout72/A (sky130_fd_sc_hd__clkdlybuf4s25_1)
     8    0.036718    0.591714    0.934377    3.581553 ^ fanout72/X (sky130_fd_sc_hd__clkdlybuf4s25_1)
                                                         net72 (net)
                      0.591714    0.000346    3.581899 ^ fanout65/A (sky130_fd_sc_hd__clkdlybuf4s25_1)
    10    0.040236    0.647260    1.130794    4.712693 ^ fanout65/X (sky130_fd_sc_hd__clkdlybuf4s25_1)
                                                         net65 (net)
                      0.647260    0.001284    4.713977 ^ _1445_/RESET_B (sky130_fd_sc_hd__dfrtp_2)
                                              4.713977   data arrival time

                                 20.000000   20.000000   clock CLK (rise edge)
                                  0.000000   20.000000   clock source latency
     1    0.018921    0.142429    0.092186   20.092186 ^ CLK (in)
                                                         CLK (net)
                      0.142439    0.000000   20.092186 ^ clkbuf_0_CLK/A (sky130_fd_sc_hd__clkbuf_16)
    16    0.102249    0.179542    0.333195   20.425381 ^ clkbuf_0_CLK/X (sky130_fd_sc_hd__clkbuf_16)
                                                         clknet_0_CLK (net)
                      0.179569    0.002144   20.427525 ^ clkbuf_4_1_0_CLK/A (sky130_fd_sc_hd__clkbuf_8)
     6    0.016941    0.076434    0.265210   20.692736 ^ clkbuf_4_1_0_CLK/X (sky130_fd_sc_hd__clkbuf_8)
                                                         clknet_4_1_0_CLK (net)
                      0.076434    0.000158   20.692894 ^ _1445_/CLK (sky130_fd_sc_hd__dfrtp_2)
                                 -0.250000   20.442894   clock uncertainty
                                  0.044777   20.487671   clock reconvergence pessimism
                                  0.200075   20.687746   library recovery time
                                             20.687746   data required time
---------------------------------------------------------------------------------------------
                                             20.687746   data required time
                                             -4.713977   data arrival time
---------------------------------------------------------------------------------------------
                                             15.973768   slack (MET)


Startpoint: _1441_ (rising edge-triggered flip-flop clocked by CLK)
Endpoint: _1464_ (recovery check against rising-edge clock CLK)
Path Group: asynchronous
Path Type: max

Fanout         Cap        Slew       Delay        Time   Description
---------------------------------------------------------------------------------------------
                                  0.000000    0.000000   clock CLK (rise edge)
                                  0.000000    0.000000   clock source latency
     1    0.018921    0.142429    0.101889    0.101889 ^ CLK (in)
                                                         CLK (net)
                      0.142439    0.000000    0.101889 ^ clkbuf_0_CLK/A (sky130_fd_sc_hd__clkbuf_16)
    16    0.102249    0.179542    0.368269    0.470158 ^ clkbuf_0_CLK/X (sky130_fd_sc_hd__clkbuf_16)
                                                         clknet_0_CLK (net)
                      0.179557    0.001910    0.472069 ^ clkbuf_4_10_0_CLK/A (sky130_fd_sc_hd__clkbuf_8)
     6    0.017324    0.077315    0.294065    0.766133 ^ clkbuf_4_10_0_CLK/X (sky130_fd_sc_hd__clkbuf_8)
                                                         clknet_4_10_0_CLK (net)
                      0.077315    0.000112    0.766246 ^ _1441_/CLK (sky130_fd_sc_hd__dfrtp_2)
     1    0.001730    0.063384    0.698705    1.464950 ^ _1441_/Q (sky130_fd_sc_hd__dfrtp_2)
                                                         control.reset_n (net)
                      0.063384    0.000007    1.464957 ^ hold143/A (sky130_fd_sc_hd__dlygate4sd3_1)
     2    0.009671    0.184754    1.181936    2.646893 ^ hold143/X (sky130_fd_sc_hd__dlygate4sd3_1)
                                                         net142 (net)
                      0.184754    0.000282    2.647176 ^ fanout72/A (sky130_fd_sc_hd__clkdlybuf4s25_1)
     8    0.036718    0.591714    0.934377    3.581553 ^ fanout72/X (sky130_fd_sc_hd__clkdlybuf4s25_1)
                                                         net72 (net)
                      0.591714    0.000346    3.581899 ^ fanout65/A (sky130_fd_sc_hd__clkdlybuf4s25_1)
    10    0.040236    0.647260    1.130794    4.712693 ^ fanout65/X (sky130_fd_sc_hd__clkdlybuf4s25_1)
                                                         net65 (net)
                      0.647260    0.001151    4.713843 ^ _1464_/RESET_B (sky130_fd_sc_hd__dfrtp_2)
                                              4.713843   data arrival time

                                 20.000000   20.000000   clock CLK (rise edge)
                                  0.000000   20.000000   clock source latency
     1    0.018921    0.142429    0.092186   20.092186 ^ CLK (in)
                                                         CLK (net)
                      0.142439    0.000000   20.092186 ^ clkbuf_0_CLK/A (sky130_fd_sc_hd__clkbuf_16)
    16    0.102249    0.179542    0.333195   20.425381 ^ clkbuf_0_CLK/X (sky130_fd_sc_hd__clkbuf_16)
                                                         clknet_0_CLK (net)
                      0.179569    0.002144   20.427525 ^ clkbuf_4_1_0_CLK/A (sky130_fd_sc_hd__clkbuf_8)
     6    0.016941    0.076434    0.265210   20.692736 ^ clkbuf_4_1_0_CLK/X (sky130_fd_sc_hd__clkbuf_8)
                                                         clknet_4_1_0_CLK (net)
                      0.076434    0.000231   20.692966 ^ _1464_/CLK (sky130_fd_sc_hd__dfrtp_2)
                                 -0.250000   20.442966   clock uncertainty
                                  0.044777   20.487743   clock reconvergence pessimism
                                  0.200075   20.687819   library recovery time
                                             20.687819   data required time
---------------------------------------------------------------------------------------------
                                             20.687819   data required time
                                             -4.713843   data arrival time
---------------------------------------------------------------------------------------------
                                             15.973974   slack (MET)


Startpoint: _1441_ (rising edge-triggered flip-flop clocked by CLK)
Endpoint: _1421_ (recovery check against rising-edge clock CLK)
Path Group: asynchronous
Path Type: max

Fanout         Cap        Slew       Delay        Time   Description
---------------------------------------------------------------------------------------------
                                  0.000000    0.000000   clock CLK (rise edge)
                                  0.000000    0.000000   clock source latency
     1    0.018921    0.142429    0.101889    0.101889 ^ CLK (in)
                                                         CLK (net)
                      0.142439    0.000000    0.101889 ^ clkbuf_0_CLK/A (sky130_fd_sc_hd__clkbuf_16)
    16    0.102249    0.179542    0.368269    0.470158 ^ clkbuf_0_CLK/X (sky130_fd_sc_hd__clkbuf_16)
                                                         clknet_0_CLK (net)
                      0.179557    0.001910    0.472069 ^ clkbuf_4_10_0_CLK/A (sky130_fd_sc_hd__clkbuf_8)
     6    0.017324    0.077315    0.294065    0.766133 ^ clkbuf_4_10_0_CLK/X (sky130_fd_sc_hd__clkbuf_8)
                                                         clknet_4_10_0_CLK (net)
                      0.077315    0.000112    0.766246 ^ _1441_/CLK (sky130_fd_sc_hd__dfrtp_2)
     1    0.001730    0.063384    0.698705    1.464950 ^ _1441_/Q (sky130_fd_sc_hd__dfrtp_2)
                                                         control.reset_n (net)
                      0.063384    0.000007    1.464957 ^ hold143/A (sky130_fd_sc_hd__dlygate4sd3_1)
     2    0.009671    0.184754    1.181936    2.646893 ^ hold143/X (sky130_fd_sc_hd__dlygate4sd3_1)
                                                         net142 (net)
                      0.184754    0.000282    2.647176 ^ fanout72/A (sky130_fd_sc_hd__clkdlybuf4s25_1)
     8    0.036718    0.591714    0.934377    3.581553 ^ fanout72/X (sky130_fd_sc_hd__clkdlybuf4s25_1)
                                                         net72 (net)
                      0.591714    0.000346    3.581899 ^ fanout65/A (sky130_fd_sc_hd__clkdlybuf4s25_1)
    10    0.040236    0.647260    1.130794    4.712693 ^ fanout65/X (sky130_fd_sc_hd__clkdlybuf4s25_1)
                                                         net65 (net)
                      0.647260    0.000902    4.713594 ^ _1421_/RESET_B (sky130_fd_sc_hd__dfrtp_2)
                                              4.713594   data arrival time

                                 20.000000   20.000000   clock CLK (rise edge)
                                  0.000000   20.000000   clock source latency
     1    0.018921    0.142429    0.092186   20.092186 ^ CLK (in)
                                                         CLK (net)
                      0.142439    0.000000   20.092186 ^ clkbuf_0_CLK/A (sky130_fd_sc_hd__clkbuf_16)
    16    0.102249    0.179542    0.333195   20.425381 ^ clkbuf_0_CLK/X (sky130_fd_sc_hd__clkbuf_16)
                                                         clknet_0_CLK (net)
                      0.179569    0.002144   20.427525 ^ clkbuf_4_1_0_CLK/A (sky130_fd_sc_hd__clkbuf_8)
     6    0.016941    0.076434    0.265210   20.692736 ^ clkbuf_4_1_0_CLK/X (sky130_fd_sc_hd__clkbuf_8)
                                                         clknet_4_1_0_CLK (net)
                      0.076434    0.000151   20.692886 ^ _1421_/CLK (sky130_fd_sc_hd__dfrtp_2)
                                 -0.250000   20.442886   clock uncertainty
                                  0.044777   20.487663   clock reconvergence pessimism
                                  0.200075   20.687738   library recovery time
                                             20.687738   data required time
---------------------------------------------------------------------------------------------
                                             20.687738   data required time
                                             -4.713594   data arrival time
---------------------------------------------------------------------------------------------
                                             15.974143   slack (MET)


Startpoint: _1441_ (rising edge-triggered flip-flop clocked by CLK)
Endpoint: _1420_ (recovery check against rising-edge clock CLK)
Path Group: asynchronous
Path Type: max

Fanout         Cap        Slew       Delay        Time   Description
---------------------------------------------------------------------------------------------
                                  0.000000    0.000000   clock CLK (rise edge)
                                  0.000000    0.000000   clock source latency
     1    0.018921    0.142429    0.101889    0.101889 ^ CLK (in)
                                                         CLK (net)
                      0.142439    0.000000    0.101889 ^ clkbuf_0_CLK/A (sky130_fd_sc_hd__clkbuf_16)
    16    0.102249    0.179542    0.368269    0.470158 ^ clkbuf_0_CLK/X (sky130_fd_sc_hd__clkbuf_16)
                                                         clknet_0_CLK (net)
                      0.179557    0.001910    0.472069 ^ clkbuf_4_10_0_CLK/A (sky130_fd_sc_hd__clkbuf_8)
     6    0.017324    0.077315    0.294065    0.766133 ^ clkbuf_4_10_0_CLK/X (sky130_fd_sc_hd__clkbuf_8)
                                                         clknet_4_10_0_CLK (net)
                      0.077315    0.000112    0.766246 ^ _1441_/CLK (sky130_fd_sc_hd__dfrtp_2)
     1    0.001730    0.063384    0.698705    1.464950 ^ _1441_/Q (sky130_fd_sc_hd__dfrtp_2)
                                                         control.reset_n (net)
                      0.063384    0.000007    1.464957 ^ hold143/A (sky130_fd_sc_hd__dlygate4sd3_1)
     2    0.009671    0.184754    1.181936    2.646893 ^ hold143/X (sky130_fd_sc_hd__dlygate4sd3_1)
                                                         net142 (net)
                      0.184754    0.000282    2.647176 ^ fanout72/A (sky130_fd_sc_hd__clkdlybuf4s25_1)
     8    0.036718    0.591714    0.934377    3.581553 ^ fanout72/X (sky130_fd_sc_hd__clkdlybuf4s25_1)
                                                         net72 (net)
                      0.591714    0.000346    3.581899 ^ fanout65/A (sky130_fd_sc_hd__clkdlybuf4s25_1)
    10    0.040236    0.647260    1.130794    4.712693 ^ fanout65/X (sky130_fd_sc_hd__clkdlybuf4s25_1)
                                                         net65 (net)
                      0.647260    0.001227    4.713920 ^ _1420_/RESET_B (sky130_fd_sc_hd__dfrtp_2)
                                              4.713920   data arrival time

                                 20.000000   20.000000   clock CLK (rise edge)
                                  0.000000   20.000000   clock source latency
     1    0.018921    0.142429    0.092186   20.092186 ^ CLK (in)
                                                         CLK (net)
                      0.142439    0.000000   20.092186 ^ clkbuf_0_CLK/A (sky130_fd_sc_hd__clkbuf_16)
    16    0.102249    0.179542    0.333195   20.425381 ^ clkbuf_0_CLK/X (sky130_fd_sc_hd__clkbuf_16)
                                                         clknet_0_CLK (net)
                      0.179569    0.002141   20.427521 ^ clkbuf_4_0_0_CLK/A (sky130_fd_sc_hd__clkbuf_8)
     6    0.021496    0.086978    0.275069   20.702591 ^ clkbuf_4_0_0_CLK/X (sky130_fd_sc_hd__clkbuf_8)
                                                         clknet_4_0_0_CLK (net)
                      0.086978    0.000242   20.702831 ^ _1420_/CLK (sky130_fd_sc_hd__dfrtp_2)
                                 -0.250000   20.452833   clock uncertainty
                                  0.044777   20.497610   clock reconvergence pessimism
                                  0.203784   20.701393   library recovery time
                                             20.701393   data required time
---------------------------------------------------------------------------------------------
                                             20.701393   data required time
                                             -4.713920   data arrival time
---------------------------------------------------------------------------------------------
                                             15.987473   slack (MET)


Startpoint: _1441_ (rising edge-triggered flip-flop clocked by CLK)
Endpoint: _1463_ (recovery check against rising-edge clock CLK)
Path Group: asynchronous
Path Type: max

Fanout         Cap        Slew       Delay        Time   Description
---------------------------------------------------------------------------------------------
                                  0.000000    0.000000   clock CLK (rise edge)
                                  0.000000    0.000000   clock source latency
     1    0.018921    0.142429    0.101889    0.101889 ^ CLK (in)
                                                         CLK (net)
                      0.142439    0.000000    0.101889 ^ clkbuf_0_CLK/A (sky130_fd_sc_hd__clkbuf_16)
    16    0.102249    0.179542    0.368269    0.470158 ^ clkbuf_0_CLK/X (sky130_fd_sc_hd__clkbuf_16)
                                                         clknet_0_CLK (net)
                      0.179557    0.001910    0.472069 ^ clkbuf_4_10_0_CLK/A (sky130_fd_sc_hd__clkbuf_8)
     6    0.017324    0.077315    0.294065    0.766133 ^ clkbuf_4_10_0_CLK/X (sky130_fd_sc_hd__clkbuf_8)
                                                         clknet_4_10_0_CLK (net)
                      0.077315    0.000112    0.766246 ^ _1441_/CLK (sky130_fd_sc_hd__dfrtp_2)
     1    0.001730    0.063384    0.698705    1.464950 ^ _1441_/Q (sky130_fd_sc_hd__dfrtp_2)
                                                         control.reset_n (net)
                      0.063384    0.000007    1.464957 ^ hold143/A (sky130_fd_sc_hd__dlygate4sd3_1)
     2    0.009671    0.184754    1.181936    2.646893 ^ hold143/X (sky130_fd_sc_hd__dlygate4sd3_1)
                                                         net142 (net)
                      0.184754    0.000282    2.647176 ^ fanout72/A (sky130_fd_sc_hd__clkdlybuf4s25_1)
     8    0.036718    0.591714    0.934377    3.581553 ^ fanout72/X (sky130_fd_sc_hd__clkdlybuf4s25_1)
                                                         net72 (net)
                      0.591714    0.000346    3.581899 ^ fanout65/A (sky130_fd_sc_hd__clkdlybuf4s25_1)
    10    0.040236    0.647260    1.130794    4.712693 ^ fanout65/X (sky130_fd_sc_hd__clkdlybuf4s25_1)
                                                         net65 (net)
                      0.647260    0.001130    4.713823 ^ _1463_/RESET_B (sky130_fd_sc_hd__dfrtp_2)
                                              4.713823   data arrival time

                                 20.000000   20.000000   clock CLK (rise edge)
                                  0.000000   20.000000   clock source latency
     1    0.018921    0.142429    0.092186   20.092186 ^ CLK (in)
                                                         CLK (net)
                      0.142439    0.000000   20.092186 ^ clkbuf_0_CLK/A (sky130_fd_sc_hd__clkbuf_16)
    16    0.102249    0.179542    0.333195   20.425381 ^ clkbuf_0_CLK/X (sky130_fd_sc_hd__clkbuf_16)
                                                         clknet_0_CLK (net)
                      0.179569    0.002141   20.427521 ^ clkbuf_4_0_0_CLK/A (sky130_fd_sc_hd__clkbuf_8)
     6    0.021496    0.086978    0.275069   20.702591 ^ clkbuf_4_0_0_CLK/X (sky130_fd_sc_hd__clkbuf_8)
                                                         clknet_4_0_0_CLK (net)
                      0.086978    0.000249   20.702839 ^ _1463_/CLK (sky130_fd_sc_hd__dfrtp_2)
                                 -0.250000   20.452841   clock uncertainty
                                  0.044777   20.497616   clock reconvergence pessimism
                                  0.203784   20.701401   library recovery time
                                             20.701401   data required time
---------------------------------------------------------------------------------------------
                                             20.701401   data required time
                                             -4.713823   data arrival time
---------------------------------------------------------------------------------------------
                                             15.987578   slack (MET)


Startpoint: _1441_ (rising edge-triggered flip-flop clocked by CLK)
Endpoint: _1467_ (recovery check against rising-edge clock CLK)
Path Group: asynchronous
Path Type: max

Fanout         Cap        Slew       Delay        Time   Description
---------------------------------------------------------------------------------------------
                                  0.000000    0.000000   clock CLK (rise edge)
                                  0.000000    0.000000   clock source latency
     1    0.018921    0.142429    0.101889    0.101889 ^ CLK (in)
                                                         CLK (net)
                      0.142439    0.000000    0.101889 ^ clkbuf_0_CLK/A (sky130_fd_sc_hd__clkbuf_16)
    16    0.102249    0.179542    0.368269    0.470158 ^ clkbuf_0_CLK/X (sky130_fd_sc_hd__clkbuf_16)
                                                         clknet_0_CLK (net)
                      0.179557    0.001910    0.472069 ^ clkbuf_4_10_0_CLK/A (sky130_fd_sc_hd__clkbuf_8)
     6    0.017324    0.077315    0.294065    0.766133 ^ clkbuf_4_10_0_CLK/X (sky130_fd_sc_hd__clkbuf_8)
                                                         clknet_4_10_0_CLK (net)
                      0.077315    0.000112    0.766246 ^ _1441_/CLK (sky130_fd_sc_hd__dfrtp_2)
     1    0.001730    0.063384    0.698705    1.464950 ^ _1441_/Q (sky130_fd_sc_hd__dfrtp_2)
                                                         control.reset_n (net)
                      0.063384    0.000007    1.464957 ^ hold143/A (sky130_fd_sc_hd__dlygate4sd3_1)
     2    0.009671    0.184754    1.181936    2.646893 ^ hold143/X (sky130_fd_sc_hd__dlygate4sd3_1)
                                                         net142 (net)
                      0.184754    0.000282    2.647176 ^ fanout72/A (sky130_fd_sc_hd__clkdlybuf4s25_1)
     8    0.036718    0.591714    0.934377    3.581553 ^ fanout72/X (sky130_fd_sc_hd__clkdlybuf4s25_1)
                                                         net72 (net)
                      0.591714    0.000346    3.581899 ^ fanout65/A (sky130_fd_sc_hd__clkdlybuf4s25_1)
    10    0.040236    0.647260    1.130794    4.712693 ^ fanout65/X (sky130_fd_sc_hd__clkdlybuf4s25_1)
                                                         net65 (net)
                      0.647260    0.001026    4.713718 ^ _1467_/RESET_B (sky130_fd_sc_hd__dfrtp_2)
                                              4.713718   data arrival time

                                 20.000000   20.000000   clock CLK (rise edge)
                                  0.000000   20.000000   clock source latency
     1    0.018921    0.142429    0.092186   20.092186 ^ CLK (in)
                                                         CLK (net)
                      0.142439    0.000000   20.092186 ^ clkbuf_0_CLK/A (sky130_fd_sc_hd__clkbuf_16)
    16    0.102249    0.179542    0.333195   20.425381 ^ clkbuf_0_CLK/X (sky130_fd_sc_hd__clkbuf_16)
                                                         clknet_0_CLK (net)
                      0.179569    0.002141   20.427521 ^ clkbuf_4_0_0_CLK/A (sky130_fd_sc_hd__clkbuf_8)
     6    0.021496    0.086978    0.275069   20.702591 ^ clkbuf_4_0_0_CLK/X (sky130_fd_sc_hd__clkbuf_8)
                                                         clknet_4_0_0_CLK (net)
                      0.086978    0.000229   20.702820 ^ _1467_/CLK (sky130_fd_sc_hd__dfrtp_2)
                                 -0.250000   20.452820   clock uncertainty
                                  0.044777   20.497597   clock reconvergence pessimism
                                  0.203784   20.701382   library recovery time
                                             20.701382   data required time
---------------------------------------------------------------------------------------------
                                             20.701382   data required time
                                             -4.713718   data arrival time
---------------------------------------------------------------------------------------------
                                             15.987663   slack (MET)


Startpoint: _1441_ (rising edge-triggered flip-flop clocked by CLK)
Endpoint: _1466_ (recovery check against rising-edge clock CLK)
Path Group: asynchronous
Path Type: max

Fanout         Cap        Slew       Delay        Time   Description
---------------------------------------------------------------------------------------------
                                  0.000000    0.000000   clock CLK (rise edge)
                                  0.000000    0.000000   clock source latency
     1    0.018921    0.142429    0.101889    0.101889 ^ CLK (in)
                                                         CLK (net)
                      0.142439    0.000000    0.101889 ^ clkbuf_0_CLK/A (sky130_fd_sc_hd__clkbuf_16)
    16    0.102249    0.179542    0.368269    0.470158 ^ clkbuf_0_CLK/X (sky130_fd_sc_hd__clkbuf_16)
                                                         clknet_0_CLK (net)
                      0.179557    0.001910    0.472069 ^ clkbuf_4_10_0_CLK/A (sky130_fd_sc_hd__clkbuf_8)
     6    0.017324    0.077315    0.294065    0.766133 ^ clkbuf_4_10_0_CLK/X (sky130_fd_sc_hd__clkbuf_8)
                                                         clknet_4_10_0_CLK (net)
                      0.077315    0.000112    0.766246 ^ _1441_/CLK (sky130_fd_sc_hd__dfrtp_2)
     1    0.001730    0.063384    0.698705    1.464950 ^ _1441_/Q (sky130_fd_sc_hd__dfrtp_2)
                                                         control.reset_n (net)
                      0.063384    0.000007    1.464957 ^ hold143/A (sky130_fd_sc_hd__dlygate4sd3_1)
     2    0.009671    0.184754    1.181936    2.646893 ^ hold143/X (sky130_fd_sc_hd__dlygate4sd3_1)
                                                         net142 (net)
                      0.184754    0.000282    2.647176 ^ fanout72/A (sky130_fd_sc_hd__clkdlybuf4s25_1)
     8    0.036718    0.591714    0.934377    3.581553 ^ fanout72/X (sky130_fd_sc_hd__clkdlybuf4s25_1)
                                                         net72 (net)
                      0.591714    0.000346    3.581899 ^ fanout65/A (sky130_fd_sc_hd__clkdlybuf4s25_1)
    10    0.040236    0.647260    1.130794    4.712693 ^ fanout65/X (sky130_fd_sc_hd__clkdlybuf4s25_1)
                                                         net65 (net)
                      0.647260    0.000886    4.713578 ^ _1466_/RESET_B (sky130_fd_sc_hd__dfrtp_2)
                                              4.713578   data arrival time

                                 20.000000   20.000000   clock CLK (rise edge)
                                  0.000000   20.000000   clock source latency
     1    0.018921    0.142429    0.092186   20.092186 ^ CLK (in)
                                                         CLK (net)
                      0.142439    0.000000   20.092186 ^ clkbuf_0_CLK/A (sky130_fd_sc_hd__clkbuf_16)
    16    0.102249    0.179542    0.333195   20.425381 ^ clkbuf_0_CLK/X (sky130_fd_sc_hd__clkbuf_16)
                                                         clknet_0_CLK (net)
                      0.179569    0.002141   20.427521 ^ clkbuf_4_0_0_CLK/A (sky130_fd_sc_hd__clkbuf_8)
     6    0.021496    0.086978    0.275069   20.702591 ^ clkbuf_4_0_0_CLK/X (sky130_fd_sc_hd__clkbuf_8)
                                                         clknet_4_0_0_CLK (net)
                      0.086978    0.000275   20.702866 ^ _1466_/CLK (sky130_fd_sc_hd__dfrtp_2)
                                 -0.250000   20.452868   clock uncertainty
                                  0.044777   20.497643   clock reconvergence pessimism
                                  0.203784   20.701427   library recovery time
                                             20.701427   data required time
---------------------------------------------------------------------------------------------
                                             20.701427   data required time
                                             -4.713578   data arrival time
---------------------------------------------------------------------------------------------
                                             15.987848   slack (MET)


Startpoint: _1441_ (rising edge-triggered flip-flop clocked by CLK)
Endpoint: _1419_ (recovery check against rising-edge clock CLK)
Path Group: asynchronous
Path Type: max

Fanout         Cap        Slew       Delay        Time   Description
---------------------------------------------------------------------------------------------
                                  0.000000    0.000000   clock CLK (rise edge)
                                  0.000000    0.000000   clock source latency
     1    0.018921    0.142429    0.101889    0.101889 ^ CLK (in)
                                                         CLK (net)
                      0.142439    0.000000    0.101889 ^ clkbuf_0_CLK/A (sky130_fd_sc_hd__clkbuf_16)
    16    0.102249    0.179542    0.368269    0.470158 ^ clkbuf_0_CLK/X (sky130_fd_sc_hd__clkbuf_16)
                                                         clknet_0_CLK (net)
                      0.179557    0.001910    0.472069 ^ clkbuf_4_10_0_CLK/A (sky130_fd_sc_hd__clkbuf_8)
     6    0.017324    0.077315    0.294065    0.766133 ^ clkbuf_4_10_0_CLK/X (sky130_fd_sc_hd__clkbuf_8)
                                                         clknet_4_10_0_CLK (net)
                      0.077315    0.000112    0.766246 ^ _1441_/CLK (sky130_fd_sc_hd__dfrtp_2)
     1    0.001730    0.063384    0.698705    1.464950 ^ _1441_/Q (sky130_fd_sc_hd__dfrtp_2)
                                                         control.reset_n (net)
                      0.063384    0.000007    1.464957 ^ hold143/A (sky130_fd_sc_hd__dlygate4sd3_1)
     2    0.009671    0.184754    1.181936    2.646893 ^ hold143/X (sky130_fd_sc_hd__dlygate4sd3_1)
                                                         net142 (net)
                      0.184754    0.000282    2.647176 ^ fanout72/A (sky130_fd_sc_hd__clkdlybuf4s25_1)
     8    0.036718    0.591714    0.934377    3.581553 ^ fanout72/X (sky130_fd_sc_hd__clkdlybuf4s25_1)
                                                         net72 (net)
                      0.591714    0.000346    3.581899 ^ fanout65/A (sky130_fd_sc_hd__clkdlybuf4s25_1)
    10    0.040236    0.647260    1.130794    4.712693 ^ fanout65/X (sky130_fd_sc_hd__clkdlybuf4s25_1)
                                                         net65 (net)
                      0.647260    0.000642    4.713335 ^ _1419_/RESET_B (sky130_fd_sc_hd__dfrtp_2)
                                              4.713335   data arrival time

                                 20.000000   20.000000   clock CLK (rise edge)
                                  0.000000   20.000000   clock source latency
     1    0.018921    0.142429    0.092186   20.092186 ^ CLK (in)
                                                         CLK (net)
                      0.142439    0.000000   20.092186 ^ clkbuf_0_CLK/A (sky130_fd_sc_hd__clkbuf_16)
    16    0.102249    0.179542    0.333195   20.425381 ^ clkbuf_0_CLK/X (sky130_fd_sc_hd__clkbuf_16)
                                                         clknet_0_CLK (net)
                      0.179569    0.002141   20.427521 ^ clkbuf_4_0_0_CLK/A (sky130_fd_sc_hd__clkbuf_8)
     6    0.021496    0.086978    0.275069   20.702591 ^ clkbuf_4_0_0_CLK/X (sky130_fd_sc_hd__clkbuf_8)
                                                         clknet_4_0_0_CLK (net)
                      0.086978    0.000293   20.702883 ^ _1419_/CLK (sky130_fd_sc_hd__dfrtp_2)
                                 -0.250000   20.452885   clock uncertainty
                                  0.044777   20.497662   clock reconvergence pessimism
                                  0.203784   20.701445   library recovery time
                                             20.701445   data required time
---------------------------------------------------------------------------------------------
                                             20.701445   data required time
                                             -4.713335   data arrival time
---------------------------------------------------------------------------------------------
                                             15.988111   slack (MET)


Startpoint: _1441_ (rising edge-triggered flip-flop clocked by CLK)
Endpoint: _1437_ (recovery check against rising-edge clock CLK)
Path Group: asynchronous
Path Type: max

Fanout         Cap        Slew       Delay        Time   Description
---------------------------------------------------------------------------------------------
                                  0.000000    0.000000   clock CLK (rise edge)
                                  0.000000    0.000000   clock source latency
     1    0.018921    0.142429    0.101889    0.101889 ^ CLK (in)
                                                         CLK (net)
                      0.142439    0.000000    0.101889 ^ clkbuf_0_CLK/A (sky130_fd_sc_hd__clkbuf_16)
    16    0.102249    0.179542    0.368269    0.470158 ^ clkbuf_0_CLK/X (sky130_fd_sc_hd__clkbuf_16)
                                                         clknet_0_CLK (net)
                      0.179557    0.001910    0.472069 ^ clkbuf_4_10_0_CLK/A (sky130_fd_sc_hd__clkbuf_8)
     6    0.017324    0.077315    0.294065    0.766133 ^ clkbuf_4_10_0_CLK/X (sky130_fd_sc_hd__clkbuf_8)
                                                         clknet_4_10_0_CLK (net)
                      0.077315    0.000112    0.766246 ^ _1441_/CLK (sky130_fd_sc_hd__dfrtp_2)
     1    0.001730    0.063384    0.698705    1.464950 ^ _1441_/Q (sky130_fd_sc_hd__dfrtp_2)
                                                         control.reset_n (net)
                      0.063384    0.000007    1.464957 ^ hold143/A (sky130_fd_sc_hd__dlygate4sd3_1)
     2    0.009671    0.184754    1.181936    2.646893 ^ hold143/X (sky130_fd_sc_hd__dlygate4sd3_1)
                                                         net142 (net)
                      0.184754    0.000282    2.647176 ^ fanout72/A (sky130_fd_sc_hd__clkdlybuf4s25_1)
     8    0.036718    0.591714    0.934377    3.581553 ^ fanout72/X (sky130_fd_sc_hd__clkdlybuf4s25_1)
                                                         net72 (net)
                      0.591714    0.000010    3.581563 ^ fanout70/A (sky130_fd_sc_hd__clkdlybuf4s25_1)
     5    0.017738    0.298096    0.870206    4.451769 ^ fanout70/X (sky130_fd_sc_hd__clkdlybuf4s25_1)
                                                         net70 (net)
                      0.298096    0.000122    4.451890 ^ load_slew71/A (sky130_fd_sc_hd__buf_2)
     6    0.025699    0.209272    0.418911    4.870801 ^ load_slew71/X (sky130_fd_sc_hd__buf_2)
                                                         net71 (net)
                      0.209272    0.000131    4.870933 ^ _1437_/RESET_B (sky130_fd_sc_hd__dfrtp_2)
                                              4.870933   data arrival time

                                 20.000000   20.000000   clock CLK (rise edge)
                                  0.000000   20.000000   clock source latency
     1    0.018921    0.142429    0.092186   20.092186 ^ CLK (in)
                                                         CLK (net)
                      0.142439    0.000000   20.092186 ^ clkbuf_0_CLK/A (sky130_fd_sc_hd__clkbuf_16)
    16    0.102249    0.179542    0.333195   20.425381 ^ clkbuf_0_CLK/X (sky130_fd_sc_hd__clkbuf_16)
                                                         clknet_0_CLK (net)
                      0.179543    0.000934   20.426315 ^ clkbuf_4_8_0_CLK/A (sky130_fd_sc_hd__clkbuf_8)
     5    0.013699    0.069341    0.258195   20.684511 ^ clkbuf_4_8_0_CLK/X (sky130_fd_sc_hd__clkbuf_8)
                                                         clknet_4_8_0_CLK (net)
                      0.069341    0.000130   20.684641 ^ _1437_/CLK (sky130_fd_sc_hd__dfrtp_2)
                                 -0.250000   20.434641   clock uncertainty
                                  0.044777   20.479418   clock reconvergence pessimism
                                  0.384803   20.864222   library recovery time
                                             20.864222   data required time
---------------------------------------------------------------------------------------------
                                             20.864222   data required time
                                             -4.870933   data arrival time
---------------------------------------------------------------------------------------------
                                             15.993287   slack (MET)


Startpoint: _1441_ (rising edge-triggered flip-flop clocked by CLK)
Endpoint: _1460_ (recovery check against rising-edge clock CLK)
Path Group: asynchronous
Path Type: max

Fanout         Cap        Slew       Delay        Time   Description
---------------------------------------------------------------------------------------------
                                  0.000000    0.000000   clock CLK (rise edge)
                                  0.000000    0.000000   clock source latency
     1    0.018921    0.142429    0.101889    0.101889 ^ CLK (in)
                                                         CLK (net)
                      0.142439    0.000000    0.101889 ^ clkbuf_0_CLK/A (sky130_fd_sc_hd__clkbuf_16)
    16    0.102249    0.179542    0.368269    0.470158 ^ clkbuf_0_CLK/X (sky130_fd_sc_hd__clkbuf_16)
                                                         clknet_0_CLK (net)
                      0.179557    0.001910    0.472069 ^ clkbuf_4_10_0_CLK/A (sky130_fd_sc_hd__clkbuf_8)
     6    0.017324    0.077315    0.294065    0.766133 ^ clkbuf_4_10_0_CLK/X (sky130_fd_sc_hd__clkbuf_8)
                                                         clknet_4_10_0_CLK (net)
                      0.077315    0.000112    0.766246 ^ _1441_/CLK (sky130_fd_sc_hd__dfrtp_2)
     1    0.001730    0.063384    0.698705    1.464950 ^ _1441_/Q (sky130_fd_sc_hd__dfrtp_2)
                                                         control.reset_n (net)
                      0.063384    0.000007    1.464957 ^ hold143/A (sky130_fd_sc_hd__dlygate4sd3_1)
     2    0.009671    0.184754    1.181936    2.646893 ^ hold143/X (sky130_fd_sc_hd__dlygate4sd3_1)
                                                         net142 (net)
                      0.184754    0.000282    2.647176 ^ fanout72/A (sky130_fd_sc_hd__clkdlybuf4s25_1)
     8    0.036718    0.591714    0.934377    3.581553 ^ fanout72/X (sky130_fd_sc_hd__clkdlybuf4s25_1)
                                                         net72 (net)
                      0.591714    0.000010    3.581563 ^ fanout70/A (sky130_fd_sc_hd__clkdlybuf4s25_1)
     5    0.017738    0.298096    0.870206    4.451769 ^ fanout70/X (sky130_fd_sc_hd__clkdlybuf4s25_1)
                                                         net70 (net)
                      0.298096    0.000122    4.451890 ^ load_slew71/A (sky130_fd_sc_hd__buf_2)
     6    0.025699    0.209272    0.418911    4.870801 ^ load_slew71/X (sky130_fd_sc_hd__buf_2)
                                                         net71 (net)
                      0.209272    0.000620    4.871421 ^ _1460_/RESET_B (sky130_fd_sc_hd__dfrtp_2)
                                              4.871421   data arrival time

                                 20.000000   20.000000   clock CLK (rise edge)
                                  0.000000   20.000000   clock source latency
     1    0.018921    0.142429    0.092186   20.092186 ^ CLK (in)
                                                         CLK (net)
                      0.142439    0.000000   20.092186 ^ clkbuf_0_CLK/A (sky130_fd_sc_hd__clkbuf_16)
    16    0.102249    0.179542    0.333195   20.425381 ^ clkbuf_0_CLK/X (sky130_fd_sc_hd__clkbuf_16)
                                                         clknet_0_CLK (net)
                      0.179543    0.000894   20.426275 ^ clkbuf_4_9_0_CLK/A (sky130_fd_sc_hd__clkbuf_8)
     6    0.016728    0.075957    0.264702   20.690977 ^ clkbuf_4_9_0_CLK/X (sky130_fd_sc_hd__clkbuf_8)
                                                         clknet_4_9_0_CLK (net)
                      0.075958    0.000348   20.691324 ^ _1460_/CLK (sky130_fd_sc_hd__dfrtp_2)
                                 -0.250000   20.441326   clock uncertainty
                                  0.044777   20.486103   clock reconvergence pessimism
                                  0.387042   20.873144   library recovery time
                                             20.873144   data required time
---------------------------------------------------------------------------------------------
                                             20.873144   data required time
                                             -4.871421   data arrival time
---------------------------------------------------------------------------------------------
                                             16.001722   slack (MET)


Startpoint: _1441_ (rising edge-triggered flip-flop clocked by CLK)
Endpoint: _1459_ (recovery check against rising-edge clock CLK)
Path Group: asynchronous
Path Type: max

Fanout         Cap        Slew       Delay        Time   Description
---------------------------------------------------------------------------------------------
                                  0.000000    0.000000   clock CLK (rise edge)
                                  0.000000    0.000000   clock source latency
     1    0.018921    0.142429    0.101889    0.101889 ^ CLK (in)
                                                         CLK (net)
                      0.142439    0.000000    0.101889 ^ clkbuf_0_CLK/A (sky130_fd_sc_hd__clkbuf_16)
    16    0.102249    0.179542    0.368269    0.470158 ^ clkbuf_0_CLK/X (sky130_fd_sc_hd__clkbuf_16)
                                                         clknet_0_CLK (net)
                      0.179557    0.001910    0.472069 ^ clkbuf_4_10_0_CLK/A (sky130_fd_sc_hd__clkbuf_8)
     6    0.017324    0.077315    0.294065    0.766133 ^ clkbuf_4_10_0_CLK/X (sky130_fd_sc_hd__clkbuf_8)
                                                         clknet_4_10_0_CLK (net)
                      0.077315    0.000112    0.766246 ^ _1441_/CLK (sky130_fd_sc_hd__dfrtp_2)
     1    0.001730    0.063384    0.698705    1.464950 ^ _1441_/Q (sky130_fd_sc_hd__dfrtp_2)
                                                         control.reset_n (net)
                      0.063384    0.000007    1.464957 ^ hold143/A (sky130_fd_sc_hd__dlygate4sd3_1)
     2    0.009671    0.184754    1.181936    2.646893 ^ hold143/X (sky130_fd_sc_hd__dlygate4sd3_1)
                                                         net142 (net)
                      0.184754    0.000282    2.647176 ^ fanout72/A (sky130_fd_sc_hd__clkdlybuf4s25_1)
     8    0.036718    0.591714    0.934377    3.581553 ^ fanout72/X (sky130_fd_sc_hd__clkdlybuf4s25_1)
                                                         net72 (net)
                      0.591714    0.000010    3.581563 ^ fanout70/A (sky130_fd_sc_hd__clkdlybuf4s25_1)
     5    0.017738    0.298096    0.870206    4.451769 ^ fanout70/X (sky130_fd_sc_hd__clkdlybuf4s25_1)
                                                         net70 (net)
                      0.298096    0.000122    4.451890 ^ load_slew71/A (sky130_fd_sc_hd__buf_2)
     6    0.025699    0.209272    0.418911    4.870801 ^ load_slew71/X (sky130_fd_sc_hd__buf_2)
                                                         net71 (net)
                      0.209272    0.000522    4.871324 ^ _1459_/RESET_B (sky130_fd_sc_hd__dfrtp_2)
                                              4.871324   data arrival time

                                 20.000000   20.000000   clock CLK (rise edge)
                                  0.000000   20.000000   clock source latency
     1    0.018921    0.142429    0.092186   20.092186 ^ CLK (in)
                                                         CLK (net)
                      0.142439    0.000000   20.092186 ^ clkbuf_0_CLK/A (sky130_fd_sc_hd__clkbuf_16)
    16    0.102249    0.179542    0.333195   20.425381 ^ clkbuf_0_CLK/X (sky130_fd_sc_hd__clkbuf_16)
                                                         clknet_0_CLK (net)
                      0.179543    0.000894   20.426275 ^ clkbuf_4_9_0_CLK/A (sky130_fd_sc_hd__clkbuf_8)
     6    0.016728    0.075957    0.264702   20.690977 ^ clkbuf_4_9_0_CLK/X (sky130_fd_sc_hd__clkbuf_8)
                                                         clknet_4_9_0_CLK (net)
                      0.075958    0.000371   20.691347 ^ _1459_/CLK (sky130_fd_sc_hd__dfrtp_2)
                                 -0.250000   20.441349   clock uncertainty
                                  0.044777   20.486126   clock reconvergence pessimism
                                  0.387042   20.873167   library recovery time
                                             20.873167   data required time
---------------------------------------------------------------------------------------------
                                             20.873167   data required time
                                             -4.871324   data arrival time
---------------------------------------------------------------------------------------------
                                             16.001842   slack (MET)


Startpoint: _1441_ (rising edge-triggered flip-flop clocked by CLK)
Endpoint: _1417_ (recovery check against rising-edge clock CLK)
Path Group: asynchronous
Path Type: max

Fanout         Cap        Slew       Delay        Time   Description
---------------------------------------------------------------------------------------------
                                  0.000000    0.000000   clock CLK (rise edge)
                                  0.000000    0.000000   clock source latency
     1    0.018921    0.142429    0.101889    0.101889 ^ CLK (in)
                                                         CLK (net)
                      0.142439    0.000000    0.101889 ^ clkbuf_0_CLK/A (sky130_fd_sc_hd__clkbuf_16)
    16    0.102249    0.179542    0.368269    0.470158 ^ clkbuf_0_CLK/X (sky130_fd_sc_hd__clkbuf_16)
                                                         clknet_0_CLK (net)
                      0.179557    0.001910    0.472069 ^ clkbuf_4_10_0_CLK/A (sky130_fd_sc_hd__clkbuf_8)
     6    0.017324    0.077315    0.294065    0.766133 ^ clkbuf_4_10_0_CLK/X (sky130_fd_sc_hd__clkbuf_8)
                                                         clknet_4_10_0_CLK (net)
                      0.077315    0.000112    0.766246 ^ _1441_/CLK (sky130_fd_sc_hd__dfrtp_2)
     1    0.001730    0.063384    0.698705    1.464950 ^ _1441_/Q (sky130_fd_sc_hd__dfrtp_2)
                                                         control.reset_n (net)
                      0.063384    0.000007    1.464957 ^ hold143/A (sky130_fd_sc_hd__dlygate4sd3_1)
     2    0.009671    0.184754    1.181936    2.646893 ^ hold143/X (sky130_fd_sc_hd__dlygate4sd3_1)
                                                         net142 (net)
                      0.184754    0.000282    2.647176 ^ fanout72/A (sky130_fd_sc_hd__clkdlybuf4s25_1)
     8    0.036718    0.591714    0.934377    3.581553 ^ fanout72/X (sky130_fd_sc_hd__clkdlybuf4s25_1)
                                                         net72 (net)
                      0.591714    0.000010    3.581563 ^ fanout70/A (sky130_fd_sc_hd__clkdlybuf4s25_1)
     5    0.017738    0.298096    0.870206    4.451769 ^ fanout70/X (sky130_fd_sc_hd__clkdlybuf4s25_1)
                                                         net70 (net)
                      0.298096    0.000122    4.451890 ^ load_slew71/A (sky130_fd_sc_hd__buf_2)
     6    0.025699    0.209272    0.418911    4.870801 ^ load_slew71/X (sky130_fd_sc_hd__buf_2)
                                                         net71 (net)
                      0.209272    0.000679    4.871481 ^ _1417_/RESET_B (sky130_fd_sc_hd__dfrtp_2)
                                              4.871481   data arrival time

                                 20.000000   20.000000   clock CLK (rise edge)
                                  0.000000   20.000000   clock source latency
     1    0.018921    0.142429    0.092186   20.092186 ^ CLK (in)
                                                         CLK (net)
                      0.142439    0.000000   20.092186 ^ clkbuf_0_CLK/A (sky130_fd_sc_hd__clkbuf_16)
    16    0.102249    0.179542    0.333195   20.425381 ^ clkbuf_0_CLK/X (sky130_fd_sc_hd__clkbuf_16)
                                                         clknet_0_CLK (net)
                      0.179570    0.002169   20.427549 ^ clkbuf_4_4_0_CLK/A (sky130_fd_sc_hd__clkbuf_8)
     6    0.017565    0.077862    0.266578   20.694128 ^ clkbuf_4_4_0_CLK/X (sky130_fd_sc_hd__clkbuf_8)
                                                         clknet_4_4_0_CLK (net)
                      0.077862    0.000199   20.694326 ^ _1417_/CLK (sky130_fd_sc_hd__dfrtp_2)
                                 -0.250000   20.444328   clock uncertainty
                                  0.044777   20.489105   clock reconvergence pessimism
                                  0.387686   20.876791   library recovery time
                                             20.876791   data required time
---------------------------------------------------------------------------------------------
                                             20.876791   data required time
                                             -4.871481   data arrival time
---------------------------------------------------------------------------------------------
                                             16.005310   slack (MET)


Startpoint: _1441_ (rising edge-triggered flip-flop clocked by CLK)
Endpoint: _1418_ (recovery check against rising-edge clock CLK)
Path Group: asynchronous
Path Type: max

Fanout         Cap        Slew       Delay        Time   Description
---------------------------------------------------------------------------------------------
                                  0.000000    0.000000   clock CLK (rise edge)
                                  0.000000    0.000000   clock source latency
     1    0.018921    0.142429    0.101889    0.101889 ^ CLK (in)
                                                         CLK (net)
                      0.142439    0.000000    0.101889 ^ clkbuf_0_CLK/A (sky130_fd_sc_hd__clkbuf_16)
    16    0.102249    0.179542    0.368269    0.470158 ^ clkbuf_0_CLK/X (sky130_fd_sc_hd__clkbuf_16)
                                                         clknet_0_CLK (net)
                      0.179557    0.001910    0.472069 ^ clkbuf_4_10_0_CLK/A (sky130_fd_sc_hd__clkbuf_8)
     6    0.017324    0.077315    0.294065    0.766133 ^ clkbuf_4_10_0_CLK/X (sky130_fd_sc_hd__clkbuf_8)
                                                         clknet_4_10_0_CLK (net)
                      0.077315    0.000112    0.766246 ^ _1441_/CLK (sky130_fd_sc_hd__dfrtp_2)
     1    0.001730    0.063384    0.698705    1.464950 ^ _1441_/Q (sky130_fd_sc_hd__dfrtp_2)
                                                         control.reset_n (net)
                      0.063384    0.000007    1.464957 ^ hold143/A (sky130_fd_sc_hd__dlygate4sd3_1)
     2    0.009671    0.184754    1.181936    2.646893 ^ hold143/X (sky130_fd_sc_hd__dlygate4sd3_1)
                                                         net142 (net)
                      0.184754    0.000282    2.647176 ^ fanout72/A (sky130_fd_sc_hd__clkdlybuf4s25_1)
     8    0.036718    0.591714    0.934377    3.581553 ^ fanout72/X (sky130_fd_sc_hd__clkdlybuf4s25_1)
                                                         net72 (net)
                      0.591714    0.000010    3.581563 ^ fanout70/A (sky130_fd_sc_hd__clkdlybuf4s25_1)
     5    0.017738    0.298096    0.870206    4.451769 ^ fanout70/X (sky130_fd_sc_hd__clkdlybuf4s25_1)
                                                         net70 (net)
                      0.298096    0.000122    4.451890 ^ load_slew71/A (sky130_fd_sc_hd__buf_2)
     6    0.025699    0.209272    0.418911    4.870801 ^ load_slew71/X (sky130_fd_sc_hd__buf_2)
                                                         net71 (net)
                      0.209272    0.000680    4.871481 ^ _1418_/RESET_B (sky130_fd_sc_hd__dfrtp_2)
                                              4.871481   data arrival time

                                 20.000000   20.000000   clock CLK (rise edge)
                                  0.000000   20.000000   clock source latency
     1    0.018921    0.142429    0.092186   20.092186 ^ CLK (in)
                                                         CLK (net)
                      0.142439    0.000000   20.092186 ^ clkbuf_0_CLK/A (sky130_fd_sc_hd__clkbuf_16)
    16    0.102249    0.179542    0.333195   20.425381 ^ clkbuf_0_CLK/X (sky130_fd_sc_hd__clkbuf_16)
                                                         clknet_0_CLK (net)
                      0.179567    0.002078   20.427460 ^ clkbuf_4_3_0_CLK/A (sky130_fd_sc_hd__clkbuf_8)
     6    0.017765    0.078316    0.267008   20.694468 ^ clkbuf_4_3_0_CLK/X (sky130_fd_sc_hd__clkbuf_8)
                                                         clknet_4_3_0_CLK (net)
                      0.078316    0.000076   20.694544 ^ _1418_/CLK (sky130_fd_sc_hd__dfrtp_2)
                                 -0.250000   20.444544   clock uncertainty
                                  0.044777   20.489321   clock reconvergence pessimism
                                  0.387840   20.877161   library recovery time
                                             20.877161   data required time
---------------------------------------------------------------------------------------------
                                             20.877161   data required time
                                             -4.871481   data arrival time
---------------------------------------------------------------------------------------------
                                             16.005678   slack (MET)


Startpoint: _1441_ (rising edge-triggered flip-flop clocked by CLK)
Endpoint: _1416_ (recovery check against rising-edge clock CLK)
Path Group: asynchronous
Path Type: max

Fanout         Cap        Slew       Delay        Time   Description
---------------------------------------------------------------------------------------------
                                  0.000000    0.000000   clock CLK (rise edge)
                                  0.000000    0.000000   clock source latency
     1    0.018921    0.142429    0.101889    0.101889 ^ CLK (in)
                                                         CLK (net)
                      0.142439    0.000000    0.101889 ^ clkbuf_0_CLK/A (sky130_fd_sc_hd__clkbuf_16)
    16    0.102249    0.179542    0.368269    0.470158 ^ clkbuf_0_CLK/X (sky130_fd_sc_hd__clkbuf_16)
                                                         clknet_0_CLK (net)
                      0.179557    0.001910    0.472069 ^ clkbuf_4_10_0_CLK/A (sky130_fd_sc_hd__clkbuf_8)
     6    0.017324    0.077315    0.294065    0.766133 ^ clkbuf_4_10_0_CLK/X (sky130_fd_sc_hd__clkbuf_8)
                                                         clknet_4_10_0_CLK (net)
                      0.077315    0.000112    0.766246 ^ _1441_/CLK (sky130_fd_sc_hd__dfrtp_2)
     1    0.001730    0.063384    0.698705    1.464950 ^ _1441_/Q (sky130_fd_sc_hd__dfrtp_2)
                                                         control.reset_n (net)
                      0.063384    0.000007    1.464957 ^ hold143/A (sky130_fd_sc_hd__dlygate4sd3_1)
     2    0.009671    0.184754    1.181936    2.646893 ^ hold143/X (sky130_fd_sc_hd__dlygate4sd3_1)
                                                         net142 (net)
                      0.184754    0.000282    2.647176 ^ fanout72/A (sky130_fd_sc_hd__clkdlybuf4s25_1)
     8    0.036718    0.591714    0.934377    3.581553 ^ fanout72/X (sky130_fd_sc_hd__clkdlybuf4s25_1)
                                                         net72 (net)
                      0.591714    0.000010    3.581563 ^ fanout70/A (sky130_fd_sc_hd__clkdlybuf4s25_1)
     5    0.017738    0.298096    0.870206    4.451769 ^ fanout70/X (sky130_fd_sc_hd__clkdlybuf4s25_1)
                                                         net70 (net)
                      0.298096    0.000122    4.451890 ^ load_slew71/A (sky130_fd_sc_hd__buf_2)
     6    0.025699    0.209272    0.418911    4.870801 ^ load_slew71/X (sky130_fd_sc_hd__buf_2)
                                                         net71 (net)
                      0.209272    0.000380    4.871181 ^ _1416_/RESET_B (sky130_fd_sc_hd__dfrtp_2)
                                              4.871181   data arrival time

                                 20.000000   20.000000   clock CLK (rise edge)
                                  0.000000   20.000000   clock source latency
     1    0.018921    0.142429    0.092186   20.092186 ^ CLK (in)
                                                         CLK (net)
                      0.142439    0.000000   20.092186 ^ clkbuf_0_CLK/A (sky130_fd_sc_hd__clkbuf_16)
    16    0.102249    0.179542    0.333195   20.425381 ^ clkbuf_0_CLK/X (sky130_fd_sc_hd__clkbuf_16)
                                                         clknet_0_CLK (net)
                      0.179569    0.002139   20.427521 ^ clkbuf_4_2_0_CLK/A (sky130_fd_sc_hd__clkbuf_8)
     6    0.018780    0.080637    0.269202   20.696722 ^ clkbuf_4_2_0_CLK/X (sky130_fd_sc_hd__clkbuf_8)
                                                         clknet_4_2_0_CLK (net)
                      0.080637    0.000165   20.696886 ^ _1416_/CLK (sky130_fd_sc_hd__dfrtp_2)
                                 -0.250000   20.446888   clock uncertainty
                                  0.044777   20.491665   clock reconvergence pessimism
                                  0.388625   20.880289   library recovery time
                                             20.880289   data required time
---------------------------------------------------------------------------------------------
                                             20.880289   data required time
                                             -4.871181   data arrival time
---------------------------------------------------------------------------------------------
                                             16.009108   slack (MET)


Startpoint: _1441_ (rising edge-triggered flip-flop clocked by CLK)
Endpoint: _1443_ (recovery check against rising-edge clock CLK)
Path Group: asynchronous
Path Type: max

Fanout         Cap        Slew       Delay        Time   Description
---------------------------------------------------------------------------------------------
                                  0.000000    0.000000   clock CLK (rise edge)
                                  0.000000    0.000000   clock source latency
     1    0.018921    0.142429    0.101889    0.101889 ^ CLK (in)
                                                         CLK (net)
                      0.142439    0.000000    0.101889 ^ clkbuf_0_CLK/A (sky130_fd_sc_hd__clkbuf_16)
    16    0.102249    0.179542    0.368269    0.470158 ^ clkbuf_0_CLK/X (sky130_fd_sc_hd__clkbuf_16)
                                                         clknet_0_CLK (net)
                      0.179557    0.001910    0.472069 ^ clkbuf_4_10_0_CLK/A (sky130_fd_sc_hd__clkbuf_8)
     6    0.017324    0.077315    0.294065    0.766133 ^ clkbuf_4_10_0_CLK/X (sky130_fd_sc_hd__clkbuf_8)
                                                         clknet_4_10_0_CLK (net)
                      0.077315    0.000112    0.766246 ^ _1441_/CLK (sky130_fd_sc_hd__dfrtp_2)
     1    0.001730    0.063384    0.698705    1.464950 ^ _1441_/Q (sky130_fd_sc_hd__dfrtp_2)
                                                         control.reset_n (net)
                      0.063384    0.000007    1.464957 ^ hold143/A (sky130_fd_sc_hd__dlygate4sd3_1)
     2    0.009671    0.184754    1.181936    2.646893 ^ hold143/X (sky130_fd_sc_hd__dlygate4sd3_1)
                                                         net142 (net)
                      0.184754    0.000282    2.647176 ^ fanout72/A (sky130_fd_sc_hd__clkdlybuf4s25_1)
     8    0.036718    0.591714    0.934377    3.581553 ^ fanout72/X (sky130_fd_sc_hd__clkdlybuf4s25_1)
                                                         net72 (net)
                      0.591714    0.000387    3.581939 ^ fanout69/A (sky130_fd_sc_hd__clkdlybuf4s25_1)
     8    0.037104    0.598221    1.094561    4.676500 ^ fanout69/X (sky130_fd_sc_hd__clkdlybuf4s25_1)
                                                         net69 (net)
                      0.598221    0.000785    4.677285 ^ _1443_/RESET_B (sky130_fd_sc_hd__dfrtp_2)
                                              4.677285   data arrival time

                                 20.000000   20.000000   clock CLK (rise edge)
                                  0.000000   20.000000   clock source latency
     1    0.018921    0.142429    0.092186   20.092186 ^ CLK (in)
                                                         CLK (net)
                      0.142439    0.000000   20.092186 ^ clkbuf_0_CLK/A (sky130_fd_sc_hd__clkbuf_16)
    16    0.102249    0.179542    0.333195   20.425381 ^ clkbuf_0_CLK/X (sky130_fd_sc_hd__clkbuf_16)
                                                         clknet_0_CLK (net)
                      0.179569    0.002149   20.427530 ^ clkbuf_4_7_0_CLK/A (sky130_fd_sc_hd__clkbuf_8)
     6    0.014960    0.072059    0.260936   20.688467 ^ clkbuf_4_7_0_CLK/X (sky130_fd_sc_hd__clkbuf_8)
                                                         clknet_4_7_0_CLK (net)
                      0.072061    0.000174   20.688641 ^ _1443_/CLK (sky130_fd_sc_hd__dfrtp_2)
                                 -0.250000   20.438643   clock uncertainty
                                  0.044777   20.483418   clock reconvergence pessimism
                                  0.219495   20.702913   library recovery time
                                             20.702913   data required time
---------------------------------------------------------------------------------------------
                                             20.702913   data required time
                                             -4.677285   data arrival time
---------------------------------------------------------------------------------------------
                                             16.025627   slack (MET)


Startpoint: _1441_ (rising edge-triggered flip-flop clocked by CLK)
Endpoint: _1447_ (recovery check against rising-edge clock CLK)
Path Group: asynchronous
Path Type: max

Fanout         Cap        Slew       Delay        Time   Description
---------------------------------------------------------------------------------------------
                                  0.000000    0.000000   clock CLK (rise edge)
                                  0.000000    0.000000   clock source latency
     1    0.018921    0.142429    0.101889    0.101889 ^ CLK (in)
                                                         CLK (net)
                      0.142439    0.000000    0.101889 ^ clkbuf_0_CLK/A (sky130_fd_sc_hd__clkbuf_16)
    16    0.102249    0.179542    0.368269    0.470158 ^ clkbuf_0_CLK/X (sky130_fd_sc_hd__clkbuf_16)
                                                         clknet_0_CLK (net)
                      0.179557    0.001910    0.472069 ^ clkbuf_4_10_0_CLK/A (sky130_fd_sc_hd__clkbuf_8)
     6    0.017324    0.077315    0.294065    0.766133 ^ clkbuf_4_10_0_CLK/X (sky130_fd_sc_hd__clkbuf_8)
                                                         clknet_4_10_0_CLK (net)
                      0.077315    0.000112    0.766246 ^ _1441_/CLK (sky130_fd_sc_hd__dfrtp_2)
     1    0.001730    0.063384    0.698705    1.464950 ^ _1441_/Q (sky130_fd_sc_hd__dfrtp_2)
                                                         control.reset_n (net)
                      0.063384    0.000007    1.464957 ^ hold143/A (sky130_fd_sc_hd__dlygate4sd3_1)
     2    0.009671    0.184754    1.181936    2.646893 ^ hold143/X (sky130_fd_sc_hd__dlygate4sd3_1)
                                                         net142 (net)
                      0.184754    0.000282    2.647176 ^ fanout72/A (sky130_fd_sc_hd__clkdlybuf4s25_1)
     8    0.036718    0.591714    0.934377    3.581553 ^ fanout72/X (sky130_fd_sc_hd__clkdlybuf4s25_1)
                                                         net72 (net)
                      0.591714    0.000387    3.581939 ^ fanout69/A (sky130_fd_sc_hd__clkdlybuf4s25_1)
     8    0.037104    0.598221    1.094561    4.676500 ^ fanout69/X (sky130_fd_sc_hd__clkdlybuf4s25_1)
                                                         net69 (net)
                      0.598221    0.000753    4.677253 ^ _1447_/RESET_B (sky130_fd_sc_hd__dfrtp_2)
                                              4.677253   data arrival time

                                 20.000000   20.000000   clock CLK (rise edge)
                                  0.000000   20.000000   clock source latency
     1    0.018921    0.142429    0.092186   20.092186 ^ CLK (in)
                                                         CLK (net)
                      0.142439    0.000000   20.092186 ^ clkbuf_0_CLK/A (sky130_fd_sc_hd__clkbuf_16)
    16    0.102249    0.179542    0.333195   20.425381 ^ clkbuf_0_CLK/X (sky130_fd_sc_hd__clkbuf_16)
                                                         clknet_0_CLK (net)
                      0.179569    0.002149   20.427530 ^ clkbuf_4_7_0_CLK/A (sky130_fd_sc_hd__clkbuf_8)
     6    0.014960    0.072059    0.260936   20.688467 ^ clkbuf_4_7_0_CLK/X (sky130_fd_sc_hd__clkbuf_8)
                                                         clknet_4_7_0_CLK (net)
                      0.072061    0.000167   20.688633 ^ _1447_/CLK (sky130_fd_sc_hd__dfrtp_2)
                                 -0.250000   20.438635   clock uncertainty
                                  0.044777   20.483412   clock reconvergence pessimism
                                  0.219495   20.702906   library recovery time
                                             20.702906   data required time
---------------------------------------------------------------------------------------------
                                             20.702906   data required time
                                             -4.677253   data arrival time
---------------------------------------------------------------------------------------------
                                             16.025652   slack (MET)


Startpoint: _1441_ (rising edge-triggered flip-flop clocked by CLK)
Endpoint: _1433_ (recovery check against rising-edge clock CLK)
Path Group: asynchronous
Path Type: max

Fanout         Cap        Slew       Delay        Time   Description
---------------------------------------------------------------------------------------------
                                  0.000000    0.000000   clock CLK (rise edge)
                                  0.000000    0.000000   clock source latency
     1    0.018921    0.142429    0.101889    0.101889 ^ CLK (in)
                                                         CLK (net)
                      0.142439    0.000000    0.101889 ^ clkbuf_0_CLK/A (sky130_fd_sc_hd__clkbuf_16)
    16    0.102249    0.179542    0.368269    0.470158 ^ clkbuf_0_CLK/X (sky130_fd_sc_hd__clkbuf_16)
                                                         clknet_0_CLK (net)
                      0.179557    0.001910    0.472069 ^ clkbuf_4_10_0_CLK/A (sky130_fd_sc_hd__clkbuf_8)
     6    0.017324    0.077315    0.294065    0.766133 ^ clkbuf_4_10_0_CLK/X (sky130_fd_sc_hd__clkbuf_8)
                                                         clknet_4_10_0_CLK (net)
                      0.077315    0.000112    0.766246 ^ _1441_/CLK (sky130_fd_sc_hd__dfrtp_2)
     1    0.001730    0.063384    0.698705    1.464950 ^ _1441_/Q (sky130_fd_sc_hd__dfrtp_2)
                                                         control.reset_n (net)
                      0.063384    0.000007    1.464957 ^ hold143/A (sky130_fd_sc_hd__dlygate4sd3_1)
     2    0.009671    0.184754    1.181936    2.646893 ^ hold143/X (sky130_fd_sc_hd__dlygate4sd3_1)
                                                         net142 (net)
                      0.184754    0.000282    2.647176 ^ fanout72/A (sky130_fd_sc_hd__clkdlybuf4s25_1)
     8    0.036718    0.591714    0.934377    3.581553 ^ fanout72/X (sky130_fd_sc_hd__clkdlybuf4s25_1)
                                                         net72 (net)
                      0.591714    0.000387    3.581939 ^ fanout69/A (sky130_fd_sc_hd__clkdlybuf4s25_1)
     8    0.037104    0.598221    1.094561    4.676500 ^ fanout69/X (sky130_fd_sc_hd__clkdlybuf4s25_1)
                                                         net69 (net)
                      0.598221    0.000546    4.677046 ^ _1433_/RESET_B (sky130_fd_sc_hd__dfrtp_2)
                                              4.677046   data arrival time

                                 20.000000   20.000000   clock CLK (rise edge)
                                  0.000000   20.000000   clock source latency
     1    0.018921    0.142429    0.092186   20.092186 ^ CLK (in)
                                                         CLK (net)
                      0.142439    0.000000   20.092186 ^ clkbuf_0_CLK/A (sky130_fd_sc_hd__clkbuf_16)
    16    0.102249    0.179542    0.333195   20.425381 ^ clkbuf_0_CLK/X (sky130_fd_sc_hd__clkbuf_16)
                                                         clknet_0_CLK (net)
                      0.179569    0.002149   20.427530 ^ clkbuf_4_7_0_CLK/A (sky130_fd_sc_hd__clkbuf_8)
     6    0.014960    0.072059    0.260936   20.688467 ^ clkbuf_4_7_0_CLK/X (sky130_fd_sc_hd__clkbuf_8)
                                                         clknet_4_7_0_CLK (net)
                      0.072059    0.000087   20.688553 ^ _1433_/CLK (sky130_fd_sc_hd__dfrtp_2)
                                 -0.250000   20.438555   clock uncertainty
                                  0.044777   20.483332   clock reconvergence pessimism
                                  0.219494   20.702826   library recovery time
                                             20.702826   data required time
---------------------------------------------------------------------------------------------
                                             20.702826   data required time
                                             -4.677046   data arrival time
---------------------------------------------------------------------------------------------
                                             16.025778   slack (MET)


Startpoint: _1441_ (rising edge-triggered flip-flop clocked by CLK)
Endpoint: _1453_ (recovery check against rising-edge clock CLK)
Path Group: asynchronous
Path Type: max

Fanout         Cap        Slew       Delay        Time   Description
---------------------------------------------------------------------------------------------
                                  0.000000    0.000000   clock CLK (rise edge)
                                  0.000000    0.000000   clock source latency
     1    0.018921    0.142429    0.101889    0.101889 ^ CLK (in)
                                                         CLK (net)
                      0.142439    0.000000    0.101889 ^ clkbuf_0_CLK/A (sky130_fd_sc_hd__clkbuf_16)
    16    0.102249    0.179542    0.368269    0.470158 ^ clkbuf_0_CLK/X (sky130_fd_sc_hd__clkbuf_16)
                                                         clknet_0_CLK (net)
                      0.179557    0.001910    0.472069 ^ clkbuf_4_10_0_CLK/A (sky130_fd_sc_hd__clkbuf_8)
     6    0.017324    0.077315    0.294065    0.766133 ^ clkbuf_4_10_0_CLK/X (sky130_fd_sc_hd__clkbuf_8)
                                                         clknet_4_10_0_CLK (net)
                      0.077315    0.000112    0.766246 ^ _1441_/CLK (sky130_fd_sc_hd__dfrtp_2)
     1    0.001730    0.063384    0.698705    1.464950 ^ _1441_/Q (sky130_fd_sc_hd__dfrtp_2)
                                                         control.reset_n (net)
                      0.063384    0.000007    1.464957 ^ hold143/A (sky130_fd_sc_hd__dlygate4sd3_1)
     2    0.009671    0.184754    1.181936    2.646893 ^ hold143/X (sky130_fd_sc_hd__dlygate4sd3_1)
                                                         net142 (net)
                      0.184754    0.000282    2.647176 ^ fanout72/A (sky130_fd_sc_hd__clkdlybuf4s25_1)
     8    0.036718    0.591714    0.934377    3.581553 ^ fanout72/X (sky130_fd_sc_hd__clkdlybuf4s25_1)
                                                         net72 (net)
                      0.591714    0.000387    3.581939 ^ fanout69/A (sky130_fd_sc_hd__clkdlybuf4s25_1)
     8    0.037104    0.598221    1.094561    4.676500 ^ fanout69/X (sky130_fd_sc_hd__clkdlybuf4s25_1)
                                                         net69 (net)
                      0.598221    0.000436    4.676936 ^ _1453_/RESET_B (sky130_fd_sc_hd__dfrtp_2)
                                              4.676936   data arrival time

                                 20.000000   20.000000   clock CLK (rise edge)
                                  0.000000   20.000000   clock source latency
     1    0.018921    0.142429    0.092186   20.092186 ^ CLK (in)
                                                         CLK (net)
                      0.142439    0.000000   20.092186 ^ clkbuf_0_CLK/A (sky130_fd_sc_hd__clkbuf_16)
    16    0.102249    0.179542    0.333195   20.425381 ^ clkbuf_0_CLK/X (sky130_fd_sc_hd__clkbuf_16)
                                                         clknet_0_CLK (net)
                      0.179566    0.002046   20.427427 ^ clkbuf_4_6_0_CLK/A (sky130_fd_sc_hd__clkbuf_8)
     6    0.015574    0.073401    0.262263   20.689690 ^ clkbuf_4_6_0_CLK/X (sky130_fd_sc_hd__clkbuf_8)
                                                         clknet_4_6_0_CLK (net)
                      0.073401    0.000099   20.689791 ^ _1453_/CLK (sky130_fd_sc_hd__dfrtp_2)
                                 -0.250000   20.439791   clock uncertainty
                                  0.044777   20.484568   clock reconvergence pessimism
                                  0.219964   20.704533   library recovery time
                                             20.704533   data required time
---------------------------------------------------------------------------------------------
                                             20.704533   data required time
                                             -4.676936   data arrival time
---------------------------------------------------------------------------------------------
                                             16.027596   slack (MET)


Startpoint: _1441_ (rising edge-triggered flip-flop clocked by CLK)
Endpoint: _1452_ (recovery check against rising-edge clock CLK)
Path Group: asynchronous
Path Type: max

Fanout         Cap        Slew       Delay        Time   Description
---------------------------------------------------------------------------------------------
                                  0.000000    0.000000   clock CLK (rise edge)
                                  0.000000    0.000000   clock source latency
     1    0.018921    0.142429    0.101889    0.101889 ^ CLK (in)
                                                         CLK (net)
                      0.142439    0.000000    0.101889 ^ clkbuf_0_CLK/A (sky130_fd_sc_hd__clkbuf_16)
    16    0.102249    0.179542    0.368269    0.470158 ^ clkbuf_0_CLK/X (sky130_fd_sc_hd__clkbuf_16)
                                                         clknet_0_CLK (net)
                      0.179557    0.001910    0.472069 ^ clkbuf_4_10_0_CLK/A (sky130_fd_sc_hd__clkbuf_8)
     6    0.017324    0.077315    0.294065    0.766133 ^ clkbuf_4_10_0_CLK/X (sky130_fd_sc_hd__clkbuf_8)
                                                         clknet_4_10_0_CLK (net)
                      0.077315    0.000112    0.766246 ^ _1441_/CLK (sky130_fd_sc_hd__dfrtp_2)
     1    0.001730    0.063384    0.698705    1.464950 ^ _1441_/Q (sky130_fd_sc_hd__dfrtp_2)
                                                         control.reset_n (net)
                      0.063384    0.000007    1.464957 ^ hold143/A (sky130_fd_sc_hd__dlygate4sd3_1)
     2    0.009671    0.184754    1.181936    2.646893 ^ hold143/X (sky130_fd_sc_hd__dlygate4sd3_1)
                                                         net142 (net)
                      0.184754    0.000282    2.647176 ^ fanout72/A (sky130_fd_sc_hd__clkdlybuf4s25_1)
     8    0.036718    0.591714    0.934377    3.581553 ^ fanout72/X (sky130_fd_sc_hd__clkdlybuf4s25_1)
                                                         net72 (net)
                      0.591714    0.000387    3.581939 ^ fanout69/A (sky130_fd_sc_hd__clkdlybuf4s25_1)
     8    0.037104    0.598221    1.094561    4.676500 ^ fanout69/X (sky130_fd_sc_hd__clkdlybuf4s25_1)
                                                         net69 (net)
                      0.598221    0.000358    4.676858 ^ _1452_/RESET_B (sky130_fd_sc_hd__dfrtp_2)
                                              4.676858   data arrival time

                                 20.000000   20.000000   clock CLK (rise edge)
                                  0.000000   20.000000   clock source latency
     1    0.018921    0.142429    0.092186   20.092186 ^ CLK (in)
                                                         CLK (net)
                      0.142439    0.000000   20.092186 ^ clkbuf_0_CLK/A (sky130_fd_sc_hd__clkbuf_16)
    16    0.102249    0.179542    0.333195   20.425381 ^ clkbuf_0_CLK/X (sky130_fd_sc_hd__clkbuf_16)
                                                         clknet_0_CLK (net)
                      0.179566    0.002046   20.427427 ^ clkbuf_4_6_0_CLK/A (sky130_fd_sc_hd__clkbuf_8)
     6    0.015574    0.073401    0.262263   20.689690 ^ clkbuf_4_6_0_CLK/X (sky130_fd_sc_hd__clkbuf_8)
                                                         clknet_4_6_0_CLK (net)
                      0.073401    0.000123   20.689814 ^ _1452_/CLK (sky130_fd_sc_hd__dfrtp_2)
                                 -0.250000   20.439814   clock uncertainty
                                  0.044777   20.484591   clock reconvergence pessimism
                                  0.219964   20.704556   library recovery time
                                             20.704556   data required time
---------------------------------------------------------------------------------------------
                                             20.704556   data required time
                                             -4.676858   data arrival time
---------------------------------------------------------------------------------------------
                                             16.027697   slack (MET)


Startpoint: _1441_ (rising edge-triggered flip-flop clocked by CLK)
Endpoint: _1454_ (recovery check against rising-edge clock CLK)
Path Group: asynchronous
Path Type: max

Fanout         Cap        Slew       Delay        Time   Description
---------------------------------------------------------------------------------------------
                                  0.000000    0.000000   clock CLK (rise edge)
                                  0.000000    0.000000   clock source latency
     1    0.018921    0.142429    0.101889    0.101889 ^ CLK (in)
                                                         CLK (net)
                      0.142439    0.000000    0.101889 ^ clkbuf_0_CLK/A (sky130_fd_sc_hd__clkbuf_16)
    16    0.102249    0.179542    0.368269    0.470158 ^ clkbuf_0_CLK/X (sky130_fd_sc_hd__clkbuf_16)
                                                         clknet_0_CLK (net)
                      0.179557    0.001910    0.472069 ^ clkbuf_4_10_0_CLK/A (sky130_fd_sc_hd__clkbuf_8)
     6    0.017324    0.077315    0.294065    0.766133 ^ clkbuf_4_10_0_CLK/X (sky130_fd_sc_hd__clkbuf_8)
                                                         clknet_4_10_0_CLK (net)
                      0.077315    0.000112    0.766246 ^ _1441_/CLK (sky130_fd_sc_hd__dfrtp_2)
     1    0.001730    0.063384    0.698705    1.464950 ^ _1441_/Q (sky130_fd_sc_hd__dfrtp_2)
                                                         control.reset_n (net)
                      0.063384    0.000007    1.464957 ^ hold143/A (sky130_fd_sc_hd__dlygate4sd3_1)
     2    0.009671    0.184754    1.181936    2.646893 ^ hold143/X (sky130_fd_sc_hd__dlygate4sd3_1)
                                                         net142 (net)
                      0.184754    0.000282    2.647176 ^ fanout72/A (sky130_fd_sc_hd__clkdlybuf4s25_1)
     8    0.036718    0.591714    0.934377    3.581553 ^ fanout72/X (sky130_fd_sc_hd__clkdlybuf4s25_1)
                                                         net72 (net)
                      0.591714    0.000387    3.581939 ^ fanout69/A (sky130_fd_sc_hd__clkdlybuf4s25_1)
     8    0.037104    0.598221    1.094561    4.676500 ^ fanout69/X (sky130_fd_sc_hd__clkdlybuf4s25_1)
                                                         net69 (net)
                      0.598221    0.000366    4.676867 ^ _1454_/RESET_B (sky130_fd_sc_hd__dfrtp_2)
                                              4.676867   data arrival time

                                 20.000000   20.000000   clock CLK (rise edge)
                                  0.000000   20.000000   clock source latency
     1    0.018921    0.142429    0.092186   20.092186 ^ CLK (in)
                                                         CLK (net)
                      0.142439    0.000000   20.092186 ^ clkbuf_0_CLK/A (sky130_fd_sc_hd__clkbuf_16)
    16    0.102249    0.179542    0.333195   20.425381 ^ clkbuf_0_CLK/X (sky130_fd_sc_hd__clkbuf_16)
                                                         clknet_0_CLK (net)
                      0.179566    0.002046   20.427427 ^ clkbuf_4_6_0_CLK/A (sky130_fd_sc_hd__clkbuf_8)
     6    0.015574    0.073401    0.262263   20.689690 ^ clkbuf_4_6_0_CLK/X (sky130_fd_sc_hd__clkbuf_8)
                                                         clknet_4_6_0_CLK (net)
                      0.073401    0.000135   20.689825 ^ _1454_/CLK (sky130_fd_sc_hd__dfrtp_2)
                                 -0.250000   20.439827   clock uncertainty
                                  0.044777   20.484604   clock reconvergence pessimism
                                  0.219964   20.704567   library recovery time
                                             20.704567   data required time
---------------------------------------------------------------------------------------------
                                             20.704567   data required time
                                             -4.676867   data arrival time
---------------------------------------------------------------------------------------------
                                             16.027700   slack (MET)


Startpoint: _1441_ (rising edge-triggered flip-flop clocked by CLK)
Endpoint: _1465_ (recovery check against rising-edge clock CLK)
Path Group: asynchronous
Path Type: max

Fanout         Cap        Slew       Delay        Time   Description
---------------------------------------------------------------------------------------------
                                  0.000000    0.000000   clock CLK (rise edge)
                                  0.000000    0.000000   clock source latency
     1    0.018921    0.142429    0.101889    0.101889 ^ CLK (in)
                                                         CLK (net)
                      0.142439    0.000000    0.101889 ^ clkbuf_0_CLK/A (sky130_fd_sc_hd__clkbuf_16)
    16    0.102249    0.179542    0.368269    0.470158 ^ clkbuf_0_CLK/X (sky130_fd_sc_hd__clkbuf_16)
                                                         clknet_0_CLK (net)
                      0.179557    0.001910    0.472069 ^ clkbuf_4_10_0_CLK/A (sky130_fd_sc_hd__clkbuf_8)
     6    0.017324    0.077315    0.294065    0.766133 ^ clkbuf_4_10_0_CLK/X (sky130_fd_sc_hd__clkbuf_8)
                                                         clknet_4_10_0_CLK (net)
                      0.077315    0.000112    0.766246 ^ _1441_/CLK (sky130_fd_sc_hd__dfrtp_2)
     1    0.001730    0.063384    0.698705    1.464950 ^ _1441_/Q (sky130_fd_sc_hd__dfrtp_2)
                                                         control.reset_n (net)
                      0.063384    0.000007    1.464957 ^ hold143/A (sky130_fd_sc_hd__dlygate4sd3_1)
     2    0.009671    0.184754    1.181936    2.646893 ^ hold143/X (sky130_fd_sc_hd__dlygate4sd3_1)
                                                         net142 (net)
                      0.184754    0.000282    2.647176 ^ fanout72/A (sky130_fd_sc_hd__clkdlybuf4s25_1)
     8    0.036718    0.591714    0.934377    3.581553 ^ fanout72/X (sky130_fd_sc_hd__clkdlybuf4s25_1)
                                                         net72 (net)
                      0.591714    0.000387    3.581939 ^ fanout69/A (sky130_fd_sc_hd__clkdlybuf4s25_1)
     8    0.037104    0.598221    1.094561    4.676500 ^ fanout69/X (sky130_fd_sc_hd__clkdlybuf4s25_1)
                                                         net69 (net)
                      0.598221    0.000461    4.676961 ^ _1465_/RESET_B (sky130_fd_sc_hd__dfrtp_2)
                                              4.676961   data arrival time

                                 20.000000   20.000000   clock CLK (rise edge)
                                  0.000000   20.000000   clock source latency
     1    0.018921    0.142429    0.092186   20.092186 ^ CLK (in)
                                                         CLK (net)
                      0.142439    0.000000   20.092186 ^ clkbuf_0_CLK/A (sky130_fd_sc_hd__clkbuf_16)
    16    0.102249    0.179542    0.333195   20.425381 ^ clkbuf_0_CLK/X (sky130_fd_sc_hd__clkbuf_16)
                                                         clknet_0_CLK (net)
                      0.179567    0.002078   20.427460 ^ clkbuf_4_3_0_CLK/A (sky130_fd_sc_hd__clkbuf_8)
     6    0.017765    0.078316    0.267008   20.694468 ^ clkbuf_4_3_0_CLK/X (sky130_fd_sc_hd__clkbuf_8)
                                                         clknet_4_3_0_CLK (net)
                      0.078316    0.000144   20.694611 ^ _1465_/CLK (sky130_fd_sc_hd__dfrtp_2)
                                 -0.250000   20.444613   clock uncertainty
                                  0.044777   20.489389   clock reconvergence pessimism
                                  0.221686   20.711075   library recovery time
                                             20.711075   data required time
---------------------------------------------------------------------------------------------
                                             20.711075   data required time
                                             -4.676961   data arrival time
---------------------------------------------------------------------------------------------
                                             16.034113   slack (MET)


Startpoint: RESET_N (input port clocked by CLK)
Endpoint: _1440_ (recovery check against rising-edge clock CLK)
Path Group: asynchronous
Path Type: max

Fanout         Cap        Slew       Delay        Time   Description
---------------------------------------------------------------------------------------------
                                  0.000000    0.000000   clock CLK (rise edge)
                                  0.000000    0.000000   clock network delay (propagated)
                                  4.000000    4.000000 ^ input external delay
     1    0.004815    0.045923    0.027728    4.027728 ^ RESET_N (in)
                                                         RESET_N (net)
                      0.045923    0.000000    4.027728 ^ input19/A (sky130_fd_sc_hd__clkdlybuf4s25_1)
     8    0.021292    0.352651    0.690766    4.718494 ^ input19/X (sky130_fd_sc_hd__clkdlybuf4s25_1)
                                                         net19 (net)
                      0.352651    0.000528    4.719022 ^ _1440_/RESET_B (sky130_fd_sc_hd__dfrtp_2)
                                              4.719022   data arrival time

                                 20.000000   20.000000   clock CLK (rise edge)
                                  0.000000   20.000000   clock source latency
     1    0.018921    0.142429    0.092186   20.092186 ^ CLK (in)
                                                         CLK (net)
                      0.142439    0.000000   20.092186 ^ clkbuf_0_CLK/A (sky130_fd_sc_hd__clkbuf_16)
    16    0.102249    0.179542    0.333195   20.425381 ^ clkbuf_0_CLK/X (sky130_fd_sc_hd__clkbuf_16)
                                                         clknet_0_CLK (net)
                      0.179557    0.001728   20.427109 ^ clkbuf_4_10_0_CLK/A (sky130_fd_sc_hd__clkbuf_8)
     6    0.017324    0.077315    0.266059   20.693169 ^ clkbuf_4_10_0_CLK/X (sky130_fd_sc_hd__clkbuf_8)
                                                         clknet_4_10_0_CLK (net)
                      0.077315    0.000123   20.693291 ^ _1440_/CLK (sky130_fd_sc_hd__dfrtp_2)
                                 -0.250000   20.443293   clock uncertainty
                                  0.000000   20.443293   clock reconvergence pessimism
                                  0.326247   20.769539   library recovery time
                                             20.769539   data required time
---------------------------------------------------------------------------------------------
                                             20.769539   data required time
                                             -4.719022   data arrival time
---------------------------------------------------------------------------------------------
                                             16.050518   slack (MET)


Startpoint: RESET_N (input port clocked by CLK)
Endpoint: _1441_ (recovery check against rising-edge clock CLK)
Path Group: asynchronous
Path Type: max

Fanout         Cap        Slew       Delay        Time   Description
---------------------------------------------------------------------------------------------
                                  0.000000    0.000000   clock CLK (rise edge)
                                  0.000000    0.000000   clock network delay (propagated)
                                  4.000000    4.000000 ^ input external delay
     1    0.004815    0.045923    0.027728    4.027728 ^ RESET_N (in)
                                                         RESET_N (net)
                      0.045923    0.000000    4.027728 ^ input19/A (sky130_fd_sc_hd__clkdlybuf4s25_1)
     8    0.021292    0.352651    0.690766    4.718494 ^ input19/X (sky130_fd_sc_hd__clkdlybuf4s25_1)
                                                         net19 (net)
                      0.352651    0.000495    4.718988 ^ _1441_/RESET_B (sky130_fd_sc_hd__dfrtp_2)
                                              4.718988   data arrival time

                                 20.000000   20.000000   clock CLK (rise edge)
                                  0.000000   20.000000   clock source latency
     1    0.018921    0.142429    0.092186   20.092186 ^ CLK (in)
                                                         CLK (net)
                      0.142439    0.000000   20.092186 ^ clkbuf_0_CLK/A (sky130_fd_sc_hd__clkbuf_16)
    16    0.102249    0.179542    0.333195   20.425381 ^ clkbuf_0_CLK/X (sky130_fd_sc_hd__clkbuf_16)
                                                         clknet_0_CLK (net)
                      0.179557    0.001728   20.427109 ^ clkbuf_4_10_0_CLK/A (sky130_fd_sc_hd__clkbuf_8)
     6    0.017324    0.077315    0.266059   20.693169 ^ clkbuf_4_10_0_CLK/X (sky130_fd_sc_hd__clkbuf_8)
                                                         clknet_4_10_0_CLK (net)
                      0.077315    0.000101   20.693270 ^ _1441_/CLK (sky130_fd_sc_hd__dfrtp_2)
                                 -0.250000   20.443272   clock uncertainty
                                  0.000000   20.443272   clock reconvergence pessimism
                                  0.326247   20.769518   library recovery time
                                             20.769518   data required time
---------------------------------------------------------------------------------------------
                                             20.769518   data required time
                                             -4.718988   data arrival time
---------------------------------------------------------------------------------------------
                                             16.050529   slack (MET)


Startpoint: _1441_ (rising edge-triggered flip-flop clocked by CLK)
Endpoint: _1409_ (recovery check against rising-edge clock CLK)
Path Group: asynchronous
Path Type: max

Fanout         Cap        Slew       Delay        Time   Description
---------------------------------------------------------------------------------------------
                                  0.000000    0.000000   clock CLK (rise edge)
                                  0.000000    0.000000   clock source latency
     1    0.018921    0.142429    0.101889    0.101889 ^ CLK (in)
                                                         CLK (net)
                      0.142439    0.000000    0.101889 ^ clkbuf_0_CLK/A (sky130_fd_sc_hd__clkbuf_16)
    16    0.102249    0.179542    0.368269    0.470158 ^ clkbuf_0_CLK/X (sky130_fd_sc_hd__clkbuf_16)
                                                         clknet_0_CLK (net)
                      0.179557    0.001910    0.472069 ^ clkbuf_4_10_0_CLK/A (sky130_fd_sc_hd__clkbuf_8)
     6    0.017324    0.077315    0.294065    0.766133 ^ clkbuf_4_10_0_CLK/X (sky130_fd_sc_hd__clkbuf_8)
                                                         clknet_4_10_0_CLK (net)
                      0.077315    0.000112    0.766246 ^ _1441_/CLK (sky130_fd_sc_hd__dfrtp_2)
     1    0.001730    0.063384    0.698705    1.464950 ^ _1441_/Q (sky130_fd_sc_hd__dfrtp_2)
                                                         control.reset_n (net)
                      0.063384    0.000007    1.464957 ^ hold143/A (sky130_fd_sc_hd__dlygate4sd3_1)
     2    0.009671    0.184754    1.181936    2.646893 ^ hold143/X (sky130_fd_sc_hd__dlygate4sd3_1)
                                                         net142 (net)
                      0.184754    0.000118    2.647011 ^ fanout79/A (sky130_fd_sc_hd__clkdlybuf4s25_1)
     5    0.027735    0.452444    0.830381    3.477392 ^ fanout79/X (sky130_fd_sc_hd__clkdlybuf4s25_1)
                                                         net79 (net)
                      0.452444    0.000130    3.477522 ^ fanout73/A (sky130_fd_sc_hd__clkdlybuf4s25_1)
     5    0.018445    0.309014    0.826472    4.303993 ^ fanout73/X (sky130_fd_sc_hd__clkdlybuf4s25_1)
                                                         net73 (net)
                      0.309014    0.000044    4.304037 ^ load_slew74/A (sky130_fd_sc_hd__buf_2)
     6    0.030850    0.247548    0.451848    4.755885 ^ load_slew74/X (sky130_fd_sc_hd__buf_2)
                                                         net74 (net)
                      0.247549    0.001005    4.756890 ^ _1409_/RESET_B (sky130_fd_sc_hd__dfrtp_2)
                                              4.756890   data arrival time

                                 20.000000   20.000000   clock CLK (rise edge)
                                  0.000000   20.000000   clock source latency
     1    0.018921    0.142429    0.092186   20.092186 ^ CLK (in)
                                                         CLK (net)
                      0.142439    0.000000   20.092186 ^ clkbuf_0_CLK/A (sky130_fd_sc_hd__clkbuf_16)
    16    0.102249    0.179542    0.333195   20.425381 ^ clkbuf_0_CLK/X (sky130_fd_sc_hd__clkbuf_16)
                                                         clknet_0_CLK (net)
                      0.179545    0.001121   20.426502 ^ clkbuf_4_13_0_CLK/A (sky130_fd_sc_hd__clkbuf_8)
     6    0.016133    0.074633    0.263469   20.689972 ^ clkbuf_4_13_0_CLK/X (sky130_fd_sc_hd__clkbuf_8)
                                                         clknet_4_13_0_CLK (net)
                      0.074633    0.000075   20.690046 ^ _1409_/CLK (sky130_fd_sc_hd__dfrtp_2)
                                 -0.250000   20.440046   clock uncertainty
                                  0.044777   20.484823   clock reconvergence pessimism
                                  0.370238   20.855061   library recovery time
                                             20.855061   data required time
---------------------------------------------------------------------------------------------
                                             20.855061   data required time
                                             -4.756890   data arrival time
---------------------------------------------------------------------------------------------
                                             16.098171   slack (MET)


Startpoint: _1441_ (rising edge-triggered flip-flop clocked by CLK)
Endpoint: _1411_ (recovery check against rising-edge clock CLK)
Path Group: asynchronous
Path Type: max

Fanout         Cap        Slew       Delay        Time   Description
---------------------------------------------------------------------------------------------
                                  0.000000    0.000000   clock CLK (rise edge)
                                  0.000000    0.000000   clock source latency
     1    0.018921    0.142429    0.101889    0.101889 ^ CLK (in)
                                                         CLK (net)
                      0.142439    0.000000    0.101889 ^ clkbuf_0_CLK/A (sky130_fd_sc_hd__clkbuf_16)
    16    0.102249    0.179542    0.368269    0.470158 ^ clkbuf_0_CLK/X (sky130_fd_sc_hd__clkbuf_16)
                                                         clknet_0_CLK (net)
                      0.179557    0.001910    0.472069 ^ clkbuf_4_10_0_CLK/A (sky130_fd_sc_hd__clkbuf_8)
     6    0.017324    0.077315    0.294065    0.766133 ^ clkbuf_4_10_0_CLK/X (sky130_fd_sc_hd__clkbuf_8)
                                                         clknet_4_10_0_CLK (net)
                      0.077315    0.000112    0.766246 ^ _1441_/CLK (sky130_fd_sc_hd__dfrtp_2)
     1    0.001730    0.063384    0.698705    1.464950 ^ _1441_/Q (sky130_fd_sc_hd__dfrtp_2)
                                                         control.reset_n (net)
                      0.063384    0.000007    1.464957 ^ hold143/A (sky130_fd_sc_hd__dlygate4sd3_1)
     2    0.009671    0.184754    1.181936    2.646893 ^ hold143/X (sky130_fd_sc_hd__dlygate4sd3_1)
                                                         net142 (net)
                      0.184754    0.000118    2.647011 ^ fanout79/A (sky130_fd_sc_hd__clkdlybuf4s25_1)
     5    0.027735    0.452444    0.830381    3.477392 ^ fanout79/X (sky130_fd_sc_hd__clkdlybuf4s25_1)
                                                         net79 (net)
                      0.452444    0.000130    3.477522 ^ fanout73/A (sky130_fd_sc_hd__clkdlybuf4s25_1)
     5    0.018445    0.309014    0.826472    4.303993 ^ fanout73/X (sky130_fd_sc_hd__clkdlybuf4s25_1)
                                                         net73 (net)
                      0.309014    0.000044    4.304037 ^ load_slew74/A (sky130_fd_sc_hd__buf_2)
     6    0.030850    0.247548    0.451848    4.755885 ^ load_slew74/X (sky130_fd_sc_hd__buf_2)
                                                         net74 (net)
                      0.247549    0.001003    4.756887 ^ _1411_/RESET_B (sky130_fd_sc_hd__dfrtp_2)
                                              4.756887   data arrival time

                                 20.000000   20.000000   clock CLK (rise edge)
                                  0.000000   20.000000   clock source latency
     1    0.018921    0.142429    0.092186   20.092186 ^ CLK (in)
                                                         CLK (net)
                      0.142439    0.000000   20.092186 ^ clkbuf_0_CLK/A (sky130_fd_sc_hd__clkbuf_16)
    16    0.102249    0.179542    0.333195   20.425381 ^ clkbuf_0_CLK/X (sky130_fd_sc_hd__clkbuf_16)
                                                         clknet_0_CLK (net)
                      0.179545    0.001121   20.426502 ^ clkbuf_4_13_0_CLK/A (sky130_fd_sc_hd__clkbuf_8)
     6    0.016133    0.074633    0.263469   20.689972 ^ clkbuf_4_13_0_CLK/X (sky130_fd_sc_hd__clkbuf_8)
                                                         clknet_4_13_0_CLK (net)
                      0.074633    0.000126   20.690098 ^ _1411_/CLK (sky130_fd_sc_hd__dfrtp_2)
                                 -0.250000   20.440098   clock uncertainty
                                  0.044777   20.484875   clock reconvergence pessimism
                                  0.370238   20.855112   library recovery time
                                             20.855112   data required time
---------------------------------------------------------------------------------------------
                                             20.855112   data required time
                                             -4.756887   data arrival time
---------------------------------------------------------------------------------------------
                                             16.098223   slack (MET)


Startpoint: _1441_ (rising edge-triggered flip-flop clocked by CLK)
Endpoint: _1414_ (recovery check against rising-edge clock CLK)
Path Group: asynchronous
Path Type: max

Fanout         Cap        Slew       Delay        Time   Description
---------------------------------------------------------------------------------------------
                                  0.000000    0.000000   clock CLK (rise edge)
                                  0.000000    0.000000   clock source latency
     1    0.018921    0.142429    0.101889    0.101889 ^ CLK (in)
                                                         CLK (net)
                      0.142439    0.000000    0.101889 ^ clkbuf_0_CLK/A (sky130_fd_sc_hd__clkbuf_16)
    16    0.102249    0.179542    0.368269    0.470158 ^ clkbuf_0_CLK/X (sky130_fd_sc_hd__clkbuf_16)
                                                         clknet_0_CLK (net)
                      0.179557    0.001910    0.472069 ^ clkbuf_4_10_0_CLK/A (sky130_fd_sc_hd__clkbuf_8)
     6    0.017324    0.077315    0.294065    0.766133 ^ clkbuf_4_10_0_CLK/X (sky130_fd_sc_hd__clkbuf_8)
                                                         clknet_4_10_0_CLK (net)
                      0.077315    0.000112    0.766246 ^ _1441_/CLK (sky130_fd_sc_hd__dfrtp_2)
     1    0.001730    0.063384    0.698705    1.464950 ^ _1441_/Q (sky130_fd_sc_hd__dfrtp_2)
                                                         control.reset_n (net)
                      0.063384    0.000007    1.464957 ^ hold143/A (sky130_fd_sc_hd__dlygate4sd3_1)
     2    0.009671    0.184754    1.181936    2.646893 ^ hold143/X (sky130_fd_sc_hd__dlygate4sd3_1)
                                                         net142 (net)
                      0.184754    0.000118    2.647011 ^ fanout79/A (sky130_fd_sc_hd__clkdlybuf4s25_1)
     5    0.027735    0.452444    0.830381    3.477392 ^ fanout79/X (sky130_fd_sc_hd__clkdlybuf4s25_1)
                                                         net79 (net)
                      0.452444    0.000130    3.477522 ^ fanout73/A (sky130_fd_sc_hd__clkdlybuf4s25_1)
     5    0.018445    0.309014    0.826472    4.303993 ^ fanout73/X (sky130_fd_sc_hd__clkdlybuf4s25_1)
                                                         net73 (net)
                      0.309014    0.000044    4.304037 ^ load_slew74/A (sky130_fd_sc_hd__buf_2)
     6    0.030850    0.247548    0.451848    4.755885 ^ load_slew74/X (sky130_fd_sc_hd__buf_2)
                                                         net74 (net)
                      0.247548    0.000723    4.756607 ^ _1414_/RESET_B (sky130_fd_sc_hd__dfrtp_2)
                                              4.756607   data arrival time

                                 20.000000   20.000000   clock CLK (rise edge)
                                  0.000000   20.000000   clock source latency
     1    0.018921    0.142429    0.092186   20.092186 ^ CLK (in)
                                                         CLK (net)
                      0.142439    0.000000   20.092186 ^ clkbuf_0_CLK/A (sky130_fd_sc_hd__clkbuf_16)
    16    0.102249    0.179542    0.333195   20.425381 ^ clkbuf_0_CLK/X (sky130_fd_sc_hd__clkbuf_16)
                                                         clknet_0_CLK (net)
                      0.179543    0.000894   20.426275 ^ clkbuf_4_9_0_CLK/A (sky130_fd_sc_hd__clkbuf_8)
     6    0.016728    0.075957    0.264702   20.690977 ^ clkbuf_4_9_0_CLK/X (sky130_fd_sc_hd__clkbuf_8)
                                                         clknet_4_9_0_CLK (net)
                      0.075957    0.000053   20.691031 ^ _1414_/CLK (sky130_fd_sc_hd__dfrtp_2)
                                 -0.250000   20.441031   clock uncertainty
                                  0.044777   20.485807   clock reconvergence pessimism
                                  0.370688   20.856495   library recovery time
                                             20.856495   data required time
---------------------------------------------------------------------------------------------
                                             20.856495   data required time
                                             -4.756607   data arrival time
---------------------------------------------------------------------------------------------
                                             16.099888   slack (MET)


Startpoint: _1441_ (rising edge-triggered flip-flop clocked by CLK)
Endpoint: _1461_ (recovery check against rising-edge clock CLK)
Path Group: asynchronous
Path Type: max

Fanout         Cap        Slew       Delay        Time   Description
---------------------------------------------------------------------------------------------
                                  0.000000    0.000000   clock CLK (rise edge)
                                  0.000000    0.000000   clock source latency
     1    0.018921    0.142429    0.101889    0.101889 ^ CLK (in)
                                                         CLK (net)
                      0.142439    0.000000    0.101889 ^ clkbuf_0_CLK/A (sky130_fd_sc_hd__clkbuf_16)
    16    0.102249    0.179542    0.368269    0.470158 ^ clkbuf_0_CLK/X (sky130_fd_sc_hd__clkbuf_16)
                                                         clknet_0_CLK (net)
                      0.179557    0.001910    0.472069 ^ clkbuf_4_10_0_CLK/A (sky130_fd_sc_hd__clkbuf_8)
     6    0.017324    0.077315    0.294065    0.766133 ^ clkbuf_4_10_0_CLK/X (sky130_fd_sc_hd__clkbuf_8)
                                                         clknet_4_10_0_CLK (net)
                      0.077315    0.000112    0.766246 ^ _1441_/CLK (sky130_fd_sc_hd__dfrtp_2)
     1    0.001730    0.063384    0.698705    1.464950 ^ _1441_/Q (sky130_fd_sc_hd__dfrtp_2)
                                                         control.reset_n (net)
                      0.063384    0.000007    1.464957 ^ hold143/A (sky130_fd_sc_hd__dlygate4sd3_1)
     2    0.009671    0.184754    1.181936    2.646893 ^ hold143/X (sky130_fd_sc_hd__dlygate4sd3_1)
                                                         net142 (net)
                      0.184754    0.000118    2.647011 ^ fanout79/A (sky130_fd_sc_hd__clkdlybuf4s25_1)
     5    0.027735    0.452444    0.830381    3.477392 ^ fanout79/X (sky130_fd_sc_hd__clkdlybuf4s25_1)
                                                         net79 (net)
                      0.452444    0.000130    3.477522 ^ fanout73/A (sky130_fd_sc_hd__clkdlybuf4s25_1)
     5    0.018445    0.309014    0.826472    4.303993 ^ fanout73/X (sky130_fd_sc_hd__clkdlybuf4s25_1)
                                                         net73 (net)
                      0.309014    0.000044    4.304037 ^ load_slew74/A (sky130_fd_sc_hd__buf_2)
     6    0.030850    0.247548    0.451848    4.755885 ^ load_slew74/X (sky130_fd_sc_hd__buf_2)
                                                         net74 (net)
                      0.247548    0.000825    4.756710 ^ _1461_/RESET_B (sky130_fd_sc_hd__dfrtp_2)
                                              4.756710   data arrival time

                                 20.000000   20.000000   clock CLK (rise edge)
                                  0.000000   20.000000   clock source latency
     1    0.018921    0.142429    0.092186   20.092186 ^ CLK (in)
                                                         CLK (net)
                      0.142439    0.000000   20.092186 ^ clkbuf_0_CLK/A (sky130_fd_sc_hd__clkbuf_16)
    16    0.102249    0.179542    0.333195   20.425381 ^ clkbuf_0_CLK/X (sky130_fd_sc_hd__clkbuf_16)
                                                         clknet_0_CLK (net)
                      0.179543    0.000894   20.426275 ^ clkbuf_4_9_0_CLK/A (sky130_fd_sc_hd__clkbuf_8)
     6    0.016728    0.075957    0.264702   20.690977 ^ clkbuf_4_9_0_CLK/X (sky130_fd_sc_hd__clkbuf_8)
                                                         clknet_4_9_0_CLK (net)
                      0.075957    0.000325   20.691301 ^ _1461_/CLK (sky130_fd_sc_hd__dfrtp_2)
                                 -0.250000   20.441303   clock uncertainty
                                  0.044777   20.486078   clock reconvergence pessimism
                                  0.370688   20.856768   library recovery time
                                             20.856768   data required time
---------------------------------------------------------------------------------------------
                                             20.856768   data required time
                                             -4.756710   data arrival time
---------------------------------------------------------------------------------------------
                                             16.100060   slack (MET)


Startpoint: _1441_ (rising edge-triggered flip-flop clocked by CLK)
Endpoint: _1413_ (recovery check against rising-edge clock CLK)
Path Group: asynchronous
Path Type: max

Fanout         Cap        Slew       Delay        Time   Description
---------------------------------------------------------------------------------------------
                                  0.000000    0.000000   clock CLK (rise edge)
                                  0.000000    0.000000   clock source latency
     1    0.018921    0.142429    0.101889    0.101889 ^ CLK (in)
                                                         CLK (net)
                      0.142439    0.000000    0.101889 ^ clkbuf_0_CLK/A (sky130_fd_sc_hd__clkbuf_16)
    16    0.102249    0.179542    0.368269    0.470158 ^ clkbuf_0_CLK/X (sky130_fd_sc_hd__clkbuf_16)
                                                         clknet_0_CLK (net)
                      0.179557    0.001910    0.472069 ^ clkbuf_4_10_0_CLK/A (sky130_fd_sc_hd__clkbuf_8)
     6    0.017324    0.077315    0.294065    0.766133 ^ clkbuf_4_10_0_CLK/X (sky130_fd_sc_hd__clkbuf_8)
                                                         clknet_4_10_0_CLK (net)
                      0.077315    0.000112    0.766246 ^ _1441_/CLK (sky130_fd_sc_hd__dfrtp_2)
     1    0.001730    0.063384    0.698705    1.464950 ^ _1441_/Q (sky130_fd_sc_hd__dfrtp_2)
                                                         control.reset_n (net)
                      0.063384    0.000007    1.464957 ^ hold143/A (sky130_fd_sc_hd__dlygate4sd3_1)
     2    0.009671    0.184754    1.181936    2.646893 ^ hold143/X (sky130_fd_sc_hd__dlygate4sd3_1)
                                                         net142 (net)
                      0.184754    0.000118    2.647011 ^ fanout79/A (sky130_fd_sc_hd__clkdlybuf4s25_1)
     5    0.027735    0.452444    0.830381    3.477392 ^ fanout79/X (sky130_fd_sc_hd__clkdlybuf4s25_1)
                                                         net79 (net)
                      0.452444    0.000130    3.477522 ^ fanout73/A (sky130_fd_sc_hd__clkdlybuf4s25_1)
     5    0.018445    0.309014    0.826472    4.303993 ^ fanout73/X (sky130_fd_sc_hd__clkdlybuf4s25_1)
                                                         net73 (net)
                      0.309014    0.000044    4.304037 ^ load_slew74/A (sky130_fd_sc_hd__buf_2)
     6    0.030850    0.247548    0.451848    4.755885 ^ load_slew74/X (sky130_fd_sc_hd__buf_2)
                                                         net74 (net)
                      0.247549    0.000975    4.756859 ^ _1413_/RESET_B (sky130_fd_sc_hd__dfrtp_2)
                                              4.756859   data arrival time

                                 20.000000   20.000000   clock CLK (rise edge)
                                  0.000000   20.000000   clock source latency
     1    0.018921    0.142429    0.092186   20.092186 ^ CLK (in)
                                                         CLK (net)
                      0.142439    0.000000   20.092186 ^ clkbuf_0_CLK/A (sky130_fd_sc_hd__clkbuf_16)
    16    0.102249    0.179542    0.333195   20.425381 ^ clkbuf_0_CLK/X (sky130_fd_sc_hd__clkbuf_16)
                                                         clknet_0_CLK (net)
                      0.179542    0.000846   20.426228 ^ clkbuf_4_12_0_CLK/A (sky130_fd_sc_hd__clkbuf_8)
     6    0.018149    0.079200    0.267795   20.694021 ^ clkbuf_4_12_0_CLK/X (sky130_fd_sc_hd__clkbuf_8)
                                                         clknet_4_12_0_CLK (net)
                      0.079200    0.000103   20.694124 ^ _1413_/CLK (sky130_fd_sc_hd__dfrtp_2)
                                 -0.250000   20.444126   clock uncertainty
                                  0.044777   20.488901   clock reconvergence pessimism
                                  0.371789   20.860689   library recovery time
                                             20.860689   data required time
---------------------------------------------------------------------------------------------
                                             20.860689   data required time
                                             -4.756859   data arrival time
---------------------------------------------------------------------------------------------
                                             16.103830   slack (MET)


Startpoint: _1441_ (rising edge-triggered flip-flop clocked by CLK)
Endpoint: _1412_ (recovery check against rising-edge clock CLK)
Path Group: asynchronous
Path Type: max

Fanout         Cap        Slew       Delay        Time   Description
---------------------------------------------------------------------------------------------
                                  0.000000    0.000000   clock CLK (rise edge)
                                  0.000000    0.000000   clock source latency
     1    0.018921    0.142429    0.101889    0.101889 ^ CLK (in)
                                                         CLK (net)
                      0.142439    0.000000    0.101889 ^ clkbuf_0_CLK/A (sky130_fd_sc_hd__clkbuf_16)
    16    0.102249    0.179542    0.368269    0.470158 ^ clkbuf_0_CLK/X (sky130_fd_sc_hd__clkbuf_16)
                                                         clknet_0_CLK (net)
                      0.179557    0.001910    0.472069 ^ clkbuf_4_10_0_CLK/A (sky130_fd_sc_hd__clkbuf_8)
     6    0.017324    0.077315    0.294065    0.766133 ^ clkbuf_4_10_0_CLK/X (sky130_fd_sc_hd__clkbuf_8)
                                                         clknet_4_10_0_CLK (net)
                      0.077315    0.000112    0.766246 ^ _1441_/CLK (sky130_fd_sc_hd__dfrtp_2)
     1    0.001730    0.063384    0.698705    1.464950 ^ _1441_/Q (sky130_fd_sc_hd__dfrtp_2)
                                                         control.reset_n (net)
                      0.063384    0.000007    1.464957 ^ hold143/A (sky130_fd_sc_hd__dlygate4sd3_1)
     2    0.009671    0.184754    1.181936    2.646893 ^ hold143/X (sky130_fd_sc_hd__dlygate4sd3_1)
                                                         net142 (net)
                      0.184754    0.000118    2.647011 ^ fanout79/A (sky130_fd_sc_hd__clkdlybuf4s25_1)
     5    0.027735    0.452444    0.830381    3.477392 ^ fanout79/X (sky130_fd_sc_hd__clkdlybuf4s25_1)
                                                         net79 (net)
                      0.452444    0.000130    3.477522 ^ fanout73/A (sky130_fd_sc_hd__clkdlybuf4s25_1)
     5    0.018445    0.309014    0.826472    4.303993 ^ fanout73/X (sky130_fd_sc_hd__clkdlybuf4s25_1)
                                                         net73 (net)
                      0.309014    0.000044    4.304037 ^ load_slew74/A (sky130_fd_sc_hd__buf_2)
     6    0.030850    0.247548    0.451848    4.755885 ^ load_slew74/X (sky130_fd_sc_hd__buf_2)
                                                         net74 (net)
                      0.247548    0.000908    4.756793 ^ _1412_/RESET_B (sky130_fd_sc_hd__dfrtp_2)
                                              4.756793   data arrival time

                                 20.000000   20.000000   clock CLK (rise edge)
                                  0.000000   20.000000   clock source latency
     1    0.018921    0.142429    0.092186   20.092186 ^ CLK (in)
                                                         CLK (net)
                      0.142439    0.000000   20.092186 ^ clkbuf_0_CLK/A (sky130_fd_sc_hd__clkbuf_16)
    16    0.102249    0.179542    0.333195   20.425381 ^ clkbuf_0_CLK/X (sky130_fd_sc_hd__clkbuf_16)
                                                         clknet_0_CLK (net)
                      0.179542    0.000846   20.426228 ^ clkbuf_4_12_0_CLK/A (sky130_fd_sc_hd__clkbuf_8)
     6    0.018149    0.079200    0.267795   20.694021 ^ clkbuf_4_12_0_CLK/X (sky130_fd_sc_hd__clkbuf_8)
                                                         clknet_4_12_0_CLK (net)
                      0.079200    0.000071   20.694092 ^ _1412_/CLK (sky130_fd_sc_hd__dfrtp_2)
                                 -0.250000   20.444094   clock uncertainty
                                  0.044777   20.488871   clock reconvergence pessimism
                                  0.371789   20.860659   library recovery time
                                             20.860659   data required time
---------------------------------------------------------------------------------------------
                                             20.860659   data required time
                                             -4.756793   data arrival time
---------------------------------------------------------------------------------------------
                                             16.103865   slack (MET)


Startpoint: _1441_ (rising edge-triggered flip-flop clocked by CLK)
Endpoint: _1406_ (recovery check against rising-edge clock CLK)
Path Group: asynchronous
Path Type: max

Fanout         Cap        Slew       Delay        Time   Description
---------------------------------------------------------------------------------------------
                                  0.000000    0.000000   clock CLK (rise edge)
                                  0.000000    0.000000   clock source latency
     1    0.018921    0.142429    0.101889    0.101889 ^ CLK (in)
                                                         CLK (net)
                      0.142439    0.000000    0.101889 ^ clkbuf_0_CLK/A (sky130_fd_sc_hd__clkbuf_16)
    16    0.102249    0.179542    0.368269    0.470158 ^ clkbuf_0_CLK/X (sky130_fd_sc_hd__clkbuf_16)
                                                         clknet_0_CLK (net)
                      0.179557    0.001910    0.472069 ^ clkbuf_4_10_0_CLK/A (sky130_fd_sc_hd__clkbuf_8)
     6    0.017324    0.077315    0.294065    0.766133 ^ clkbuf_4_10_0_CLK/X (sky130_fd_sc_hd__clkbuf_8)
                                                         clknet_4_10_0_CLK (net)
                      0.077315    0.000112    0.766246 ^ _1441_/CLK (sky130_fd_sc_hd__dfrtp_2)
     1    0.001730    0.063384    0.698705    1.464950 ^ _1441_/Q (sky130_fd_sc_hd__dfrtp_2)
                                                         control.reset_n (net)
                      0.063384    0.000007    1.464957 ^ hold143/A (sky130_fd_sc_hd__dlygate4sd3_1)
     2    0.009671    0.184754    1.181936    2.646893 ^ hold143/X (sky130_fd_sc_hd__dlygate4sd3_1)
                                                         net142 (net)
                      0.184754    0.000118    2.647011 ^ fanout79/A (sky130_fd_sc_hd__clkdlybuf4s25_1)
     5    0.027735    0.452444    0.830381    3.477392 ^ fanout79/X (sky130_fd_sc_hd__clkdlybuf4s25_1)
                                                         net79 (net)
                      0.452444    0.000148    3.477540 ^ fanout77/A (sky130_fd_sc_hd__clkdlybuf4s25_1)
     3    0.013230    0.228646    0.765965    4.243505 ^ fanout77/X (sky130_fd_sc_hd__clkdlybuf4s25_1)
                                                         net77 (net)
                      0.228646    0.000113    4.243618 ^ load_slew78/A (sky130_fd_sc_hd__buf_2)
     8    0.031800    0.254073    0.424669    4.668287 ^ load_slew78/X (sky130_fd_sc_hd__buf_2)
                                                         net78 (net)
                      0.254073    0.000620    4.668906 ^ _1406_/RESET_B (sky130_fd_sc_hd__dfrtp_2)
                                              4.668906   data arrival time

                                 20.000000   20.000000   clock CLK (rise edge)
                                  0.000000   20.000000   clock source latency
     1    0.018921    0.142429    0.092186   20.092186 ^ CLK (in)
                                                         CLK (net)
                      0.142439    0.000000   20.092186 ^ clkbuf_0_CLK/A (sky130_fd_sc_hd__clkbuf_16)
    16    0.102249    0.179542    0.333195   20.425381 ^ clkbuf_0_CLK/X (sky130_fd_sc_hd__clkbuf_16)
                                                         clknet_0_CLK (net)
                      0.179556    0.001702   20.427082 ^ clkbuf_4_11_0_CLK/A (sky130_fd_sc_hd__clkbuf_8)
     6    0.015998    0.074334    0.263176   20.690260 ^ clkbuf_4_11_0_CLK/X (sky130_fd_sc_hd__clkbuf_8)
                                                         clknet_4_11_0_CLK (net)
                      0.074334    0.000139   20.690397 ^ _1406_/CLK (sky130_fd_sc_hd__dfrtp_2)
                                 -0.250000   20.440399   clock uncertainty
                                  0.044777   20.485174   clock reconvergence pessimism
                                  0.367349   20.852524   library recovery time
                                             20.852524   data required time
---------------------------------------------------------------------------------------------
                                             20.852524   data required time
                                             -4.668906   data arrival time
---------------------------------------------------------------------------------------------
                                             16.183617   slack (MET)


Startpoint: _1441_ (rising edge-triggered flip-flop clocked by CLK)
Endpoint: _1408_ (recovery check against rising-edge clock CLK)
Path Group: asynchronous
Path Type: max

Fanout         Cap        Slew       Delay        Time   Description
---------------------------------------------------------------------------------------------
                                  0.000000    0.000000   clock CLK (rise edge)
                                  0.000000    0.000000   clock source latency
     1    0.018921    0.142429    0.101889    0.101889 ^ CLK (in)
                                                         CLK (net)
                      0.142439    0.000000    0.101889 ^ clkbuf_0_CLK/A (sky130_fd_sc_hd__clkbuf_16)
    16    0.102249    0.179542    0.368269    0.470158 ^ clkbuf_0_CLK/X (sky130_fd_sc_hd__clkbuf_16)
                                                         clknet_0_CLK (net)
                      0.179557    0.001910    0.472069 ^ clkbuf_4_10_0_CLK/A (sky130_fd_sc_hd__clkbuf_8)
     6    0.017324    0.077315    0.294065    0.766133 ^ clkbuf_4_10_0_CLK/X (sky130_fd_sc_hd__clkbuf_8)
                                                         clknet_4_10_0_CLK (net)
                      0.077315    0.000112    0.766246 ^ _1441_/CLK (sky130_fd_sc_hd__dfrtp_2)
     1    0.001730    0.063384    0.698705    1.464950 ^ _1441_/Q (sky130_fd_sc_hd__dfrtp_2)
                                                         control.reset_n (net)
                      0.063384    0.000007    1.464957 ^ hold143/A (sky130_fd_sc_hd__dlygate4sd3_1)
     2    0.009671    0.184754    1.181936    2.646893 ^ hold143/X (sky130_fd_sc_hd__dlygate4sd3_1)
                                                         net142 (net)
                      0.184754    0.000118    2.647011 ^ fanout79/A (sky130_fd_sc_hd__clkdlybuf4s25_1)
     5    0.027735    0.452444    0.830381    3.477392 ^ fanout79/X (sky130_fd_sc_hd__clkdlybuf4s25_1)
                                                         net79 (net)
                      0.452444    0.000148    3.477540 ^ fanout77/A (sky130_fd_sc_hd__clkdlybuf4s25_1)
     3    0.013230    0.228646    0.765965    4.243505 ^ fanout77/X (sky130_fd_sc_hd__clkdlybuf4s25_1)
                                                         net77 (net)
                      0.228646    0.000113    4.243618 ^ load_slew78/A (sky130_fd_sc_hd__buf_2)
     8    0.031800    0.254073    0.424669    4.668287 ^ load_slew78/X (sky130_fd_sc_hd__buf_2)
                                                         net78 (net)
                      0.254073    0.000612    4.668899 ^ _1408_/RESET_B (sky130_fd_sc_hd__dfrtp_2)
                                              4.668899   data arrival time

                                 20.000000   20.000000   clock CLK (rise edge)
                                  0.000000   20.000000   clock source latency
     1    0.018921    0.142429    0.092186   20.092186 ^ CLK (in)
                                                         CLK (net)
                      0.142439    0.000000   20.092186 ^ clkbuf_0_CLK/A (sky130_fd_sc_hd__clkbuf_16)
    16    0.102249    0.179542    0.333195   20.425381 ^ clkbuf_0_CLK/X (sky130_fd_sc_hd__clkbuf_16)
                                                         clknet_0_CLK (net)
                      0.179556    0.001702   20.427082 ^ clkbuf_4_11_0_CLK/A (sky130_fd_sc_hd__clkbuf_8)
     6    0.015998    0.074334    0.263176   20.690260 ^ clkbuf_4_11_0_CLK/X (sky130_fd_sc_hd__clkbuf_8)
                                                         clknet_4_11_0_CLK (net)
                      0.074334    0.000172   20.690432 ^ _1408_/CLK (sky130_fd_sc_hd__dfrtp_2)
                                 -0.250000   20.440432   clock uncertainty
                                  0.044777   20.485209   clock reconvergence pessimism
                                  0.367349   20.852558   library recovery time
                                             20.852558   data required time
---------------------------------------------------------------------------------------------
                                             20.852558   data required time
                                             -4.668899   data arrival time
---------------------------------------------------------------------------------------------
                                             16.183659   slack (MET)


Startpoint: _1441_ (rising edge-triggered flip-flop clocked by CLK)
Endpoint: _1405_ (recovery check against rising-edge clock CLK)
Path Group: asynchronous
Path Type: max

Fanout         Cap        Slew       Delay        Time   Description
---------------------------------------------------------------------------------------------
                                  0.000000    0.000000   clock CLK (rise edge)
                                  0.000000    0.000000   clock source latency
     1    0.018921    0.142429    0.101889    0.101889 ^ CLK (in)
                                                         CLK (net)
                      0.142439    0.000000    0.101889 ^ clkbuf_0_CLK/A (sky130_fd_sc_hd__clkbuf_16)
    16    0.102249    0.179542    0.368269    0.470158 ^ clkbuf_0_CLK/X (sky130_fd_sc_hd__clkbuf_16)
                                                         clknet_0_CLK (net)
                      0.179557    0.001910    0.472069 ^ clkbuf_4_10_0_CLK/A (sky130_fd_sc_hd__clkbuf_8)
     6    0.017324    0.077315    0.294065    0.766133 ^ clkbuf_4_10_0_CLK/X (sky130_fd_sc_hd__clkbuf_8)
                                                         clknet_4_10_0_CLK (net)
                      0.077315    0.000112    0.766246 ^ _1441_/CLK (sky130_fd_sc_hd__dfrtp_2)
     1    0.001730    0.063384    0.698705    1.464950 ^ _1441_/Q (sky130_fd_sc_hd__dfrtp_2)
                                                         control.reset_n (net)
                      0.063384    0.000007    1.464957 ^ hold143/A (sky130_fd_sc_hd__dlygate4sd3_1)
     2    0.009671    0.184754    1.181936    2.646893 ^ hold143/X (sky130_fd_sc_hd__dlygate4sd3_1)
                                                         net142 (net)
                      0.184754    0.000118    2.647011 ^ fanout79/A (sky130_fd_sc_hd__clkdlybuf4s25_1)
     5    0.027735    0.452444    0.830381    3.477392 ^ fanout79/X (sky130_fd_sc_hd__clkdlybuf4s25_1)
                                                         net79 (net)
                      0.452444    0.000148    3.477540 ^ fanout77/A (sky130_fd_sc_hd__clkdlybuf4s25_1)
     3    0.013230    0.228646    0.765965    4.243505 ^ fanout77/X (sky130_fd_sc_hd__clkdlybuf4s25_1)
                                                         net77 (net)
                      0.228646    0.000113    4.243618 ^ load_slew78/A (sky130_fd_sc_hd__buf_2)
     8    0.031800    0.254073    0.424669    4.668287 ^ load_slew78/X (sky130_fd_sc_hd__buf_2)
                                                         net78 (net)
                      0.254073    0.000469    4.668756 ^ _1405_/RESET_B (sky130_fd_sc_hd__dfrtp_2)
                                              4.668756   data arrival time

                                 20.000000   20.000000   clock CLK (rise edge)
                                  0.000000   20.000000   clock source latency
     1    0.018921    0.142429    0.092186   20.092186 ^ CLK (in)
                                                         CLK (net)
                      0.142439    0.000000   20.092186 ^ clkbuf_0_CLK/A (sky130_fd_sc_hd__clkbuf_16)
    16    0.102249    0.179542    0.333195   20.425381 ^ clkbuf_0_CLK/X (sky130_fd_sc_hd__clkbuf_16)
                                                         clknet_0_CLK (net)
                      0.179556    0.001702   20.427082 ^ clkbuf_4_11_0_CLK/A (sky130_fd_sc_hd__clkbuf_8)
     6    0.015998    0.074334    0.263176   20.690260 ^ clkbuf_4_11_0_CLK/X (sky130_fd_sc_hd__clkbuf_8)
                                                         clknet_4_11_0_CLK (net)
                      0.074334    0.000169   20.690428 ^ _1405_/CLK (sky130_fd_sc_hd__dfrtp_2)
                                 -0.250000   20.440428   clock uncertainty
                                  0.044777   20.485205   clock reconvergence pessimism
                                  0.367349   20.852554   library recovery time
                                             20.852554   data required time
---------------------------------------------------------------------------------------------
                                             20.852554   data required time
                                             -4.668756   data arrival time
---------------------------------------------------------------------------------------------
                                             16.183798   slack (MET)


Startpoint: _1441_ (rising edge-triggered flip-flop clocked by CLK)
Endpoint: _1403_ (recovery check against rising-edge clock CLK)
Path Group: asynchronous
Path Type: max

Fanout         Cap        Slew       Delay        Time   Description
---------------------------------------------------------------------------------------------
                                  0.000000    0.000000   clock CLK (rise edge)
                                  0.000000    0.000000   clock source latency
     1    0.018921    0.142429    0.101889    0.101889 ^ CLK (in)
                                                         CLK (net)
                      0.142439    0.000000    0.101889 ^ clkbuf_0_CLK/A (sky130_fd_sc_hd__clkbuf_16)
    16    0.102249    0.179542    0.368269    0.470158 ^ clkbuf_0_CLK/X (sky130_fd_sc_hd__clkbuf_16)
                                                         clknet_0_CLK (net)
                      0.179557    0.001910    0.472069 ^ clkbuf_4_10_0_CLK/A (sky130_fd_sc_hd__clkbuf_8)
     6    0.017324    0.077315    0.294065    0.766133 ^ clkbuf_4_10_0_CLK/X (sky130_fd_sc_hd__clkbuf_8)
                                                         clknet_4_10_0_CLK (net)
                      0.077315    0.000112    0.766246 ^ _1441_/CLK (sky130_fd_sc_hd__dfrtp_2)
     1    0.001730    0.063384    0.698705    1.464950 ^ _1441_/Q (sky130_fd_sc_hd__dfrtp_2)
                                                         control.reset_n (net)
                      0.063384    0.000007    1.464957 ^ hold143/A (sky130_fd_sc_hd__dlygate4sd3_1)
     2    0.009671    0.184754    1.181936    2.646893 ^ hold143/X (sky130_fd_sc_hd__dlygate4sd3_1)
                                                         net142 (net)
                      0.184754    0.000118    2.647011 ^ fanout79/A (sky130_fd_sc_hd__clkdlybuf4s25_1)
     5    0.027735    0.452444    0.830381    3.477392 ^ fanout79/X (sky130_fd_sc_hd__clkdlybuf4s25_1)
                                                         net79 (net)
                      0.452444    0.000148    3.477540 ^ fanout77/A (sky130_fd_sc_hd__clkdlybuf4s25_1)
     3    0.013230    0.228646    0.765965    4.243505 ^ fanout77/X (sky130_fd_sc_hd__clkdlybuf4s25_1)
                                                         net77 (net)
                      0.228646    0.000113    4.243618 ^ load_slew78/A (sky130_fd_sc_hd__buf_2)
     8    0.031800    0.254073    0.424669    4.668287 ^ load_slew78/X (sky130_fd_sc_hd__buf_2)
                                                         net78 (net)
                      0.254073    0.000454    4.668741 ^ _1403_/RESET_B (sky130_fd_sc_hd__dfrtp_2)
                                              4.668741   data arrival time

                                 20.000000   20.000000   clock CLK (rise edge)
                                  0.000000   20.000000   clock source latency
     1    0.018921    0.142429    0.092186   20.092186 ^ CLK (in)
                                                         CLK (net)
                      0.142439    0.000000   20.092186 ^ clkbuf_0_CLK/A (sky130_fd_sc_hd__clkbuf_16)
    16    0.102249    0.179542    0.333195   20.425381 ^ clkbuf_0_CLK/X (sky130_fd_sc_hd__clkbuf_16)
                                                         clknet_0_CLK (net)
                      0.179556    0.001702   20.427082 ^ clkbuf_4_11_0_CLK/A (sky130_fd_sc_hd__clkbuf_8)
     6    0.015998    0.074334    0.263176   20.690260 ^ clkbuf_4_11_0_CLK/X (sky130_fd_sc_hd__clkbuf_8)
                                                         clknet_4_11_0_CLK (net)
                      0.074334    0.000179   20.690439 ^ _1403_/CLK (sky130_fd_sc_hd__dfrtp_2)
                                 -0.250000   20.440439   clock uncertainty
                                  0.044777   20.485216   clock reconvergence pessimism
                                  0.367349   20.852564   library recovery time
                                             20.852564   data required time
---------------------------------------------------------------------------------------------
                                             20.852564   data required time
                                             -4.668741   data arrival time
---------------------------------------------------------------------------------------------
                                             16.183825   slack (MET)


Startpoint: _1441_ (rising edge-triggered flip-flop clocked by CLK)
Endpoint: _1407_ (recovery check against rising-edge clock CLK)
Path Group: asynchronous
Path Type: max

Fanout         Cap        Slew       Delay        Time   Description
---------------------------------------------------------------------------------------------
                                  0.000000    0.000000   clock CLK (rise edge)
                                  0.000000    0.000000   clock source latency
     1    0.018921    0.142429    0.101889    0.101889 ^ CLK (in)
                                                         CLK (net)
                      0.142439    0.000000    0.101889 ^ clkbuf_0_CLK/A (sky130_fd_sc_hd__clkbuf_16)
    16    0.102249    0.179542    0.368269    0.470158 ^ clkbuf_0_CLK/X (sky130_fd_sc_hd__clkbuf_16)
                                                         clknet_0_CLK (net)
                      0.179557    0.001910    0.472069 ^ clkbuf_4_10_0_CLK/A (sky130_fd_sc_hd__clkbuf_8)
     6    0.017324    0.077315    0.294065    0.766133 ^ clkbuf_4_10_0_CLK/X (sky130_fd_sc_hd__clkbuf_8)
                                                         clknet_4_10_0_CLK (net)
                      0.077315    0.000112    0.766246 ^ _1441_/CLK (sky130_fd_sc_hd__dfrtp_2)
     1    0.001730    0.063384    0.698705    1.464950 ^ _1441_/Q (sky130_fd_sc_hd__dfrtp_2)
                                                         control.reset_n (net)
                      0.063384    0.000007    1.464957 ^ hold143/A (sky130_fd_sc_hd__dlygate4sd3_1)
     2    0.009671    0.184754    1.181936    2.646893 ^ hold143/X (sky130_fd_sc_hd__dlygate4sd3_1)
                                                         net142 (net)
                      0.184754    0.000118    2.647011 ^ fanout79/A (sky130_fd_sc_hd__clkdlybuf4s25_1)
     5    0.027735    0.452444    0.830381    3.477392 ^ fanout79/X (sky130_fd_sc_hd__clkdlybuf4s25_1)
                                                         net79 (net)
                      0.452444    0.000148    3.477540 ^ fanout77/A (sky130_fd_sc_hd__clkdlybuf4s25_1)
     3    0.013230    0.228646    0.765965    4.243505 ^ fanout77/X (sky130_fd_sc_hd__clkdlybuf4s25_1)
                                                         net77 (net)
                      0.228646    0.000113    4.243618 ^ load_slew78/A (sky130_fd_sc_hd__buf_2)
     8    0.031800    0.254073    0.424669    4.668287 ^ load_slew78/X (sky130_fd_sc_hd__buf_2)
                                                         net78 (net)
                      0.254073    0.000576    4.668863 ^ _1407_/RESET_B (sky130_fd_sc_hd__dfrtp_2)
                                              4.668863   data arrival time

                                 20.000000   20.000000   clock CLK (rise edge)
                                  0.000000   20.000000   clock source latency
     1    0.018921    0.142429    0.092186   20.092186 ^ CLK (in)
                                                         CLK (net)
                      0.142439    0.000000   20.092186 ^ clkbuf_0_CLK/A (sky130_fd_sc_hd__clkbuf_16)
    16    0.102249    0.179542    0.333195   20.425381 ^ clkbuf_0_CLK/X (sky130_fd_sc_hd__clkbuf_16)
                                                         clknet_0_CLK (net)
                      0.179554    0.001602   20.426983 ^ clkbuf_4_14_0_CLK/A (sky130_fd_sc_hd__clkbuf_8)
     6    0.017613    0.077970    0.266676   20.693659 ^ clkbuf_4_14_0_CLK/X (sky130_fd_sc_hd__clkbuf_8)
                                                         clknet_4_14_0_CLK (net)
                      0.077970    0.000167   20.693827 ^ _1407_/CLK (sky130_fd_sc_hd__dfrtp_2)
                                 -0.250000   20.443827   clock uncertainty
                                  0.044777   20.488604   clock reconvergence pessimism
                                  0.368584   20.857187   library recovery time
                                             20.857187   data required time
---------------------------------------------------------------------------------------------
                                             20.857187   data required time
                                             -4.668863   data arrival time
---------------------------------------------------------------------------------------------
                                             16.188324   slack (MET)


Startpoint: _1441_ (rising edge-triggered flip-flop clocked by CLK)
Endpoint: _1404_ (recovery check against rising-edge clock CLK)
Path Group: asynchronous
Path Type: max

Fanout         Cap        Slew       Delay        Time   Description
---------------------------------------------------------------------------------------------
                                  0.000000    0.000000   clock CLK (rise edge)
                                  0.000000    0.000000   clock source latency
     1    0.018921    0.142429    0.101889    0.101889 ^ CLK (in)
                                                         CLK (net)
                      0.142439    0.000000    0.101889 ^ clkbuf_0_CLK/A (sky130_fd_sc_hd__clkbuf_16)
    16    0.102249    0.179542    0.368269    0.470158 ^ clkbuf_0_CLK/X (sky130_fd_sc_hd__clkbuf_16)
                                                         clknet_0_CLK (net)
                      0.179557    0.001910    0.472069 ^ clkbuf_4_10_0_CLK/A (sky130_fd_sc_hd__clkbuf_8)
     6    0.017324    0.077315    0.294065    0.766133 ^ clkbuf_4_10_0_CLK/X (sky130_fd_sc_hd__clkbuf_8)
                                                         clknet_4_10_0_CLK (net)
                      0.077315    0.000112    0.766246 ^ _1441_/CLK (sky130_fd_sc_hd__dfrtp_2)
     1    0.001730    0.063384    0.698705    1.464950 ^ _1441_/Q (sky130_fd_sc_hd__dfrtp_2)
                                                         control.reset_n (net)
                      0.063384    0.000007    1.464957 ^ hold143/A (sky130_fd_sc_hd__dlygate4sd3_1)
     2    0.009671    0.184754    1.181936    2.646893 ^ hold143/X (sky130_fd_sc_hd__dlygate4sd3_1)
                                                         net142 (net)
                      0.184754    0.000118    2.647011 ^ fanout79/A (sky130_fd_sc_hd__clkdlybuf4s25_1)
     5    0.027735    0.452444    0.830381    3.477392 ^ fanout79/X (sky130_fd_sc_hd__clkdlybuf4s25_1)
                                                         net79 (net)
                      0.452444    0.000148    3.477540 ^ fanout77/A (sky130_fd_sc_hd__clkdlybuf4s25_1)
     3    0.013230    0.228646    0.765965    4.243505 ^ fanout77/X (sky130_fd_sc_hd__clkdlybuf4s25_1)
                                                         net77 (net)
                      0.228646    0.000113    4.243618 ^ load_slew78/A (sky130_fd_sc_hd__buf_2)
     8    0.031800    0.254073    0.424669    4.668287 ^ load_slew78/X (sky130_fd_sc_hd__buf_2)
                                                         net78 (net)
                      0.254073    0.000466    4.668753 ^ _1404_/RESET_B (sky130_fd_sc_hd__dfrtp_2)
                                              4.668753   data arrival time

                                 20.000000   20.000000   clock CLK (rise edge)
                                  0.000000   20.000000   clock source latency
     1    0.018921    0.142429    0.092186   20.092186 ^ CLK (in)
                                                         CLK (net)
                      0.142439    0.000000   20.092186 ^ clkbuf_0_CLK/A (sky130_fd_sc_hd__clkbuf_16)
    16    0.102249    0.179542    0.333195   20.425381 ^ clkbuf_0_CLK/X (sky130_fd_sc_hd__clkbuf_16)
                                                         clknet_0_CLK (net)
                      0.179557    0.001728   20.427109 ^ clkbuf_4_10_0_CLK/A (sky130_fd_sc_hd__clkbuf_8)
     6    0.017324    0.077315    0.266059   20.693169 ^ clkbuf_4_10_0_CLK/X (sky130_fd_sc_hd__clkbuf_8)
                                                         clknet_4_10_0_CLK (net)
                      0.077315    0.000174   20.693342 ^ _1404_/CLK (sky130_fd_sc_hd__dfrtp_2)
                                 -0.250000   20.443344   clock uncertainty
                                  0.072965   20.516310   clock reconvergence pessimism
                                  0.368361   20.884670   library recovery time
                                             20.884670   data required time
---------------------------------------------------------------------------------------------
                                             20.884670   data required time
                                             -4.668753   data arrival time
---------------------------------------------------------------------------------------------
                                             16.215918   slack (MET)


Startpoint: _1441_ (rising edge-triggered flip-flop clocked by CLK)
Endpoint: _1473_ (recovery check against rising-edge clock CLK)
Path Group: asynchronous
Path Type: max

Fanout         Cap        Slew       Delay        Time   Description
---------------------------------------------------------------------------------------------
                                  0.000000    0.000000   clock CLK (rise edge)
                                  0.000000    0.000000   clock source latency
     1    0.018921    0.142429    0.101889    0.101889 ^ CLK (in)
                                                         CLK (net)
                      0.142439    0.000000    0.101889 ^ clkbuf_0_CLK/A (sky130_fd_sc_hd__clkbuf_16)
    16    0.102249    0.179542    0.368269    0.470158 ^ clkbuf_0_CLK/X (sky130_fd_sc_hd__clkbuf_16)
                                                         clknet_0_CLK (net)
                      0.179557    0.001910    0.472069 ^ clkbuf_4_10_0_CLK/A (sky130_fd_sc_hd__clkbuf_8)
     6    0.017324    0.077315    0.294065    0.766133 ^ clkbuf_4_10_0_CLK/X (sky130_fd_sc_hd__clkbuf_8)
                                                         clknet_4_10_0_CLK (net)
                      0.077315    0.000112    0.766246 ^ _1441_/CLK (sky130_fd_sc_hd__dfrtp_2)
     1    0.001730    0.063384    0.698705    1.464950 ^ _1441_/Q (sky130_fd_sc_hd__dfrtp_2)
                                                         control.reset_n (net)
                      0.063384    0.000007    1.464957 ^ hold143/A (sky130_fd_sc_hd__dlygate4sd3_1)
     2    0.009671    0.184754    1.181936    2.646893 ^ hold143/X (sky130_fd_sc_hd__dlygate4sd3_1)
                                                         net142 (net)
                      0.184754    0.000118    2.647011 ^ fanout79/A (sky130_fd_sc_hd__clkdlybuf4s25_1)
     5    0.027735    0.452444    0.830381    3.477392 ^ fanout79/X (sky130_fd_sc_hd__clkdlybuf4s25_1)
                                                         net79 (net)
                      0.452444    0.000148    3.477540 ^ fanout77/A (sky130_fd_sc_hd__clkdlybuf4s25_1)
     3    0.013230    0.228646    0.765965    4.243505 ^ fanout77/X (sky130_fd_sc_hd__clkdlybuf4s25_1)
                                                         net77 (net)
                      0.228646    0.000113    4.243618 ^ load_slew78/A (sky130_fd_sc_hd__buf_2)
     8    0.031800    0.254073    0.424669    4.668287 ^ load_slew78/X (sky130_fd_sc_hd__buf_2)
                                                         net78 (net)
                      0.254073    0.000269    4.668555 ^ _1473_/RESET_B (sky130_fd_sc_hd__dfrtp_2)
                                              4.668555   data arrival time

                                 20.000000   20.000000   clock CLK (rise edge)
                                  0.000000   20.000000   clock source latency
     1    0.018921    0.142429    0.092186   20.092186 ^ CLK (in)
                                                         CLK (net)
                      0.142439    0.000000   20.092186 ^ clkbuf_0_CLK/A (sky130_fd_sc_hd__clkbuf_16)
    16    0.102249    0.179542    0.333195   20.425381 ^ clkbuf_0_CLK/X (sky130_fd_sc_hd__clkbuf_16)
                                                         clknet_0_CLK (net)
                      0.179557    0.001728   20.427109 ^ clkbuf_4_10_0_CLK/A (sky130_fd_sc_hd__clkbuf_8)
     6    0.017324    0.077315    0.266059   20.693169 ^ clkbuf_4_10_0_CLK/X (sky130_fd_sc_hd__clkbuf_8)
                                                         clknet_4_10_0_CLK (net)
                      0.077315    0.000099   20.693268 ^ _1473_/CLK (sky130_fd_sc_hd__dfrtp_2)
                                 -0.250000   20.443270   clock uncertainty
                                  0.072965   20.516235   clock reconvergence pessimism
                                  0.368361   20.884596   library recovery time
                                             20.884596   data required time
---------------------------------------------------------------------------------------------
                                             20.884596   data required time
                                             -4.668555   data arrival time
---------------------------------------------------------------------------------------------
                                             16.216040   slack (MET)


Startpoint: _1441_ (rising edge-triggered flip-flop clocked by CLK)
Endpoint: _1472_ (recovery check against rising-edge clock CLK)
Path Group: asynchronous
Path Type: max

Fanout         Cap        Slew       Delay        Time   Description
---------------------------------------------------------------------------------------------
                                  0.000000    0.000000   clock CLK (rise edge)
                                  0.000000    0.000000   clock source latency
     1    0.018921    0.142429    0.101889    0.101889 ^ CLK (in)
                                                         CLK (net)
                      0.142439    0.000000    0.101889 ^ clkbuf_0_CLK/A (sky130_fd_sc_hd__clkbuf_16)
    16    0.102249    0.179542    0.368269    0.470158 ^ clkbuf_0_CLK/X (sky130_fd_sc_hd__clkbuf_16)
                                                         clknet_0_CLK (net)
                      0.179557    0.001910    0.472069 ^ clkbuf_4_10_0_CLK/A (sky130_fd_sc_hd__clkbuf_8)
     6    0.017324    0.077315    0.294065    0.766133 ^ clkbuf_4_10_0_CLK/X (sky130_fd_sc_hd__clkbuf_8)
                                                         clknet_4_10_0_CLK (net)
                      0.077315    0.000112    0.766246 ^ _1441_/CLK (sky130_fd_sc_hd__dfrtp_2)
     1    0.001730    0.063384    0.698705    1.464950 ^ _1441_/Q (sky130_fd_sc_hd__dfrtp_2)
                                                         control.reset_n (net)
                      0.063384    0.000007    1.464957 ^ hold143/A (sky130_fd_sc_hd__dlygate4sd3_1)
     2    0.009671    0.184754    1.181936    2.646893 ^ hold143/X (sky130_fd_sc_hd__dlygate4sd3_1)
                                                         net142 (net)
                      0.184754    0.000118    2.647011 ^ fanout79/A (sky130_fd_sc_hd__clkdlybuf4s25_1)
     5    0.027735    0.452444    0.830381    3.477392 ^ fanout79/X (sky130_fd_sc_hd__clkdlybuf4s25_1)
                                                         net79 (net)
                      0.452444    0.000148    3.477540 ^ fanout77/A (sky130_fd_sc_hd__clkdlybuf4s25_1)
     3    0.013230    0.228646    0.765965    4.243505 ^ fanout77/X (sky130_fd_sc_hd__clkdlybuf4s25_1)
                                                         net77 (net)
                      0.228646    0.000113    4.243618 ^ load_slew78/A (sky130_fd_sc_hd__buf_2)
     8    0.031800    0.254073    0.424669    4.668287 ^ load_slew78/X (sky130_fd_sc_hd__buf_2)
                                                         net78 (net)
                      0.254073    0.000257    4.668543 ^ _1472_/RESET_B (sky130_fd_sc_hd__dfrtp_2)
                                              4.668543   data arrival time

                                 20.000000   20.000000   clock CLK (rise edge)
                                  0.000000   20.000000   clock source latency
     1    0.018921    0.142429    0.092186   20.092186 ^ CLK (in)
                                                         CLK (net)
                      0.142439    0.000000   20.092186 ^ clkbuf_0_CLK/A (sky130_fd_sc_hd__clkbuf_16)
    16    0.102249    0.179542    0.333195   20.425381 ^ clkbuf_0_CLK/X (sky130_fd_sc_hd__clkbuf_16)
                                                         clknet_0_CLK (net)
                      0.179557    0.001728   20.427109 ^ clkbuf_4_10_0_CLK/A (sky130_fd_sc_hd__clkbuf_8)
     6    0.017324    0.077315    0.266059   20.693169 ^ clkbuf_4_10_0_CLK/X (sky130_fd_sc_hd__clkbuf_8)
                                                         clknet_4_10_0_CLK (net)
                      0.077315    0.000114   20.693283 ^ _1472_/CLK (sky130_fd_sc_hd__dfrtp_2)
                                 -0.250000   20.443283   clock uncertainty
                                  0.072965   20.516249   clock reconvergence pessimism
                                  0.368361   20.884611   library recovery time
                                             20.884611   data required time
---------------------------------------------------------------------------------------------
                                             20.884611   data required time
                                             -4.668543   data arrival time
---------------------------------------------------------------------------------------------
                                             16.216066   slack (MET)


Startpoint: _1441_ (rising edge-triggered flip-flop clocked by CLK)
Endpoint: _1436_ (recovery check against rising-edge clock CLK)
Path Group: asynchronous
Path Type: max

Fanout         Cap        Slew       Delay        Time   Description
---------------------------------------------------------------------------------------------
                                  0.000000    0.000000   clock CLK (rise edge)
                                  0.000000    0.000000   clock source latency
     1    0.018921    0.142429    0.101889    0.101889 ^ CLK (in)
                                                         CLK (net)
                      0.142439    0.000000    0.101889 ^ clkbuf_0_CLK/A (sky130_fd_sc_hd__clkbuf_16)
    16    0.102249    0.179542    0.368269    0.470158 ^ clkbuf_0_CLK/X (sky130_fd_sc_hd__clkbuf_16)
                                                         clknet_0_CLK (net)
                      0.179557    0.001910    0.472069 ^ clkbuf_4_10_0_CLK/A (sky130_fd_sc_hd__clkbuf_8)
     6    0.017324    0.077315    0.294065    0.766133 ^ clkbuf_4_10_0_CLK/X (sky130_fd_sc_hd__clkbuf_8)
                                                         clknet_4_10_0_CLK (net)
                      0.077315    0.000112    0.766246 ^ _1441_/CLK (sky130_fd_sc_hd__dfrtp_2)
     1    0.001730    0.063384    0.698705    1.464950 ^ _1441_/Q (sky130_fd_sc_hd__dfrtp_2)
                                                         control.reset_n (net)
                      0.063384    0.000007    1.464957 ^ hold143/A (sky130_fd_sc_hd__dlygate4sd3_1)
     2    0.009671    0.184754    1.181936    2.646893 ^ hold143/X (sky130_fd_sc_hd__dlygate4sd3_1)
                                                         net142 (net)
                      0.184754    0.000282    2.647176 ^ fanout72/A (sky130_fd_sc_hd__clkdlybuf4s25_1)
     8    0.036718    0.591714    0.934377    3.581553 ^ fanout72/X (sky130_fd_sc_hd__clkdlybuf4s25_1)
                                                         net72 (net)
                      0.591714    0.000010    3.581563 ^ fanout70/A (sky130_fd_sc_hd__clkdlybuf4s25_1)
     5    0.017738    0.298096    0.870206    4.451769 ^ fanout70/X (sky130_fd_sc_hd__clkdlybuf4s25_1)
                                                         net70 (net)
                      0.298096    0.000203    4.451972 ^ _1436_/SET_B (sky130_fd_sc_hd__dfstp_2)
                                              4.451972   data arrival time

                                 20.000000   20.000000   clock CLK (rise edge)
                                  0.000000   20.000000   clock source latency
     1    0.018921    0.142429    0.092186   20.092186 ^ CLK (in)
                                                         CLK (net)
                      0.142439    0.000000   20.092186 ^ clkbuf_0_CLK/A (sky130_fd_sc_hd__clkbuf_16)
    16    0.102249    0.179542    0.333195   20.425381 ^ clkbuf_0_CLK/X (sky130_fd_sc_hd__clkbuf_16)
                                                         clknet_0_CLK (net)
                      0.179543    0.000934   20.426315 ^ clkbuf_4_8_0_CLK/A (sky130_fd_sc_hd__clkbuf_8)
     5    0.013699    0.069341    0.258195   20.684511 ^ clkbuf_4_8_0_CLK/X (sky130_fd_sc_hd__clkbuf_8)
                                                         clknet_4_8_0_CLK (net)
                      0.069365    0.000167   20.684677 ^ _1436_/CLK (sky130_fd_sc_hd__dfstp_2)
                                 -0.250000   20.434679   clock uncertainty
                                  0.044777   20.479456   clock reconvergence pessimism
                                  0.234656   20.714111   library recovery time
                                             20.714111   data required time
---------------------------------------------------------------------------------------------
                                             20.714111   data required time
                                             -4.451972   data arrival time
---------------------------------------------------------------------------------------------
                                             16.262140   slack (MET)


Startpoint: _1441_ (rising edge-triggered flip-flop clocked by CLK)
Endpoint: _1422_ (recovery check against rising-edge clock CLK)
Path Group: asynchronous
Path Type: max

Fanout         Cap        Slew       Delay        Time   Description
---------------------------------------------------------------------------------------------
                                  0.000000    0.000000   clock CLK (rise edge)
                                  0.000000    0.000000   clock source latency
     1    0.018921    0.142429    0.101889    0.101889 ^ CLK (in)
                                                         CLK (net)
                      0.142439    0.000000    0.101889 ^ clkbuf_0_CLK/A (sky130_fd_sc_hd__clkbuf_16)
    16    0.102249    0.179542    0.368269    0.470158 ^ clkbuf_0_CLK/X (sky130_fd_sc_hd__clkbuf_16)
                                                         clknet_0_CLK (net)
                      0.179557    0.001910    0.472069 ^ clkbuf_4_10_0_CLK/A (sky130_fd_sc_hd__clkbuf_8)
     6    0.017324    0.077315    0.294065    0.766133 ^ clkbuf_4_10_0_CLK/X (sky130_fd_sc_hd__clkbuf_8)
                                                         clknet_4_10_0_CLK (net)
                      0.077315    0.000112    0.766246 ^ _1441_/CLK (sky130_fd_sc_hd__dfrtp_2)
     1    0.001730    0.063384    0.698705    1.464950 ^ _1441_/Q (sky130_fd_sc_hd__dfrtp_2)
                                                         control.reset_n (net)
                      0.063384    0.000007    1.464957 ^ hold143/A (sky130_fd_sc_hd__dlygate4sd3_1)
     2    0.009671    0.184754    1.181936    2.646893 ^ hold143/X (sky130_fd_sc_hd__dlygate4sd3_1)
                                                         net142 (net)
                      0.184754    0.000282    2.647176 ^ fanout72/A (sky130_fd_sc_hd__clkdlybuf4s25_1)
     8    0.036718    0.591714    0.934377    3.581553 ^ fanout72/X (sky130_fd_sc_hd__clkdlybuf4s25_1)
                                                         net72 (net)
                      0.591714    0.000350    3.581903 ^ fanout66/A (sky130_fd_sc_hd__clkdlybuf4s25_1)
     5    0.021708    0.359380    0.916215    4.498117 ^ fanout66/X (sky130_fd_sc_hd__clkdlybuf4s25_1)
                                                         net66 (net)
                      0.359380    0.000435    4.498553 ^ _1422_/RESET_B (sky130_fd_sc_hd__dfrtp_2)
                                              4.498553   data arrival time

                                 20.000000   20.000000   clock CLK (rise edge)
                                  0.000000   20.000000   clock source latency
     1    0.018921    0.142429    0.092186   20.092186 ^ CLK (in)
                                                         CLK (net)
                      0.142439    0.000000   20.092186 ^ clkbuf_0_CLK/A (sky130_fd_sc_hd__clkbuf_16)
    16    0.102249    0.179542    0.333195   20.425381 ^ clkbuf_0_CLK/X (sky130_fd_sc_hd__clkbuf_16)
                                                         clknet_0_CLK (net)
                      0.179570    0.002169   20.427549 ^ clkbuf_4_4_0_CLK/A (sky130_fd_sc_hd__clkbuf_8)
     6    0.017565    0.077862    0.266578   20.694128 ^ clkbuf_4_4_0_CLK/X (sky130_fd_sc_hd__clkbuf_8)
                                                         clknet_4_4_0_CLK (net)
                      0.077862    0.000133   20.694262 ^ _1422_/CLK (sky130_fd_sc_hd__dfrtp_2)
                                 -0.250000   20.444262   clock uncertainty
                                  0.044777   20.489038   clock reconvergence pessimism
                                  0.323560   20.812599   library recovery time
                                             20.812599   data required time
---------------------------------------------------------------------------------------------
                                             20.812599   data required time
                                             -4.498553   data arrival time
---------------------------------------------------------------------------------------------
                                             16.314045   slack (MET)


Startpoint: _1441_ (rising edge-triggered flip-flop clocked by CLK)
Endpoint: _1424_ (recovery check against rising-edge clock CLK)
Path Group: asynchronous
Path Type: max

Fanout         Cap        Slew       Delay        Time   Description
---------------------------------------------------------------------------------------------
                                  0.000000    0.000000   clock CLK (rise edge)
                                  0.000000    0.000000   clock source latency
     1    0.018921    0.142429    0.101889    0.101889 ^ CLK (in)
                                                         CLK (net)
                      0.142439    0.000000    0.101889 ^ clkbuf_0_CLK/A (sky130_fd_sc_hd__clkbuf_16)
    16    0.102249    0.179542    0.368269    0.470158 ^ clkbuf_0_CLK/X (sky130_fd_sc_hd__clkbuf_16)
                                                         clknet_0_CLK (net)
                      0.179557    0.001910    0.472069 ^ clkbuf_4_10_0_CLK/A (sky130_fd_sc_hd__clkbuf_8)
     6    0.017324    0.077315    0.294065    0.766133 ^ clkbuf_4_10_0_CLK/X (sky130_fd_sc_hd__clkbuf_8)
                                                         clknet_4_10_0_CLK (net)
                      0.077315    0.000112    0.766246 ^ _1441_/CLK (sky130_fd_sc_hd__dfrtp_2)
     1    0.001730    0.063384    0.698705    1.464950 ^ _1441_/Q (sky130_fd_sc_hd__dfrtp_2)
                                                         control.reset_n (net)
                      0.063384    0.000007    1.464957 ^ hold143/A (sky130_fd_sc_hd__dlygate4sd3_1)
     2    0.009671    0.184754    1.181936    2.646893 ^ hold143/X (sky130_fd_sc_hd__dlygate4sd3_1)
                                                         net142 (net)
                      0.184754    0.000282    2.647176 ^ fanout72/A (sky130_fd_sc_hd__clkdlybuf4s25_1)
     8    0.036718    0.591714    0.934377    3.581553 ^ fanout72/X (sky130_fd_sc_hd__clkdlybuf4s25_1)
                                                         net72 (net)
                      0.591714    0.000350    3.581903 ^ fanout66/A (sky130_fd_sc_hd__clkdlybuf4s25_1)
     5    0.021708    0.359380    0.916215    4.498117 ^ fanout66/X (sky130_fd_sc_hd__clkdlybuf4s25_1)
                                                         net66 (net)
                      0.359380    0.000425    4.498542 ^ _1424_/RESET_B (sky130_fd_sc_hd__dfrtp_2)
                                              4.498542   data arrival time

                                 20.000000   20.000000   clock CLK (rise edge)
                                  0.000000   20.000000   clock source latency
     1    0.018921    0.142429    0.092186   20.092186 ^ CLK (in)
                                                         CLK (net)
                      0.142439    0.000000   20.092186 ^ clkbuf_0_CLK/A (sky130_fd_sc_hd__clkbuf_16)
    16    0.102249    0.179542    0.333195   20.425381 ^ clkbuf_0_CLK/X (sky130_fd_sc_hd__clkbuf_16)
                                                         clknet_0_CLK (net)
                      0.179567    0.002078   20.427460 ^ clkbuf_4_3_0_CLK/A (sky130_fd_sc_hd__clkbuf_8)
     6    0.017765    0.078316    0.267008   20.694468 ^ clkbuf_4_3_0_CLK/X (sky130_fd_sc_hd__clkbuf_8)
                                                         clknet_4_3_0_CLK (net)
                      0.078316    0.000160   20.694628 ^ _1424_/CLK (sky130_fd_sc_hd__dfrtp_2)
                                 -0.250000   20.444628   clock uncertainty
                                  0.044777   20.489405   clock reconvergence pessimism
                                  0.323716   20.813120   library recovery time
                                             20.813120   data required time
---------------------------------------------------------------------------------------------
                                             20.813120   data required time
                                             -4.498542   data arrival time
---------------------------------------------------------------------------------------------
                                             16.314579   slack (MET)


Startpoint: _1441_ (rising edge-triggered flip-flop clocked by CLK)
Endpoint: _1423_ (recovery check against rising-edge clock CLK)
Path Group: asynchronous
Path Type: max

Fanout         Cap        Slew       Delay        Time   Description
---------------------------------------------------------------------------------------------
                                  0.000000    0.000000   clock CLK (rise edge)
                                  0.000000    0.000000   clock source latency
     1    0.018921    0.142429    0.101889    0.101889 ^ CLK (in)
                                                         CLK (net)
                      0.142439    0.000000    0.101889 ^ clkbuf_0_CLK/A (sky130_fd_sc_hd__clkbuf_16)
    16    0.102249    0.179542    0.368269    0.470158 ^ clkbuf_0_CLK/X (sky130_fd_sc_hd__clkbuf_16)
                                                         clknet_0_CLK (net)
                      0.179557    0.001910    0.472069 ^ clkbuf_4_10_0_CLK/A (sky130_fd_sc_hd__clkbuf_8)
     6    0.017324    0.077315    0.294065    0.766133 ^ clkbuf_4_10_0_CLK/X (sky130_fd_sc_hd__clkbuf_8)
                                                         clknet_4_10_0_CLK (net)
                      0.077315    0.000112    0.766246 ^ _1441_/CLK (sky130_fd_sc_hd__dfrtp_2)
     1    0.001730    0.063384    0.698705    1.464950 ^ _1441_/Q (sky130_fd_sc_hd__dfrtp_2)
                                                         control.reset_n (net)
                      0.063384    0.000007    1.464957 ^ hold143/A (sky130_fd_sc_hd__dlygate4sd3_1)
     2    0.009671    0.184754    1.181936    2.646893 ^ hold143/X (sky130_fd_sc_hd__dlygate4sd3_1)
                                                         net142 (net)
                      0.184754    0.000282    2.647176 ^ fanout72/A (sky130_fd_sc_hd__clkdlybuf4s25_1)
     8    0.036718    0.591714    0.934377    3.581553 ^ fanout72/X (sky130_fd_sc_hd__clkdlybuf4s25_1)
                                                         net72 (net)
                      0.591714    0.000350    3.581903 ^ fanout66/A (sky130_fd_sc_hd__clkdlybuf4s25_1)
     5    0.021708    0.359380    0.916215    4.498117 ^ fanout66/X (sky130_fd_sc_hd__clkdlybuf4s25_1)
                                                         net66 (net)
                      0.359380    0.000400    4.498518 ^ _1423_/RESET_B (sky130_fd_sc_hd__dfrtp_2)
                                              4.498518   data arrival time

                                 20.000000   20.000000   clock CLK (rise edge)
                                  0.000000   20.000000   clock source latency
     1    0.018921    0.142429    0.092186   20.092186 ^ CLK (in)
                                                         CLK (net)
                      0.142439    0.000000   20.092186 ^ clkbuf_0_CLK/A (sky130_fd_sc_hd__clkbuf_16)
    16    0.102249    0.179542    0.333195   20.425381 ^ clkbuf_0_CLK/X (sky130_fd_sc_hd__clkbuf_16)
                                                         clknet_0_CLK (net)
                      0.179567    0.002078   20.427460 ^ clkbuf_4_3_0_CLK/A (sky130_fd_sc_hd__clkbuf_8)
     6    0.017765    0.078316    0.267008   20.694468 ^ clkbuf_4_3_0_CLK/X (sky130_fd_sc_hd__clkbuf_8)
                                                         clknet_4_3_0_CLK (net)
                      0.078316    0.000174   20.694641 ^ _1423_/CLK (sky130_fd_sc_hd__dfrtp_2)
                                 -0.250000   20.444643   clock uncertainty
                                  0.044777   20.489418   clock reconvergence pessimism
                                  0.323716   20.813135   library recovery time
                                             20.813135   data required time
---------------------------------------------------------------------------------------------
                                             20.813135   data required time
                                             -4.498518   data arrival time
---------------------------------------------------------------------------------------------
                                             16.314617   slack (MET)


Startpoint: _1441_ (rising edge-triggered flip-flop clocked by CLK)
Endpoint: _1469_ (recovery check against rising-edge clock CLK)
Path Group: asynchronous
Path Type: max

Fanout         Cap        Slew       Delay        Time   Description
---------------------------------------------------------------------------------------------
                                  0.000000    0.000000   clock CLK (rise edge)
                                  0.000000    0.000000   clock source latency
     1    0.018921    0.142429    0.101889    0.101889 ^ CLK (in)
                                                         CLK (net)
                      0.142439    0.000000    0.101889 ^ clkbuf_0_CLK/A (sky130_fd_sc_hd__clkbuf_16)
    16    0.102249    0.179542    0.368269    0.470158 ^ clkbuf_0_CLK/X (sky130_fd_sc_hd__clkbuf_16)
                                                         clknet_0_CLK (net)
                      0.179557    0.001910    0.472069 ^ clkbuf_4_10_0_CLK/A (sky130_fd_sc_hd__clkbuf_8)
     6    0.017324    0.077315    0.294065    0.766133 ^ clkbuf_4_10_0_CLK/X (sky130_fd_sc_hd__clkbuf_8)
                                                         clknet_4_10_0_CLK (net)
                      0.077315    0.000112    0.766246 ^ _1441_/CLK (sky130_fd_sc_hd__dfrtp_2)
     1    0.001730    0.063384    0.698705    1.464950 ^ _1441_/Q (sky130_fd_sc_hd__dfrtp_2)
                                                         control.reset_n (net)
                      0.063384    0.000007    1.464957 ^ hold143/A (sky130_fd_sc_hd__dlygate4sd3_1)
     2    0.009671    0.184754    1.181936    2.646893 ^ hold143/X (sky130_fd_sc_hd__dlygate4sd3_1)
                                                         net142 (net)
                      0.184754    0.000282    2.647176 ^ fanout72/A (sky130_fd_sc_hd__clkdlybuf4s25_1)
     8    0.036718    0.591714    0.934377    3.581553 ^ fanout72/X (sky130_fd_sc_hd__clkdlybuf4s25_1)
                                                         net72 (net)
                      0.591714    0.000350    3.581903 ^ fanout66/A (sky130_fd_sc_hd__clkdlybuf4s25_1)
     5    0.021708    0.359380    0.916215    4.498117 ^ fanout66/X (sky130_fd_sc_hd__clkdlybuf4s25_1)
                                                         net66 (net)
                      0.359380    0.000137    4.498254 ^ _1469_/RESET_B (sky130_fd_sc_hd__dfrtp_2)
                                              4.498254   data arrival time

                                 20.000000   20.000000   clock CLK (rise edge)
                                  0.000000   20.000000   clock source latency
     1    0.018921    0.142429    0.092186   20.092186 ^ CLK (in)
                                                         CLK (net)
                      0.142439    0.000000   20.092186 ^ clkbuf_0_CLK/A (sky130_fd_sc_hd__clkbuf_16)
    16    0.102249    0.179542    0.333195   20.425381 ^ clkbuf_0_CLK/X (sky130_fd_sc_hd__clkbuf_16)
                                                         clknet_0_CLK (net)
                      0.179567    0.002078   20.427460 ^ clkbuf_4_3_0_CLK/A (sky130_fd_sc_hd__clkbuf_8)
     6    0.017765    0.078316    0.267008   20.694468 ^ clkbuf_4_3_0_CLK/X (sky130_fd_sc_hd__clkbuf_8)
                                                         clknet_4_3_0_CLK (net)
                      0.078316    0.000217   20.694683 ^ _1469_/CLK (sky130_fd_sc_hd__dfrtp_2)
                                 -0.250000   20.444685   clock uncertainty
                                  0.044777   20.489462   clock reconvergence pessimism
                                  0.323716   20.813177   library recovery time
                                             20.813177   data required time
---------------------------------------------------------------------------------------------
                                             20.813177   data required time
                                             -4.498254   data arrival time
---------------------------------------------------------------------------------------------
                                             16.314922   slack (MET)


Startpoint: _1441_ (rising edge-triggered flip-flop clocked by CLK)
Endpoint: _1468_ (recovery check against rising-edge clock CLK)
Path Group: asynchronous
Path Type: max

Fanout         Cap        Slew       Delay        Time   Description
---------------------------------------------------------------------------------------------
                                  0.000000    0.000000   clock CLK (rise edge)
                                  0.000000    0.000000   clock source latency
     1    0.018921    0.142429    0.101889    0.101889 ^ CLK (in)
                                                         CLK (net)
                      0.142439    0.000000    0.101889 ^ clkbuf_0_CLK/A (sky130_fd_sc_hd__clkbuf_16)
    16    0.102249    0.179542    0.368269    0.470158 ^ clkbuf_0_CLK/X (sky130_fd_sc_hd__clkbuf_16)
                                                         clknet_0_CLK (net)
                      0.179557    0.001910    0.472069 ^ clkbuf_4_10_0_CLK/A (sky130_fd_sc_hd__clkbuf_8)
     6    0.017324    0.077315    0.294065    0.766133 ^ clkbuf_4_10_0_CLK/X (sky130_fd_sc_hd__clkbuf_8)
                                                         clknet_4_10_0_CLK (net)
                      0.077315    0.000112    0.766246 ^ _1441_/CLK (sky130_fd_sc_hd__dfrtp_2)
     1    0.001730    0.063384    0.698705    1.464950 ^ _1441_/Q (sky130_fd_sc_hd__dfrtp_2)
                                                         control.reset_n (net)
                      0.063384    0.000007    1.464957 ^ hold143/A (sky130_fd_sc_hd__dlygate4sd3_1)
     2    0.009671    0.184754    1.181936    2.646893 ^ hold143/X (sky130_fd_sc_hd__dlygate4sd3_1)
                                                         net142 (net)
                      0.184754    0.000282    2.647176 ^ fanout72/A (sky130_fd_sc_hd__clkdlybuf4s25_1)
     8    0.036718    0.591714    0.934377    3.581553 ^ fanout72/X (sky130_fd_sc_hd__clkdlybuf4s25_1)
                                                         net72 (net)
                      0.591714    0.000350    3.581903 ^ fanout66/A (sky130_fd_sc_hd__clkdlybuf4s25_1)
     5    0.021708    0.359380    0.916215    4.498117 ^ fanout66/X (sky130_fd_sc_hd__clkdlybuf4s25_1)
                                                         net66 (net)
                      0.359380    0.000163    4.498280 ^ _1468_/RESET_B (sky130_fd_sc_hd__dfrtp_2)
                                              4.498280   data arrival time

                                 20.000000   20.000000   clock CLK (rise edge)
                                  0.000000   20.000000   clock source latency
     1    0.018921    0.142429    0.092186   20.092186 ^ CLK (in)
                                                         CLK (net)
                      0.142439    0.000000   20.092186 ^ clkbuf_0_CLK/A (sky130_fd_sc_hd__clkbuf_16)
    16    0.102249    0.179542    0.333195   20.425381 ^ clkbuf_0_CLK/X (sky130_fd_sc_hd__clkbuf_16)
                                                         clknet_0_CLK (net)
                      0.179569    0.002139   20.427521 ^ clkbuf_4_2_0_CLK/A (sky130_fd_sc_hd__clkbuf_8)
     6    0.018780    0.080637    0.269202   20.696722 ^ clkbuf_4_2_0_CLK/X (sky130_fd_sc_hd__clkbuf_8)
                                                         clknet_4_2_0_CLK (net)
                      0.080637    0.000146   20.696867 ^ _1468_/CLK (sky130_fd_sc_hd__dfrtp_2)
                                 -0.250000   20.446867   clock uncertainty
                                  0.044777   20.491644   clock reconvergence pessimism
                                  0.324512   20.816156   library recovery time
                                             20.816156   data required time
---------------------------------------------------------------------------------------------
                                             20.816156   data required time
                                             -4.498280   data arrival time
---------------------------------------------------------------------------------------------
                                             16.317877   slack (MET)


Startpoint: _1441_ (rising edge-triggered flip-flop clocked by CLK)
Endpoint: _1434_ (recovery check against rising-edge clock CLK)
Path Group: asynchronous
Path Type: max

Fanout         Cap        Slew       Delay        Time   Description
---------------------------------------------------------------------------------------------
                                  0.000000    0.000000   clock CLK (rise edge)
                                  0.000000    0.000000   clock source latency
     1    0.018921    0.142429    0.101889    0.101889 ^ CLK (in)
                                                         CLK (net)
                      0.142439    0.000000    0.101889 ^ clkbuf_0_CLK/A (sky130_fd_sc_hd__clkbuf_16)
    16    0.102249    0.179542    0.368269    0.470158 ^ clkbuf_0_CLK/X (sky130_fd_sc_hd__clkbuf_16)
                                                         clknet_0_CLK (net)
                      0.179557    0.001910    0.472069 ^ clkbuf_4_10_0_CLK/A (sky130_fd_sc_hd__clkbuf_8)
     6    0.017324    0.077315    0.294065    0.766133 ^ clkbuf_4_10_0_CLK/X (sky130_fd_sc_hd__clkbuf_8)
                                                         clknet_4_10_0_CLK (net)
                      0.077315    0.000112    0.766246 ^ _1441_/CLK (sky130_fd_sc_hd__dfrtp_2)
     1    0.001730    0.063384    0.698705    1.464950 ^ _1441_/Q (sky130_fd_sc_hd__dfrtp_2)
                                                         control.reset_n (net)
                      0.063384    0.000007    1.464957 ^ hold143/A (sky130_fd_sc_hd__dlygate4sd3_1)
     2    0.009671    0.184754    1.181936    2.646893 ^ hold143/X (sky130_fd_sc_hd__dlygate4sd3_1)
                                                         net142 (net)
                      0.184754    0.000118    2.647011 ^ fanout79/A (sky130_fd_sc_hd__clkdlybuf4s25_1)
     5    0.027735    0.452444    0.830381    3.477392 ^ fanout79/X (sky130_fd_sc_hd__clkdlybuf4s25_1)
                                                         net79 (net)
                      0.452444    0.000228    3.477620 ^ fanout75/A (sky130_fd_sc_hd__clkdlybuf4s25_1)
     2    0.006054    0.124739    0.681153    4.158773 ^ fanout75/X (sky130_fd_sc_hd__clkdlybuf4s25_1)
                                                         net75 (net)
                      0.124739    0.000048    4.158822 ^ load_slew76/A (sky130_fd_sc_hd__clkbuf_4)
     9    0.034704    0.181473    0.372971    4.531793 ^ load_slew76/X (sky130_fd_sc_hd__clkbuf_4)
                                                         net76 (net)
                      0.181474    0.000824    4.532616 ^ _1434_/RESET_B (sky130_fd_sc_hd__dfrtp_2)
                                              4.532616   data arrival time

                                 20.000000   20.000000   clock CLK (rise edge)
                                  0.000000   20.000000   clock source latency
     1    0.018921    0.142429    0.092186   20.092186 ^ CLK (in)
                                                         CLK (net)
                      0.142439    0.000000   20.092186 ^ clkbuf_0_CLK/A (sky130_fd_sc_hd__clkbuf_16)
    16    0.102249    0.179542    0.333195   20.425381 ^ clkbuf_0_CLK/X (sky130_fd_sc_hd__clkbuf_16)
                                                         clknet_0_CLK (net)
                      0.179553    0.001572   20.426952 ^ clkbuf_4_15_0_CLK/A (sky130_fd_sc_hd__clkbuf_8)
     6    0.015079    0.072320    0.261190   20.688143 ^ clkbuf_4_15_0_CLK/X (sky130_fd_sc_hd__clkbuf_8)
                                                         clknet_4_15_0_CLK (net)
                      0.072320    0.000139   20.688282 ^ _1434_/CLK (sky130_fd_sc_hd__dfrtp_2)
                                 -0.250000   20.438282   clock uncertainty
                                  0.044777   20.483059   clock reconvergence pessimism
                                  0.397691   20.880751   library recovery time
                                             20.880751   data required time
---------------------------------------------------------------------------------------------
                                             20.880751   data required time
                                             -4.532616   data arrival time
---------------------------------------------------------------------------------------------
                                             16.348133   slack (MET)


Startpoint: _1441_ (rising edge-triggered flip-flop clocked by CLK)
Endpoint: _1435_ (recovery check against rising-edge clock CLK)
Path Group: asynchronous
Path Type: max

Fanout         Cap        Slew       Delay        Time   Description
---------------------------------------------------------------------------------------------
                                  0.000000    0.000000   clock CLK (rise edge)
                                  0.000000    0.000000   clock source latency
     1    0.018921    0.142429    0.101889    0.101889 ^ CLK (in)
                                                         CLK (net)
                      0.142439    0.000000    0.101889 ^ clkbuf_0_CLK/A (sky130_fd_sc_hd__clkbuf_16)
    16    0.102249    0.179542    0.368269    0.470158 ^ clkbuf_0_CLK/X (sky130_fd_sc_hd__clkbuf_16)
                                                         clknet_0_CLK (net)
                      0.179557    0.001910    0.472069 ^ clkbuf_4_10_0_CLK/A (sky130_fd_sc_hd__clkbuf_8)
     6    0.017324    0.077315    0.294065    0.766133 ^ clkbuf_4_10_0_CLK/X (sky130_fd_sc_hd__clkbuf_8)
                                                         clknet_4_10_0_CLK (net)
                      0.077315    0.000112    0.766246 ^ _1441_/CLK (sky130_fd_sc_hd__dfrtp_2)
     1    0.001730    0.063384    0.698705    1.464950 ^ _1441_/Q (sky130_fd_sc_hd__dfrtp_2)
                                                         control.reset_n (net)
                      0.063384    0.000007    1.464957 ^ hold143/A (sky130_fd_sc_hd__dlygate4sd3_1)
     2    0.009671    0.184754    1.181936    2.646893 ^ hold143/X (sky130_fd_sc_hd__dlygate4sd3_1)
                                                         net142 (net)
                      0.184754    0.000118    2.647011 ^ fanout79/A (sky130_fd_sc_hd__clkdlybuf4s25_1)
     5    0.027735    0.452444    0.830381    3.477392 ^ fanout79/X (sky130_fd_sc_hd__clkdlybuf4s25_1)
                                                         net79 (net)
                      0.452444    0.000228    3.477620 ^ fanout75/A (sky130_fd_sc_hd__clkdlybuf4s25_1)
     2    0.006054    0.124739    0.681153    4.158773 ^ fanout75/X (sky130_fd_sc_hd__clkdlybuf4s25_1)
                                                         net75 (net)
                      0.124739    0.000048    4.158822 ^ load_slew76/A (sky130_fd_sc_hd__clkbuf_4)
     9    0.034704    0.181473    0.372971    4.531793 ^ load_slew76/X (sky130_fd_sc_hd__clkbuf_4)
                                                         net76 (net)
                      0.181474    0.000792    4.532585 ^ _1435_/RESET_B (sky130_fd_sc_hd__dfrtp_2)
                                              4.532585   data arrival time

                                 20.000000   20.000000   clock CLK (rise edge)
                                  0.000000   20.000000   clock source latency
     1    0.018921    0.142429    0.092186   20.092186 ^ CLK (in)
                                                         CLK (net)
                      0.142439    0.000000   20.092186 ^ clkbuf_0_CLK/A (sky130_fd_sc_hd__clkbuf_16)
    16    0.102249    0.179542    0.333195   20.425381 ^ clkbuf_0_CLK/X (sky130_fd_sc_hd__clkbuf_16)
                                                         clknet_0_CLK (net)
                      0.179553    0.001572   20.426952 ^ clkbuf_4_15_0_CLK/A (sky130_fd_sc_hd__clkbuf_8)
     6    0.015079    0.072320    0.261190   20.688143 ^ clkbuf_4_15_0_CLK/X (sky130_fd_sc_hd__clkbuf_8)
                                                         clknet_4_15_0_CLK (net)
                      0.072320    0.000151   20.688293 ^ _1435_/CLK (sky130_fd_sc_hd__dfrtp_2)
                                 -0.250000   20.438295   clock uncertainty
                                  0.044777   20.483072   clock reconvergence pessimism
                                  0.397691   20.880762   library recovery time
                                             20.880762   data required time
---------------------------------------------------------------------------------------------
                                             20.880762   data required time
                                             -4.532585   data arrival time
---------------------------------------------------------------------------------------------
                                             16.348179   slack (MET)


Startpoint: _1441_ (rising edge-triggered flip-flop clocked by CLK)
Endpoint: _1400_ (recovery check against rising-edge clock CLK)
Path Group: asynchronous
Path Type: max

Fanout         Cap        Slew       Delay        Time   Description
---------------------------------------------------------------------------------------------
                                  0.000000    0.000000   clock CLK (rise edge)
                                  0.000000    0.000000   clock source latency
     1    0.018921    0.142429    0.101889    0.101889 ^ CLK (in)
                                                         CLK (net)
                      0.142439    0.000000    0.101889 ^ clkbuf_0_CLK/A (sky130_fd_sc_hd__clkbuf_16)
    16    0.102249    0.179542    0.368269    0.470158 ^ clkbuf_0_CLK/X (sky130_fd_sc_hd__clkbuf_16)
                                                         clknet_0_CLK (net)
                      0.179557    0.001910    0.472069 ^ clkbuf_4_10_0_CLK/A (sky130_fd_sc_hd__clkbuf_8)
     6    0.017324    0.077315    0.294065    0.766133 ^ clkbuf_4_10_0_CLK/X (sky130_fd_sc_hd__clkbuf_8)
                                                         clknet_4_10_0_CLK (net)
                      0.077315    0.000112    0.766246 ^ _1441_/CLK (sky130_fd_sc_hd__dfrtp_2)
     1    0.001730    0.063384    0.698705    1.464950 ^ _1441_/Q (sky130_fd_sc_hd__dfrtp_2)
                                                         control.reset_n (net)
                      0.063384    0.000007    1.464957 ^ hold143/A (sky130_fd_sc_hd__dlygate4sd3_1)
     2    0.009671    0.184754    1.181936    2.646893 ^ hold143/X (sky130_fd_sc_hd__dlygate4sd3_1)
                                                         net142 (net)
                      0.184754    0.000118    2.647011 ^ fanout79/A (sky130_fd_sc_hd__clkdlybuf4s25_1)
     5    0.027735    0.452444    0.830381    3.477392 ^ fanout79/X (sky130_fd_sc_hd__clkdlybuf4s25_1)
                                                         net79 (net)
                      0.452444    0.000228    3.477620 ^ fanout75/A (sky130_fd_sc_hd__clkdlybuf4s25_1)
     2    0.006054    0.124739    0.681153    4.158773 ^ fanout75/X (sky130_fd_sc_hd__clkdlybuf4s25_1)
                                                         net75 (net)
                      0.124739    0.000048    4.158822 ^ load_slew76/A (sky130_fd_sc_hd__clkbuf_4)
     9    0.034704    0.181473    0.372971    4.531793 ^ load_slew76/X (sky130_fd_sc_hd__clkbuf_4)
                                                         net76 (net)
                      0.181473    0.000701    4.532493 ^ _1400_/RESET_B (sky130_fd_sc_hd__dfrtp_2)
                                              4.532493   data arrival time

                                 20.000000   20.000000   clock CLK (rise edge)
                                  0.000000   20.000000   clock source latency
     1    0.018921    0.142429    0.092186   20.092186 ^ CLK (in)
                                                         CLK (net)
                      0.142439    0.000000   20.092186 ^ clkbuf_0_CLK/A (sky130_fd_sc_hd__clkbuf_16)
    16    0.102249    0.179542    0.333195   20.425381 ^ clkbuf_0_CLK/X (sky130_fd_sc_hd__clkbuf_16)
                                                         clknet_0_CLK (net)
                      0.179553    0.001572   20.426952 ^ clkbuf_4_15_0_CLK/A (sky130_fd_sc_hd__clkbuf_8)
     6    0.015079    0.072320    0.261190   20.688143 ^ clkbuf_4_15_0_CLK/X (sky130_fd_sc_hd__clkbuf_8)
                                                         clknet_4_15_0_CLK (net)
                      0.072320    0.000146   20.688290 ^ _1400_/CLK (sky130_fd_sc_hd__dfrtp_2)
                                 -0.250000   20.438290   clock uncertainty
                                  0.044777   20.483067   clock reconvergence pessimism
                                  0.397691   20.880756   library recovery time
                                             20.880756   data required time
---------------------------------------------------------------------------------------------
                                             20.880756   data required time
                                             -4.532493   data arrival time
---------------------------------------------------------------------------------------------
                                             16.348263   slack (MET)


Startpoint: _1441_ (rising edge-triggered flip-flop clocked by CLK)
Endpoint: _1397_ (recovery check against rising-edge clock CLK)
Path Group: asynchronous
Path Type: max

Fanout         Cap        Slew       Delay        Time   Description
---------------------------------------------------------------------------------------------
                                  0.000000    0.000000   clock CLK (rise edge)
                                  0.000000    0.000000   clock source latency
     1    0.018921    0.142429    0.101889    0.101889 ^ CLK (in)
                                                         CLK (net)
                      0.142439    0.000000    0.101889 ^ clkbuf_0_CLK/A (sky130_fd_sc_hd__clkbuf_16)
    16    0.102249    0.179542    0.368269    0.470158 ^ clkbuf_0_CLK/X (sky130_fd_sc_hd__clkbuf_16)
                                                         clknet_0_CLK (net)
                      0.179557    0.001910    0.472069 ^ clkbuf_4_10_0_CLK/A (sky130_fd_sc_hd__clkbuf_8)
     6    0.017324    0.077315    0.294065    0.766133 ^ clkbuf_4_10_0_CLK/X (sky130_fd_sc_hd__clkbuf_8)
                                                         clknet_4_10_0_CLK (net)
                      0.077315    0.000112    0.766246 ^ _1441_/CLK (sky130_fd_sc_hd__dfrtp_2)
     1    0.001730    0.063384    0.698705    1.464950 ^ _1441_/Q (sky130_fd_sc_hd__dfrtp_2)
                                                         control.reset_n (net)
                      0.063384    0.000007    1.464957 ^ hold143/A (sky130_fd_sc_hd__dlygate4sd3_1)
     2    0.009671    0.184754    1.181936    2.646893 ^ hold143/X (sky130_fd_sc_hd__dlygate4sd3_1)
                                                         net142 (net)
                      0.184754    0.000118    2.647011 ^ fanout79/A (sky130_fd_sc_hd__clkdlybuf4s25_1)
     5    0.027735    0.452444    0.830381    3.477392 ^ fanout79/X (sky130_fd_sc_hd__clkdlybuf4s25_1)
                                                         net79 (net)
                      0.452444    0.000228    3.477620 ^ fanout75/A (sky130_fd_sc_hd__clkdlybuf4s25_1)
     2    0.006054    0.124739    0.681153    4.158773 ^ fanout75/X (sky130_fd_sc_hd__clkdlybuf4s25_1)
                                                         net75 (net)
                      0.124739    0.000048    4.158822 ^ load_slew76/A (sky130_fd_sc_hd__clkbuf_4)
     9    0.034704    0.181473    0.372971    4.531793 ^ load_slew76/X (sky130_fd_sc_hd__clkbuf_4)
                                                         net76 (net)
                      0.181473    0.000358    4.532151 ^ _1397_/RESET_B (sky130_fd_sc_hd__dfrtp_2)
                                              4.532151   data arrival time

                                 20.000000   20.000000   clock CLK (rise edge)
                                  0.000000   20.000000   clock source latency
     1    0.018921    0.142429    0.092186   20.092186 ^ CLK (in)
                                                         CLK (net)
                      0.142439    0.000000   20.092186 ^ clkbuf_0_CLK/A (sky130_fd_sc_hd__clkbuf_16)
    16    0.102249    0.179542    0.333195   20.425381 ^ clkbuf_0_CLK/X (sky130_fd_sc_hd__clkbuf_16)
                                                         clknet_0_CLK (net)
                      0.179553    0.001572   20.426952 ^ clkbuf_4_15_0_CLK/A (sky130_fd_sc_hd__clkbuf_8)
     6    0.015079    0.072320    0.261190   20.688143 ^ clkbuf_4_15_0_CLK/X (sky130_fd_sc_hd__clkbuf_8)
                                                         clknet_4_15_0_CLK (net)
                      0.072320    0.000075   20.688217 ^ _1397_/CLK (sky130_fd_sc_hd__dfrtp_2)
                                 -0.250000   20.438219   clock uncertainty
                                  0.044777   20.482996   clock reconvergence pessimism
                                  0.397691   20.880686   library recovery time
                                             20.880686   data required time
---------------------------------------------------------------------------------------------
                                             20.880686   data required time
                                             -4.532151   data arrival time
---------------------------------------------------------------------------------------------
                                             16.348536   slack (MET)


Startpoint: _1441_ (rising edge-triggered flip-flop clocked by CLK)
Endpoint: _1398_ (recovery check against rising-edge clock CLK)
Path Group: asynchronous
Path Type: max

Fanout         Cap        Slew       Delay        Time   Description
---------------------------------------------------------------------------------------------
                                  0.000000    0.000000   clock CLK (rise edge)
                                  0.000000    0.000000   clock source latency
     1    0.018921    0.142429    0.101889    0.101889 ^ CLK (in)
                                                         CLK (net)
                      0.142439    0.000000    0.101889 ^ clkbuf_0_CLK/A (sky130_fd_sc_hd__clkbuf_16)
    16    0.102249    0.179542    0.368269    0.470158 ^ clkbuf_0_CLK/X (sky130_fd_sc_hd__clkbuf_16)
                                                         clknet_0_CLK (net)
                      0.179557    0.001910    0.472069 ^ clkbuf_4_10_0_CLK/A (sky130_fd_sc_hd__clkbuf_8)
     6    0.017324    0.077315    0.294065    0.766133 ^ clkbuf_4_10_0_CLK/X (sky130_fd_sc_hd__clkbuf_8)
                                                         clknet_4_10_0_CLK (net)
                      0.077315    0.000112    0.766246 ^ _1441_/CLK (sky130_fd_sc_hd__dfrtp_2)
     1    0.001730    0.063384    0.698705    1.464950 ^ _1441_/Q (sky130_fd_sc_hd__dfrtp_2)
                                                         control.reset_n (net)
                      0.063384    0.000007    1.464957 ^ hold143/A (sky130_fd_sc_hd__dlygate4sd3_1)
     2    0.009671    0.184754    1.181936    2.646893 ^ hold143/X (sky130_fd_sc_hd__dlygate4sd3_1)
                                                         net142 (net)
                      0.184754    0.000118    2.647011 ^ fanout79/A (sky130_fd_sc_hd__clkdlybuf4s25_1)
     5    0.027735    0.452444    0.830381    3.477392 ^ fanout79/X (sky130_fd_sc_hd__clkdlybuf4s25_1)
                                                         net79 (net)
                      0.452444    0.000228    3.477620 ^ fanout75/A (sky130_fd_sc_hd__clkdlybuf4s25_1)
     2    0.006054    0.124739    0.681153    4.158773 ^ fanout75/X (sky130_fd_sc_hd__clkdlybuf4s25_1)
                                                         net75 (net)
                      0.124739    0.000048    4.158822 ^ load_slew76/A (sky130_fd_sc_hd__clkbuf_4)
     9    0.034704    0.181473    0.372971    4.531793 ^ load_slew76/X (sky130_fd_sc_hd__clkbuf_4)
                                                         net76 (net)
                      0.181473    0.000299    4.532092 ^ _1398_/RESET_B (sky130_fd_sc_hd__dfrtp_2)
                                              4.532092   data arrival time

                                 20.000000   20.000000   clock CLK (rise edge)
                                  0.000000   20.000000   clock source latency
     1    0.018921    0.142429    0.092186   20.092186 ^ CLK (in)
                                                         CLK (net)
                      0.142439    0.000000   20.092186 ^ clkbuf_0_CLK/A (sky130_fd_sc_hd__clkbuf_16)
    16    0.102249    0.179542    0.333195   20.425381 ^ clkbuf_0_CLK/X (sky130_fd_sc_hd__clkbuf_16)
                                                         clknet_0_CLK (net)
                      0.179545    0.001121   20.426502 ^ clkbuf_4_13_0_CLK/A (sky130_fd_sc_hd__clkbuf_8)
     6    0.016133    0.074633    0.263469   20.689972 ^ clkbuf_4_13_0_CLK/X (sky130_fd_sc_hd__clkbuf_8)
                                                         clknet_4_13_0_CLK (net)
                      0.074633    0.000142   20.690113 ^ _1398_/CLK (sky130_fd_sc_hd__dfrtp_2)
                                 -0.250000   20.440115   clock uncertainty
                                  0.044777   20.484890   clock reconvergence pessimism
                                  0.398472   20.883364   library recovery time
                                             20.883364   data required time
---------------------------------------------------------------------------------------------
                                             20.883364   data required time
                                             -4.532092   data arrival time
---------------------------------------------------------------------------------------------
                                             16.351271   slack (MET)


Startpoint: _1441_ (rising edge-triggered flip-flop clocked by CLK)
Endpoint: _1450_ (recovery check against rising-edge clock CLK)
Path Group: asynchronous
Path Type: max

Fanout         Cap        Slew       Delay        Time   Description
---------------------------------------------------------------------------------------------
                                  0.000000    0.000000   clock CLK (rise edge)
                                  0.000000    0.000000   clock source latency
     1    0.018921    0.142429    0.101889    0.101889 ^ CLK (in)
                                                         CLK (net)
                      0.142439    0.000000    0.101889 ^ clkbuf_0_CLK/A (sky130_fd_sc_hd__clkbuf_16)
    16    0.102249    0.179542    0.368269    0.470158 ^ clkbuf_0_CLK/X (sky130_fd_sc_hd__clkbuf_16)
                                                         clknet_0_CLK (net)
                      0.179557    0.001910    0.472069 ^ clkbuf_4_10_0_CLK/A (sky130_fd_sc_hd__clkbuf_8)
     6    0.017324    0.077315    0.294065    0.766133 ^ clkbuf_4_10_0_CLK/X (sky130_fd_sc_hd__clkbuf_8)
                                                         clknet_4_10_0_CLK (net)
                      0.077315    0.000112    0.766246 ^ _1441_/CLK (sky130_fd_sc_hd__dfrtp_2)
     1    0.001730    0.063384    0.698705    1.464950 ^ _1441_/Q (sky130_fd_sc_hd__dfrtp_2)
                                                         control.reset_n (net)
                      0.063384    0.000007    1.464957 ^ hold143/A (sky130_fd_sc_hd__dlygate4sd3_1)
     2    0.009671    0.184754    1.181936    2.646893 ^ hold143/X (sky130_fd_sc_hd__dlygate4sd3_1)
                                                         net142 (net)
                      0.184754    0.000118    2.647011 ^ fanout79/A (sky130_fd_sc_hd__clkdlybuf4s25_1)
     5    0.027735    0.452444    0.830381    3.477392 ^ fanout79/X (sky130_fd_sc_hd__clkdlybuf4s25_1)
                                                         net79 (net)
                      0.452444    0.000228    3.477620 ^ fanout75/A (sky130_fd_sc_hd__clkdlybuf4s25_1)
     2    0.006054    0.124739    0.681153    4.158773 ^ fanout75/X (sky130_fd_sc_hd__clkdlybuf4s25_1)
                                                         net75 (net)
                      0.124739    0.000048    4.158822 ^ load_slew76/A (sky130_fd_sc_hd__clkbuf_4)
     9    0.034704    0.181473    0.372971    4.531793 ^ load_slew76/X (sky130_fd_sc_hd__clkbuf_4)
                                                         net76 (net)
                      0.181474    0.000828    4.532620 ^ _1450_/RESET_B (sky130_fd_sc_hd__dfrtp_2)
                                              4.532620   data arrival time

                                 20.000000   20.000000   clock CLK (rise edge)
                                  0.000000   20.000000   clock source latency
     1    0.018921    0.142429    0.092186   20.092186 ^ CLK (in)
                                                         CLK (net)
                      0.142439    0.000000   20.092186 ^ clkbuf_0_CLK/A (sky130_fd_sc_hd__clkbuf_16)
    16    0.102249    0.179542    0.333195   20.425381 ^ clkbuf_0_CLK/X (sky130_fd_sc_hd__clkbuf_16)
                                                         clknet_0_CLK (net)
                      0.179554    0.001602   20.426983 ^ clkbuf_4_14_0_CLK/A (sky130_fd_sc_hd__clkbuf_8)
     6    0.017613    0.077970    0.266676   20.693659 ^ clkbuf_4_14_0_CLK/X (sky130_fd_sc_hd__clkbuf_8)
                                                         clknet_4_14_0_CLK (net)
                      0.077970    0.000210   20.693869 ^ _1450_/CLK (sky130_fd_sc_hd__dfrtp_2)
                                 -0.250000   20.443869   clock uncertainty
                                  0.044777   20.488646   clock reconvergence pessimism
                                  0.399598   20.888245   library recovery time
                                             20.888245   data required time
---------------------------------------------------------------------------------------------
                                             20.888245   data required time
                                             -4.532620   data arrival time
---------------------------------------------------------------------------------------------
                                             16.355625   slack (MET)


Startpoint: _1441_ (rising edge-triggered flip-flop clocked by CLK)
Endpoint: _1401_ (recovery check against rising-edge clock CLK)
Path Group: asynchronous
Path Type: max

Fanout         Cap        Slew       Delay        Time   Description
---------------------------------------------------------------------------------------------
                                  0.000000    0.000000   clock CLK (rise edge)
                                  0.000000    0.000000   clock source latency
     1    0.018921    0.142429    0.101889    0.101889 ^ CLK (in)
                                                         CLK (net)
                      0.142439    0.000000    0.101889 ^ clkbuf_0_CLK/A (sky130_fd_sc_hd__clkbuf_16)
    16    0.102249    0.179542    0.368269    0.470158 ^ clkbuf_0_CLK/X (sky130_fd_sc_hd__clkbuf_16)
                                                         clknet_0_CLK (net)
                      0.179557    0.001910    0.472069 ^ clkbuf_4_10_0_CLK/A (sky130_fd_sc_hd__clkbuf_8)
     6    0.017324    0.077315    0.294065    0.766133 ^ clkbuf_4_10_0_CLK/X (sky130_fd_sc_hd__clkbuf_8)
                                                         clknet_4_10_0_CLK (net)
                      0.077315    0.000112    0.766246 ^ _1441_/CLK (sky130_fd_sc_hd__dfrtp_2)
     1    0.001730    0.063384    0.698705    1.464950 ^ _1441_/Q (sky130_fd_sc_hd__dfrtp_2)
                                                         control.reset_n (net)
                      0.063384    0.000007    1.464957 ^ hold143/A (sky130_fd_sc_hd__dlygate4sd3_1)
     2    0.009671    0.184754    1.181936    2.646893 ^ hold143/X (sky130_fd_sc_hd__dlygate4sd3_1)
                                                         net142 (net)
                      0.184754    0.000118    2.647011 ^ fanout79/A (sky130_fd_sc_hd__clkdlybuf4s25_1)
     5    0.027735    0.452444    0.830381    3.477392 ^ fanout79/X (sky130_fd_sc_hd__clkdlybuf4s25_1)
                                                         net79 (net)
                      0.452444    0.000228    3.477620 ^ fanout75/A (sky130_fd_sc_hd__clkdlybuf4s25_1)
     2    0.006054    0.124739    0.681153    4.158773 ^ fanout75/X (sky130_fd_sc_hd__clkdlybuf4s25_1)
                                                         net75 (net)
                      0.124739    0.000048    4.158822 ^ load_slew76/A (sky130_fd_sc_hd__clkbuf_4)
     9    0.034704    0.181473    0.372971    4.531793 ^ load_slew76/X (sky130_fd_sc_hd__clkbuf_4)
                                                         net76 (net)
                      0.181473    0.000688    4.532481 ^ _1401_/RESET_B (sky130_fd_sc_hd__dfrtp_2)
                                              4.532481   data arrival time

                                 20.000000   20.000000   clock CLK (rise edge)
                                  0.000000   20.000000   clock source latency
     1    0.018921    0.142429    0.092186   20.092186 ^ CLK (in)
                                                         CLK (net)
                      0.142439    0.000000   20.092186 ^ clkbuf_0_CLK/A (sky130_fd_sc_hd__clkbuf_16)
    16    0.102249    0.179542    0.333195   20.425381 ^ clkbuf_0_CLK/X (sky130_fd_sc_hd__clkbuf_16)
                                                         clknet_0_CLK (net)
                      0.179554    0.001602   20.426983 ^ clkbuf_4_14_0_CLK/A (sky130_fd_sc_hd__clkbuf_8)
     6    0.017613    0.077970    0.266676   20.693659 ^ clkbuf_4_14_0_CLK/X (sky130_fd_sc_hd__clkbuf_8)
                                                         clknet_4_14_0_CLK (net)
                      0.077970    0.000167   20.693827 ^ _1401_/CLK (sky130_fd_sc_hd__dfrtp_2)
                                 -0.250000   20.443827   clock uncertainty
                                  0.044777   20.488604   clock reconvergence pessimism
                                  0.399598   20.888203   library recovery time
                                             20.888203   data required time
---------------------------------------------------------------------------------------------
                                             20.888203   data required time
                                             -4.532481   data arrival time
---------------------------------------------------------------------------------------------
                                             16.355721   slack (MET)


Startpoint: _1441_ (rising edge-triggered flip-flop clocked by CLK)
Endpoint: _1399_ (recovery check against rising-edge clock CLK)
Path Group: asynchronous
Path Type: max

Fanout         Cap        Slew       Delay        Time   Description
---------------------------------------------------------------------------------------------
                                  0.000000    0.000000   clock CLK (rise edge)
                                  0.000000    0.000000   clock source latency
     1    0.018921    0.142429    0.101889    0.101889 ^ CLK (in)
                                                         CLK (net)
                      0.142439    0.000000    0.101889 ^ clkbuf_0_CLK/A (sky130_fd_sc_hd__clkbuf_16)
    16    0.102249    0.179542    0.368269    0.470158 ^ clkbuf_0_CLK/X (sky130_fd_sc_hd__clkbuf_16)
                                                         clknet_0_CLK (net)
                      0.179557    0.001910    0.472069 ^ clkbuf_4_10_0_CLK/A (sky130_fd_sc_hd__clkbuf_8)
     6    0.017324    0.077315    0.294065    0.766133 ^ clkbuf_4_10_0_CLK/X (sky130_fd_sc_hd__clkbuf_8)
                                                         clknet_4_10_0_CLK (net)
                      0.077315    0.000112    0.766246 ^ _1441_/CLK (sky130_fd_sc_hd__dfrtp_2)
     1    0.001730    0.063384    0.698705    1.464950 ^ _1441_/Q (sky130_fd_sc_hd__dfrtp_2)
                                                         control.reset_n (net)
                      0.063384    0.000007    1.464957 ^ hold143/A (sky130_fd_sc_hd__dlygate4sd3_1)
     2    0.009671    0.184754    1.181936    2.646893 ^ hold143/X (sky130_fd_sc_hd__dlygate4sd3_1)
                                                         net142 (net)
                      0.184754    0.000118    2.647011 ^ fanout79/A (sky130_fd_sc_hd__clkdlybuf4s25_1)
     5    0.027735    0.452444    0.830381    3.477392 ^ fanout79/X (sky130_fd_sc_hd__clkdlybuf4s25_1)
                                                         net79 (net)
                      0.452444    0.000228    3.477620 ^ fanout75/A (sky130_fd_sc_hd__clkdlybuf4s25_1)
     2    0.006054    0.124739    0.681153    4.158773 ^ fanout75/X (sky130_fd_sc_hd__clkdlybuf4s25_1)
                                                         net75 (net)
                      0.124739    0.000048    4.158822 ^ load_slew76/A (sky130_fd_sc_hd__clkbuf_4)
     9    0.034704    0.181473    0.372971    4.531793 ^ load_slew76/X (sky130_fd_sc_hd__clkbuf_4)
                                                         net76 (net)
                      0.181473    0.000652    4.532445 ^ _1399_/RESET_B (sky130_fd_sc_hd__dfrtp_2)
                                              4.532445   data arrival time

                                 20.000000   20.000000   clock CLK (rise edge)
                                  0.000000   20.000000   clock source latency
     1    0.018921    0.142429    0.092186   20.092186 ^ CLK (in)
                                                         CLK (net)
                      0.142439    0.000000   20.092186 ^ clkbuf_0_CLK/A (sky130_fd_sc_hd__clkbuf_16)
    16    0.102249    0.179542    0.333195   20.425381 ^ clkbuf_0_CLK/X (sky130_fd_sc_hd__clkbuf_16)
                                                         clknet_0_CLK (net)
                      0.179554    0.001602   20.426983 ^ clkbuf_4_14_0_CLK/A (sky130_fd_sc_hd__clkbuf_8)
     6    0.017613    0.077970    0.266676   20.693659 ^ clkbuf_4_14_0_CLK/X (sky130_fd_sc_hd__clkbuf_8)
                                                         clknet_4_14_0_CLK (net)
                      0.077970    0.000147   20.693806 ^ _1399_/CLK (sky130_fd_sc_hd__dfrtp_2)
                                 -0.250000   20.443808   clock uncertainty
                                  0.044777   20.488585   clock reconvergence pessimism
                                  0.399598   20.888182   library recovery time
                                             20.888182   data required time
---------------------------------------------------------------------------------------------
                                             20.888182   data required time
                                             -4.532445   data arrival time
---------------------------------------------------------------------------------------------
                                             16.355738   slack (MET)


Startpoint: _1441_ (rising edge-triggered flip-flop clocked by CLK)
Endpoint: _1402_ (recovery check against rising-edge clock CLK)
Path Group: asynchronous
Path Type: max

Fanout         Cap        Slew       Delay        Time   Description
---------------------------------------------------------------------------------------------
                                  0.000000    0.000000   clock CLK (rise edge)
                                  0.000000    0.000000   clock source latency
     1    0.018921    0.142429    0.101889    0.101889 ^ CLK (in)
                                                         CLK (net)
                      0.142439    0.000000    0.101889 ^ clkbuf_0_CLK/A (sky130_fd_sc_hd__clkbuf_16)
    16    0.102249    0.179542    0.368269    0.470158 ^ clkbuf_0_CLK/X (sky130_fd_sc_hd__clkbuf_16)
                                                         clknet_0_CLK (net)
                      0.179557    0.001910    0.472069 ^ clkbuf_4_10_0_CLK/A (sky130_fd_sc_hd__clkbuf_8)
     6    0.017324    0.077315    0.294065    0.766133 ^ clkbuf_4_10_0_CLK/X (sky130_fd_sc_hd__clkbuf_8)
                                                         clknet_4_10_0_CLK (net)
                      0.077315    0.000112    0.766246 ^ _1441_/CLK (sky130_fd_sc_hd__dfrtp_2)
     1    0.001730    0.063384    0.698705    1.464950 ^ _1441_/Q (sky130_fd_sc_hd__dfrtp_2)
                                                         control.reset_n (net)
                      0.063384    0.000007    1.464957 ^ hold143/A (sky130_fd_sc_hd__dlygate4sd3_1)
     2    0.009671    0.184754    1.181936    2.646893 ^ hold143/X (sky130_fd_sc_hd__dlygate4sd3_1)
                                                         net142 (net)
                      0.184754    0.000118    2.647011 ^ fanout79/A (sky130_fd_sc_hd__clkdlybuf4s25_1)
     5    0.027735    0.452444    0.830381    3.477392 ^ fanout79/X (sky130_fd_sc_hd__clkdlybuf4s25_1)
                                                         net79 (net)
                      0.452444    0.000228    3.477620 ^ fanout75/A (sky130_fd_sc_hd__clkdlybuf4s25_1)
     2    0.006054    0.124739    0.681153    4.158773 ^ fanout75/X (sky130_fd_sc_hd__clkdlybuf4s25_1)
                                                         net75 (net)
                      0.124739    0.000048    4.158822 ^ load_slew76/A (sky130_fd_sc_hd__clkbuf_4)
     9    0.034704    0.181473    0.372971    4.531793 ^ load_slew76/X (sky130_fd_sc_hd__clkbuf_4)
                                                         net76 (net)
                      0.181473    0.000478    4.532270 ^ _1402_/RESET_B (sky130_fd_sc_hd__dfrtp_2)
                                              4.532270   data arrival time

                                 20.000000   20.000000   clock CLK (rise edge)
                                  0.000000   20.000000   clock source latency
     1    0.018921    0.142429    0.092186   20.092186 ^ CLK (in)
                                                         CLK (net)
                      0.142439    0.000000   20.092186 ^ clkbuf_0_CLK/A (sky130_fd_sc_hd__clkbuf_16)
    16    0.102249    0.179542    0.333195   20.425381 ^ clkbuf_0_CLK/X (sky130_fd_sc_hd__clkbuf_16)
                                                         clknet_0_CLK (net)
                      0.179554    0.001602   20.426983 ^ clkbuf_4_14_0_CLK/A (sky130_fd_sc_hd__clkbuf_8)
     6    0.017613    0.077970    0.266676   20.693659 ^ clkbuf_4_14_0_CLK/X (sky130_fd_sc_hd__clkbuf_8)
                                                         clknet_4_14_0_CLK (net)
                      0.077970    0.000060   20.693720 ^ _1402_/CLK (sky130_fd_sc_hd__dfrtp_2)
                                 -0.250000   20.443720   clock uncertainty
                                  0.044777   20.488497   clock reconvergence pessimism
                                  0.399598   20.888096   library recovery time
                                             20.888096   data required time
---------------------------------------------------------------------------------------------
                                             20.888096   data required time
                                             -4.532270   data arrival time
---------------------------------------------------------------------------------------------
                                             16.355825   slack (MET)


Startpoint: _1441_ (rising edge-triggered flip-flop clocked by CLK)
Endpoint: _1425_ (recovery check against rising-edge clock CLK)
Path Group: asynchronous
Path Type: max

Fanout         Cap        Slew       Delay        Time   Description
---------------------------------------------------------------------------------------------
                                  0.000000    0.000000   clock CLK (rise edge)
                                  0.000000    0.000000   clock source latency
     1    0.018921    0.142429    0.101889    0.101889 ^ CLK (in)
                                                         CLK (net)
                      0.142439    0.000000    0.101889 ^ clkbuf_0_CLK/A (sky130_fd_sc_hd__clkbuf_16)
    16    0.102249    0.179542    0.368269    0.470158 ^ clkbuf_0_CLK/X (sky130_fd_sc_hd__clkbuf_16)
                                                         clknet_0_CLK (net)
                      0.179557    0.001910    0.472069 ^ clkbuf_4_10_0_CLK/A (sky130_fd_sc_hd__clkbuf_8)
     6    0.017324    0.077315    0.294065    0.766133 ^ clkbuf_4_10_0_CLK/X (sky130_fd_sc_hd__clkbuf_8)
                                                         clknet_4_10_0_CLK (net)
                      0.077315    0.000112    0.766246 ^ _1441_/CLK (sky130_fd_sc_hd__dfrtp_2)
     1    0.001730    0.063384    0.698705    1.464950 ^ _1441_/Q (sky130_fd_sc_hd__dfrtp_2)
                                                         control.reset_n (net)
                      0.063384    0.000007    1.464957 ^ hold143/A (sky130_fd_sc_hd__dlygate4sd3_1)
     2    0.009671    0.184754    1.181936    2.646893 ^ hold143/X (sky130_fd_sc_hd__dlygate4sd3_1)
                                                         net142 (net)
                      0.184754    0.000282    2.647176 ^ fanout72/A (sky130_fd_sc_hd__clkdlybuf4s25_1)
     8    0.036718    0.591714    0.934377    3.581553 ^ fanout72/X (sky130_fd_sc_hd__clkdlybuf4s25_1)
                                                         net72 (net)
                      0.591714    0.000010    3.581563 ^ fanout70/A (sky130_fd_sc_hd__clkdlybuf4s25_1)
     5    0.017738    0.298096    0.870206    4.451769 ^ fanout70/X (sky130_fd_sc_hd__clkdlybuf4s25_1)
                                                         net70 (net)
                      0.298096    0.000358    4.452127 ^ _1425_/RESET_B (sky130_fd_sc_hd__dfrtp_2)
                                              4.452127   data arrival time

                                 20.000000   20.000000   clock CLK (rise edge)
                                  0.000000   20.000000   clock source latency
     1    0.018921    0.142429    0.092186   20.092186 ^ CLK (in)
                                                         CLK (net)
                      0.142439    0.000000   20.092186 ^ clkbuf_0_CLK/A (sky130_fd_sc_hd__clkbuf_16)
    16    0.102249    0.179542    0.333195   20.425381 ^ clkbuf_0_CLK/X (sky130_fd_sc_hd__clkbuf_16)
                                                         clknet_0_CLK (net)
                      0.179569    0.002139   20.427521 ^ clkbuf_4_2_0_CLK/A (sky130_fd_sc_hd__clkbuf_8)
     6    0.018780    0.080637    0.269202   20.696722 ^ clkbuf_4_2_0_CLK/X (sky130_fd_sc_hd__clkbuf_8)
                                                         clknet_4_2_0_CLK (net)
                      0.080637    0.000218   20.696939 ^ _1425_/CLK (sky130_fd_sc_hd__dfrtp_2)
                                 -0.250000   20.446941   clock uncertainty
                                  0.044777   20.491718   clock reconvergence pessimism
                                  0.350687   20.842403   library recovery time
                                             20.842403   data required time
---------------------------------------------------------------------------------------------
                                             20.842403   data required time
                                             -4.452127   data arrival time
---------------------------------------------------------------------------------------------
                                             16.390278   slack (MET)


Startpoint: _1441_ (rising edge-triggered flip-flop clocked by CLK)
Endpoint: _1415_ (recovery check against rising-edge clock CLK)
Path Group: asynchronous
Path Type: max

Fanout         Cap        Slew       Delay        Time   Description
---------------------------------------------------------------------------------------------
                                  0.000000    0.000000   clock CLK (rise edge)
                                  0.000000    0.000000   clock source latency
     1    0.018921    0.142429    0.101889    0.101889 ^ CLK (in)
                                                         CLK (net)
                      0.142439    0.000000    0.101889 ^ clkbuf_0_CLK/A (sky130_fd_sc_hd__clkbuf_16)
    16    0.102249    0.179542    0.368269    0.470158 ^ clkbuf_0_CLK/X (sky130_fd_sc_hd__clkbuf_16)
                                                         clknet_0_CLK (net)
                      0.179557    0.001910    0.472069 ^ clkbuf_4_10_0_CLK/A (sky130_fd_sc_hd__clkbuf_8)
     6    0.017324    0.077315    0.294065    0.766133 ^ clkbuf_4_10_0_CLK/X (sky130_fd_sc_hd__clkbuf_8)
                                                         clknet_4_10_0_CLK (net)
                      0.077315    0.000112    0.766246 ^ _1441_/CLK (sky130_fd_sc_hd__dfrtp_2)
     1    0.001730    0.063384    0.698705    1.464950 ^ _1441_/Q (sky130_fd_sc_hd__dfrtp_2)
                                                         control.reset_n (net)
                      0.063384    0.000007    1.464957 ^ hold143/A (sky130_fd_sc_hd__dlygate4sd3_1)
     2    0.009671    0.184754    1.181936    2.646893 ^ hold143/X (sky130_fd_sc_hd__dlygate4sd3_1)
                                                         net142 (net)
                      0.184754    0.000282    2.647176 ^ fanout72/A (sky130_fd_sc_hd__clkdlybuf4s25_1)
     8    0.036718    0.591714    0.934377    3.581553 ^ fanout72/X (sky130_fd_sc_hd__clkdlybuf4s25_1)
                                                         net72 (net)
                      0.591714    0.000010    3.581563 ^ fanout70/A (sky130_fd_sc_hd__clkdlybuf4s25_1)
     5    0.017738    0.298096    0.870206    4.451769 ^ fanout70/X (sky130_fd_sc_hd__clkdlybuf4s25_1)
                                                         net70 (net)
                      0.298096    0.000351    4.452120 ^ _1415_/RESET_B (sky130_fd_sc_hd__dfrtp_2)
                                              4.452120   data arrival time

                                 20.000000   20.000000   clock CLK (rise edge)
                                  0.000000   20.000000   clock source latency
     1    0.018921    0.142429    0.092186   20.092186 ^ CLK (in)
                                                         CLK (net)
                      0.142439    0.000000   20.092186 ^ clkbuf_0_CLK/A (sky130_fd_sc_hd__clkbuf_16)
    16    0.102249    0.179542    0.333195   20.425381 ^ clkbuf_0_CLK/X (sky130_fd_sc_hd__clkbuf_16)
                                                         clknet_0_CLK (net)
                      0.179569    0.002139   20.427521 ^ clkbuf_4_2_0_CLK/A (sky130_fd_sc_hd__clkbuf_8)
     6    0.018780    0.080637    0.269202   20.696722 ^ clkbuf_4_2_0_CLK/X (sky130_fd_sc_hd__clkbuf_8)
                                                         clknet_4_2_0_CLK (net)
                      0.080637    0.000240   20.696960 ^ _1415_/CLK (sky130_fd_sc_hd__dfrtp_2)
                                 -0.250000   20.446962   clock uncertainty
                                  0.044777   20.491739   clock reconvergence pessimism
                                  0.350687   20.842424   library recovery time
                                             20.842424   data required time
---------------------------------------------------------------------------------------------
                                             20.842424   data required time
                                             -4.452120   data arrival time
---------------------------------------------------------------------------------------------
                                             16.390306   slack (MET)


Startpoint: _1441_ (rising edge-triggered flip-flop clocked by CLK)
Endpoint: _1438_ (recovery check against rising-edge clock CLK)
Path Group: asynchronous
Path Type: max

Fanout         Cap        Slew       Delay        Time   Description
---------------------------------------------------------------------------------------------
                                  0.000000    0.000000   clock CLK (rise edge)
                                  0.000000    0.000000   clock source latency
     1    0.018921    0.142429    0.101889    0.101889 ^ CLK (in)
                                                         CLK (net)
                      0.142439    0.000000    0.101889 ^ clkbuf_0_CLK/A (sky130_fd_sc_hd__clkbuf_16)
    16    0.102249    0.179542    0.368269    0.470158 ^ clkbuf_0_CLK/X (sky130_fd_sc_hd__clkbuf_16)
                                                         clknet_0_CLK (net)
                      0.179557    0.001910    0.472069 ^ clkbuf_4_10_0_CLK/A (sky130_fd_sc_hd__clkbuf_8)
     6    0.017324    0.077315    0.294065    0.766133 ^ clkbuf_4_10_0_CLK/X (sky130_fd_sc_hd__clkbuf_8)
                                                         clknet_4_10_0_CLK (net)
                      0.077315    0.000112    0.766246 ^ _1441_/CLK (sky130_fd_sc_hd__dfrtp_2)
     1    0.001730    0.063384    0.698705    1.464950 ^ _1441_/Q (sky130_fd_sc_hd__dfrtp_2)
                                                         control.reset_n (net)
                      0.063384    0.000007    1.464957 ^ hold143/A (sky130_fd_sc_hd__dlygate4sd3_1)
     2    0.009671    0.184754    1.181936    2.646893 ^ hold143/X (sky130_fd_sc_hd__dlygate4sd3_1)
                                                         net142 (net)
                      0.184754    0.000282    2.647176 ^ fanout72/A (sky130_fd_sc_hd__clkdlybuf4s25_1)
     8    0.036718    0.591714    0.934377    3.581553 ^ fanout72/X (sky130_fd_sc_hd__clkdlybuf4s25_1)
                                                         net72 (net)
                      0.591714    0.000010    3.581563 ^ fanout70/A (sky130_fd_sc_hd__clkdlybuf4s25_1)
     5    0.017738    0.298096    0.870206    4.451769 ^ fanout70/X (sky130_fd_sc_hd__clkdlybuf4s25_1)
                                                         net70 (net)
                      0.298096    0.000299    4.452068 ^ _1438_/RESET_B (sky130_fd_sc_hd__dfrtp_2)
                                              4.452068   data arrival time

                                 20.000000   20.000000   clock CLK (rise edge)
                                  0.000000   20.000000   clock source latency
     1    0.018921    0.142429    0.092186   20.092186 ^ CLK (in)
                                                         CLK (net)
                      0.142439    0.000000   20.092186 ^ clkbuf_0_CLK/A (sky130_fd_sc_hd__clkbuf_16)
    16    0.102249    0.179542    0.333195   20.425381 ^ clkbuf_0_CLK/X (sky130_fd_sc_hd__clkbuf_16)
                                                         clknet_0_CLK (net)
                      0.179569    0.002139   20.427521 ^ clkbuf_4_2_0_CLK/A (sky130_fd_sc_hd__clkbuf_8)
     6    0.018780    0.080637    0.269202   20.696722 ^ clkbuf_4_2_0_CLK/X (sky130_fd_sc_hd__clkbuf_8)
                                                         clknet_4_2_0_CLK (net)
                      0.080637    0.000249   20.696970 ^ _1438_/CLK (sky130_fd_sc_hd__dfrtp_2)
                                 -0.250000   20.446970   clock uncertainty
                                  0.044777   20.491747   clock reconvergence pessimism
                                  0.350687   20.842434   library recovery time
                                             20.842434   data required time
---------------------------------------------------------------------------------------------
                                             20.842434   data required time
                                             -4.452068   data arrival time
---------------------------------------------------------------------------------------------
                                             16.390368   slack (MET)


Startpoint: _1412_ (rising edge-triggered flip-flop clocked by CLK)
Endpoint: _1410_ (rising edge-triggered flip-flop clocked by CLK)
Path Group: CLK
Path Type: max

Fanout         Cap        Slew       Delay        Time   Description
---------------------------------------------------------------------------------------------
                                  0.000000    0.000000   clock CLK (rise edge)
                                  0.000000    0.000000   clock source latency
     1    0.018921    0.142429    0.101889    0.101889 ^ CLK (in)
                                                         CLK (net)
                      0.142439    0.000000    0.101889 ^ clkbuf_0_CLK/A (sky130_fd_sc_hd__clkbuf_16)
    16    0.102249    0.179542    0.368269    0.470158 ^ clkbuf_0_CLK/X (sky130_fd_sc_hd__clkbuf_16)
                                                         clknet_0_CLK (net)
                      0.179542    0.000934    0.471092 ^ clkbuf_4_12_0_CLK/A (sky130_fd_sc_hd__clkbuf_8)
     6    0.018149    0.079200    0.295983    0.767075 ^ clkbuf_4_12_0_CLK/X (sky130_fd_sc_hd__clkbuf_8)
                                                         clknet_4_12_0_CLK (net)
                      0.079200    0.000080    0.767155 ^ _1412_/CLK (sky130_fd_sc_hd__dfrtp_2)
     3    0.006760    0.093742    0.871311    1.638467 v _1412_/Q (sky130_fd_sc_hd__dfrtp_2)
                                                         gates.phase_c.dead_count[3] (net)
                      0.093742    0.000062    1.638529 v _1311_/A (sky130_fd_sc_hd__or3_2)
     3    0.012525    0.221078    1.273301    2.911829 v _1311_/X (sky130_fd_sc_hd__or3_2)
                                                         _0654_ (net)
                      0.221078    0.000168    2.911997 v _1314_/B (sky130_fd_sc_hd__nor2_2)
     2    0.006319    0.160803    0.235983    3.147980 ^ _1314_/Y (sky130_fd_sc_hd__nor2_2)
                                                         _0657_ (net)
                      0.160803    0.000075    3.148055 ^ _1364_/C (sky130_fd_sc_hd__or3_2)
     1    0.001743    0.042695    0.223521    3.371577 ^ _1364_/X (sky130_fd_sc_hd__or3_2)
                                                         _0688_ (net)
                      0.042695    0.000017    3.371593 ^ _1365_/B1_N (sky130_fd_sc_hd__a21bo_2)
     1    0.002563    0.058700    0.400966    3.772560 v _1365_/X (sky130_fd_sc_hd__a21bo_2)
                                                         _0036_ (net)
                      0.058700    0.000028    3.772588 v _1410_/D (sky130_fd_sc_hd__dfrtp_2)
                                              3.772588   data arrival time

                                 20.000000   20.000000   clock CLK (rise edge)
                                  0.000000   20.000000   clock source latency
     1    0.018921    0.142429    0.092186   20.092186 ^ CLK (in)
                                                         CLK (net)
                      0.142439    0.000000   20.092186 ^ clkbuf_0_CLK/A (sky130_fd_sc_hd__clkbuf_16)
    16    0.102249    0.179542    0.333195   20.425381 ^ clkbuf_0_CLK/X (sky130_fd_sc_hd__clkbuf_16)
                                                         clknet_0_CLK (net)
                      0.179545    0.001121   20.426502 ^ clkbuf_4_13_0_CLK/A (sky130_fd_sc_hd__clkbuf_8)
     6    0.016133    0.074633    0.263469   20.689972 ^ clkbuf_4_13_0_CLK/X (sky130_fd_sc_hd__clkbuf_8)
                                                         clknet_4_13_0_CLK (net)
                      0.074633    0.000114   20.690084 ^ _1410_/CLK (sky130_fd_sc_hd__dfrtp_2)
                                 -0.250000   20.440086   clock uncertainty
                                  0.044777   20.484863   clock reconvergence pessimism
                                 -0.270653   20.214209   library setup time
                                             20.214209   data required time
---------------------------------------------------------------------------------------------
                                             20.214209   data required time
                                             -3.772588   data arrival time
---------------------------------------------------------------------------------------------
                                             16.441622   slack (MET)


Startpoint: _1406_ (rising edge-triggered flip-flop clocked by CLK)
Endpoint: _1404_ (rising edge-triggered flip-flop clocked by CLK)
Path Group: CLK
Path Type: max

Fanout         Cap        Slew       Delay        Time   Description
---------------------------------------------------------------------------------------------
                                  0.000000    0.000000   clock CLK (rise edge)
                                  0.000000    0.000000   clock source latency
     1    0.018921    0.142429    0.101889    0.101889 ^ CLK (in)
                                                         CLK (net)
                      0.142439    0.000000    0.101889 ^ clkbuf_0_CLK/A (sky130_fd_sc_hd__clkbuf_16)
    16    0.102249    0.179542    0.368269    0.470158 ^ clkbuf_0_CLK/X (sky130_fd_sc_hd__clkbuf_16)
                                                         clknet_0_CLK (net)
                      0.179556    0.001880    0.472039 ^ clkbuf_4_11_0_CLK/A (sky130_fd_sc_hd__clkbuf_8)
     6    0.015998    0.074334    0.290879    0.762917 ^ clkbuf_4_11_0_CLK/X (sky130_fd_sc_hd__clkbuf_8)
                                                         clknet_4_11_0_CLK (net)
                      0.074334    0.000154    0.763071 ^ _1406_/CLK (sky130_fd_sc_hd__dfrtp_2)
     3    0.007047    0.094747    0.870800    1.633872 v _1406_/Q (sky130_fd_sc_hd__dfrtp_2)
                                                         gates.phase_b.dead_count[3] (net)
                      0.094747    0.000037    1.633908 v _1322_/A (sky130_fd_sc_hd__or3_2)
     3    0.012787    0.222781    1.276420    2.910329 v _1322_/X (sky130_fd_sc_hd__or3_2)
                                                         _0663_ (net)
                      0.222781    0.000241    2.910570 v _1325_/B (sky130_fd_sc_hd__nor2_2)
     2    0.004503    0.134800    0.212962    3.123532 ^ _1325_/Y (sky130_fd_sc_hd__nor2_2)
                                                         _0666_ (net)
                      0.134800    0.000046    3.123579 ^ _1352_/C (sky130_fd_sc_hd__or3_2)
     1    0.003946    0.056952    0.227438    3.351017 ^ _1352_/X (sky130_fd_sc_hd__or3_2)
                                                         _0682_ (net)
                      0.056952    0.000075    3.351092 ^ _1353_/B1_N (sky130_fd_sc_hd__a21bo_2)
     1    0.002201    0.056826    0.404662    3.755754 v _1353_/X (sky130_fd_sc_hd__a21bo_2)
                                                         _0030_ (net)
                      0.056826    0.000020    3.755774 v _1404_/D (sky130_fd_sc_hd__dfrtp_2)
                                              3.755774   data arrival time

                                 20.000000   20.000000   clock CLK (rise edge)
                                  0.000000   20.000000   clock source latency
     1    0.018921    0.142429    0.092186   20.092186 ^ CLK (in)
                                                         CLK (net)
                      0.142439    0.000000   20.092186 ^ clkbuf_0_CLK/A (sky130_fd_sc_hd__clkbuf_16)
    16    0.102249    0.179542    0.333195   20.425381 ^ clkbuf_0_CLK/X (sky130_fd_sc_hd__clkbuf_16)
                                                         clknet_0_CLK (net)
                      0.179557    0.001728   20.427109 ^ clkbuf_4_10_0_CLK/A (sky130_fd_sc_hd__clkbuf_8)
     6    0.017324    0.077315    0.266059   20.693169 ^ clkbuf_4_10_0_CLK/X (sky130_fd_sc_hd__clkbuf_8)
                                                         clknet_4_10_0_CLK (net)
                      0.077315    0.000174   20.693342 ^ _1404_/CLK (sky130_fd_sc_hd__dfrtp_2)
                                 -0.250000   20.443344   clock uncertainty
                                  0.044777   20.488121   clock reconvergence pessimism
                                 -0.269156   20.218966   library setup time
                                             20.218966   data required time
---------------------------------------------------------------------------------------------
                                             20.218966   data required time
                                             -3.755774   data arrival time
---------------------------------------------------------------------------------------------
                                             16.463190   slack (MET)


Startpoint: _1441_ (rising edge-triggered flip-flop clocked by CLK)
Endpoint: _1396_ (recovery check against rising-edge clock CLK)
Path Group: asynchronous
Path Type: max

Fanout         Cap        Slew       Delay        Time   Description
---------------------------------------------------------------------------------------------
                                  0.000000    0.000000   clock CLK (rise edge)
                                  0.000000    0.000000   clock source latency
     1    0.018921    0.142429    0.101889    0.101889 ^ CLK (in)
                                                         CLK (net)
                      0.142439    0.000000    0.101889 ^ clkbuf_0_CLK/A (sky130_fd_sc_hd__clkbuf_16)
    16    0.102249    0.179542    0.368269    0.470158 ^ clkbuf_0_CLK/X (sky130_fd_sc_hd__clkbuf_16)
                                                         clknet_0_CLK (net)
                      0.179557    0.001910    0.472069 ^ clkbuf_4_10_0_CLK/A (sky130_fd_sc_hd__clkbuf_8)
     6    0.017324    0.077315    0.294065    0.766133 ^ clkbuf_4_10_0_CLK/X (sky130_fd_sc_hd__clkbuf_8)
                                                         clknet_4_10_0_CLK (net)
                      0.077315    0.000112    0.766246 ^ _1441_/CLK (sky130_fd_sc_hd__dfrtp_2)
     1    0.001730    0.063384    0.698705    1.464950 ^ _1441_/Q (sky130_fd_sc_hd__dfrtp_2)
                                                         control.reset_n (net)
                      0.063384    0.000007    1.464957 ^ hold143/A (sky130_fd_sc_hd__dlygate4sd3_1)
     2    0.009671    0.184754    1.181936    2.646893 ^ hold143/X (sky130_fd_sc_hd__dlygate4sd3_1)
                                                         net142 (net)
                      0.184754    0.000118    2.647011 ^ fanout79/A (sky130_fd_sc_hd__clkdlybuf4s25_1)
     5    0.027735    0.452444    0.830381    3.477392 ^ fanout79/X (sky130_fd_sc_hd__clkdlybuf4s25_1)
                                                         net79 (net)
                      0.452444    0.000130    3.477522 ^ fanout73/A (sky130_fd_sc_hd__clkdlybuf4s25_1)
     5    0.018445    0.309014    0.826472    4.303993 ^ fanout73/X (sky130_fd_sc_hd__clkdlybuf4s25_1)
                                                         net73 (net)
                      0.309014    0.000208    4.304202 ^ _1396_/RESET_B (sky130_fd_sc_hd__dfrtp_2)
                                              4.304202   data arrival time

                                 20.000000   20.000000   clock CLK (rise edge)
                                  0.000000   20.000000   clock source latency
     1    0.018921    0.142429    0.092186   20.092186 ^ CLK (in)
                                                         CLK (net)
                      0.142439    0.000000   20.092186 ^ clkbuf_0_CLK/A (sky130_fd_sc_hd__clkbuf_16)
    16    0.102249    0.179542    0.333195   20.425381 ^ clkbuf_0_CLK/X (sky130_fd_sc_hd__clkbuf_16)
                                                         clknet_0_CLK (net)
                      0.179543    0.000934   20.426315 ^ clkbuf_4_8_0_CLK/A (sky130_fd_sc_hd__clkbuf_8)
     5    0.013699    0.069341    0.258195   20.684511 ^ clkbuf_4_8_0_CLK/X (sky130_fd_sc_hd__clkbuf_8)
                                                         clknet_4_8_0_CLK (net)
                      0.069341    0.000075   20.684586 ^ _1396_/CLK (sky130_fd_sc_hd__dfrtp_2)
                                 -0.250000   20.434586   clock uncertainty
                                  0.044777   20.479362   clock reconvergence pessimism
                                  0.342167   20.821529   library recovery time
                                             20.821529   data required time
---------------------------------------------------------------------------------------------
                                             20.821529   data required time
                                             -4.304202   data arrival time
---------------------------------------------------------------------------------------------
                                             16.517328   slack (MET)


Startpoint: _1441_ (rising edge-triggered flip-flop clocked by CLK)
Endpoint: _1471_ (recovery check against rising-edge clock CLK)
Path Group: asynchronous
Path Type: max

Fanout         Cap        Slew       Delay        Time   Description
---------------------------------------------------------------------------------------------
                                  0.000000    0.000000   clock CLK (rise edge)
                                  0.000000    0.000000   clock source latency
     1    0.018921    0.142429    0.101889    0.101889 ^ CLK (in)
                                                         CLK (net)
                      0.142439    0.000000    0.101889 ^ clkbuf_0_CLK/A (sky130_fd_sc_hd__clkbuf_16)
    16    0.102249    0.179542    0.368269    0.470158 ^ clkbuf_0_CLK/X (sky130_fd_sc_hd__clkbuf_16)
                                                         clknet_0_CLK (net)
                      0.179557    0.001910    0.472069 ^ clkbuf_4_10_0_CLK/A (sky130_fd_sc_hd__clkbuf_8)
     6    0.017324    0.077315    0.294065    0.766133 ^ clkbuf_4_10_0_CLK/X (sky130_fd_sc_hd__clkbuf_8)
                                                         clknet_4_10_0_CLK (net)
                      0.077315    0.000112    0.766246 ^ _1441_/CLK (sky130_fd_sc_hd__dfrtp_2)
     1    0.001730    0.063384    0.698705    1.464950 ^ _1441_/Q (sky130_fd_sc_hd__dfrtp_2)
                                                         control.reset_n (net)
                      0.063384    0.000007    1.464957 ^ hold143/A (sky130_fd_sc_hd__dlygate4sd3_1)
     2    0.009671    0.184754    1.181936    2.646893 ^ hold143/X (sky130_fd_sc_hd__dlygate4sd3_1)
                                                         net142 (net)
                      0.184754    0.000118    2.647011 ^ fanout79/A (sky130_fd_sc_hd__clkdlybuf4s25_1)
     5    0.027735    0.452444    0.830381    3.477392 ^ fanout79/X (sky130_fd_sc_hd__clkdlybuf4s25_1)
                                                         net79 (net)
                      0.452444    0.000130    3.477522 ^ fanout73/A (sky130_fd_sc_hd__clkdlybuf4s25_1)
     5    0.018445    0.309014    0.826472    4.303993 ^ fanout73/X (sky130_fd_sc_hd__clkdlybuf4s25_1)
                                                         net73 (net)
                      0.309014    0.000160    4.304153 ^ _1471_/RESET_B (sky130_fd_sc_hd__dfrtp_2)
                                              4.304153   data arrival time

                                 20.000000   20.000000   clock CLK (rise edge)
                                  0.000000   20.000000   clock source latency
     1    0.018921    0.142429    0.092186   20.092186 ^ CLK (in)
                                                         CLK (net)
                      0.142439    0.000000   20.092186 ^ clkbuf_0_CLK/A (sky130_fd_sc_hd__clkbuf_16)
    16    0.102249    0.179542    0.333195   20.425381 ^ clkbuf_0_CLK/X (sky130_fd_sc_hd__clkbuf_16)
                                                         clknet_0_CLK (net)
                      0.179543    0.000934   20.426315 ^ clkbuf_4_8_0_CLK/A (sky130_fd_sc_hd__clkbuf_8)
     5    0.013699    0.069341    0.258195   20.684511 ^ clkbuf_4_8_0_CLK/X (sky130_fd_sc_hd__clkbuf_8)
                                                         clknet_4_8_0_CLK (net)
                      0.069341    0.000078   20.684589 ^ _1471_/CLK (sky130_fd_sc_hd__dfrtp_2)
                                 -0.250000   20.434589   clock uncertainty
                                  0.044777   20.479366   clock reconvergence pessimism
                                  0.342167   20.821533   library recovery time
                                             20.821533   data required time
---------------------------------------------------------------------------------------------
                                             20.821533   data required time
                                             -4.304153   data arrival time
---------------------------------------------------------------------------------------------
                                             16.517380   slack (MET)


Startpoint: _1441_ (rising edge-triggered flip-flop clocked by CLK)
Endpoint: _1470_ (recovery check against rising-edge clock CLK)
Path Group: asynchronous
Path Type: max

Fanout         Cap        Slew       Delay        Time   Description
---------------------------------------------------------------------------------------------
                                  0.000000    0.000000   clock CLK (rise edge)
                                  0.000000    0.000000   clock source latency
     1    0.018921    0.142429    0.101889    0.101889 ^ CLK (in)
                                                         CLK (net)
                      0.142439    0.000000    0.101889 ^ clkbuf_0_CLK/A (sky130_fd_sc_hd__clkbuf_16)
    16    0.102249    0.179542    0.368269    0.470158 ^ clkbuf_0_CLK/X (sky130_fd_sc_hd__clkbuf_16)
                                                         clknet_0_CLK (net)
                      0.179557    0.001910    0.472069 ^ clkbuf_4_10_0_CLK/A (sky130_fd_sc_hd__clkbuf_8)
     6    0.017324    0.077315    0.294065    0.766133 ^ clkbuf_4_10_0_CLK/X (sky130_fd_sc_hd__clkbuf_8)
                                                         clknet_4_10_0_CLK (net)
                      0.077315    0.000112    0.766246 ^ _1441_/CLK (sky130_fd_sc_hd__dfrtp_2)
     1    0.001730    0.063384    0.698705    1.464950 ^ _1441_/Q (sky130_fd_sc_hd__dfrtp_2)
                                                         control.reset_n (net)
                      0.063384    0.000007    1.464957 ^ hold143/A (sky130_fd_sc_hd__dlygate4sd3_1)
     2    0.009671    0.184754    1.181936    2.646893 ^ hold143/X (sky130_fd_sc_hd__dlygate4sd3_1)
                                                         net142 (net)
                      0.184754    0.000118    2.647011 ^ fanout79/A (sky130_fd_sc_hd__clkdlybuf4s25_1)
     5    0.027735    0.452444    0.830381    3.477392 ^ fanout79/X (sky130_fd_sc_hd__clkdlybuf4s25_1)
                                                         net79 (net)
                      0.452444    0.000130    3.477522 ^ fanout73/A (sky130_fd_sc_hd__clkdlybuf4s25_1)
     5    0.018445    0.309014    0.826472    4.303993 ^ fanout73/X (sky130_fd_sc_hd__clkdlybuf4s25_1)
                                                         net73 (net)
                      0.309014    0.000123    4.304116 ^ _1470_/RESET_B (sky130_fd_sc_hd__dfrtp_2)
                                              4.304116   data arrival time

                                 20.000000   20.000000   clock CLK (rise edge)
                                  0.000000   20.000000   clock source latency
     1    0.018921    0.142429    0.092186   20.092186 ^ CLK (in)
                                                         CLK (net)
                      0.142439    0.000000   20.092186 ^ clkbuf_0_CLK/A (sky130_fd_sc_hd__clkbuf_16)
    16    0.102249    0.179542    0.333195   20.425381 ^ clkbuf_0_CLK/X (sky130_fd_sc_hd__clkbuf_16)
                                                         clknet_0_CLK (net)
                      0.179543    0.000934   20.426315 ^ clkbuf_4_8_0_CLK/A (sky130_fd_sc_hd__clkbuf_8)
     5    0.013699    0.069341    0.258195   20.684511 ^ clkbuf_4_8_0_CLK/X (sky130_fd_sc_hd__clkbuf_8)
                                                         clknet_4_8_0_CLK (net)
                      0.069341    0.000085   20.684595 ^ _1470_/CLK (sky130_fd_sc_hd__dfrtp_2)
                                 -0.250000   20.434597   clock uncertainty
                                  0.044777   20.479374   clock reconvergence pessimism
                                  0.342167   20.821541   library recovery time
                                             20.821541   data required time
---------------------------------------------------------------------------------------------
                                             20.821541   data required time
                                             -4.304116   data arrival time
---------------------------------------------------------------------------------------------
                                             16.517424   slack (MET)


Startpoint: _1441_ (rising edge-triggered flip-flop clocked by CLK)
Endpoint: _1439_ (recovery check against rising-edge clock CLK)
Path Group: asynchronous
Path Type: max

Fanout         Cap        Slew       Delay        Time   Description
---------------------------------------------------------------------------------------------
                                  0.000000    0.000000   clock CLK (rise edge)
                                  0.000000    0.000000   clock source latency
     1    0.018921    0.142429    0.101889    0.101889 ^ CLK (in)
                                                         CLK (net)
                      0.142439    0.000000    0.101889 ^ clkbuf_0_CLK/A (sky130_fd_sc_hd__clkbuf_16)
    16    0.102249    0.179542    0.368269    0.470158 ^ clkbuf_0_CLK/X (sky130_fd_sc_hd__clkbuf_16)
                                                         clknet_0_CLK (net)
                      0.179557    0.001910    0.472069 ^ clkbuf_4_10_0_CLK/A (sky130_fd_sc_hd__clkbuf_8)
     6    0.017324    0.077315    0.294065    0.766133 ^ clkbuf_4_10_0_CLK/X (sky130_fd_sc_hd__clkbuf_8)
                                                         clknet_4_10_0_CLK (net)
                      0.077315    0.000112    0.766246 ^ _1441_/CLK (sky130_fd_sc_hd__dfrtp_2)
     1    0.001730    0.063384    0.698705    1.464950 ^ _1441_/Q (sky130_fd_sc_hd__dfrtp_2)
                                                         control.reset_n (net)
                      0.063384    0.000007    1.464957 ^ hold143/A (sky130_fd_sc_hd__dlygate4sd3_1)
     2    0.009671    0.184754    1.181936    2.646893 ^ hold143/X (sky130_fd_sc_hd__dlygate4sd3_1)
                                                         net142 (net)
                      0.184754    0.000118    2.647011 ^ fanout79/A (sky130_fd_sc_hd__clkdlybuf4s25_1)
     5    0.027735    0.452444    0.830381    3.477392 ^ fanout79/X (sky130_fd_sc_hd__clkdlybuf4s25_1)
                                                         net79 (net)
                      0.452444    0.000130    3.477522 ^ fanout73/A (sky130_fd_sc_hd__clkdlybuf4s25_1)
     5    0.018445    0.309014    0.826472    4.303993 ^ fanout73/X (sky130_fd_sc_hd__clkdlybuf4s25_1)
                                                         net73 (net)
                      0.309014    0.000242    4.304235 ^ _1439_/RESET_B (sky130_fd_sc_hd__dfrtp_2)
                                              4.304235   data arrival time

                                 20.000000   20.000000   clock CLK (rise edge)
                                  0.000000   20.000000   clock source latency
     1    0.018921    0.142429    0.092186   20.092186 ^ CLK (in)
                                                         CLK (net)
                      0.142439    0.000000   20.092186 ^ clkbuf_0_CLK/A (sky130_fd_sc_hd__clkbuf_16)
    16    0.102249    0.179542    0.333195   20.425381 ^ clkbuf_0_CLK/X (sky130_fd_sc_hd__clkbuf_16)
                                                         clknet_0_CLK (net)
                      0.179543    0.000894   20.426275 ^ clkbuf_4_9_0_CLK/A (sky130_fd_sc_hd__clkbuf_8)
     6    0.016728    0.075957    0.264702   20.690977 ^ clkbuf_4_9_0_CLK/X (sky130_fd_sc_hd__clkbuf_8)
                                                         clknet_4_9_0_CLK (net)
                      0.075957    0.000224   20.691200 ^ _1439_/CLK (sky130_fd_sc_hd__dfrtp_2)
                                 -0.250000   20.441202   clock uncertainty
                                  0.044777   20.485977   clock reconvergence pessimism
                                  0.344426   20.830404   library recovery time
                                             20.830404   data required time
---------------------------------------------------------------------------------------------
                                             20.830404   data required time
                                             -4.304235   data arrival time
---------------------------------------------------------------------------------------------
                                             16.526169   slack (MET)


Startpoint: _1404_ (rising edge-triggered flip-flop clocked by CLK)
Endpoint: _1405_ (rising edge-triggered flip-flop clocked by CLK)
Path Group: CLK
Path Type: max

Fanout         Cap        Slew       Delay        Time   Description
---------------------------------------------------------------------------------------------
                                  0.000000    0.000000   clock CLK (rise edge)
                                  0.000000    0.000000   clock source latency
     1    0.018921    0.142429    0.101889    0.101889 ^ CLK (in)
                                                         CLK (net)
                      0.142439    0.000000    0.101889 ^ clkbuf_0_CLK/A (sky130_fd_sc_hd__clkbuf_16)
    16    0.102249    0.179542    0.368269    0.470158 ^ clkbuf_0_CLK/X (sky130_fd_sc_hd__clkbuf_16)
                                                         clknet_0_CLK (net)
                      0.179557    0.001910    0.472069 ^ clkbuf_4_10_0_CLK/A (sky130_fd_sc_hd__clkbuf_8)
     6    0.017324    0.077315    0.294065    0.766133 ^ clkbuf_4_10_0_CLK/X (sky130_fd_sc_hd__clkbuf_8)
                                                         clknet_4_10_0_CLK (net)
                      0.077315    0.000193    0.766326 ^ _1404_/CLK (sky130_fd_sc_hd__dfrtp_2)
     4    0.009060    0.104053    0.885151    1.651477 v _1404_/Q (sky130_fd_sc_hd__dfrtp_2)
                                                         gates.phase_b.dead_count[1] (net)
                      0.104053    0.000053    1.651531 v hold176/A (sky130_fd_sc_hd__dlygate4sd3_1)
     2    0.007695    0.152789    1.264279    2.915809 v hold176/X (sky130_fd_sc_hd__dlygate4sd3_1)
                                                         net175 (net)
                      0.152789    0.000123    2.915932 v _1354_/A2 (sky130_fd_sc_hd__o21a_2)
     1    0.003863    0.063301    0.415107    3.331039 v _1354_/X (sky130_fd_sc_hd__o21a_2)
                                                         _0683_ (net)
                      0.063301    0.000054    3.331093 v _1355_/B1 (sky130_fd_sc_hd__a21o_2)
     1    0.002224    0.055381    0.343317    3.674410 v _1355_/X (sky130_fd_sc_hd__a21o_2)
                                                         _0031_ (net)
                      0.055381    0.000011    3.674421 v _1405_/D (sky130_fd_sc_hd__dfrtp_2)
                                              3.674421   data arrival time

                                 20.000000   20.000000   clock CLK (rise edge)
                                  0.000000   20.000000   clock source latency
     1    0.018921    0.142429    0.092186   20.092186 ^ CLK (in)
                                                         CLK (net)
                      0.142439    0.000000   20.092186 ^ clkbuf_0_CLK/A (sky130_fd_sc_hd__clkbuf_16)
    16    0.102249    0.179542    0.333195   20.425381 ^ clkbuf_0_CLK/X (sky130_fd_sc_hd__clkbuf_16)
                                                         clknet_0_CLK (net)
                      0.179556    0.001702   20.427082 ^ clkbuf_4_11_0_CLK/A (sky130_fd_sc_hd__clkbuf_8)
     6    0.015998    0.074334    0.263176   20.690260 ^ clkbuf_4_11_0_CLK/X (sky130_fd_sc_hd__clkbuf_8)
                                                         clknet_4_11_0_CLK (net)
                      0.074334    0.000169   20.690428 ^ _1405_/CLK (sky130_fd_sc_hd__dfrtp_2)
                                 -0.250000   20.440428   clock uncertainty
                                  0.044777   20.485205   clock reconvergence pessimism
                                 -0.269346   20.215860   library setup time
                                             20.215860   data required time
---------------------------------------------------------------------------------------------
                                             20.215860   data required time
                                             -3.674421   data arrival time
---------------------------------------------------------------------------------------------
                                             16.541439   slack (MET)


Startpoint: _1441_ (rising edge-triggered flip-flop clocked by CLK)
Endpoint: _1474_ (recovery check against rising-edge clock CLK)
Path Group: asynchronous
Path Type: max

Fanout         Cap        Slew       Delay        Time   Description
---------------------------------------------------------------------------------------------
                                  0.000000    0.000000   clock CLK (rise edge)
                                  0.000000    0.000000   clock source latency
     1    0.018921    0.142429    0.101889    0.101889 ^ CLK (in)
                                                         CLK (net)
                      0.142439    0.000000    0.101889 ^ clkbuf_0_CLK/A (sky130_fd_sc_hd__clkbuf_16)
    16    0.102249    0.179542    0.368269    0.470158 ^ clkbuf_0_CLK/X (sky130_fd_sc_hd__clkbuf_16)
                                                         clknet_0_CLK (net)
                      0.179557    0.001910    0.472069 ^ clkbuf_4_10_0_CLK/A (sky130_fd_sc_hd__clkbuf_8)
     6    0.017324    0.077315    0.294065    0.766133 ^ clkbuf_4_10_0_CLK/X (sky130_fd_sc_hd__clkbuf_8)
                                                         clknet_4_10_0_CLK (net)
                      0.077315    0.000112    0.766246 ^ _1441_/CLK (sky130_fd_sc_hd__dfrtp_2)
     1    0.001730    0.063384    0.698705    1.464950 ^ _1441_/Q (sky130_fd_sc_hd__dfrtp_2)
                                                         control.reset_n (net)
                      0.063384    0.000007    1.464957 ^ hold143/A (sky130_fd_sc_hd__dlygate4sd3_1)
     2    0.009671    0.184754    1.181936    2.646893 ^ hold143/X (sky130_fd_sc_hd__dlygate4sd3_1)
                                                         net142 (net)
                      0.184754    0.000118    2.647011 ^ fanout79/A (sky130_fd_sc_hd__clkdlybuf4s25_1)
     5    0.027735    0.452444    0.830381    3.477392 ^ fanout79/X (sky130_fd_sc_hd__clkdlybuf4s25_1)
                                                         net79 (net)
                      0.452444    0.000148    3.477540 ^ fanout77/A (sky130_fd_sc_hd__clkdlybuf4s25_1)
     3    0.013230    0.228646    0.765965    4.243505 ^ fanout77/X (sky130_fd_sc_hd__clkdlybuf4s25_1)
                                                         net77 (net)
                      0.228646    0.000237    4.243742 ^ _1474_/RESET_B (sky130_fd_sc_hd__dfrtp_2)
                                              4.243742   data arrival time

                                 20.000000   20.000000   clock CLK (rise edge)
                                  0.000000   20.000000   clock source latency
     1    0.018921    0.142429    0.092186   20.092186 ^ CLK (in)
                                                         CLK (net)
                      0.142439    0.000000   20.092186 ^ clkbuf_0_CLK/A (sky130_fd_sc_hd__clkbuf_16)
    16    0.102249    0.179542    0.333195   20.425381 ^ clkbuf_0_CLK/X (sky130_fd_sc_hd__clkbuf_16)
                                                         clknet_0_CLK (net)
                      0.179545    0.001121   20.426502 ^ clkbuf_4_13_0_CLK/A (sky130_fd_sc_hd__clkbuf_8)
     6    0.016133    0.074633    0.263469   20.689972 ^ clkbuf_4_13_0_CLK/X (sky130_fd_sc_hd__clkbuf_8)
                                                         clknet_4_13_0_CLK (net)
                      0.074633    0.000155   20.690126 ^ _1474_/CLK (sky130_fd_sc_hd__dfrtp_2)
                                 -0.250000   20.440126   clock uncertainty
                                  0.044777   20.484903   clock reconvergence pessimism
                                  0.378315   20.863218   library recovery time
                                             20.863218   data required time
---------------------------------------------------------------------------------------------
                                             20.863218   data required time
                                             -4.243742   data arrival time
---------------------------------------------------------------------------------------------
                                             16.619476   slack (MET)


Startpoint: _1441_ (rising edge-triggered flip-flop clocked by CLK)
Endpoint: _1475_ (recovery check against rising-edge clock CLK)
Path Group: asynchronous
Path Type: max

Fanout         Cap        Slew       Delay        Time   Description
---------------------------------------------------------------------------------------------
                                  0.000000    0.000000   clock CLK (rise edge)
                                  0.000000    0.000000   clock source latency
     1    0.018921    0.142429    0.101889    0.101889 ^ CLK (in)
                                                         CLK (net)
                      0.142439    0.000000    0.101889 ^ clkbuf_0_CLK/A (sky130_fd_sc_hd__clkbuf_16)
    16    0.102249    0.179542    0.368269    0.470158 ^ clkbuf_0_CLK/X (sky130_fd_sc_hd__clkbuf_16)
                                                         clknet_0_CLK (net)
                      0.179557    0.001910    0.472069 ^ clkbuf_4_10_0_CLK/A (sky130_fd_sc_hd__clkbuf_8)
     6    0.017324    0.077315    0.294065    0.766133 ^ clkbuf_4_10_0_CLK/X (sky130_fd_sc_hd__clkbuf_8)
                                                         clknet_4_10_0_CLK (net)
                      0.077315    0.000112    0.766246 ^ _1441_/CLK (sky130_fd_sc_hd__dfrtp_2)
     1    0.001730    0.063384    0.698705    1.464950 ^ _1441_/Q (sky130_fd_sc_hd__dfrtp_2)
                                                         control.reset_n (net)
                      0.063384    0.000007    1.464957 ^ hold143/A (sky130_fd_sc_hd__dlygate4sd3_1)
     2    0.009671    0.184754    1.181936    2.646893 ^ hold143/X (sky130_fd_sc_hd__dlygate4sd3_1)
                                                         net142 (net)
                      0.184754    0.000118    2.647011 ^ fanout79/A (sky130_fd_sc_hd__clkdlybuf4s25_1)
     5    0.027735    0.452444    0.830381    3.477392 ^ fanout79/X (sky130_fd_sc_hd__clkdlybuf4s25_1)
                                                         net79 (net)
                      0.452444    0.000148    3.477540 ^ fanout77/A (sky130_fd_sc_hd__clkdlybuf4s25_1)
     3    0.013230    0.228646    0.765965    4.243505 ^ fanout77/X (sky130_fd_sc_hd__clkdlybuf4s25_1)
                                                         net77 (net)
                      0.228646    0.000272    4.243777 ^ _1475_/RESET_B (sky130_fd_sc_hd__dfrtp_2)
                                              4.243777   data arrival time

                                 20.000000   20.000000   clock CLK (rise edge)
                                  0.000000   20.000000   clock source latency
     1    0.018921    0.142429    0.092186   20.092186 ^ CLK (in)
                                                         CLK (net)
                      0.142439    0.000000   20.092186 ^ clkbuf_0_CLK/A (sky130_fd_sc_hd__clkbuf_16)
    16    0.102249    0.179542    0.333195   20.425381 ^ clkbuf_0_CLK/X (sky130_fd_sc_hd__clkbuf_16)
                                                         clknet_0_CLK (net)
                      0.179556    0.001702   20.427082 ^ clkbuf_4_11_0_CLK/A (sky130_fd_sc_hd__clkbuf_8)
     6    0.015998    0.074334    0.263176   20.690260 ^ clkbuf_4_11_0_CLK/X (sky130_fd_sc_hd__clkbuf_8)
                                                         clknet_4_11_0_CLK (net)
                      0.074334    0.000094   20.690353 ^ _1475_/CLK (sky130_fd_sc_hd__dfrtp_2)
                                 -0.250000   20.440353   clock uncertainty
                                  0.044777   20.485130   clock reconvergence pessimism
                                  0.378214   20.863346   library recovery time
                                             20.863346   data required time
---------------------------------------------------------------------------------------------
                                             20.863346   data required time
                                             -4.243777   data arrival time
---------------------------------------------------------------------------------------------
                                             16.619568   slack (MET)


Startpoint: _1441_ (rising edge-triggered flip-flop clocked by CLK)
Endpoint: _1410_ (recovery check against rising-edge clock CLK)
Path Group: asynchronous
Path Type: max

Fanout         Cap        Slew       Delay        Time   Description
---------------------------------------------------------------------------------------------
                                  0.000000    0.000000   clock CLK (rise edge)
                                  0.000000    0.000000   clock source latency
     1    0.018921    0.142429    0.101889    0.101889 ^ CLK (in)
                                                         CLK (net)
                      0.142439    0.000000    0.101889 ^ clkbuf_0_CLK/A (sky130_fd_sc_hd__clkbuf_16)
    16    0.102249    0.179542    0.368269    0.470158 ^ clkbuf_0_CLK/X (sky130_fd_sc_hd__clkbuf_16)
                                                         clknet_0_CLK (net)
                      0.179557    0.001910    0.472069 ^ clkbuf_4_10_0_CLK/A (sky130_fd_sc_hd__clkbuf_8)
     6    0.017324    0.077315    0.294065    0.766133 ^ clkbuf_4_10_0_CLK/X (sky130_fd_sc_hd__clkbuf_8)
                                                         clknet_4_10_0_CLK (net)
                      0.077315    0.000112    0.766246 ^ _1441_/CLK (sky130_fd_sc_hd__dfrtp_2)
     1    0.001730    0.063384    0.698705    1.464950 ^ _1441_/Q (sky130_fd_sc_hd__dfrtp_2)
                                                         control.reset_n (net)
                      0.063384    0.000007    1.464957 ^ hold143/A (sky130_fd_sc_hd__dlygate4sd3_1)
     2    0.009671    0.184754    1.181936    2.646893 ^ hold143/X (sky130_fd_sc_hd__dlygate4sd3_1)
                                                         net142 (net)
                      0.184754    0.000118    2.647011 ^ fanout79/A (sky130_fd_sc_hd__clkdlybuf4s25_1)
     5    0.027735    0.452444    0.830381    3.477392 ^ fanout79/X (sky130_fd_sc_hd__clkdlybuf4s25_1)
                                                         net79 (net)
                      0.452444    0.000228    3.477620 ^ fanout75/A (sky130_fd_sc_hd__clkdlybuf4s25_1)
     2    0.006054    0.124739    0.681153    4.158773 ^ fanout75/X (sky130_fd_sc_hd__clkdlybuf4s25_1)
                                                         net75 (net)
                      0.124739    0.000039    4.158813 ^ _1410_/RESET_B (sky130_fd_sc_hd__dfrtp_2)
                                              4.158813   data arrival time

                                 20.000000   20.000000   clock CLK (rise edge)
                                  0.000000   20.000000   clock source latency
     1    0.018921    0.142429    0.092186   20.092186 ^ CLK (in)
                                                         CLK (net)
                      0.142439    0.000000   20.092186 ^ clkbuf_0_CLK/A (sky130_fd_sc_hd__clkbuf_16)
    16    0.102249    0.179542    0.333195   20.425381 ^ clkbuf_0_CLK/X (sky130_fd_sc_hd__clkbuf_16)
                                                         clknet_0_CLK (net)
                      0.179545    0.001121   20.426502 ^ clkbuf_4_13_0_CLK/A (sky130_fd_sc_hd__clkbuf_8)
     6    0.016133    0.074633    0.263469   20.689972 ^ clkbuf_4_13_0_CLK/X (sky130_fd_sc_hd__clkbuf_8)
                                                         clknet_4_13_0_CLK (net)
                      0.074633    0.000114   20.690084 ^ _1410_/CLK (sky130_fd_sc_hd__dfrtp_2)
                                 -0.250000   20.440086   clock uncertainty
                                  0.044777   20.484863   clock reconvergence pessimism
                                  0.422715   20.907578   library recovery time
                                             20.907578   data required time
---------------------------------------------------------------------------------------------
                                             20.907578   data required time
                                             -4.158813   data arrival time
---------------------------------------------------------------------------------------------
                                             16.748764   slack (MET)


Startpoint: _1411_ (rising edge-triggered flip-flop clocked by CLK)
Endpoint: _1411_ (rising edge-triggered flip-flop clocked by CLK)
Path Group: CLK
Path Type: max

Fanout         Cap        Slew       Delay        Time   Description
---------------------------------------------------------------------------------------------
                                  0.000000    0.000000   clock CLK (rise edge)
                                  0.000000    0.000000   clock source latency
     1    0.018921    0.142429    0.101889    0.101889 ^ CLK (in)
                                                         CLK (net)
                      0.142439    0.000000    0.101889 ^ clkbuf_0_CLK/A (sky130_fd_sc_hd__clkbuf_16)
    16    0.102249    0.179542    0.368269    0.470158 ^ clkbuf_0_CLK/X (sky130_fd_sc_hd__clkbuf_16)
                                                         clknet_0_CLK (net)
                      0.179545    0.001238    0.471396 ^ clkbuf_4_13_0_CLK/A (sky130_fd_sc_hd__clkbuf_8)
     6    0.016133    0.074633    0.291202    0.762599 ^ clkbuf_4_13_0_CLK/X (sky130_fd_sc_hd__clkbuf_8)
                                                         clknet_4_13_0_CLK (net)
                      0.074633    0.000139    0.762738 ^ _1411_/CLK (sky130_fd_sc_hd__dfrtp_2)
     3    0.009764    0.107243    0.888355    1.651093 v _1411_/Q (sky130_fd_sc_hd__dfrtp_2)
                                                         gates.phase_c.dead_count[2] (net)
                      0.107243    0.000087    1.651180 v hold188/A (sky130_fd_sc_hd__dlygate4sd3_1)
     1    0.002664    0.108398    1.195632    2.846811 v hold188/X (sky130_fd_sc_hd__dlygate4sd3_1)
                                                         net187 (net)
                      0.108398    0.000013    2.846824 v _1366_/B1 (sky130_fd_sc_hd__o21a_2)
     1    0.003803    0.062981    0.241603    3.088427 v _1366_/X (sky130_fd_sc_hd__o21a_2)
                                                         _0689_ (net)
                      0.062981    0.000059    3.088487 v _1367_/B1 (sky130_fd_sc_hd__a21o_2)
     1    0.002981    0.057898    0.349486    3.437972 v _1367_/X (sky130_fd_sc_hd__a21o_2)
                                                         _0037_ (net)
                      0.057898    0.000036    3.438009 v _1411_/D (sky130_fd_sc_hd__dfrtp_2)
                                              3.438009   data arrival time

                                 20.000000   20.000000   clock CLK (rise edge)
                                  0.000000   20.000000   clock source latency
     1    0.018921    0.142429    0.092186   20.092186 ^ CLK (in)
                                                         CLK (net)
                      0.142439    0.000000   20.092186 ^ clkbuf_0_CLK/A (sky130_fd_sc_hd__clkbuf_16)
    16    0.102249    0.179542    0.333195   20.425381 ^ clkbuf_0_CLK/X (sky130_fd_sc_hd__clkbuf_16)
                                                         clknet_0_CLK (net)
                      0.179545    0.001121   20.426502 ^ clkbuf_4_13_0_CLK/A (sky130_fd_sc_hd__clkbuf_8)
     6    0.016133    0.074633    0.263469   20.689972 ^ clkbuf_4_13_0_CLK/X (sky130_fd_sc_hd__clkbuf_8)
                                                         clknet_4_13_0_CLK (net)
                      0.074633    0.000126   20.690098 ^ _1411_/CLK (sky130_fd_sc_hd__dfrtp_2)
                                 -0.250000   20.440098   clock uncertainty
                                  0.072642   20.512741   clock reconvergence pessimism
                                 -0.270318   20.242424   library setup time
                                             20.242424   data required time
---------------------------------------------------------------------------------------------
                                             20.242424   data required time
                                             -3.438009   data arrival time
---------------------------------------------------------------------------------------------
                                             16.804415   slack (MET)


Startpoint: _1402_ (rising edge-triggered flip-flop clocked by CLK)
Endpoint: _1398_ (rising edge-triggered flip-flop clocked by CLK)
Path Group: CLK
Path Type: max

Fanout         Cap        Slew       Delay        Time   Description
---------------------------------------------------------------------------------------------
                                  0.000000    0.000000   clock CLK (rise edge)
                                  0.000000    0.000000   clock source latency
     1    0.018921    0.142429    0.101889    0.101889 ^ CLK (in)
                                                         CLK (net)
                      0.142439    0.000000    0.101889 ^ clkbuf_0_CLK/A (sky130_fd_sc_hd__clkbuf_16)
    16    0.102249    0.179542    0.368269    0.470158 ^ clkbuf_0_CLK/X (sky130_fd_sc_hd__clkbuf_16)
                                                         clknet_0_CLK (net)
                      0.179554    0.001770    0.471928 ^ clkbuf_4_14_0_CLK/A (sky130_fd_sc_hd__clkbuf_8)
     6    0.017613    0.077970    0.294748    0.766676 ^ clkbuf_4_14_0_CLK/X (sky130_fd_sc_hd__clkbuf_8)
                                                         clknet_4_14_0_CLK (net)
                      0.077970    0.000066    0.766742 ^ _1402_/CLK (sky130_fd_sc_hd__dfrtp_2)
     1    0.001746    0.068738    0.823245    1.589987 v _1402_/Q (sky130_fd_sc_hd__dfrtp_2)
                                                         gates.phase_a.dead_count[5] (net)
                      0.068738    0.000015    1.590002 v hold163/A (sky130_fd_sc_hd__dlygate4sd3_1)
     2    0.007487    0.156076    1.244327    2.834329 v hold163/X (sky130_fd_sc_hd__dlygate4sd3_1)
                                                         net162 (net)
                      0.156076    0.000037    2.834366 v _1333_/A (sky130_fd_sc_hd__nor2_2)
     4    0.016945    0.328306    0.386682    3.221049 ^ _1333_/Y (sky130_fd_sc_hd__nor2_2)
                                                         _0672_ (net)
                      0.328306    0.000302    3.221350 ^ _1341_/A2 (sky130_fd_sc_hd__o21ai_2)
     1    0.002513    0.063684    0.172139    3.393490 v _1341_/Y (sky130_fd_sc_hd__o21ai_2)
                                                         _0024_ (net)
                      0.063684    0.000026    3.393516 v _1398_/D (sky130_fd_sc_hd__dfrtp_2)
                                              3.393516   data arrival time

                                 20.000000   20.000000   clock CLK (rise edge)
                                  0.000000   20.000000   clock source latency
     1    0.018921    0.142429    0.092186   20.092186 ^ CLK (in)
                                                         CLK (net)
                      0.142439    0.000000   20.092186 ^ clkbuf_0_CLK/A (sky130_fd_sc_hd__clkbuf_16)
    16    0.102249    0.179542    0.333195   20.425381 ^ clkbuf_0_CLK/X (sky130_fd_sc_hd__clkbuf_16)
                                                         clknet_0_CLK (net)
                      0.179545    0.001121   20.426502 ^ clkbuf_4_13_0_CLK/A (sky130_fd_sc_hd__clkbuf_8)
     6    0.016133    0.074633    0.263469   20.689972 ^ clkbuf_4_13_0_CLK/X (sky130_fd_sc_hd__clkbuf_8)
                                                         clknet_4_13_0_CLK (net)
                      0.074633    0.000142   20.690113 ^ _1398_/CLK (sky130_fd_sc_hd__dfrtp_2)
                                 -0.250000   20.440115   clock uncertainty
                                  0.044777   20.484890   clock reconvergence pessimism
                                 -0.272735   20.212156   library setup time
                                             20.212156   data required time
---------------------------------------------------------------------------------------------
                                             20.212156   data required time
                                             -3.393516   data arrival time
---------------------------------------------------------------------------------------------
                                             16.818640   slack (MET)


Startpoint: _1455_ (rising edge-triggered flip-flop clocked by CLK)
Endpoint: _1455_ (rising edge-triggered flip-flop clocked by CLK)
Path Group: CLK
Path Type: max

Fanout         Cap        Slew       Delay        Time   Description
---------------------------------------------------------------------------------------------
                                  0.000000    0.000000   clock CLK (rise edge)
                                  0.000000    0.000000   clock source latency
     1    0.018921    0.142429    0.101889    0.101889 ^ CLK (in)
                                                         CLK (net)
                      0.142439    0.000000    0.101889 ^ clkbuf_0_CLK/A (sky130_fd_sc_hd__clkbuf_16)
    16    0.102249    0.179542    0.368269    0.470158 ^ clkbuf_0_CLK/X (sky130_fd_sc_hd__clkbuf_16)
                                                         clknet_0_CLK (net)
                      0.179566    0.002261    0.472420 ^ clkbuf_4_6_0_CLK/A (sky130_fd_sc_hd__clkbuf_8)
     6    0.015574    0.073401    0.289870    0.762289 ^ clkbuf_4_6_0_CLK/X (sky130_fd_sc_hd__clkbuf_8)
                                                         clknet_4_6_0_CLK (net)
                      0.073401    0.000201    0.762490 ^ _1455_/CLK (sky130_fd_sc_hd__dfrtp_2)
     6    0.022288    0.159749    0.959527    1.722017 v _1455_/Q (sky130_fd_sc_hd__dfrtp_2)
                                                         pwm.pwm_counter[3] (net)
                      0.159749    0.000090    1.722108 v hold186/A (sky130_fd_sc_hd__dlygate4sd3_1)
     1    0.008824    0.168723    1.306281    3.028388 v hold186/X (sky130_fd_sc_hd__dlygate4sd3_1)
                                                         net185 (net)
                      0.168723    0.000037    3.028425 v _0749_/A (sky130_fd_sc_hd__xor2_2)
     1    0.002650    0.084750    0.351551    3.379976 v _0749_/X (sky130_fd_sc_hd__xor2_2)
                                                         _0015_ (net)
                      0.084750    0.000030    3.380006 v _1455_/D (sky130_fd_sc_hd__dfrtp_2)
                                              3.380006   data arrival time

                                 20.000000   20.000000   clock CLK (rise edge)
                                  0.000000   20.000000   clock source latency
     1    0.018921    0.142429    0.092186   20.092186 ^ CLK (in)
                                                         CLK (net)
                      0.142439    0.000000   20.092186 ^ clkbuf_0_CLK/A (sky130_fd_sc_hd__clkbuf_16)
    16    0.102249    0.179542    0.333195   20.425381 ^ clkbuf_0_CLK/X (sky130_fd_sc_hd__clkbuf_16)
                                                         clknet_0_CLK (net)
                      0.179566    0.002046   20.427427 ^ clkbuf_4_6_0_CLK/A (sky130_fd_sc_hd__clkbuf_8)
     6    0.015574    0.073401    0.262263   20.689690 ^ clkbuf_4_6_0_CLK/X (sky130_fd_sc_hd__clkbuf_8)
                                                         clknet_4_6_0_CLK (net)
                      0.073401    0.000183   20.689873 ^ _1455_/CLK (sky130_fd_sc_hd__dfrtp_2)
                                 -0.250000   20.439875   clock uncertainty
                                  0.072618   20.512491   clock reconvergence pessimism
                                 -0.281864   20.230627   library setup time
                                             20.230627   data required time
---------------------------------------------------------------------------------------------
                                             20.230627   data required time
                                             -3.380006   data arrival time
---------------------------------------------------------------------------------------------
                                             16.850620   slack (MET)


Startpoint: _1464_ (rising edge-triggered flip-flop clocked by CLK)
Endpoint: _1421_ (rising edge-triggered flip-flop clocked by CLK)
Path Group: CLK
Path Type: max

Fanout         Cap        Slew       Delay        Time   Description
---------------------------------------------------------------------------------------------
                                  0.000000    0.000000   clock CLK (rise edge)
                                  0.000000    0.000000   clock source latency
     1    0.018921    0.142429    0.101889    0.101889 ^ CLK (in)
                                                         CLK (net)
                      0.142439    0.000000    0.101889 ^ clkbuf_0_CLK/A (sky130_fd_sc_hd__clkbuf_16)
    16    0.102249    0.179542    0.368269    0.470158 ^ clkbuf_0_CLK/X (sky130_fd_sc_hd__clkbuf_16)
                                                         clknet_0_CLK (net)
                      0.179569    0.002369    0.472527 ^ clkbuf_4_1_0_CLK/A (sky130_fd_sc_hd__clkbuf_8)
     6    0.016941    0.076434    0.293128    0.765655 ^ clkbuf_4_1_0_CLK/X (sky130_fd_sc_hd__clkbuf_8)
                                                         clknet_4_1_0_CLK (net)
                      0.076434    0.000255    0.765910 ^ _1464_/CLK (sky130_fd_sc_hd__dfrtp_2)
     9    0.036531    0.217443    1.019307    1.785217 v _1464_/Q (sky130_fd_sc_hd__dfrtp_2)
                                                         hall.hall_a_pipe[1] (net)
                      0.217449    0.001524    1.786742 v hold195/A (sky130_fd_sc_hd__dlygate4sd3_1)
     1    0.009307    0.168901    1.341327    3.128069 v hold195/X (sky130_fd_sc_hd__dlygate4sd3_1)
                                                         net194 (net)
                      0.168901    0.000367    3.128436 v _1395_/A (sky130_fd_sc_hd__buf_1)
     1    0.002861    0.051414    0.217994    3.346430 v _1395_/X (sky130_fd_sc_hd__buf_1)
                                                         _0047_ (net)
                      0.051414    0.000035    3.346465 v _1421_/D (sky130_fd_sc_hd__dfrtp_2)
                                              3.346465   data arrival time

                                 20.000000   20.000000   clock CLK (rise edge)
                                  0.000000   20.000000   clock source latency
     1    0.018921    0.142429    0.092186   20.092186 ^ CLK (in)
                                                         CLK (net)
                      0.142439    0.000000   20.092186 ^ clkbuf_0_CLK/A (sky130_fd_sc_hd__clkbuf_16)
    16    0.102249    0.179542    0.333195   20.425381 ^ clkbuf_0_CLK/X (sky130_fd_sc_hd__clkbuf_16)
                                                         clknet_0_CLK (net)
                      0.179569    0.002144   20.427525 ^ clkbuf_4_1_0_CLK/A (sky130_fd_sc_hd__clkbuf_8)
     6    0.016941    0.076434    0.265210   20.692736 ^ clkbuf_4_1_0_CLK/X (sky130_fd_sc_hd__clkbuf_8)
                                                         clknet_4_1_0_CLK (net)
                      0.076434    0.000151   20.692886 ^ _1421_/CLK (sky130_fd_sc_hd__dfrtp_2)
                                 -0.250000   20.442886   clock uncertainty
                                  0.072920   20.515806   clock reconvergence pessimism
                                 -0.267130   20.248676   library setup time
                                             20.248676   data required time
---------------------------------------------------------------------------------------------
                                             20.248676   data required time
                                             -3.346465   data arrival time
---------------------------------------------------------------------------------------------
                                             16.902212   slack (MET)


Startpoint: _1455_ (rising edge-triggered flip-flop clocked by CLK)
Endpoint: _1456_ (rising edge-triggered flip-flop clocked by CLK)
Path Group: CLK
Path Type: max

Fanout         Cap        Slew       Delay        Time   Description
---------------------------------------------------------------------------------------------
                                  0.000000    0.000000   clock CLK (rise edge)
                                  0.000000    0.000000   clock source latency
     1    0.018921    0.142429    0.101889    0.101889 ^ CLK (in)
                                                         CLK (net)
                      0.142439    0.000000    0.101889 ^ clkbuf_0_CLK/A (sky130_fd_sc_hd__clkbuf_16)
    16    0.102249    0.179542    0.368269    0.470158 ^ clkbuf_0_CLK/X (sky130_fd_sc_hd__clkbuf_16)
                                                         clknet_0_CLK (net)
                      0.179566    0.002261    0.472420 ^ clkbuf_4_6_0_CLK/A (sky130_fd_sc_hd__clkbuf_8)
     6    0.015574    0.073401    0.289870    0.762289 ^ clkbuf_4_6_0_CLK/X (sky130_fd_sc_hd__clkbuf_8)
                                                         clknet_4_6_0_CLK (net)
                      0.073401    0.000201    0.762490 ^ _1455_/CLK (sky130_fd_sc_hd__dfrtp_2)
     6    0.022288    0.159749    0.959527    1.722017 v _1455_/Q (sky130_fd_sc_hd__dfrtp_2)
                                                         pwm.pwm_counter[3] (net)
                      0.159749    0.000123    1.722141 v hold198/A (sky130_fd_sc_hd__dlygate4sd3_1)
     1    0.005795    0.136620    1.270009    2.992149 v hold198/X (sky130_fd_sc_hd__dlygate4sd3_1)
                                                         net197 (net)
                      0.136620    0.000090    2.992239 v _0751_/A1 (sky130_fd_sc_hd__a21oi_2)
     1    0.005454    0.171837    0.256339    3.248578 ^ _0751_/Y (sky130_fd_sc_hd__a21oi_2)
                                                         _0102_ (net)
                      0.171837    0.000061    3.248639 ^ _0752_/B (sky130_fd_sc_hd__nor2_2)
     1    0.002750    0.042751    0.094110    3.342748 v _0752_/Y (sky130_fd_sc_hd__nor2_2)
                                                         _0016_ (net)
                      0.042751    0.000033    3.342781 v _1456_/D (sky130_fd_sc_hd__dfrtp_2)
                                              3.342781   data arrival time

                                 20.000000   20.000000   clock CLK (rise edge)
                                  0.000000   20.000000   clock source latency
     1    0.018921    0.142429    0.092186   20.092186 ^ CLK (in)
                                                         CLK (net)
                      0.142439    0.000000   20.092186 ^ clkbuf_0_CLK/A (sky130_fd_sc_hd__clkbuf_16)
    16    0.102249    0.179542    0.333195   20.425381 ^ clkbuf_0_CLK/X (sky130_fd_sc_hd__clkbuf_16)
                                                         clknet_0_CLK (net)
                      0.179566    0.002046   20.427427 ^ clkbuf_4_6_0_CLK/A (sky130_fd_sc_hd__clkbuf_8)
     6    0.015574    0.073401    0.262263   20.689690 ^ clkbuf_4_6_0_CLK/X (sky130_fd_sc_hd__clkbuf_8)
                                                         clknet_4_6_0_CLK (net)
                      0.073401    0.000169   20.689859 ^ _1456_/CLK (sky130_fd_sc_hd__dfrtp_2)
                                 -0.250000   20.439859   clock uncertainty
                                  0.072599   20.512461   clock reconvergence pessimism
                                 -0.264318   20.248142   library setup time
                                             20.248142   data required time
---------------------------------------------------------------------------------------------
                                             20.248142   data required time
                                             -3.342781   data arrival time
---------------------------------------------------------------------------------------------
                                             16.905361   slack (MET)


Startpoint: _1399_ (rising edge-triggered flip-flop clocked by CLK)
Endpoint: _1402_ (rising edge-triggered flip-flop clocked by CLK)
Path Group: CLK
Path Type: max

Fanout         Cap        Slew       Delay        Time   Description
---------------------------------------------------------------------------------------------
                                  0.000000    0.000000   clock CLK (rise edge)
                                  0.000000    0.000000   clock source latency
     1    0.018921    0.142429    0.101889    0.101889 ^ CLK (in)
                                                         CLK (net)
                      0.142439    0.000000    0.101889 ^ clkbuf_0_CLK/A (sky130_fd_sc_hd__clkbuf_16)
    16    0.102249    0.179542    0.368269    0.470158 ^ clkbuf_0_CLK/X (sky130_fd_sc_hd__clkbuf_16)
                                                         clknet_0_CLK (net)
                      0.179554    0.001770    0.471928 ^ clkbuf_4_14_0_CLK/A (sky130_fd_sc_hd__clkbuf_8)
     6    0.017613    0.077970    0.294748    0.766676 ^ clkbuf_4_14_0_CLK/X (sky130_fd_sc_hd__clkbuf_8)
                                                         clknet_4_14_0_CLK (net)
                      0.077970    0.000162    0.766838 ^ _1399_/CLK (sky130_fd_sc_hd__dfrtp_2)
     3    0.005288    0.090328    0.860203    1.627040 v _1399_/Q (sky130_fd_sc_hd__dfrtp_2)
                                                         gates.phase_a.dead_count[2] (net)
                      0.090328    0.000020    1.627060 v _1332_/A (sky130_fd_sc_hd__or3_2)
     2    0.007599    0.195411    1.219970    2.847030 v _1332_/X (sky130_fd_sc_hd__or3_2)
                                                         _0671_ (net)
                      0.195411    0.000047    2.847078 v _1350_/A2 (sky130_fd_sc_hd__o21a_2)
     1    0.003100    0.059779    0.427711    3.274788 v _1350_/X (sky130_fd_sc_hd__o21a_2)
                                                         _0028_ (net)
                      0.059779    0.000040    3.274828 v _1402_/D (sky130_fd_sc_hd__dfrtp_2)
                                              3.274828   data arrival time

                                 20.000000   20.000000   clock CLK (rise edge)
                                  0.000000   20.000000   clock source latency
     1    0.018921    0.142429    0.092186   20.092186 ^ CLK (in)
                                                         CLK (net)
                      0.142439    0.000000   20.092186 ^ clkbuf_0_CLK/A (sky130_fd_sc_hd__clkbuf_16)
    16    0.102249    0.179542    0.333195   20.425381 ^ clkbuf_0_CLK/X (sky130_fd_sc_hd__clkbuf_16)
                                                         clknet_0_CLK (net)
                      0.179554    0.001602   20.426983 ^ clkbuf_4_14_0_CLK/A (sky130_fd_sc_hd__clkbuf_8)
     6    0.017613    0.077970    0.266676   20.693659 ^ clkbuf_4_14_0_CLK/X (sky130_fd_sc_hd__clkbuf_8)
                                                         clknet_4_14_0_CLK (net)
                      0.077970    0.000060   20.693720 ^ _1402_/CLK (sky130_fd_sc_hd__dfrtp_2)
                                 -0.250000   20.443720   clock uncertainty
                                  0.073017   20.516737   clock reconvergence pessimism
                                 -0.270215   20.246523   library setup time
                                             20.246523   data required time
---------------------------------------------------------------------------------------------
                                             20.246523   data required time
                                             -3.274828   data arrival time
---------------------------------------------------------------------------------------------
                                             16.971693   slack (MET)


Startpoint: _1469_ (rising edge-triggered flip-flop clocked by CLK)
Endpoint: _1419_ (rising edge-triggered flip-flop clocked by CLK)
Path Group: CLK
Path Type: max

Fanout         Cap        Slew       Delay        Time   Description
---------------------------------------------------------------------------------------------
                                  0.000000    0.000000   clock CLK (rise edge)
                                  0.000000    0.000000   clock source latency
     1    0.018921    0.142429    0.101889    0.101889 ^ CLK (in)
                                                         CLK (net)
                      0.142439    0.000000    0.101889 ^ clkbuf_0_CLK/A (sky130_fd_sc_hd__clkbuf_16)
    16    0.102249    0.179542    0.368269    0.470158 ^ clkbuf_0_CLK/X (sky130_fd_sc_hd__clkbuf_16)
                                                         clknet_0_CLK (net)
                      0.179567    0.002296    0.472454 ^ clkbuf_4_3_0_CLK/A (sky130_fd_sc_hd__clkbuf_8)
     6    0.017765    0.078316    0.295115    0.767569 ^ clkbuf_4_3_0_CLK/X (sky130_fd_sc_hd__clkbuf_8)
                                                         clknet_4_3_0_CLK (net)
                      0.078316    0.000239    0.767808 ^ _1469_/CLK (sky130_fd_sc_hd__dfrtp_2)
     8    0.039184    0.228229    1.031684    1.799492 v _1469_/Q (sky130_fd_sc_hd__dfrtp_2)
                                                         hall.hall_c_pipe[1] (net)
                      0.228229    0.000167    1.799659 v hold189/A (sky130_fd_sc_hd__dlygate4sd3_1)
     1    0.002231    0.103749    1.249783    3.049442 v hold189/X (sky130_fd_sc_hd__dlygate4sd3_1)
                                                         net188 (net)
                      0.103749    0.000010    3.049452 v _1393_/A (sky130_fd_sc_hd__buf_1)
     1    0.003030    0.052779    0.187129    3.236581 v _1393_/X (sky130_fd_sc_hd__buf_1)
                                                         _0045_ (net)
                      0.052779    0.000035    3.236615 v _1419_/D (sky130_fd_sc_hd__dfrtp_2)
                                              3.236615   data arrival time

                                 20.000000   20.000000   clock CLK (rise edge)
                                  0.000000   20.000000   clock source latency
     1    0.018921    0.142429    0.092186   20.092186 ^ CLK (in)
                                                         CLK (net)
                      0.142439    0.000000   20.092186 ^ clkbuf_0_CLK/A (sky130_fd_sc_hd__clkbuf_16)
    16    0.102249    0.179542    0.333195   20.425381 ^ clkbuf_0_CLK/X (sky130_fd_sc_hd__clkbuf_16)
                                                         clknet_0_CLK (net)
                      0.179569    0.002141   20.427521 ^ clkbuf_4_0_0_CLK/A (sky130_fd_sc_hd__clkbuf_8)
     6    0.021496    0.086978    0.275069   20.702591 ^ clkbuf_4_0_0_CLK/X (sky130_fd_sc_hd__clkbuf_8)
                                                         clknet_4_0_0_CLK (net)
                      0.086978    0.000293   20.702883 ^ _1419_/CLK (sky130_fd_sc_hd__dfrtp_2)
                                 -0.250000   20.452885   clock uncertainty
                                  0.044777   20.497662   clock reconvergence pessimism
                                 -0.264891   20.232769   library setup time
                                             20.232769   data required time
---------------------------------------------------------------------------------------------
                                             20.232769   data required time
                                             -3.236615   data arrival time
---------------------------------------------------------------------------------------------
                                             16.996155   slack (MET)


Startpoint: _1467_ (rising edge-triggered flip-flop clocked by CLK)
Endpoint: _1420_ (rising edge-triggered flip-flop clocked by CLK)
Path Group: CLK
Path Type: max

Fanout         Cap        Slew       Delay        Time   Description
---------------------------------------------------------------------------------------------
                                  0.000000    0.000000   clock CLK (rise edge)
                                  0.000000    0.000000   clock source latency
     1    0.018921    0.142429    0.101889    0.101889 ^ CLK (in)
                                                         CLK (net)
                      0.142439    0.000000    0.101889 ^ clkbuf_0_CLK/A (sky130_fd_sc_hd__clkbuf_16)
    16    0.102249    0.179542    0.368269    0.470158 ^ clkbuf_0_CLK/X (sky130_fd_sc_hd__clkbuf_16)
                                                         clknet_0_CLK (net)
                      0.179569    0.002366    0.472524 ^ clkbuf_4_0_0_CLK/A (sky130_fd_sc_hd__clkbuf_8)
     6    0.021496    0.086978    0.304022    0.776546 ^ clkbuf_4_0_0_CLK/X (sky130_fd_sc_hd__clkbuf_8)
                                                         clknet_4_0_0_CLK (net)
                      0.086978    0.000254    0.776800 ^ _1467_/CLK (sky130_fd_sc_hd__dfrtp_2)
     5    0.019638    0.149916    0.955135    1.731936 v _1467_/Q (sky130_fd_sc_hd__dfrtp_2)
                                                         hall.hall_b_pipe[1] (net)
                      0.149916    0.000418    1.732354 v hold175/A (sky130_fd_sc_hd__dlygate4sd3_1)
     1    0.005569    0.133209    1.262267    2.994620 v hold175/X (sky130_fd_sc_hd__dlygate4sd3_1)
                                                         net174 (net)
                      0.133209    0.000136    2.994756 v _1394_/A (sky130_fd_sc_hd__buf_1)
     1    0.002627    0.048894    0.197772    3.192528 v _1394_/X (sky130_fd_sc_hd__buf_1)
                                                         _0046_ (net)
                      0.048894    0.000029    3.192557 v _1420_/D (sky130_fd_sc_hd__dfrtp_2)
                                              3.192557   data arrival time

                                 20.000000   20.000000   clock CLK (rise edge)
                                  0.000000   20.000000   clock source latency
     1    0.018921    0.142429    0.092186   20.092186 ^ CLK (in)
                                                         CLK (net)
                      0.142439    0.000000   20.092186 ^ clkbuf_0_CLK/A (sky130_fd_sc_hd__clkbuf_16)
    16    0.102249    0.179542    0.333195   20.425381 ^ clkbuf_0_CLK/X (sky130_fd_sc_hd__clkbuf_16)
                                                         clknet_0_CLK (net)
                      0.179569    0.002141   20.427521 ^ clkbuf_4_0_0_CLK/A (sky130_fd_sc_hd__clkbuf_8)
     6    0.021496    0.086978    0.275069   20.702591 ^ clkbuf_4_0_0_CLK/X (sky130_fd_sc_hd__clkbuf_8)
                                                         clknet_4_0_0_CLK (net)
                      0.086978    0.000242   20.702831 ^ _1420_/CLK (sky130_fd_sc_hd__dfrtp_2)
                                 -0.250000   20.452833   clock uncertainty
                                  0.073957   20.526791   clock reconvergence pessimism
                                 -0.263269   20.263521   library setup time
                                             20.263521   data required time
---------------------------------------------------------------------------------------------
                                             20.263521   data required time
                                             -3.192557   data arrival time
---------------------------------------------------------------------------------------------
                                             17.070963   slack (MET)


Startpoint: _1441_ (rising edge-triggered flip-flop clocked by CLK)
Endpoint: _1455_ (recovery check against rising-edge clock CLK)
Path Group: asynchronous
Path Type: max

Fanout         Cap        Slew       Delay        Time   Description
---------------------------------------------------------------------------------------------
                                  0.000000    0.000000   clock CLK (rise edge)
                                  0.000000    0.000000   clock source latency
     1    0.018921    0.142429    0.101889    0.101889 ^ CLK (in)
                                                         CLK (net)
                      0.142439    0.000000    0.101889 ^ clkbuf_0_CLK/A (sky130_fd_sc_hd__clkbuf_16)
    16    0.102249    0.179542    0.368269    0.470158 ^ clkbuf_0_CLK/X (sky130_fd_sc_hd__clkbuf_16)
                                                         clknet_0_CLK (net)
                      0.179557    0.001910    0.472069 ^ clkbuf_4_10_0_CLK/A (sky130_fd_sc_hd__clkbuf_8)
     6    0.017324    0.077315    0.294065    0.766133 ^ clkbuf_4_10_0_CLK/X (sky130_fd_sc_hd__clkbuf_8)
                                                         clknet_4_10_0_CLK (net)
                      0.077315    0.000112    0.766246 ^ _1441_/CLK (sky130_fd_sc_hd__dfrtp_2)
     1    0.001730    0.063384    0.698705    1.464950 ^ _1441_/Q (sky130_fd_sc_hd__dfrtp_2)
                                                         control.reset_n (net)
                      0.063384    0.000007    1.464957 ^ hold143/A (sky130_fd_sc_hd__dlygate4sd3_1)
     2    0.009671    0.184754    1.181936    2.646893 ^ hold143/X (sky130_fd_sc_hd__dlygate4sd3_1)
                                                         net142 (net)
                      0.184754    0.000282    2.647176 ^ fanout72/A (sky130_fd_sc_hd__clkdlybuf4s25_1)
     8    0.036718    0.591714    0.934377    3.581553 ^ fanout72/X (sky130_fd_sc_hd__clkdlybuf4s25_1)
                                                         net72 (net)
                      0.591714    0.000806    3.582358 ^ _1455_/RESET_B (sky130_fd_sc_hd__dfrtp_2)
                                              3.582358   data arrival time

                                 20.000000   20.000000   clock CLK (rise edge)
                                  0.000000   20.000000   clock source latency
     1    0.018921    0.142429    0.092186   20.092186 ^ CLK (in)
                                                         CLK (net)
                      0.142439    0.000000   20.092186 ^ clkbuf_0_CLK/A (sky130_fd_sc_hd__clkbuf_16)
    16    0.102249    0.179542    0.333195   20.425381 ^ clkbuf_0_CLK/X (sky130_fd_sc_hd__clkbuf_16)
                                                         clknet_0_CLK (net)
                      0.179566    0.002046   20.427427 ^ clkbuf_4_6_0_CLK/A (sky130_fd_sc_hd__clkbuf_8)
     6    0.015574    0.073401    0.262263   20.689690 ^ clkbuf_4_6_0_CLK/X (sky130_fd_sc_hd__clkbuf_8)
                                                         clknet_4_6_0_CLK (net)
                      0.073401    0.000183   20.689873 ^ _1455_/CLK (sky130_fd_sc_hd__dfrtp_2)
                                 -0.250000   20.439875   clock uncertainty
                                  0.044777   20.484652   clock reconvergence pessimism
                                  0.222745   20.707396   library recovery time
                                             20.707396   data required time
---------------------------------------------------------------------------------------------
                                             20.707396   data required time
                                             -3.582358   data arrival time
---------------------------------------------------------------------------------------------
                                             17.125038   slack (MET)


Startpoint: _1441_ (rising edge-triggered flip-flop clocked by CLK)
Endpoint: _1456_ (recovery check against rising-edge clock CLK)
Path Group: asynchronous
Path Type: max

Fanout         Cap        Slew       Delay        Time   Description
---------------------------------------------------------------------------------------------
                                  0.000000    0.000000   clock CLK (rise edge)
                                  0.000000    0.000000   clock source latency
     1    0.018921    0.142429    0.101889    0.101889 ^ CLK (in)
                                                         CLK (net)
                      0.142439    0.000000    0.101889 ^ clkbuf_0_CLK/A (sky130_fd_sc_hd__clkbuf_16)
    16    0.102249    0.179542    0.368269    0.470158 ^ clkbuf_0_CLK/X (sky130_fd_sc_hd__clkbuf_16)
                                                         clknet_0_CLK (net)
                      0.179557    0.001910    0.472069 ^ clkbuf_4_10_0_CLK/A (sky130_fd_sc_hd__clkbuf_8)
     6    0.017324    0.077315    0.294065    0.766133 ^ clkbuf_4_10_0_CLK/X (sky130_fd_sc_hd__clkbuf_8)
                                                         clknet_4_10_0_CLK (net)
                      0.077315    0.000112    0.766246 ^ _1441_/CLK (sky130_fd_sc_hd__dfrtp_2)
     1    0.001730    0.063384    0.698705    1.464950 ^ _1441_/Q (sky130_fd_sc_hd__dfrtp_2)
                                                         control.reset_n (net)
                      0.063384    0.000007    1.464957 ^ hold143/A (sky130_fd_sc_hd__dlygate4sd3_1)
     2    0.009671    0.184754    1.181936    2.646893 ^ hold143/X (sky130_fd_sc_hd__dlygate4sd3_1)
                                                         net142 (net)
                      0.184754    0.000282    2.647176 ^ fanout72/A (sky130_fd_sc_hd__clkdlybuf4s25_1)
     8    0.036718    0.591714    0.934377    3.581553 ^ fanout72/X (sky130_fd_sc_hd__clkdlybuf4s25_1)
                                                         net72 (net)
                      0.591714    0.000786    3.582339 ^ _1456_/RESET_B (sky130_fd_sc_hd__dfrtp_2)
                                              3.582339   data arrival time

                                 20.000000   20.000000   clock CLK (rise edge)
                                  0.000000   20.000000   clock source latency
     1    0.018921    0.142429    0.092186   20.092186 ^ CLK (in)
                                                         CLK (net)
                      0.142439    0.000000   20.092186 ^ clkbuf_0_CLK/A (sky130_fd_sc_hd__clkbuf_16)
    16    0.102249    0.179542    0.333195   20.425381 ^ clkbuf_0_CLK/X (sky130_fd_sc_hd__clkbuf_16)
                                                         clknet_0_CLK (net)
                      0.179566    0.002046   20.427427 ^ clkbuf_4_6_0_CLK/A (sky130_fd_sc_hd__clkbuf_8)
     6    0.015574    0.073401    0.262263   20.689690 ^ clkbuf_4_6_0_CLK/X (sky130_fd_sc_hd__clkbuf_8)
                                                         clknet_4_6_0_CLK (net)
                      0.073401    0.000169   20.689859 ^ _1456_/CLK (sky130_fd_sc_hd__dfrtp_2)
                                 -0.250000   20.439859   clock uncertainty
                                  0.044777   20.484636   clock reconvergence pessimism
                                  0.222745   20.707382   library recovery time
                                             20.707382   data required time
---------------------------------------------------------------------------------------------
                                             20.707382   data required time
                                             -3.582339   data arrival time
---------------------------------------------------------------------------------------------
                                             17.125044   slack (MET)


Startpoint: _1441_ (rising edge-triggered flip-flop clocked by CLK)
Endpoint: _1458_ (recovery check against rising-edge clock CLK)
Path Group: asynchronous
Path Type: max

Fanout         Cap        Slew       Delay        Time   Description
---------------------------------------------------------------------------------------------
                                  0.000000    0.000000   clock CLK (rise edge)
                                  0.000000    0.000000   clock source latency
     1    0.018921    0.142429    0.101889    0.101889 ^ CLK (in)
                                                         CLK (net)
                      0.142439    0.000000    0.101889 ^ clkbuf_0_CLK/A (sky130_fd_sc_hd__clkbuf_16)
    16    0.102249    0.179542    0.368269    0.470158 ^ clkbuf_0_CLK/X (sky130_fd_sc_hd__clkbuf_16)
                                                         clknet_0_CLK (net)
                      0.179557    0.001910    0.472069 ^ clkbuf_4_10_0_CLK/A (sky130_fd_sc_hd__clkbuf_8)
     6    0.017324    0.077315    0.294065    0.766133 ^ clkbuf_4_10_0_CLK/X (sky130_fd_sc_hd__clkbuf_8)
                                                         clknet_4_10_0_CLK (net)
                      0.077315    0.000112    0.766246 ^ _1441_/CLK (sky130_fd_sc_hd__dfrtp_2)
     1    0.001730    0.063384    0.698705    1.464950 ^ _1441_/Q (sky130_fd_sc_hd__dfrtp_2)
                                                         control.reset_n (net)
                      0.063384    0.000007    1.464957 ^ hold143/A (sky130_fd_sc_hd__dlygate4sd3_1)
     2    0.009671    0.184754    1.181936    2.646893 ^ hold143/X (sky130_fd_sc_hd__dlygate4sd3_1)
                                                         net142 (net)
                      0.184754    0.000282    2.647176 ^ fanout72/A (sky130_fd_sc_hd__clkdlybuf4s25_1)
     8    0.036718    0.591714    0.934377    3.581553 ^ fanout72/X (sky130_fd_sc_hd__clkdlybuf4s25_1)
                                                         net72 (net)
                      0.591714    0.000672    3.582225 ^ _1458_/RESET_B (sky130_fd_sc_hd__dfrtp_2)
                                              3.582225   data arrival time

                                 20.000000   20.000000   clock CLK (rise edge)
                                  0.000000   20.000000   clock source latency
     1    0.018921    0.142429    0.092186   20.092186 ^ CLK (in)
                                                         CLK (net)
                      0.142439    0.000000   20.092186 ^ clkbuf_0_CLK/A (sky130_fd_sc_hd__clkbuf_16)
    16    0.102249    0.179542    0.333195   20.425381 ^ clkbuf_0_CLK/X (sky130_fd_sc_hd__clkbuf_16)
                                                         clknet_0_CLK (net)
                      0.179542    0.000846   20.426228 ^ clkbuf_4_12_0_CLK/A (sky130_fd_sc_hd__clkbuf_8)
     6    0.018149    0.079200    0.267795   20.694021 ^ clkbuf_4_12_0_CLK/X (sky130_fd_sc_hd__clkbuf_8)
                                                         clknet_4_12_0_CLK (net)
                      0.079200    0.000330   20.694351 ^ _1458_/CLK (sky130_fd_sc_hd__dfrtp_2)
                                 -0.250000   20.444353   clock uncertainty
                                  0.044777   20.489130   clock reconvergence pessimism
                                  0.224775   20.713903   library recovery time
                                             20.713903   data required time
---------------------------------------------------------------------------------------------
                                             20.713903   data required time
                                             -3.582225   data arrival time
---------------------------------------------------------------------------------------------
                                             17.131680   slack (MET)


Startpoint: _1441_ (rising edge-triggered flip-flop clocked by CLK)
Endpoint: _1457_ (recovery check against rising-edge clock CLK)
Path Group: asynchronous
Path Type: max

Fanout         Cap        Slew       Delay        Time   Description
---------------------------------------------------------------------------------------------
                                  0.000000    0.000000   clock CLK (rise edge)
                                  0.000000    0.000000   clock source latency
     1    0.018921    0.142429    0.101889    0.101889 ^ CLK (in)
                                                         CLK (net)
                      0.142439    0.000000    0.101889 ^ clkbuf_0_CLK/A (sky130_fd_sc_hd__clkbuf_16)
    16    0.102249    0.179542    0.368269    0.470158 ^ clkbuf_0_CLK/X (sky130_fd_sc_hd__clkbuf_16)
                                                         clknet_0_CLK (net)
                      0.179557    0.001910    0.472069 ^ clkbuf_4_10_0_CLK/A (sky130_fd_sc_hd__clkbuf_8)
     6    0.017324    0.077315    0.294065    0.766133 ^ clkbuf_4_10_0_CLK/X (sky130_fd_sc_hd__clkbuf_8)
                                                         clknet_4_10_0_CLK (net)
                      0.077315    0.000112    0.766246 ^ _1441_/CLK (sky130_fd_sc_hd__dfrtp_2)
     1    0.001730    0.063384    0.698705    1.464950 ^ _1441_/Q (sky130_fd_sc_hd__dfrtp_2)
                                                         control.reset_n (net)
                      0.063384    0.000007    1.464957 ^ hold143/A (sky130_fd_sc_hd__dlygate4sd3_1)
     2    0.009671    0.184754    1.181936    2.646893 ^ hold143/X (sky130_fd_sc_hd__dlygate4sd3_1)
                                                         net142 (net)
                      0.184754    0.000282    2.647176 ^ fanout72/A (sky130_fd_sc_hd__clkdlybuf4s25_1)
     8    0.036718    0.591714    0.934377    3.581553 ^ fanout72/X (sky130_fd_sc_hd__clkdlybuf4s25_1)
                                                         net72 (net)
                      0.591714    0.000648    3.582201 ^ _1457_/RESET_B (sky130_fd_sc_hd__dfrtp_2)
                                              3.582201   data arrival time

                                 20.000000   20.000000   clock CLK (rise edge)
                                  0.000000   20.000000   clock source latency
     1    0.018921    0.142429    0.092186   20.092186 ^ CLK (in)
                                                         CLK (net)
                      0.142439    0.000000   20.092186 ^ clkbuf_0_CLK/A (sky130_fd_sc_hd__clkbuf_16)
    16    0.102249    0.179542    0.333195   20.425381 ^ clkbuf_0_CLK/X (sky130_fd_sc_hd__clkbuf_16)
                                                         clknet_0_CLK (net)
                      0.179542    0.000846   20.426228 ^ clkbuf_4_12_0_CLK/A (sky130_fd_sc_hd__clkbuf_8)
     6    0.018149    0.079200    0.267795   20.694021 ^ clkbuf_4_12_0_CLK/X (sky130_fd_sc_hd__clkbuf_8)
                                                         clknet_4_12_0_CLK (net)
                      0.079201    0.000341   20.694363 ^ _1457_/CLK (sky130_fd_sc_hd__dfrtp_2)
                                 -0.250000   20.444363   clock uncertainty
                                  0.044777   20.489140   clock reconvergence pessimism
                                  0.224775   20.713915   library recovery time
                                             20.713915   data required time
---------------------------------------------------------------------------------------------
                                             20.713915   data required time
                                             -3.582201   data arrival time
---------------------------------------------------------------------------------------------
                                             17.131716   slack (MET)


Startpoint: _1441_ (rising edge-triggered flip-flop clocked by CLK)
Endpoint: _1451_ (recovery check against rising-edge clock CLK)
Path Group: asynchronous
Path Type: max

Fanout         Cap        Slew       Delay        Time   Description
---------------------------------------------------------------------------------------------
                                  0.000000    0.000000   clock CLK (rise edge)
                                  0.000000    0.000000   clock source latency
     1    0.018921    0.142429    0.101889    0.101889 ^ CLK (in)
                                                         CLK (net)
                      0.142439    0.000000    0.101889 ^ clkbuf_0_CLK/A (sky130_fd_sc_hd__clkbuf_16)
    16    0.102249    0.179542    0.368269    0.470158 ^ clkbuf_0_CLK/X (sky130_fd_sc_hd__clkbuf_16)
                                                         clknet_0_CLK (net)
                      0.179557    0.001910    0.472069 ^ clkbuf_4_10_0_CLK/A (sky130_fd_sc_hd__clkbuf_8)
     6    0.017324    0.077315    0.294065    0.766133 ^ clkbuf_4_10_0_CLK/X (sky130_fd_sc_hd__clkbuf_8)
                                                         clknet_4_10_0_CLK (net)
                      0.077315    0.000112    0.766246 ^ _1441_/CLK (sky130_fd_sc_hd__dfrtp_2)
     1    0.001730    0.063384    0.698705    1.464950 ^ _1441_/Q (sky130_fd_sc_hd__dfrtp_2)
                                                         control.reset_n (net)
                      0.063384    0.000007    1.464957 ^ hold143/A (sky130_fd_sc_hd__dlygate4sd3_1)
     2    0.009671    0.184754    1.181936    2.646893 ^ hold143/X (sky130_fd_sc_hd__dlygate4sd3_1)
                                                         net142 (net)
                      0.184754    0.000118    2.647011 ^ fanout79/A (sky130_fd_sc_hd__clkdlybuf4s25_1)
     5    0.027735    0.452444    0.830381    3.477392 ^ fanout79/X (sky130_fd_sc_hd__clkdlybuf4s25_1)
                                                         net79 (net)
                      0.452444    0.000423    3.477815 ^ _1451_/RESET_B (sky130_fd_sc_hd__dfrtp_2)
                                              3.477815   data arrival time

                                 20.000000   20.000000   clock CLK (rise edge)
                                  0.000000   20.000000   clock source latency
     1    0.018921    0.142429    0.092186   20.092186 ^ CLK (in)
                                                         CLK (net)
                      0.142439    0.000000   20.092186 ^ clkbuf_0_CLK/A (sky130_fd_sc_hd__clkbuf_16)
    16    0.102249    0.179542    0.333195   20.425381 ^ clkbuf_0_CLK/X (sky130_fd_sc_hd__clkbuf_16)
                                                         clknet_0_CLK (net)
                      0.179553    0.001572   20.426952 ^ clkbuf_4_15_0_CLK/A (sky130_fd_sc_hd__clkbuf_8)
     6    0.015079    0.072320    0.261190   20.688143 ^ clkbuf_4_15_0_CLK/X (sky130_fd_sc_hd__clkbuf_8)
                                                         clknet_4_15_0_CLK (net)
                      0.072320    0.000121   20.688265 ^ _1451_/CLK (sky130_fd_sc_hd__dfrtp_2)
                                 -0.250000   20.438265   clock uncertainty
                                  0.044777   20.483042   clock reconvergence pessimism
                                  0.281887   20.764929   library recovery time
                                             20.764929   data required time
---------------------------------------------------------------------------------------------
                                             20.764929   data required time
                                             -3.477815   data arrival time
---------------------------------------------------------------------------------------------
                                             17.287113   slack (MET)


Startpoint: _1452_ (rising edge-triggered flip-flop clocked by CLK)
Endpoint: _1452_ (rising edge-triggered flip-flop clocked by CLK)
Path Group: CLK
Path Type: max

Fanout         Cap        Slew       Delay        Time   Description
---------------------------------------------------------------------------------------------
                                  0.000000    0.000000   clock CLK (rise edge)
                                  0.000000    0.000000   clock source latency
     1    0.018921    0.142429    0.101889    0.101889 ^ CLK (in)
                                                         CLK (net)
                      0.142439    0.000000    0.101889 ^ clkbuf_0_CLK/A (sky130_fd_sc_hd__clkbuf_16)
    16    0.102249    0.179542    0.368269    0.470158 ^ clkbuf_0_CLK/X (sky130_fd_sc_hd__clkbuf_16)
                                                         clknet_0_CLK (net)
                      0.179566    0.002261    0.472420 ^ clkbuf_4_6_0_CLK/A (sky130_fd_sc_hd__clkbuf_8)
     6    0.015574    0.073401    0.289870    0.762289 ^ clkbuf_4_6_0_CLK/X (sky130_fd_sc_hd__clkbuf_8)
                                                         clknet_4_6_0_CLK (net)
                      0.073401    0.000136    0.762425 ^ _1452_/CLK (sky130_fd_sc_hd__dfrtp_2)
     6    0.023317    0.163692    0.963767    1.726193 v _1452_/Q (sky130_fd_sc_hd__dfrtp_2)
                                                         pwm.pwm_counter[0] (net)
                      0.163692    0.000214    1.726406 v hold174/A (sky130_fd_sc_hd__dlygate4sd3_1)
     1    0.005052    0.129744    1.263156    2.989563 v hold174/X (sky130_fd_sc_hd__dlygate4sd3_1)
                                                         net173 (net)
                      0.129744    0.000055    2.989617 v _0707_/A (sky130_fd_sc_hd__inv_2)
     2    0.004149    0.054054    0.101766    3.091384 ^ _0707_/Y (sky130_fd_sc_hd__inv_2)
                                                         _0011_ (net)
                      0.054054    0.000021    3.091405 ^ _1452_/D (sky130_fd_sc_hd__dfrtp_2)
                                              3.091405   data arrival time

                                 20.000000   20.000000   clock CLK (rise edge)
                                  0.000000   20.000000   clock source latency
     1    0.018921    0.142429    0.092186   20.092186 ^ CLK (in)
                                                         CLK (net)
                      0.142439    0.000000   20.092186 ^ clkbuf_0_CLK/A (sky130_fd_sc_hd__clkbuf_16)
    16    0.102249    0.179542    0.333195   20.425381 ^ clkbuf_0_CLK/X (sky130_fd_sc_hd__clkbuf_16)
                                                         clknet_0_CLK (net)
                      0.179566    0.002046   20.427427 ^ clkbuf_4_6_0_CLK/A (sky130_fd_sc_hd__clkbuf_8)
     6    0.015574    0.073401    0.262263   20.689690 ^ clkbuf_4_6_0_CLK/X (sky130_fd_sc_hd__clkbuf_8)
                                                         clknet_4_6_0_CLK (net)
                      0.073401    0.000123   20.689814 ^ _1452_/CLK (sky130_fd_sc_hd__dfrtp_2)
                                 -0.250000   20.439814   clock uncertainty
                                  0.072612   20.512426   clock reconvergence pessimism
                                 -0.133797   20.378630   library setup time
                                             20.378630   data required time
---------------------------------------------------------------------------------------------
                                             20.378630   data required time
                                             -3.091405   data arrival time
---------------------------------------------------------------------------------------------
                                             17.287224   slack (MET)


Startpoint: _1441_ (rising edge-triggered flip-flop clocked by CLK)
Endpoint: _1462_ (recovery check against rising-edge clock CLK)
Path Group: asynchronous
Path Type: max

Fanout         Cap        Slew       Delay        Time   Description
---------------------------------------------------------------------------------------------
                                  0.000000    0.000000   clock CLK (rise edge)
                                  0.000000    0.000000   clock source latency
     1    0.018921    0.142429    0.101889    0.101889 ^ CLK (in)
                                                         CLK (net)
                      0.142439    0.000000    0.101889 ^ clkbuf_0_CLK/A (sky130_fd_sc_hd__clkbuf_16)
    16    0.102249    0.179542    0.368269    0.470158 ^ clkbuf_0_CLK/X (sky130_fd_sc_hd__clkbuf_16)
                                                         clknet_0_CLK (net)
                      0.179557    0.001910    0.472069 ^ clkbuf_4_10_0_CLK/A (sky130_fd_sc_hd__clkbuf_8)
     6    0.017324    0.077315    0.294065    0.766133 ^ clkbuf_4_10_0_CLK/X (sky130_fd_sc_hd__clkbuf_8)
                                                         clknet_4_10_0_CLK (net)
                      0.077315    0.000112    0.766246 ^ _1441_/CLK (sky130_fd_sc_hd__dfrtp_2)
     1    0.001730    0.063384    0.698705    1.464950 ^ _1441_/Q (sky130_fd_sc_hd__dfrtp_2)
                                                         control.reset_n (net)
                      0.063384    0.000007    1.464957 ^ hold143/A (sky130_fd_sc_hd__dlygate4sd3_1)
     2    0.009671    0.184754    1.181936    2.646893 ^ hold143/X (sky130_fd_sc_hd__dlygate4sd3_1)
                                                         net142 (net)
                      0.184754    0.000118    2.647011 ^ fanout79/A (sky130_fd_sc_hd__clkdlybuf4s25_1)
     5    0.027735    0.452444    0.830381    3.477392 ^ fanout79/X (sky130_fd_sc_hd__clkdlybuf4s25_1)
                                                         net79 (net)
                      0.452444    0.000327    3.477719 ^ _1462_/RESET_B (sky130_fd_sc_hd__dfrtp_2)
                                              3.477719   data arrival time

                                 20.000000   20.000000   clock CLK (rise edge)
                                  0.000000   20.000000   clock source latency
     1    0.018921    0.142429    0.092186   20.092186 ^ CLK (in)
                                                         CLK (net)
                      0.142439    0.000000   20.092186 ^ clkbuf_0_CLK/A (sky130_fd_sc_hd__clkbuf_16)
    16    0.102249    0.179542    0.333195   20.425381 ^ clkbuf_0_CLK/X (sky130_fd_sc_hd__clkbuf_16)
                                                         clknet_0_CLK (net)
                      0.179542    0.000846   20.426228 ^ clkbuf_4_12_0_CLK/A (sky130_fd_sc_hd__clkbuf_8)
     6    0.018149    0.079200    0.267795   20.694021 ^ clkbuf_4_12_0_CLK/X (sky130_fd_sc_hd__clkbuf_8)
                                                         clknet_4_12_0_CLK (net)
                      0.079200    0.000256   20.694277 ^ _1462_/CLK (sky130_fd_sc_hd__dfrtp_2)
                                 -0.250000   20.444279   clock uncertainty
                                  0.044777   20.489054   clock reconvergence pessimism
                                  0.284266   20.773319   library recovery time
                                             20.773319   data required time
---------------------------------------------------------------------------------------------
                                             20.773319   data required time
                                             -3.477719   data arrival time
---------------------------------------------------------------------------------------------
                                             17.295601   slack (MET)


Startpoint: _1463_ (rising edge-triggered flip-flop clocked by CLK)
Endpoint: _1464_ (rising edge-triggered flip-flop clocked by CLK)
Path Group: CLK
Path Type: max

Fanout         Cap        Slew       Delay        Time   Description
---------------------------------------------------------------------------------------------
                                  0.000000    0.000000   clock CLK (rise edge)
                                  0.000000    0.000000   clock source latency
     1    0.018921    0.142429    0.101889    0.101889 ^ CLK (in)
                                                         CLK (net)
                      0.142439    0.000000    0.101889 ^ clkbuf_0_CLK/A (sky130_fd_sc_hd__clkbuf_16)
    16    0.102249    0.179542    0.368269    0.470158 ^ clkbuf_0_CLK/X (sky130_fd_sc_hd__clkbuf_16)
                                                         clknet_0_CLK (net)
                      0.179569    0.002366    0.472524 ^ clkbuf_4_0_0_CLK/A (sky130_fd_sc_hd__clkbuf_8)
     6    0.021496    0.086978    0.304022    0.776546 ^ clkbuf_4_0_0_CLK/X (sky130_fd_sc_hd__clkbuf_8)
                                                         clknet_4_0_0_CLK (net)
                      0.086978    0.000275    0.776821 ^ _1463_/CLK (sky130_fd_sc_hd__dfrtp_2)
     1    0.005293    0.087098    0.864571    1.641393 v _1463_/Q (sky130_fd_sc_hd__dfrtp_2)
                                                         hall.hall_a_pipe[0] (net)
                      0.087098    0.000139    1.641532 v hold140/A (sky130_fd_sc_hd__dlygate4sd3_1)
     1    0.005109    0.129131    1.224646    2.866178 v hold140/X (sky130_fd_sc_hd__dlygate4sd3_1)
                                                         net139 (net)
                      0.129131    0.000126    2.866304 v _1464_/D (sky130_fd_sc_hd__dfrtp_2)
                                              2.866304   data arrival time

                                 20.000000   20.000000   clock CLK (rise edge)
                                  0.000000   20.000000   clock source latency
     1    0.018921    0.142429    0.092186   20.092186 ^ CLK (in)
                                                         CLK (net)
                      0.142439    0.000000   20.092186 ^ clkbuf_0_CLK/A (sky130_fd_sc_hd__clkbuf_16)
    16    0.102249    0.179542    0.333195   20.425381 ^ clkbuf_0_CLK/X (sky130_fd_sc_hd__clkbuf_16)
                                                         clknet_0_CLK (net)
                      0.179569    0.002144   20.427525 ^ clkbuf_4_1_0_CLK/A (sky130_fd_sc_hd__clkbuf_8)
     6    0.016941    0.076434    0.265210   20.692736 ^ clkbuf_4_1_0_CLK/X (sky130_fd_sc_hd__clkbuf_8)
                                                         clknet_4_1_0_CLK (net)
                      0.076434    0.000231   20.692966 ^ _1464_/CLK (sky130_fd_sc_hd__dfrtp_2)
                                 -0.250000   20.442966   clock uncertainty
                                  0.044777   20.487743   clock reconvergence pessimism
                                 -0.299595   20.188148   library setup time
                                             20.188148   data required time
---------------------------------------------------------------------------------------------
                                             20.188148   data required time
                                             -2.866304   data arrival time
---------------------------------------------------------------------------------------------
                                             17.321844   slack (MET)


Startpoint: _1466_ (rising edge-triggered flip-flop clocked by CLK)
Endpoint: _1467_ (rising edge-triggered flip-flop clocked by CLK)
Path Group: CLK
Path Type: max

Fanout         Cap        Slew       Delay        Time   Description
---------------------------------------------------------------------------------------------
                                  0.000000    0.000000   clock CLK (rise edge)
                                  0.000000    0.000000   clock source latency
     1    0.018921    0.142429    0.101889    0.101889 ^ CLK (in)
                                                         CLK (net)
                      0.142439    0.000000    0.101889 ^ clkbuf_0_CLK/A (sky130_fd_sc_hd__clkbuf_16)
    16    0.102249    0.179542    0.368269    0.470158 ^ clkbuf_0_CLK/X (sky130_fd_sc_hd__clkbuf_16)
                                                         clknet_0_CLK (net)
                      0.179569    0.002366    0.472524 ^ clkbuf_4_0_0_CLK/A (sky130_fd_sc_hd__clkbuf_8)
     6    0.021496    0.086978    0.304022    0.776546 ^ clkbuf_4_0_0_CLK/X (sky130_fd_sc_hd__clkbuf_8)
                                                         clknet_4_0_0_CLK (net)
                      0.086978    0.000304    0.776850 ^ _1466_/CLK (sky130_fd_sc_hd__dfrtp_2)
     1    0.005448    0.088718    0.866190    1.643040 v _1466_/Q (sky130_fd_sc_hd__dfrtp_2)
                                                         hall.hall_b_pipe[0] (net)
                      0.088718    0.000139    1.643179 v hold142/A (sky130_fd_sc_hd__dlygate4sd3_1)
     1    0.005693    0.135013    1.232464    2.875643 v hold142/X (sky130_fd_sc_hd__dlygate4sd3_1)
                                                         net141 (net)
                      0.135013    0.000135    2.875778 v _1467_/D (sky130_fd_sc_hd__dfrtp_2)
                                              2.875778   data arrival time

                                 20.000000   20.000000   clock CLK (rise edge)
                                  0.000000   20.000000   clock source latency
     1    0.018921    0.142429    0.092186   20.092186 ^ CLK (in)
                                                         CLK (net)
                      0.142439    0.000000   20.092186 ^ clkbuf_0_CLK/A (sky130_fd_sc_hd__clkbuf_16)
    16    0.102249    0.179542    0.333195   20.425381 ^ clkbuf_0_CLK/X (sky130_fd_sc_hd__clkbuf_16)
                                                         clknet_0_CLK (net)
                      0.179569    0.002141   20.427521 ^ clkbuf_4_0_0_CLK/A (sky130_fd_sc_hd__clkbuf_8)
     6    0.021496    0.086978    0.275069   20.702591 ^ clkbuf_4_0_0_CLK/X (sky130_fd_sc_hd__clkbuf_8)
                                                         clknet_4_0_0_CLK (net)
                      0.086978    0.000229   20.702820 ^ _1467_/CLK (sky130_fd_sc_hd__dfrtp_2)
                                 -0.250000   20.452820   clock uncertainty
                                  0.073957   20.526777   clock reconvergence pessimism
                                 -0.299237   20.227539   library setup time
                                             20.227539   data required time
---------------------------------------------------------------------------------------------
                                             20.227539   data required time
                                             -2.875778   data arrival time
---------------------------------------------------------------------------------------------
                                             17.351761   slack (MET)


Startpoint: _1468_ (rising edge-triggered flip-flop clocked by CLK)
Endpoint: _1469_ (rising edge-triggered flip-flop clocked by CLK)
Path Group: CLK
Path Type: max

Fanout         Cap        Slew       Delay        Time   Description
---------------------------------------------------------------------------------------------
                                  0.000000    0.000000   clock CLK (rise edge)
                                  0.000000    0.000000   clock source latency
     1    0.018921    0.142429    0.101889    0.101889 ^ CLK (in)
                                                         CLK (net)
                      0.142439    0.000000    0.101889 ^ clkbuf_0_CLK/A (sky130_fd_sc_hd__clkbuf_16)
    16    0.102249    0.179542    0.368269    0.470158 ^ clkbuf_0_CLK/X (sky130_fd_sc_hd__clkbuf_16)
                                                         clknet_0_CLK (net)
                      0.179569    0.002363    0.472521 ^ clkbuf_4_2_0_CLK/A (sky130_fd_sc_hd__clkbuf_8)
     6    0.018780    0.080637    0.297539    0.770061 ^ clkbuf_4_2_0_CLK/X (sky130_fd_sc_hd__clkbuf_8)
                                                         clknet_4_2_0_CLK (net)
                      0.080637    0.000159    0.770220 ^ _1468_/CLK (sky130_fd_sc_hd__dfrtp_2)
     1    0.002363    0.071759    0.830975    1.601195 v _1468_/Q (sky130_fd_sc_hd__dfrtp_2)
                                                         hall.hall_c_pipe[0] (net)
                      0.071759    0.000024    1.601220 v hold139/A (sky130_fd_sc_hd__dlygate4sd3_1)
     1    0.002560    0.107138    1.176110    2.777329 v hold139/X (sky130_fd_sc_hd__dlygate4sd3_1)
                                                         net138 (net)
                      0.107138    0.000028    2.777357 v _1469_/D (sky130_fd_sc_hd__dfrtp_2)
                                              2.777357   data arrival time

                                 20.000000   20.000000   clock CLK (rise edge)
                                  0.000000   20.000000   clock source latency
     1    0.018921    0.142429    0.092186   20.092186 ^ CLK (in)
                                                         CLK (net)
                      0.142439    0.000000   20.092186 ^ clkbuf_0_CLK/A (sky130_fd_sc_hd__clkbuf_16)
    16    0.102249    0.179542    0.333195   20.425381 ^ clkbuf_0_CLK/X (sky130_fd_sc_hd__clkbuf_16)
                                                         clknet_0_CLK (net)
                      0.179567    0.002078   20.427460 ^ clkbuf_4_3_0_CLK/A (sky130_fd_sc_hd__clkbuf_8)
     6    0.017765    0.078316    0.267008   20.694468 ^ clkbuf_4_3_0_CLK/X (sky130_fd_sc_hd__clkbuf_8)
                                                         clknet_4_3_0_CLK (net)
                      0.078316    0.000217   20.694683 ^ _1469_/CLK (sky130_fd_sc_hd__dfrtp_2)
                                 -0.250000   20.444685   clock uncertainty
                                  0.044777   20.489462   clock reconvergence pessimism
                                 -0.289906   20.199554   library setup time
                                             20.199554   data required time
---------------------------------------------------------------------------------------------
                                             20.199554   data required time
                                             -2.777357   data arrival time
---------------------------------------------------------------------------------------------
                                             17.422197   slack (MET)


Startpoint: _1440_ (rising edge-triggered flip-flop clocked by CLK)
Endpoint: _1441_ (rising edge-triggered flip-flop clocked by CLK)
Path Group: CLK
Path Type: max

Fanout         Cap        Slew       Delay        Time   Description
---------------------------------------------------------------------------------------------
                                  0.000000    0.000000   clock CLK (rise edge)
                                  0.000000    0.000000   clock source latency
     1    0.018921    0.142429    0.101889    0.101889 ^ CLK (in)
                                                         CLK (net)
                      0.142439    0.000000    0.101889 ^ clkbuf_0_CLK/A (sky130_fd_sc_hd__clkbuf_16)
    16    0.102249    0.179542    0.368269    0.470158 ^ clkbuf_0_CLK/X (sky130_fd_sc_hd__clkbuf_16)
                                                         clknet_0_CLK (net)
                      0.179557    0.001910    0.472069 ^ clkbuf_4_10_0_CLK/A (sky130_fd_sc_hd__clkbuf_8)
     6    0.017324    0.077315    0.294065    0.766133 ^ clkbuf_4_10_0_CLK/X (sky130_fd_sc_hd__clkbuf_8)
                                                         clknet_4_10_0_CLK (net)
                      0.077315    0.000134    0.766268 ^ _1440_/CLK (sky130_fd_sc_hd__dfrtp_2)
     1    0.002252    0.071243    0.828207    1.594475 v _1440_/Q (sky130_fd_sc_hd__dfrtp_2)
                                                         reset_conditioner.release_pipe[0] (net)
                      0.071243    0.000026    1.594501 v hold141/A (sky130_fd_sc_hd__dlygate4sd3_1)
     1    0.002599    0.107573    1.176558    2.771058 v hold141/X (sky130_fd_sc_hd__dlygate4sd3_1)
                                                         net140 (net)
                      0.107573    0.000028    2.771087 v _1441_/D (sky130_fd_sc_hd__dfrtp_2)
                                              2.771087   data arrival time

                                 20.000000   20.000000   clock CLK (rise edge)
                                  0.000000   20.000000   clock source latency
     1    0.018921    0.142429    0.092186   20.092186 ^ CLK (in)
                                                         CLK (net)
                      0.142439    0.000000   20.092186 ^ clkbuf_0_CLK/A (sky130_fd_sc_hd__clkbuf_16)
    16    0.102249    0.179542    0.333195   20.425381 ^ clkbuf_0_CLK/X (sky130_fd_sc_hd__clkbuf_16)
                                                         clknet_0_CLK (net)
                      0.179557    0.001728   20.427109 ^ clkbuf_4_10_0_CLK/A (sky130_fd_sc_hd__clkbuf_8)
     6    0.017324    0.077315    0.266059   20.693169 ^ clkbuf_4_10_0_CLK/X (sky130_fd_sc_hd__clkbuf_8)
                                                         clknet_4_10_0_CLK (net)
                      0.077315    0.000101   20.693270 ^ _1441_/CLK (sky130_fd_sc_hd__dfrtp_2)
                                 -0.250000   20.443272   clock uncertainty
                                  0.072965   20.516237   clock reconvergence pessimism
                                 -0.290355   20.225882   library setup time
                                             20.225882   data required time
---------------------------------------------------------------------------------------------
                                             20.225882   data required time
                                             -2.771087   data arrival time
---------------------------------------------------------------------------------------------
                                             17.454796   slack (MET)



