
===========================================================================
report_checks -path_delay min (Hold)
============================================================================
======================= min_ss_100C_1v60 Corner ===================================

Startpoint: _1412_ (rising edge-triggered flip-flop clocked by CLK)
Endpoint: _1412_ (rising edge-triggered flip-flop clocked by CLK)
Path Group: CLK
Path Type: min

Fanout         Cap        Slew       Delay        Time   Description
---------------------------------------------------------------------------------------------
                                  0.000000    0.000000   clock CLK (rise edge)
                                  0.000000    0.000000   clock source latency
     1    0.018921    0.142429    0.092186    0.092186 ^ CLK (in)
                                                         CLK (net)
                      0.142439    0.000000    0.092186 ^ clkbuf_0_CLK/A (sky130_fd_sc_hd__clkbuf_16)
    16    0.102249    0.179542    0.333196    0.425381 ^ clkbuf_0_CLK/X (sky130_fd_sc_hd__clkbuf_16)
                                                         clknet_0_CLK (net)
                      0.179542    0.000845    0.426226 ^ clkbuf_4_12_0_CLK/A (sky130_fd_sc_hd__clkbuf_8)
     6    0.018149    0.079200    0.267794    0.694020 ^ clkbuf_4_12_0_CLK/X (sky130_fd_sc_hd__clkbuf_8)
                                                         clknet_4_12_0_CLK (net)
                      0.079200    0.000072    0.694093 ^ _1412_/CLK (sky130_fd_sc_hd__dfrtp_2)
     3    0.007151    0.099458    0.679549    1.373641 ^ _1412_/Q (sky130_fd_sc_hd__dfrtp_2)
                                                         gates.phase_c.dead_count[3] (net)
                      0.099458    0.000086    1.373727 ^ _1368_/A (sky130_fd_sc_hd__or2_2)
     4    0.017365    0.154417    0.262159    1.635886 ^ _1368_/X (sky130_fd_sc_hd__or2_2)
                                                         _0690_ (net)
                      0.154417    0.000120    1.636006 ^ _1370_/A1 (sky130_fd_sc_hd__a21oi_2)
     1    0.002290    0.058106    0.115702    1.751708 v _1370_/Y (sky130_fd_sc_hd__a21oi_2)
                                                         _0038_ (net)
                      0.058106    0.000019    1.751727 v _1412_/D (sky130_fd_sc_hd__dfrtp_2)
                                              1.751727   data arrival time

                                  0.000000    0.000000   clock CLK (rise edge)
                                  0.000000    0.000000   clock source latency
     1    0.018921    0.142429    0.101889    0.101889 ^ CLK (in)
                                                         CLK (net)
                      0.142439    0.000000    0.101889 ^ clkbuf_0_CLK/A (sky130_fd_sc_hd__clkbuf_16)
    16    0.102249    0.179542    0.368269    0.470158 ^ clkbuf_0_CLK/X (sky130_fd_sc_hd__clkbuf_16)
                                                         clknet_0_CLK (net)
                      0.179542    0.000934    0.471092 ^ clkbuf_4_12_0_CLK/A (sky130_fd_sc_hd__clkbuf_8)
     6    0.018149    0.079200    0.295983    0.767075 ^ clkbuf_4_12_0_CLK/X (sky130_fd_sc_hd__clkbuf_8)
                                                         clknet_4_12_0_CLK (net)
                      0.079200    0.000080    0.767155 ^ _1412_/CLK (sky130_fd_sc_hd__dfrtp_2)
                                  0.250000    1.017155   clock uncertainty
                                 -0.073062    0.944093   clock reconvergence pessimism
                                 -0.083064    0.861029   library hold time
                                              0.861029   data required time
---------------------------------------------------------------------------------------------
                                              0.861029   data required time
                                             -1.751727   data arrival time
---------------------------------------------------------------------------------------------
                                              0.890698   slack (MET)


Startpoint: _1406_ (rising edge-triggered flip-flop clocked by CLK)
Endpoint: _1406_ (rising edge-triggered flip-flop clocked by CLK)
Path Group: CLK
Path Type: min

Fanout         Cap        Slew       Delay        Time   Description
---------------------------------------------------------------------------------------------
                                  0.000000    0.000000   clock CLK (rise edge)
                                  0.000000    0.000000   clock source latency
     1    0.018921    0.142429    0.092186    0.092186 ^ CLK (in)
                                                         CLK (net)
                      0.142439    0.000000    0.092186 ^ clkbuf_0_CLK/A (sky130_fd_sc_hd__clkbuf_16)
    16    0.102249    0.179542    0.333196    0.425381 ^ clkbuf_0_CLK/X (sky130_fd_sc_hd__clkbuf_16)
                                                         clknet_0_CLK (net)
                      0.179556    0.001701    0.427083 ^ clkbuf_4_11_0_CLK/A (sky130_fd_sc_hd__clkbuf_8)
     6    0.015998    0.074334    0.263176    0.690258 ^ clkbuf_4_11_0_CLK/X (sky130_fd_sc_hd__clkbuf_8)
                                                         clknet_4_11_0_CLK (net)
                      0.074334    0.000139    0.690398 ^ _1406_/CLK (sky130_fd_sc_hd__dfrtp_2)
     3    0.007438    0.101288    0.679316    1.369714 ^ _1406_/Q (sky130_fd_sc_hd__dfrtp_2)
                                                         gates.phase_b.dead_count[3] (net)
                      0.101288    0.000036    1.369751 ^ _1356_/A (sky130_fd_sc_hd__or2_2)
     4    0.018100    0.159169    0.266976    1.636726 ^ _1356_/X (sky130_fd_sc_hd__or2_2)
                                                         _0684_ (net)
                      0.159169    0.000176    1.636903 ^ _1358_/A1 (sky130_fd_sc_hd__a21oi_2)
     1    0.002040    0.056008    0.115909    1.752812 v _1358_/Y (sky130_fd_sc_hd__a21oi_2)
                                                         _0032_ (net)
                      0.056008    0.000016    1.752828 v _1406_/D (sky130_fd_sc_hd__dfrtp_2)
                                              1.752828   data arrival time

                                  0.000000    0.000000   clock CLK (rise edge)
                                  0.000000    0.000000   clock source latency
     1    0.018921    0.142429    0.101889    0.101889 ^ CLK (in)
                                                         CLK (net)
                      0.142439    0.000000    0.101889 ^ clkbuf_0_CLK/A (sky130_fd_sc_hd__clkbuf_16)
    16    0.102249    0.179542    0.368269    0.470158 ^ clkbuf_0_CLK/X (sky130_fd_sc_hd__clkbuf_16)
                                                         clknet_0_CLK (net)
                      0.179556    0.001880    0.472039 ^ clkbuf_4_11_0_CLK/A (sky130_fd_sc_hd__clkbuf_8)
     6    0.015998    0.074334    0.290879    0.762917 ^ clkbuf_4_11_0_CLK/X (sky130_fd_sc_hd__clkbuf_8)
                                                         clknet_4_11_0_CLK (net)
                      0.074334    0.000154    0.763071 ^ _1406_/CLK (sky130_fd_sc_hd__dfrtp_2)
                                  0.250000    1.013071   clock uncertainty
                                 -0.072673    0.940398   clock reconvergence pessimism
                                 -0.083475    0.856923   library hold time
                                              0.856923   data required time
---------------------------------------------------------------------------------------------
                                              0.856923   data required time
                                             -1.752828   data arrival time
---------------------------------------------------------------------------------------------
                                              0.895905   slack (MET)


Startpoint: _1439_ (rising edge-triggered flip-flop clocked by CLK)
Endpoint: _1475_ (rising edge-triggered flip-flop clocked by CLK)
Path Group: CLK
Path Type: min

Fanout         Cap        Slew       Delay        Time   Description
---------------------------------------------------------------------------------------------
                                  0.000000    0.000000   clock CLK (rise edge)
                                  0.000000    0.000000   clock source latency
     1    0.018921    0.142429    0.092186    0.092186 ^ CLK (in)
                                                         CLK (net)
                      0.142439    0.000000    0.092186 ^ clkbuf_0_CLK/A (sky130_fd_sc_hd__clkbuf_16)
    16    0.102249    0.179542    0.333196    0.425381 ^ clkbuf_0_CLK/X (sky130_fd_sc_hd__clkbuf_16)
                                                         clknet_0_CLK (net)
                      0.179543    0.000892    0.426274 ^ clkbuf_4_9_0_CLK/A (sky130_fd_sc_hd__clkbuf_8)
     6    0.016728    0.075957    0.264702    0.690976 ^ clkbuf_4_9_0_CLK/X (sky130_fd_sc_hd__clkbuf_8)
                                                         clknet_4_9_0_CLK (net)
                      0.075957    0.000224    0.691199 ^ _1439_/CLK (sky130_fd_sc_hd__dfrtp_2)
     4    0.016145    0.162054    0.736636    1.427836 ^ _1439_/Q (sky130_fd_sc_hd__dfrtp_2)
                                                         brake_active (net)
                      0.162054    0.000175    1.428011 ^ _0797_/B (sky130_fd_sc_hd__nor3b_2)
     3    0.012965    0.086094    0.139009    1.567020 v _0797_/Y (sky130_fd_sc_hd__nor3b_2)
                                                         _0140_ (net)
                      0.086106    0.000388    1.567408 v _1337_/D1 (sky130_fd_sc_hd__o2111a_2)
     1    0.002143    0.044212    0.218383    1.785791 v _1337_/X (sky130_fd_sc_hd__o2111a_2)
                                                         _0005_ (net)
                      0.044212    0.000017    1.785808 v _1475_/D (sky130_fd_sc_hd__dfrtp_2)
                                              1.785808   data arrival time

                                  0.000000    0.000000   clock CLK (rise edge)
                                  0.000000    0.000000   clock source latency
     1    0.018921    0.142429    0.101889    0.101889 ^ CLK (in)
                                                         CLK (net)
                      0.142439    0.000000    0.101889 ^ clkbuf_0_CLK/A (sky130_fd_sc_hd__clkbuf_16)
    16    0.102249    0.179542    0.368269    0.470158 ^ clkbuf_0_CLK/X (sky130_fd_sc_hd__clkbuf_16)
                                                         clknet_0_CLK (net)
                      0.179556    0.001880    0.472039 ^ clkbuf_4_11_0_CLK/A (sky130_fd_sc_hd__clkbuf_8)
     6    0.015998    0.074334    0.290879    0.762917 ^ clkbuf_4_11_0_CLK/X (sky130_fd_sc_hd__clkbuf_8)
                                                         clknet_4_11_0_CLK (net)
                      0.074334    0.000104    0.763021 ^ _1475_/CLK (sky130_fd_sc_hd__dfrtp_2)
                                  0.250000    1.013021   clock uncertainty
                                 -0.044777    0.968244   clock reconvergence pessimism
                                 -0.079156    0.889089   library hold time
                                              0.889089   data required time
---------------------------------------------------------------------------------------------
                                              0.889089   data required time
                                             -1.785808   data arrival time
---------------------------------------------------------------------------------------------
                                              0.896719   slack (MET)


Startpoint: _1401_ (rising edge-triggered flip-flop clocked by CLK)
Endpoint: _1402_ (rising edge-triggered flip-flop clocked by CLK)
Path Group: CLK
Path Type: min

Fanout         Cap        Slew       Delay        Time   Description
---------------------------------------------------------------------------------------------
                                  0.000000    0.000000   clock CLK (rise edge)
                                  0.000000    0.000000   clock source latency
     1    0.018921    0.142429    0.092186    0.092186 ^ CLK (in)
                                                         CLK (net)
                      0.142439    0.000000    0.092186 ^ clkbuf_0_CLK/A (sky130_fd_sc_hd__clkbuf_16)
    16    0.102249    0.179542    0.333196    0.425381 ^ clkbuf_0_CLK/X (sky130_fd_sc_hd__clkbuf_16)
                                                         clknet_0_CLK (net)
                      0.179554    0.001602    0.426983 ^ clkbuf_4_14_0_CLK/A (sky130_fd_sc_hd__clkbuf_8)
     6    0.017613    0.077970    0.266676    0.693659 ^ clkbuf_4_14_0_CLK/X (sky130_fd_sc_hd__clkbuf_8)
                                                         clknet_4_14_0_CLK (net)
                      0.077970    0.000167    0.693826 ^ _1401_/CLK (sky130_fd_sc_hd__dfrtp_2)
     2    0.004255    0.079539    0.656325    1.350151 ^ _1401_/Q (sky130_fd_sc_hd__dfrtp_2)
                                                         gates.phase_a.dead_count[4] (net)
                      0.079539    0.000029    1.350180 ^ _1332_/C (sky130_fd_sc_hd__or3_2)
     2    0.008369    0.086537    0.207666    1.557846 ^ _1332_/X (sky130_fd_sc_hd__or3_2)
                                                         _0671_ (net)
                      0.086537    0.000047    1.557894 ^ _1350_/A2 (sky130_fd_sc_hd__o21a_2)
     1    0.003115    0.056125    0.214395    1.772289 ^ _1350_/X (sky130_fd_sc_hd__o21a_2)
                                                         _0028_ (net)
                      0.056125    0.000037    1.772325 ^ _1402_/D (sky130_fd_sc_hd__dfrtp_2)
                                              1.772325   data arrival time

                                  0.000000    0.000000   clock CLK (rise edge)
                                  0.000000    0.000000   clock source latency
     1    0.018921    0.142429    0.101889    0.101889 ^ CLK (in)
                                                         CLK (net)
                      0.142439    0.000000    0.101889 ^ clkbuf_0_CLK/A (sky130_fd_sc_hd__clkbuf_16)
    16    0.102249    0.179542    0.368269    0.470158 ^ clkbuf_0_CLK/X (sky130_fd_sc_hd__clkbuf_16)
                                                         clknet_0_CLK (net)
                      0.179554    0.001770    0.471928 ^ clkbuf_4_14_0_CLK/A (sky130_fd_sc_hd__clkbuf_8)
     6    0.017613    0.077970    0.294748    0.766676 ^ clkbuf_4_14_0_CLK/X (sky130_fd_sc_hd__clkbuf_8)
                                                         clknet_4_14_0_CLK (net)
                      0.077970    0.000066    0.766742 ^ _1402_/CLK (sky130_fd_sc_hd__dfrtp_2)
                                  0.250000    1.016742   clock uncertainty
                                 -0.073017    0.943725   clock reconvergence pessimism
                                 -0.072433    0.871292   library hold time
                                              0.871292   data required time
---------------------------------------------------------------------------------------------
                                              0.871292   data required time
                                             -1.772325   data arrival time
---------------------------------------------------------------------------------------------
                                              0.901033   slack (MET)


Startpoint: _1397_ (rising edge-triggered flip-flop clocked by CLK)
Endpoint: _1398_ (rising edge-triggered flip-flop clocked by CLK)
Path Group: CLK
Path Type: min

Fanout         Cap        Slew       Delay        Time   Description
---------------------------------------------------------------------------------------------
                                  0.000000    0.000000   clock CLK (rise edge)
                                  0.000000    0.000000   clock source latency
     1    0.018921    0.142429    0.092186    0.092186 ^ CLK (in)
                                                         CLK (net)
                      0.142439    0.000000    0.092186 ^ clkbuf_0_CLK/A (sky130_fd_sc_hd__clkbuf_16)
    16    0.102249    0.179542    0.333196    0.425381 ^ clkbuf_0_CLK/X (sky130_fd_sc_hd__clkbuf_16)
                                                         clknet_0_CLK (net)
                      0.179553    0.001571    0.426952 ^ clkbuf_4_15_0_CLK/A (sky130_fd_sc_hd__clkbuf_8)
     6    0.015079    0.072320    0.261190    0.688143 ^ clkbuf_4_15_0_CLK/X (sky130_fd_sc_hd__clkbuf_8)
                                                         clknet_4_15_0_CLK (net)
                      0.072320    0.000075    0.688217 ^ _1397_/CLK (sky130_fd_sc_hd__dfrtp_2)
     3    0.007058    0.102477    0.675977    1.364194 ^ _1397_/Q (sky130_fd_sc_hd__dfrtp_2)
                                                         gates.phase_a.dead_count[0] (net)
                      0.102477    0.000032    1.364226 ^ _1331_/A (sky130_fd_sc_hd__or2_2)
     5    0.022724    0.194721    0.291716    1.655942 ^ _1331_/X (sky130_fd_sc_hd__or2_2)
                                                         _0670_ (net)
                      0.194721    0.000209    1.656151 ^ _1341_/A1 (sky130_fd_sc_hd__o21ai_2)
     1    0.002513    0.057129    0.147049    1.803200 v _1341_/Y (sky130_fd_sc_hd__o21ai_2)
                                                         _0024_ (net)
                      0.057129    0.000024    1.803224 v _1398_/D (sky130_fd_sc_hd__dfrtp_2)
                                              1.803224   data arrival time

                                  0.000000    0.000000   clock CLK (rise edge)
                                  0.000000    0.000000   clock source latency
     1    0.018921    0.142429    0.101889    0.101889 ^ CLK (in)
                                                         CLK (net)
                      0.142439    0.000000    0.101889 ^ clkbuf_0_CLK/A (sky130_fd_sc_hd__clkbuf_16)
    16    0.102249    0.179542    0.368269    0.470158 ^ clkbuf_0_CLK/X (sky130_fd_sc_hd__clkbuf_16)
                                                         clknet_0_CLK (net)
                      0.179545    0.001238    0.471396 ^ clkbuf_4_13_0_CLK/A (sky130_fd_sc_hd__clkbuf_8)
     6    0.016133    0.074633    0.291202    0.762599 ^ clkbuf_4_13_0_CLK/X (sky130_fd_sc_hd__clkbuf_8)
                                                         clknet_4_13_0_CLK (net)
                      0.074633    0.000157    0.762756 ^ _1398_/CLK (sky130_fd_sc_hd__dfrtp_2)
                                  0.250000    1.012756   clock uncertainty
                                 -0.044777    0.967979   clock reconvergence pessimism
                                 -0.083813    0.884166   library hold time
                                              0.884166   data required time
---------------------------------------------------------------------------------------------
                                              0.884166   data required time
                                             -1.803224   data arrival time
---------------------------------------------------------------------------------------------
                                              0.919058   slack (MET)


Startpoint: _1418_ (rising edge-triggered flip-flop clocked by CLK)
Endpoint: _1418_ (rising edge-triggered flip-flop clocked by CLK)
Path Group: CLK
Path Type: min

Fanout         Cap        Slew       Delay        Time   Description
---------------------------------------------------------------------------------------------
                                  0.000000    0.000000   clock CLK (rise edge)
                                  0.000000    0.000000   clock source latency
     1    0.018921    0.142429    0.092186    0.092186 ^ CLK (in)
                                                         CLK (net)
                      0.142439    0.000000    0.092186 ^ clkbuf_0_CLK/A (sky130_fd_sc_hd__clkbuf_16)
    16    0.102249    0.179542    0.333196    0.425381 ^ clkbuf_0_CLK/X (sky130_fd_sc_hd__clkbuf_16)
                                                         clknet_0_CLK (net)
                      0.179567    0.002077    0.427459 ^ clkbuf_4_3_0_CLK/A (sky130_fd_sc_hd__clkbuf_8)
     6    0.017765    0.078316    0.267009    0.694467 ^ clkbuf_4_3_0_CLK/X (sky130_fd_sc_hd__clkbuf_8)
                                                         clknet_4_3_0_CLK (net)
                      0.078316    0.000076    0.694543 ^ _1418_/CLK (sky130_fd_sc_hd__dfrtp_2)
     7    0.030310    0.254365    0.812812    1.507355 ^ _1418_/Q (sky130_fd_sc_hd__dfrtp_2)
                                                         hall.hall_active[2] (net)
                      0.254365    0.000321    1.507676 ^ _1378_/A1 (sky130_fd_sc_hd__mux2_1)
     1    0.002284    0.065930    0.283175    1.790851 ^ _1378_/X (sky130_fd_sc_hd__mux2_1)
                                                         _0044_ (net)
                      0.065930    0.000020    1.790871 ^ _1418_/D (sky130_fd_sc_hd__dfrtp_2)
                                              1.790871   data arrival time

                                  0.000000    0.000000   clock CLK (rise edge)
                                  0.000000    0.000000   clock source latency
     1    0.018921    0.142429    0.101889    0.101889 ^ CLK (in)
                                                         CLK (net)
                      0.142439    0.000000    0.101889 ^ clkbuf_0_CLK/A (sky130_fd_sc_hd__clkbuf_16)
    16    0.102249    0.179542    0.368269    0.470158 ^ clkbuf_0_CLK/X (sky130_fd_sc_hd__clkbuf_16)
                                                         clknet_0_CLK (net)
                      0.179567    0.002296    0.472454 ^ clkbuf_4_3_0_CLK/A (sky130_fd_sc_hd__clkbuf_8)
     6    0.017765    0.078316    0.295115    0.767569 ^ clkbuf_4_3_0_CLK/X (sky130_fd_sc_hd__clkbuf_8)
                                                         clknet_4_3_0_CLK (net)
                      0.078316    0.000084    0.767653 ^ _1418_/CLK (sky130_fd_sc_hd__dfrtp_2)
                                  0.250000    1.017653   clock uncertainty
                                 -0.073110    0.944543   clock reconvergence pessimism
                                 -0.074607    0.869937   library hold time
                                              0.869937   data required time
---------------------------------------------------------------------------------------------
                                              0.869937   data required time
                                             -1.790871   data arrival time
---------------------------------------------------------------------------------------------
                                              0.920935   slack (MET)


Startpoint: _1410_ (rising edge-triggered flip-flop clocked by CLK)
Endpoint: _1411_ (rising edge-triggered flip-flop clocked by CLK)
Path Group: CLK
Path Type: min

Fanout         Cap        Slew       Delay        Time   Description
---------------------------------------------------------------------------------------------
                                  0.000000    0.000000   clock CLK (rise edge)
                                  0.000000    0.000000   clock source latency
     1    0.018921    0.142429    0.092186    0.092186 ^ CLK (in)
                                                         CLK (net)
                      0.142439    0.000000    0.092186 ^ clkbuf_0_CLK/A (sky130_fd_sc_hd__clkbuf_16)
    16    0.102249    0.179542    0.333196    0.425381 ^ clkbuf_0_CLK/X (sky130_fd_sc_hd__clkbuf_16)
                                                         clknet_0_CLK (net)
                      0.179545    0.001120    0.426502 ^ clkbuf_4_13_0_CLK/A (sky130_fd_sc_hd__clkbuf_8)
     6    0.016133    0.074633    0.263469    0.689970 ^ clkbuf_4_13_0_CLK/X (sky130_fd_sc_hd__clkbuf_8)
                                                         clknet_4_13_0_CLK (net)
                      0.074633    0.000115    0.690085 ^ _1410_/CLK (sky130_fd_sc_hd__dfrtp_2)
     5    0.014115    0.147322    0.722825    1.412910 ^ _1410_/Q (sky130_fd_sc_hd__dfrtp_2)
                                                         gates.phase_c.dead_count[1] (net)
                      0.147322    0.000215    1.413125 ^ _1366_/A2 (sky130_fd_sc_hd__o21a_2)
     1    0.004092    0.063267    0.244055    1.657180 ^ _1366_/X (sky130_fd_sc_hd__o21a_2)
                                                         _0689_ (net)
                      0.063267    0.000058    1.657238 ^ _1367_/B1 (sky130_fd_sc_hd__a21o_2)
     1    0.002996    0.045996    0.136647    1.793885 ^ _1367_/X (sky130_fd_sc_hd__a21o_2)
                                                         _0037_ (net)
                      0.045996    0.000033    1.793918 ^ _1411_/D (sky130_fd_sc_hd__dfrtp_2)
                                              1.793918   data arrival time

                                  0.000000    0.000000   clock CLK (rise edge)
                                  0.000000    0.000000   clock source latency
     1    0.018921    0.142429    0.101889    0.101889 ^ CLK (in)
                                                         CLK (net)
                      0.142439    0.000000    0.101889 ^ clkbuf_0_CLK/A (sky130_fd_sc_hd__clkbuf_16)
    16    0.102249    0.179542    0.368269    0.470158 ^ clkbuf_0_CLK/X (sky130_fd_sc_hd__clkbuf_16)
                                                         clknet_0_CLK (net)
                      0.179545    0.001238    0.471396 ^ clkbuf_4_13_0_CLK/A (sky130_fd_sc_hd__clkbuf_8)
     6    0.016133    0.074633    0.291202    0.762599 ^ clkbuf_4_13_0_CLK/X (sky130_fd_sc_hd__clkbuf_8)
                                                         clknet_4_13_0_CLK (net)
                      0.074633    0.000139    0.762738 ^ _1411_/CLK (sky130_fd_sc_hd__dfrtp_2)
                                  0.250000    1.012738   clock uncertainty
                                 -0.072628    0.940109   clock reconvergence pessimism
                                 -0.070675    0.869434   library hold time
                                              0.869434   data required time
---------------------------------------------------------------------------------------------
                                              0.869434   data required time
                                             -1.793918   data arrival time
---------------------------------------------------------------------------------------------
                                              0.924484   slack (MET)


Startpoint: _1403_ (rising edge-triggered flip-flop clocked by CLK)
Endpoint: _1405_ (rising edge-triggered flip-flop clocked by CLK)
Path Group: CLK
Path Type: min

Fanout         Cap        Slew       Delay        Time   Description
---------------------------------------------------------------------------------------------
                                  0.000000    0.000000   clock CLK (rise edge)
                                  0.000000    0.000000   clock source latency
     1    0.018921    0.142429    0.092186    0.092186 ^ CLK (in)
                                                         CLK (net)
                      0.142439    0.000000    0.092186 ^ clkbuf_0_CLK/A (sky130_fd_sc_hd__clkbuf_16)
    16    0.102249    0.179542    0.333196    0.425381 ^ clkbuf_0_CLK/X (sky130_fd_sc_hd__clkbuf_16)
                                                         clknet_0_CLK (net)
                      0.179556    0.001701    0.427083 ^ clkbuf_4_11_0_CLK/A (sky130_fd_sc_hd__clkbuf_8)
     6    0.015998    0.074334    0.263176    0.690258 ^ clkbuf_4_11_0_CLK/X (sky130_fd_sc_hd__clkbuf_8)
                                                         clknet_4_11_0_CLK (net)
                      0.074334    0.000180    0.690438 ^ _1403_/CLK (sky130_fd_sc_hd__dfrtp_2)
     5    0.012970    0.139101    0.715260    1.405698 ^ _1403_/Q (sky130_fd_sc_hd__dfrtp_2)
                                                         gates.phase_b.dead_count[0] (net)
                      0.139101    0.000179    1.405877 ^ _1354_/A1 (sky130_fd_sc_hd__o21a_2)
     1    0.004152    0.063712    0.272377    1.678254 ^ _1354_/X (sky130_fd_sc_hd__o21a_2)
                                                         _0683_ (net)
                      0.063712    0.000053    1.678306 ^ _1355_/B1 (sky130_fd_sc_hd__a21o_2)
     1    0.002239    0.041282    0.131898    1.810204 ^ _1355_/X (sky130_fd_sc_hd__a21o_2)
                                                         _0031_ (net)
                      0.041282    0.000010    1.810215 ^ _1405_/D (sky130_fd_sc_hd__dfrtp_2)
                                              1.810215   data arrival time

                                  0.000000    0.000000   clock CLK (rise edge)
                                  0.000000    0.000000   clock source latency
     1    0.018921    0.142429    0.101889    0.101889 ^ CLK (in)
                                                         CLK (net)
                      0.142439    0.000000    0.101889 ^ clkbuf_0_CLK/A (sky130_fd_sc_hd__clkbuf_16)
    16    0.102249    0.179542    0.368269    0.470158 ^ clkbuf_0_CLK/X (sky130_fd_sc_hd__clkbuf_16)
                                                         clknet_0_CLK (net)
                      0.179556    0.001880    0.472039 ^ clkbuf_4_11_0_CLK/A (sky130_fd_sc_hd__clkbuf_8)
     6    0.015998    0.074334    0.290879    0.762917 ^ clkbuf_4_11_0_CLK/X (sky130_fd_sc_hd__clkbuf_8)
                                                         clknet_4_11_0_CLK (net)
                      0.074334    0.000187    0.763104 ^ _1405_/CLK (sky130_fd_sc_hd__dfrtp_2)
                                  0.250000    1.013104   clock uncertainty
                                 -0.072659    0.940445   clock reconvergence pessimism
                                 -0.069652    0.870794   library hold time
                                              0.870794   data required time
---------------------------------------------------------------------------------------------
                                              0.870794   data required time
                                             -1.810215   data arrival time
---------------------------------------------------------------------------------------------
                                              0.939421   slack (MET)


Startpoint: _1416_ (rising edge-triggered flip-flop clocked by CLK)
Endpoint: _1416_ (rising edge-triggered flip-flop clocked by CLK)
Path Group: CLK
Path Type: min

Fanout         Cap        Slew       Delay        Time   Description
---------------------------------------------------------------------------------------------
                                  0.000000    0.000000   clock CLK (rise edge)
                                  0.000000    0.000000   clock source latency
     1    0.018921    0.142429    0.092186    0.092186 ^ CLK (in)
                                                         CLK (net)
                      0.142439    0.000000    0.092186 ^ clkbuf_0_CLK/A (sky130_fd_sc_hd__clkbuf_16)
    16    0.102249    0.179542    0.333196    0.425381 ^ clkbuf_0_CLK/X (sky130_fd_sc_hd__clkbuf_16)
                                                         clknet_0_CLK (net)
                      0.179569    0.002138    0.427519 ^ clkbuf_4_2_0_CLK/A (sky130_fd_sc_hd__clkbuf_8)
     6    0.018780    0.080637    0.269202    0.696721 ^ clkbuf_4_2_0_CLK/X (sky130_fd_sc_hd__clkbuf_8)
                                                         clknet_4_2_0_CLK (net)
                      0.080637    0.000165    0.696887 ^ _1416_/CLK (sky130_fd_sc_hd__dfrtp_2)
     7    0.032976    0.272802    0.827374    1.524261 ^ _1416_/Q (sky130_fd_sc_hd__dfrtp_2)
                                                         hall.hall_active[0] (net)
                      0.272802    0.000135    1.524396 ^ _1376_/A1 (sky130_fd_sc_hd__mux2_1)
     1    0.002263    0.065727    0.289094    1.813490 ^ _1376_/X (sky130_fd_sc_hd__mux2_1)
                                                         _0042_ (net)
                      0.065727    0.000019    1.813509 ^ _1416_/D (sky130_fd_sc_hd__dfrtp_2)
                                              1.813509   data arrival time

                                  0.000000    0.000000   clock CLK (rise edge)
                                  0.000000    0.000000   clock source latency
     1    0.018921    0.142429    0.101889    0.101889 ^ CLK (in)
                                                         CLK (net)
                      0.142439    0.000000    0.101889 ^ clkbuf_0_CLK/A (sky130_fd_sc_hd__clkbuf_16)
    16    0.102249    0.179542    0.368269    0.470158 ^ clkbuf_0_CLK/X (sky130_fd_sc_hd__clkbuf_16)
                                                         clknet_0_CLK (net)
                      0.179569    0.002363    0.472521 ^ clkbuf_4_2_0_CLK/A (sky130_fd_sc_hd__clkbuf_8)
     6    0.018780    0.080637    0.297539    0.770061 ^ clkbuf_4_2_0_CLK/X (sky130_fd_sc_hd__clkbuf_8)
                                                         clknet_4_2_0_CLK (net)
                      0.080637    0.000183    0.770243 ^ _1416_/CLK (sky130_fd_sc_hd__dfrtp_2)
                                  0.250000    1.020244   clock uncertainty
                                 -0.073357    0.946887   clock reconvergence pessimism
                                 -0.074180    0.872707   library hold time
                                              0.872707   data required time
---------------------------------------------------------------------------------------------
                                              0.872707   data required time
                                             -1.813509   data arrival time
---------------------------------------------------------------------------------------------
                                              0.940801   slack (MET)


Startpoint: _1464_ (rising edge-triggered flip-flop clocked by CLK)
Endpoint: _1424_ (rising edge-triggered flip-flop clocked by CLK)
Path Group: CLK
Path Type: min

Fanout         Cap        Slew       Delay        Time   Description
---------------------------------------------------------------------------------------------
                                  0.000000    0.000000   clock CLK (rise edge)
                                  0.000000    0.000000   clock source latency
     1    0.018921    0.142429    0.092186    0.092186 ^ CLK (in)
                                                         CLK (net)
                      0.142439    0.000000    0.092186 ^ clkbuf_0_CLK/A (sky130_fd_sc_hd__clkbuf_16)
    16    0.102249    0.179542    0.333196    0.425381 ^ clkbuf_0_CLK/X (sky130_fd_sc_hd__clkbuf_16)
                                                         clknet_0_CLK (net)
                      0.179569    0.002143    0.427525 ^ clkbuf_4_1_0_CLK/A (sky130_fd_sc_hd__clkbuf_8)
     6    0.016941    0.076434    0.265211    0.692736 ^ clkbuf_4_1_0_CLK/X (sky130_fd_sc_hd__clkbuf_8)
                                                         clknet_4_1_0_CLK (net)
                      0.076434    0.000231    0.692966 ^ _1464_/CLK (sky130_fd_sc_hd__dfrtp_2)
     9    0.038076    0.308251    0.851203    1.544169 ^ _1464_/Q (sky130_fd_sc_hd__dfrtp_2)
                                                         hall.hall_a_pipe[1] (net)
                      0.308251    0.000858    1.545027 ^ _1381_/A1 (sky130_fd_sc_hd__mux2_1)
     1    0.002413    0.067780    0.302902    1.847929 ^ _1381_/X (sky130_fd_sc_hd__mux2_1)
                                                         _0050_ (net)
                      0.067780    0.000021    1.847951 ^ _1424_/D (sky130_fd_sc_hd__dfrtp_2)
                                              1.847951   data arrival time

                                  0.000000    0.000000   clock CLK (rise edge)
                                  0.000000    0.000000   clock source latency
     1    0.018921    0.142429    0.101889    0.101889 ^ CLK (in)
                                                         CLK (net)
                      0.142439    0.000000    0.101889 ^ clkbuf_0_CLK/A (sky130_fd_sc_hd__clkbuf_16)
    16    0.102249    0.179542    0.368269    0.470158 ^ clkbuf_0_CLK/X (sky130_fd_sc_hd__clkbuf_16)
                                                         clknet_0_CLK (net)
                      0.179567    0.002296    0.472454 ^ clkbuf_4_3_0_CLK/A (sky130_fd_sc_hd__clkbuf_8)
     6    0.017765    0.078316    0.295115    0.767569 ^ clkbuf_4_3_0_CLK/X (sky130_fd_sc_hd__clkbuf_8)
                                                         clknet_4_3_0_CLK (net)
                      0.078316    0.000177    0.767746 ^ _1424_/CLK (sky130_fd_sc_hd__dfrtp_2)
                                  0.250000    1.017746   clock uncertainty
                                 -0.044777    0.972969   clock reconvergence pessimism
                                 -0.075027    0.897942   library hold time
                                              0.897942   data required time
---------------------------------------------------------------------------------------------
                                              0.897942   data required time
                                             -1.847951   data arrival time
---------------------------------------------------------------------------------------------
                                              0.950009   slack (MET)


Startpoint: _1417_ (rising edge-triggered flip-flop clocked by CLK)
Endpoint: _1417_ (rising edge-triggered flip-flop clocked by CLK)
Path Group: CLK
Path Type: min

Fanout         Cap        Slew       Delay        Time   Description
---------------------------------------------------------------------------------------------
                                  0.000000    0.000000   clock CLK (rise edge)
                                  0.000000    0.000000   clock source latency
     1    0.018921    0.142429    0.092186    0.092186 ^ CLK (in)
                                                         CLK (net)
                      0.142439    0.000000    0.092186 ^ clkbuf_0_CLK/A (sky130_fd_sc_hd__clkbuf_16)
    16    0.102249    0.179542    0.333196    0.425381 ^ clkbuf_0_CLK/X (sky130_fd_sc_hd__clkbuf_16)
                                                         clknet_0_CLK (net)
                      0.179570    0.002168    0.427549 ^ clkbuf_4_4_0_CLK/A (sky130_fd_sc_hd__clkbuf_8)
     6    0.017565    0.077862    0.266578    0.694128 ^ clkbuf_4_4_0_CLK/X (sky130_fd_sc_hd__clkbuf_8)
                                                         clknet_4_4_0_CLK (net)
                      0.077862    0.000199    0.694327 ^ _1417_/CLK (sky130_fd_sc_hd__dfrtp_2)
     8    0.036049    0.294159    0.841574    1.535901 ^ _1417_/Q (sky130_fd_sc_hd__dfrtp_2)
                                                         hall.hall_active[1] (net)
                      0.294159    0.000408    1.536310 ^ _1377_/A1 (sky130_fd_sc_hd__mux2_1)
     1    0.002816    0.072426    0.303420    1.839730 ^ _1377_/X (sky130_fd_sc_hd__mux2_1)
                                                         _0043_ (net)
                      0.072426    0.000030    1.839760 ^ _1417_/D (sky130_fd_sc_hd__dfrtp_2)
                                              1.839760   data arrival time

                                  0.000000    0.000000   clock CLK (rise edge)
                                  0.000000    0.000000   clock source latency
     1    0.018921    0.142429    0.101889    0.101889 ^ CLK (in)
                                                         CLK (net)
                      0.142439    0.000000    0.101889 ^ clkbuf_0_CLK/A (sky130_fd_sc_hd__clkbuf_16)
    16    0.102249    0.179542    0.368269    0.470158 ^ clkbuf_0_CLK/X (sky130_fd_sc_hd__clkbuf_16)
                                                         clknet_0_CLK (net)
                      0.179570    0.002396    0.472555 ^ clkbuf_4_4_0_CLK/A (sky130_fd_sc_hd__clkbuf_8)
     6    0.017565    0.077862    0.294639    0.767194 ^ clkbuf_4_4_0_CLK/X (sky130_fd_sc_hd__clkbuf_8)
                                                         clknet_4_4_0_CLK (net)
                      0.077862    0.000220    0.767414 ^ _1417_/CLK (sky130_fd_sc_hd__dfrtp_2)
                                  0.250000    1.017414   clock uncertainty
                                 -0.073087    0.944327   clock reconvergence pessimism
                                 -0.076159    0.868168   library hold time
                                              0.868168   data required time
---------------------------------------------------------------------------------------------
                                              0.868168   data required time
                                             -1.839760   data arrival time
---------------------------------------------------------------------------------------------
                                              0.971592   slack (MET)


Startpoint: _1458_ (rising edge-triggered flip-flop clocked by CLK)
Endpoint: _1459_ (rising edge-triggered flip-flop clocked by CLK)
Path Group: CLK
Path Type: min

Fanout         Cap        Slew       Delay        Time   Description
---------------------------------------------------------------------------------------------
                                  0.000000    0.000000   clock CLK (rise edge)
                                  0.000000    0.000000   clock source latency
     1    0.018921    0.142429    0.092186    0.092186 ^ CLK (in)
                                                         CLK (net)
                      0.142439    0.000000    0.092186 ^ clkbuf_0_CLK/A (sky130_fd_sc_hd__clkbuf_16)
    16    0.102249    0.179542    0.333196    0.425381 ^ clkbuf_0_CLK/X (sky130_fd_sc_hd__clkbuf_16)
                                                         clknet_0_CLK (net)
                      0.179542    0.000845    0.426226 ^ clkbuf_4_12_0_CLK/A (sky130_fd_sc_hd__clkbuf_8)
     6    0.018149    0.079200    0.267794    0.694020 ^ clkbuf_4_12_0_CLK/X (sky130_fd_sc_hd__clkbuf_8)
                                                         clknet_4_12_0_CLK (net)
                      0.079200    0.000330    0.694350 ^ _1458_/CLK (sky130_fd_sc_hd__dfrtp_2)
     6    0.021490    0.193744    0.768675    1.463025 ^ _1458_/Q (sky130_fd_sc_hd__dfrtp_2)
                                                         pwm.pwm_counter[6] (net)
                      0.193744    0.000109    1.463134 ^ _0759_/A1 (sky130_fd_sc_hd__a21oi_2)
     1    0.005602    0.074122    0.151155    1.614289 v _0759_/Y (sky130_fd_sc_hd__a21oi_2)
                                                         _0107_ (net)
                      0.074122    0.000074    1.614363 v _0761_/B (sky130_fd_sc_hd__nor3_2)
     1    0.002798    0.187047    0.229497    1.843860 ^ _0761_/Y (sky130_fd_sc_hd__nor3_2)
                                                         _0019_ (net)
                      0.187047    0.000029    1.843890 ^ _1459_/D (sky130_fd_sc_hd__dfrtp_2)
                                              1.843890   data arrival time

                                  0.000000    0.000000   clock CLK (rise edge)
                                  0.000000    0.000000   clock source latency
     1    0.018921    0.142429    0.101889    0.101889 ^ CLK (in)
                                                         CLK (net)
                      0.142439    0.000000    0.101889 ^ clkbuf_0_CLK/A (sky130_fd_sc_hd__clkbuf_16)
    16    0.102249    0.179542    0.368269    0.470158 ^ clkbuf_0_CLK/X (sky130_fd_sc_hd__clkbuf_16)
                                                         clknet_0_CLK (net)
                      0.179543    0.000986    0.471145 ^ clkbuf_4_9_0_CLK/A (sky130_fd_sc_hd__clkbuf_8)
     6    0.016728    0.075957    0.292565    0.763710 ^ clkbuf_4_9_0_CLK/X (sky130_fd_sc_hd__clkbuf_8)
                                                         clknet_4_9_0_CLK (net)
                      0.075958    0.000411    0.764121 ^ _1459_/CLK (sky130_fd_sc_hd__dfrtp_2)
                                  0.250000    1.014121   clock uncertainty
                                 -0.044777    0.969344   clock reconvergence pessimism
                                 -0.102550    0.866794   library hold time
                                              0.866794   data required time
---------------------------------------------------------------------------------------------
                                              0.866794   data required time
                                             -1.843890   data arrival time
---------------------------------------------------------------------------------------------
                                              0.977096   slack (MET)


Startpoint: _1418_ (rising edge-triggered flip-flop clocked by CLK)
Endpoint: _1471_ (rising edge-triggered flip-flop clocked by CLK)
Path Group: CLK
Path Type: min

Fanout         Cap        Slew       Delay        Time   Description
---------------------------------------------------------------------------------------------
                                  0.000000    0.000000   clock CLK (rise edge)
                                  0.000000    0.000000   clock source latency
     1    0.018921    0.142429    0.092186    0.092186 ^ CLK (in)
                                                         CLK (net)
                      0.142439    0.000000    0.092186 ^ clkbuf_0_CLK/A (sky130_fd_sc_hd__clkbuf_16)
    16    0.102249    0.179542    0.333196    0.425381 ^ clkbuf_0_CLK/X (sky130_fd_sc_hd__clkbuf_16)
                                                         clknet_0_CLK (net)
                      0.179567    0.002077    0.427459 ^ clkbuf_4_3_0_CLK/A (sky130_fd_sc_hd__clkbuf_8)
     6    0.017765    0.078316    0.267009    0.694467 ^ clkbuf_4_3_0_CLK/X (sky130_fd_sc_hd__clkbuf_8)
                                                         clknet_4_3_0_CLK (net)
                      0.078316    0.000076    0.694543 ^ _1418_/CLK (sky130_fd_sc_hd__dfrtp_2)
     7    0.029136    0.187000    0.895682    1.590226 v _1418_/Q (sky130_fd_sc_hd__dfrtp_2)
                                                         hall.hall_active[2] (net)
                      0.187001    0.000901    1.591127 v _1316_/B1 (sky130_fd_sc_hd__o211a_2)
     1    0.002974    0.044647    0.278870    1.869997 v _1316_/X (sky130_fd_sc_hd__o211a_2)
                                                         _0009_ (net)
                      0.044647    0.000024    1.870021 v _1471_/D (sky130_fd_sc_hd__dfrtp_2)
                                              1.870021   data arrival time

                                  0.000000    0.000000   clock CLK (rise edge)
                                  0.000000    0.000000   clock source latency
     1    0.018921    0.142429    0.101889    0.101889 ^ CLK (in)
                                                         CLK (net)
                      0.142439    0.000000    0.101889 ^ clkbuf_0_CLK/A (sky130_fd_sc_hd__clkbuf_16)
    16    0.102249    0.179542    0.368269    0.470158 ^ clkbuf_0_CLK/X (sky130_fd_sc_hd__clkbuf_16)
                                                         clknet_0_CLK (net)
                      0.179543    0.001033    0.471191 ^ clkbuf_4_8_0_CLK/A (sky130_fd_sc_hd__clkbuf_8)
     5    0.013699    0.069341    0.285372    0.756563 ^ clkbuf_4_8_0_CLK/X (sky130_fd_sc_hd__clkbuf_8)
                                                         clknet_4_8_0_CLK (net)
                      0.069341    0.000088    0.756651 ^ _1471_/CLK (sky130_fd_sc_hd__dfrtp_2)
                                  0.250000    1.006651   clock uncertainty
                                 -0.044777    0.961874   clock reconvergence pessimism
                                 -0.080525    0.881348   library hold time
                                              0.881348   data required time
---------------------------------------------------------------------------------------------
                                              0.881348   data required time
                                             -1.870021   data arrival time
---------------------------------------------------------------------------------------------
                                              0.988673   slack (MET)


Startpoint: _1418_ (rising edge-triggered flip-flop clocked by CLK)
Endpoint: _1473_ (rising edge-triggered flip-flop clocked by CLK)
Path Group: CLK
Path Type: min

Fanout         Cap        Slew       Delay        Time   Description
---------------------------------------------------------------------------------------------
                                  0.000000    0.000000   clock CLK (rise edge)
                                  0.000000    0.000000   clock source latency
     1    0.018921    0.142429    0.092186    0.092186 ^ CLK (in)
                                                         CLK (net)
                      0.142439    0.000000    0.092186 ^ clkbuf_0_CLK/A (sky130_fd_sc_hd__clkbuf_16)
    16    0.102249    0.179542    0.333196    0.425381 ^ clkbuf_0_CLK/X (sky130_fd_sc_hd__clkbuf_16)
                                                         clknet_0_CLK (net)
                      0.179567    0.002077    0.427459 ^ clkbuf_4_3_0_CLK/A (sky130_fd_sc_hd__clkbuf_8)
     6    0.017765    0.078316    0.267009    0.694467 ^ clkbuf_4_3_0_CLK/X (sky130_fd_sc_hd__clkbuf_8)
                                                         clknet_4_3_0_CLK (net)
                      0.078316    0.000076    0.694543 ^ _1418_/CLK (sky130_fd_sc_hd__dfrtp_2)
     7    0.030310    0.254365    0.812812    1.507355 ^ _1418_/Q (sky130_fd_sc_hd__dfrtp_2)
                                                         hall.hall_active[2] (net)
                      0.254365    0.000915    1.508270 ^ _1307_/A (sky130_fd_sc_hd__nor2_2)
     4    0.014325    0.072627    0.174183    1.682453 v _1307_/Y (sky130_fd_sc_hd__nor2_2)
                                                         _0650_ (net)
                      0.072628    0.000402    1.682855 v _1327_/C1 (sky130_fd_sc_hd__o211a_2)
     1    0.003143    0.045429    0.198918    1.881773 v _1327_/X (sky130_fd_sc_hd__o211a_2)
                                                         _0007_ (net)
                      0.045429    0.000038    1.881811 v _1473_/D (sky130_fd_sc_hd__dfrtp_2)
                                              1.881811   data arrival time

                                  0.000000    0.000000   clock CLK (rise edge)
                                  0.000000    0.000000   clock source latency
     1    0.018921    0.142429    0.101889    0.101889 ^ CLK (in)
                                                         CLK (net)
                      0.142439    0.000000    0.101889 ^ clkbuf_0_CLK/A (sky130_fd_sc_hd__clkbuf_16)
    16    0.102249    0.179542    0.368269    0.470158 ^ clkbuf_0_CLK/X (sky130_fd_sc_hd__clkbuf_16)
                                                         clknet_0_CLK (net)
                      0.179557    0.001910    0.472069 ^ clkbuf_4_10_0_CLK/A (sky130_fd_sc_hd__clkbuf_8)
     6    0.017324    0.077315    0.294065    0.766133 ^ clkbuf_4_10_0_CLK/X (sky130_fd_sc_hd__clkbuf_8)
                                                         clknet_4_10_0_CLK (net)
                      0.077315    0.000109    0.766243 ^ _1473_/CLK (sky130_fd_sc_hd__dfrtp_2)
                                  0.250000    1.016243   clock uncertainty
                                 -0.044777    0.971466   clock reconvergence pessimism
                                 -0.078879    0.892587   library hold time
                                              0.892587   data required time
---------------------------------------------------------------------------------------------
                                              0.892587   data required time
                                             -1.881811   data arrival time
---------------------------------------------------------------------------------------------
                                              0.989223   slack (MET)


Startpoint: _1469_ (rising edge-triggered flip-flop clocked by CLK)
Endpoint: _1422_ (rising edge-triggered flip-flop clocked by CLK)
Path Group: CLK
Path Type: min

Fanout         Cap        Slew       Delay        Time   Description
---------------------------------------------------------------------------------------------
                                  0.000000    0.000000   clock CLK (rise edge)
                                  0.000000    0.000000   clock source latency
     1    0.018921    0.142429    0.092186    0.092186 ^ CLK (in)
                                                         CLK (net)
                      0.142439    0.000000    0.092186 ^ clkbuf_0_CLK/A (sky130_fd_sc_hd__clkbuf_16)
    16    0.102249    0.179542    0.333196    0.425381 ^ clkbuf_0_CLK/X (sky130_fd_sc_hd__clkbuf_16)
                                                         clknet_0_CLK (net)
                      0.179567    0.002077    0.427459 ^ clkbuf_4_3_0_CLK/A (sky130_fd_sc_hd__clkbuf_8)
     6    0.017765    0.078316    0.267009    0.694467 ^ clkbuf_4_3_0_CLK/X (sky130_fd_sc_hd__clkbuf_8)
                                                         clknet_4_3_0_CLK (net)
                      0.078316    0.000216    0.694683 ^ _1469_/CLK (sky130_fd_sc_hd__dfrtp_2)
     8    0.041373    0.330983    0.869242    1.563926 ^ _1469_/Q (sky130_fd_sc_hd__dfrtp_2)
                                                         hall.hall_c_pipe[1] (net)
                      0.330983    0.000387    1.564312 ^ _1379_/A1 (sky130_fd_sc_hd__mux2_1)
     1    0.003285    0.078013    0.321945    1.886258 ^ _1379_/X (sky130_fd_sc_hd__mux2_1)
                                                         _0048_ (net)
                      0.078013    0.000041    1.886299 ^ _1422_/D (sky130_fd_sc_hd__dfrtp_2)
                                              1.886299   data arrival time

                                  0.000000    0.000000   clock CLK (rise edge)
                                  0.000000    0.000000   clock source latency
     1    0.018921    0.142429    0.101889    0.101889 ^ CLK (in)
                                                         CLK (net)
                      0.142439    0.000000    0.101889 ^ clkbuf_0_CLK/A (sky130_fd_sc_hd__clkbuf_16)
    16    0.102249    0.179542    0.368269    0.470158 ^ clkbuf_0_CLK/X (sky130_fd_sc_hd__clkbuf_16)
                                                         clknet_0_CLK (net)
                      0.179570    0.002396    0.472555 ^ clkbuf_4_4_0_CLK/A (sky130_fd_sc_hd__clkbuf_8)
     6    0.017565    0.077862    0.294639    0.767194 ^ clkbuf_4_4_0_CLK/X (sky130_fd_sc_hd__clkbuf_8)
                                                         clknet_4_4_0_CLK (net)
                      0.077862    0.000147    0.767341 ^ _1422_/CLK (sky130_fd_sc_hd__dfrtp_2)
                                  0.250000    1.017341   clock uncertainty
                                 -0.044777    0.972564   clock reconvergence pessimism
                                 -0.077430    0.895134   library hold time
                                              0.895134   data required time
---------------------------------------------------------------------------------------------
                                              0.895134   data required time
                                             -1.886299   data arrival time
---------------------------------------------------------------------------------------------
                                              0.991165   slack (MET)


Startpoint: _1462_ (rising edge-triggered flip-flop clocked by CLK)
Endpoint: _1462_ (rising edge-triggered flip-flop clocked by CLK)
Path Group: CLK
Path Type: min

Fanout         Cap        Slew       Delay        Time   Description
---------------------------------------------------------------------------------------------
                                  0.000000    0.000000   clock CLK (rise edge)
                                  0.000000    0.000000   clock source latency
     1    0.018921    0.142429    0.092186    0.092186 ^ CLK (in)
                                                         CLK (net)
                      0.142439    0.000000    0.092186 ^ clkbuf_0_CLK/A (sky130_fd_sc_hd__clkbuf_16)
    16    0.102249    0.179542    0.333196    0.425381 ^ clkbuf_0_CLK/X (sky130_fd_sc_hd__clkbuf_16)
                                                         clknet_0_CLK (net)
                      0.179542    0.000845    0.426226 ^ clkbuf_4_12_0_CLK/A (sky130_fd_sc_hd__clkbuf_8)
     6    0.018149    0.079200    0.267794    0.694020 ^ clkbuf_4_12_0_CLK/X (sky130_fd_sc_hd__clkbuf_8)
                                                         clknet_4_12_0_CLK (net)
                      0.079200    0.000257    0.694277 ^ _1462_/CLK (sky130_fd_sc_hd__dfrtp_2)
     5    0.021194    0.191749    0.767101    1.461378 ^ _1462_/Q (sky130_fd_sc_hd__dfrtp_2)
                                                         pwm.pwm_counter[10] (net)
                      0.191749    0.000300    1.461678 ^ _0767_/A1 (sky130_fd_sc_hd__o211a_2)
     1    0.003087    0.079117    0.396971    1.858649 ^ _0767_/X (sky130_fd_sc_hd__o211a_2)
                                                         _0012_ (net)
                      0.079117    0.000036    1.858685 ^ _1462_/D (sky130_fd_sc_hd__dfrtp_2)
                                              1.858685   data arrival time

                                  0.000000    0.000000   clock CLK (rise edge)
                                  0.000000    0.000000   clock source latency
     1    0.018921    0.142429    0.101889    0.101889 ^ CLK (in)
                                                         CLK (net)
                      0.142439    0.000000    0.101889 ^ clkbuf_0_CLK/A (sky130_fd_sc_hd__clkbuf_16)
    16    0.102249    0.179542    0.368269    0.470158 ^ clkbuf_0_CLK/X (sky130_fd_sc_hd__clkbuf_16)
                                                         clknet_0_CLK (net)
                      0.179542    0.000934    0.471092 ^ clkbuf_4_12_0_CLK/A (sky130_fd_sc_hd__clkbuf_8)
     6    0.018149    0.079200    0.295983    0.767075 ^ clkbuf_4_12_0_CLK/X (sky130_fd_sc_hd__clkbuf_8)
                                                         clknet_4_12_0_CLK (net)
                      0.079200    0.000284    0.767359 ^ _1462_/CLK (sky130_fd_sc_hd__dfrtp_2)
                                  0.250000    1.017359   clock uncertainty
                                 -0.073082    0.944277   clock reconvergence pessimism
                                 -0.077462    0.866815   library hold time
                                              0.866815   data required time
---------------------------------------------------------------------------------------------
                                              0.866815   data required time
                                             -1.858685   data arrival time
---------------------------------------------------------------------------------------------
                                              0.991869   slack (MET)


Startpoint: _1438_ (rising edge-triggered flip-flop clocked by CLK)
Endpoint: _1436_ (rising edge-triggered flip-flop clocked by CLK)
Path Group: CLK
Path Type: min

Fanout         Cap        Slew       Delay        Time   Description
---------------------------------------------------------------------------------------------
                                  0.000000    0.000000   clock CLK (rise edge)
                                  0.000000    0.000000   clock source latency
     1    0.018921    0.142429    0.092186    0.092186 ^ CLK (in)
                                                         CLK (net)
                      0.142439    0.000000    0.092186 ^ clkbuf_0_CLK/A (sky130_fd_sc_hd__clkbuf_16)
    16    0.102249    0.179542    0.333196    0.425381 ^ clkbuf_0_CLK/X (sky130_fd_sc_hd__clkbuf_16)
                                                         clknet_0_CLK (net)
                      0.179569    0.002138    0.427519 ^ clkbuf_4_2_0_CLK/A (sky130_fd_sc_hd__clkbuf_8)
     6    0.018780    0.080637    0.269202    0.696721 ^ clkbuf_4_2_0_CLK/X (sky130_fd_sc_hd__clkbuf_8)
                                                         clknet_4_2_0_CLK (net)
                      0.080637    0.000249    0.696970 ^ _1438_/CLK (sky130_fd_sc_hd__dfrtp_2)
     3    0.009214    0.112889    0.693596    1.390566 ^ _1438_/Q (sky130_fd_sc_hd__dfrtp_2)
                                                         control.state[3] (net)
                      0.112889    0.000072    1.390639 ^ _0741_/B (sky130_fd_sc_hd__or3b_2)
     1    0.001876    0.044523    0.182543    1.573181 ^ _0741_/X (sky130_fd_sc_hd__or3b_2)
                                                         _0096_ (net)
                      0.044523    0.000015    1.573196 ^ _0742_/C (sky130_fd_sc_hd__and3b_2)
     1    0.003005    0.081563    0.337072    1.910269 ^ _0742_/X (sky130_fd_sc_hd__and3b_2)
                                                         _0000_ (net)
                      0.081563    0.000028    1.910296 ^ _1436_/D (sky130_fd_sc_hd__dfstp_2)
                                              1.910296   data arrival time

                                  0.000000    0.000000   clock CLK (rise edge)
                                  0.000000    0.000000   clock source latency
     1    0.018921    0.142429    0.101889    0.101889 ^ CLK (in)
                                                         CLK (net)
                      0.142439    0.000000    0.101889 ^ clkbuf_0_CLK/A (sky130_fd_sc_hd__clkbuf_16)
    16    0.102249    0.179542    0.368269    0.470158 ^ clkbuf_0_CLK/X (sky130_fd_sc_hd__clkbuf_16)
                                                         clknet_0_CLK (net)
                      0.179543    0.001033    0.471191 ^ clkbuf_4_8_0_CLK/A (sky130_fd_sc_hd__clkbuf_8)
     5    0.013699    0.069341    0.285372    0.756563 ^ clkbuf_4_8_0_CLK/X (sky130_fd_sc_hd__clkbuf_8)
                                                         clknet_4_8_0_CLK (net)
                      0.069365    0.000185    0.756748 ^ _1436_/CLK (sky130_fd_sc_hd__dfstp_2)
                                  0.250000    1.006748   clock uncertainty
                                 -0.044777    0.961971   clock reconvergence pessimism
                                 -0.065900    0.896071   library hold time
                                              0.896071   data required time
---------------------------------------------------------------------------------------------
                                              0.896071   data required time
                                             -1.910296   data arrival time
---------------------------------------------------------------------------------------------
                                              1.014225   slack (MET)


Startpoint: _1418_ (rising edge-triggered flip-flop clocked by CLK)
Endpoint: _1470_ (rising edge-triggered flip-flop clocked by CLK)
Path Group: CLK
Path Type: min

Fanout         Cap        Slew       Delay        Time   Description
---------------------------------------------------------------------------------------------
                                  0.000000    0.000000   clock CLK (rise edge)
                                  0.000000    0.000000   clock source latency
     1    0.018921    0.142429    0.092186    0.092186 ^ CLK (in)
                                                         CLK (net)
                      0.142439    0.000000    0.092186 ^ clkbuf_0_CLK/A (sky130_fd_sc_hd__clkbuf_16)
    16    0.102249    0.179542    0.333196    0.425381 ^ clkbuf_0_CLK/X (sky130_fd_sc_hd__clkbuf_16)
                                                         clknet_0_CLK (net)
                      0.179567    0.002077    0.427459 ^ clkbuf_4_3_0_CLK/A (sky130_fd_sc_hd__clkbuf_8)
     6    0.017765    0.078316    0.267009    0.694467 ^ clkbuf_4_3_0_CLK/X (sky130_fd_sc_hd__clkbuf_8)
                                                         clknet_4_3_0_CLK (net)
                      0.078316    0.000076    0.694543 ^ _1418_/CLK (sky130_fd_sc_hd__dfrtp_2)
     7    0.030310    0.254365    0.812812    1.507355 ^ _1418_/Q (sky130_fd_sc_hd__dfrtp_2)
                                                         hall.hall_active[2] (net)
                      0.254365    0.000915    1.508270 ^ _1307_/A (sky130_fd_sc_hd__nor2_2)
     4    0.014325    0.072627    0.174183    1.682453 v _1307_/Y (sky130_fd_sc_hd__nor2_2)
                                                         _0650_ (net)
                      0.072627    0.000235    1.682688 v _1317_/D1 (sky130_fd_sc_hd__o2111a_2)
     1    0.002821    0.047775    0.216876    1.899564 v _1317_/X (sky130_fd_sc_hd__o2111a_2)
                                                         _0008_ (net)
                      0.047775    0.000030    1.899594 v _1470_/D (sky130_fd_sc_hd__dfrtp_2)
                                              1.899594   data arrival time

                                  0.000000    0.000000   clock CLK (rise edge)
                                  0.000000    0.000000   clock source latency
     1    0.018921    0.142429    0.101889    0.101889 ^ CLK (in)
                                                         CLK (net)
                      0.142439    0.000000    0.101889 ^ clkbuf_0_CLK/A (sky130_fd_sc_hd__clkbuf_16)
    16    0.102249    0.179542    0.368269    0.470158 ^ clkbuf_0_CLK/X (sky130_fd_sc_hd__clkbuf_16)
                                                         clknet_0_CLK (net)
                      0.179543    0.001033    0.471191 ^ clkbuf_4_8_0_CLK/A (sky130_fd_sc_hd__clkbuf_8)
     5    0.013699    0.069341    0.285372    0.756563 ^ clkbuf_4_8_0_CLK/X (sky130_fd_sc_hd__clkbuf_8)
                                                         clknet_4_8_0_CLK (net)
                      0.069341    0.000095    0.756658 ^ _1470_/CLK (sky130_fd_sc_hd__dfrtp_2)
                                  0.250000    1.006658   clock uncertainty
                                 -0.044777    0.961881   clock reconvergence pessimism
                                 -0.081671    0.880210   library hold time
                                              0.880210   data required time
---------------------------------------------------------------------------------------------
                                              0.880210   data required time
                                             -1.899594   data arrival time
---------------------------------------------------------------------------------------------
                                              1.019384   slack (MET)


Startpoint: _1399_ (rising edge-triggered flip-flop clocked by CLK)
Endpoint: _1400_ (rising edge-triggered flip-flop clocked by CLK)
Path Group: CLK
Path Type: min

Fanout         Cap        Slew       Delay        Time   Description
---------------------------------------------------------------------------------------------
                                  0.000000    0.000000   clock CLK (rise edge)
                                  0.000000    0.000000   clock source latency
     1    0.018921    0.142429    0.092186    0.092186 ^ CLK (in)
                                                         CLK (net)
                      0.142439    0.000000    0.092186 ^ clkbuf_0_CLK/A (sky130_fd_sc_hd__clkbuf_16)
    16    0.102249    0.179542    0.333196    0.425381 ^ clkbuf_0_CLK/X (sky130_fd_sc_hd__clkbuf_16)
                                                         clknet_0_CLK (net)
                      0.179554    0.001602    0.426983 ^ clkbuf_4_14_0_CLK/A (sky130_fd_sc_hd__clkbuf_8)
     6    0.017613    0.077970    0.266676    0.693659 ^ clkbuf_4_14_0_CLK/X (sky130_fd_sc_hd__clkbuf_8)
                                                         clknet_4_14_0_CLK (net)
                      0.077970    0.000146    0.693805 ^ _1399_/CLK (sky130_fd_sc_hd__dfrtp_2)
     3    0.005679    0.093190    0.669448    1.363254 ^ _1399_/Q (sky130_fd_sc_hd__dfrtp_2)
                                                         gates.phase_a.dead_count[2] (net)
                      0.093190    0.000029    1.363282 ^ _1343_/A (sky130_fd_sc_hd__or2_2)
     3    0.014793    0.135637    0.244959    1.608241 ^ _1343_/X (sky130_fd_sc_hd__or2_2)
                                                         _0678_ (net)
                      0.135637    0.000303    1.608544 ^ _1346_/B (sky130_fd_sc_hd__nand2_2)
     1    0.004927    0.065995    0.120708    1.729252 v _1346_/Y (sky130_fd_sc_hd__nand2_2)
                                                         _0680_ (net)
                      0.065995    0.000040    1.729292 v _1347_/A2 (sky130_fd_sc_hd__a21oi_2)
     1    0.004159    0.135104    0.208960    1.938252 ^ _1347_/Y (sky130_fd_sc_hd__a21oi_2)
                                                         _0026_ (net)
                      0.135104    0.000065    1.938317 ^ _1400_/D (sky130_fd_sc_hd__dfrtp_2)
                                              1.938317   data arrival time

                                  0.000000    0.000000   clock CLK (rise edge)
                                  0.000000    0.000000   clock source latency
     1    0.018921    0.142429    0.101889    0.101889 ^ CLK (in)
                                                         CLK (net)
                      0.142439    0.000000    0.101889 ^ clkbuf_0_CLK/A (sky130_fd_sc_hd__clkbuf_16)
    16    0.102249    0.179542    0.368269    0.470158 ^ clkbuf_0_CLK/X (sky130_fd_sc_hd__clkbuf_16)
                                                         clknet_0_CLK (net)
                      0.179553    0.001736    0.471895 ^ clkbuf_4_15_0_CLK/A (sky130_fd_sc_hd__clkbuf_8)
     6    0.015079    0.072320    0.288684    0.760579 ^ clkbuf_4_15_0_CLK/X (sky130_fd_sc_hd__clkbuf_8)
                                                         clknet_4_15_0_CLK (net)
                      0.072320    0.000161    0.760740 ^ _1400_/CLK (sky130_fd_sc_hd__dfrtp_2)
                                  0.250000    1.010740   clock uncertainty
                                 -0.044777    0.965963   clock reconvergence pessimism
                                 -0.091330    0.874633   library hold time
                                              0.874633   data required time
---------------------------------------------------------------------------------------------
                                              0.874633   data required time
                                             -1.938317   data arrival time
---------------------------------------------------------------------------------------------
                                              1.063684   slack (MET)


Startpoint: _1438_ (rising edge-triggered flip-flop clocked by CLK)
Endpoint: _1439_ (rising edge-triggered flip-flop clocked by CLK)
Path Group: CLK
Path Type: min

Fanout         Cap        Slew       Delay        Time   Description
---------------------------------------------------------------------------------------------
                                  0.000000    0.000000   clock CLK (rise edge)
                                  0.000000    0.000000   clock source latency
     1    0.018921    0.142429    0.092186    0.092186 ^ CLK (in)
                                                         CLK (net)
                      0.142439    0.000000    0.092186 ^ clkbuf_0_CLK/A (sky130_fd_sc_hd__clkbuf_16)
    16    0.102249    0.179542    0.333196    0.425381 ^ clkbuf_0_CLK/X (sky130_fd_sc_hd__clkbuf_16)
                                                         clknet_0_CLK (net)
                      0.179569    0.002138    0.427519 ^ clkbuf_4_2_0_CLK/A (sky130_fd_sc_hd__clkbuf_8)
     6    0.018780    0.080637    0.269202    0.696721 ^ clkbuf_4_2_0_CLK/X (sky130_fd_sc_hd__clkbuf_8)
                                                         clknet_4_2_0_CLK (net)
                      0.080637    0.000249    0.696970 ^ _1438_/CLK (sky130_fd_sc_hd__dfrtp_2)
     3    0.009214    0.112889    0.693596    1.390566 ^ _1438_/Q (sky130_fd_sc_hd__dfrtp_2)
                                                         control.state[3] (net)
                      0.112889    0.000104    1.390670 ^ _0722_/A2 (sky130_fd_sc_hd__o211a_2)
     2    0.007964    0.118209    0.388039    1.778709 ^ _0722_/X (sky130_fd_sc_hd__o211a_2)
                                                         _0080_ (net)
                      0.118209    0.000065    1.778774 ^ _0723_/B1 (sky130_fd_sc_hd__a21oi_2)
     1    0.006460    0.051521    0.082023    1.860797 v _0723_/Y (sky130_fd_sc_hd__a21oi_2)
                                                         _0081_ (net)
                      0.051521    0.000103    1.860901 v _0724_/B (sky130_fd_sc_hd__nor2_2)
     1    0.002154    0.091443    0.098753    1.959653 ^ _0724_/Y (sky130_fd_sc_hd__nor2_2)
                                                         _0003_ (net)
                      0.091443    0.000009    1.959662 ^ _1439_/D (sky130_fd_sc_hd__dfrtp_2)
                                              1.959662   data arrival time

                                  0.000000    0.000000   clock CLK (rise edge)
                                  0.000000    0.000000   clock source latency
     1    0.018921    0.142429    0.101889    0.101889 ^ CLK (in)
                                                         CLK (net)
                      0.142439    0.000000    0.101889 ^ clkbuf_0_CLK/A (sky130_fd_sc_hd__clkbuf_16)
    16    0.102249    0.179542    0.368269    0.470158 ^ clkbuf_0_CLK/X (sky130_fd_sc_hd__clkbuf_16)
                                                         clknet_0_CLK (net)
                      0.179543    0.000986    0.471145 ^ clkbuf_4_9_0_CLK/A (sky130_fd_sc_hd__clkbuf_8)
     6    0.016728    0.075957    0.292565    0.763710 ^ clkbuf_4_9_0_CLK/X (sky130_fd_sc_hd__clkbuf_8)
                                                         clknet_4_9_0_CLK (net)
                      0.075957    0.000247    0.763957 ^ _1439_/CLK (sky130_fd_sc_hd__dfrtp_2)
                                  0.250000    1.013957   clock uncertainty
                                 -0.044777    0.969180   clock reconvergence pessimism
                                 -0.080798    0.888382   library hold time
                                              0.888382   data required time
---------------------------------------------------------------------------------------------
                                              0.888382   data required time
                                             -1.959662   data arrival time
---------------------------------------------------------------------------------------------
                                              1.071280   slack (MET)


Startpoint: _1406_ (rising edge-triggered flip-flop clocked by CLK)
Endpoint: _1407_ (rising edge-triggered flip-flop clocked by CLK)
Path Group: CLK
Path Type: min

Fanout         Cap        Slew       Delay        Time   Description
---------------------------------------------------------------------------------------------
                                  0.000000    0.000000   clock CLK (rise edge)
                                  0.000000    0.000000   clock source latency
     1    0.018921    0.142429    0.092186    0.092186 ^ CLK (in)
                                                         CLK (net)
                      0.142439    0.000000    0.092186 ^ clkbuf_0_CLK/A (sky130_fd_sc_hd__clkbuf_16)
    16    0.102249    0.179542    0.333196    0.425381 ^ clkbuf_0_CLK/X (sky130_fd_sc_hd__clkbuf_16)
                                                         clknet_0_CLK (net)
                      0.179556    0.001701    0.427083 ^ clkbuf_4_11_0_CLK/A (sky130_fd_sc_hd__clkbuf_8)
     6    0.015998    0.074334    0.263176    0.690258 ^ clkbuf_4_11_0_CLK/X (sky130_fd_sc_hd__clkbuf_8)
                                                         clknet_4_11_0_CLK (net)
                      0.074334    0.000139    0.690398 ^ _1406_/CLK (sky130_fd_sc_hd__dfrtp_2)
     3    0.007438    0.101288    0.679316    1.369714 ^ _1406_/Q (sky130_fd_sc_hd__dfrtp_2)
                                                         gates.phase_b.dead_count[3] (net)
                      0.101288    0.000036    1.369751 ^ _1356_/A (sky130_fd_sc_hd__or2_2)
     4    0.018100    0.159169    0.266976    1.636726 ^ _1356_/X (sky130_fd_sc_hd__or2_2)
                                                         _0684_ (net)
                      0.159169    0.000222    1.636948 ^ _1359_/B (sky130_fd_sc_hd__or2_2)
     1    0.006914    0.077550    0.228703    1.865652 ^ _1359_/X (sky130_fd_sc_hd__or2_2)
                                                         _0686_ (net)
                      0.077550    0.000111    1.865763 ^ _1361_/A1 (sky130_fd_sc_hd__a21oi_2)
     1    0.003392    0.064407    0.092697    1.958461 v _1361_/Y (sky130_fd_sc_hd__a21oi_2)
                                                         _0033_ (net)
                      0.064407    0.000046    1.958506 v _1407_/D (sky130_fd_sc_hd__dfrtp_2)
                                              1.958506   data arrival time

                                  0.000000    0.000000   clock CLK (rise edge)
                                  0.000000    0.000000   clock source latency
     1    0.018921    0.142429    0.101889    0.101889 ^ CLK (in)
                                                         CLK (net)
                      0.142439    0.000000    0.101889 ^ clkbuf_0_CLK/A (sky130_fd_sc_hd__clkbuf_16)
    16    0.102249    0.179542    0.368269    0.470158 ^ clkbuf_0_CLK/X (sky130_fd_sc_hd__clkbuf_16)
                                                         clknet_0_CLK (net)
                      0.179554    0.001770    0.471928 ^ clkbuf_4_14_0_CLK/A (sky130_fd_sc_hd__clkbuf_8)
     6    0.017613    0.077970    0.294748    0.766676 ^ clkbuf_4_14_0_CLK/X (sky130_fd_sc_hd__clkbuf_8)
                                                         clknet_4_14_0_CLK (net)
                      0.077970    0.000183    0.766859 ^ _1407_/CLK (sky130_fd_sc_hd__dfrtp_2)
                                  0.250000    1.016859   clock uncertainty
                                 -0.044777    0.972082   clock reconvergence pessimism
                                 -0.085670    0.886413   library hold time
                                              0.886413   data required time
---------------------------------------------------------------------------------------------
                                              0.886413   data required time
                                             -1.958506   data arrival time
---------------------------------------------------------------------------------------------
                                              1.072093   slack (MET)


Startpoint: _1412_ (rising edge-triggered flip-flop clocked by CLK)
Endpoint: _1413_ (rising edge-triggered flip-flop clocked by CLK)
Path Group: CLK
Path Type: min

Fanout         Cap        Slew       Delay        Time   Description
---------------------------------------------------------------------------------------------
                                  0.000000    0.000000   clock CLK (rise edge)
                                  0.000000    0.000000   clock source latency
     1    0.018921    0.142429    0.092186    0.092186 ^ CLK (in)
                                                         CLK (net)
                      0.142439    0.000000    0.092186 ^ clkbuf_0_CLK/A (sky130_fd_sc_hd__clkbuf_16)
    16    0.102249    0.179542    0.333196    0.425381 ^ clkbuf_0_CLK/X (sky130_fd_sc_hd__clkbuf_16)
                                                         clknet_0_CLK (net)
                      0.179542    0.000845    0.426226 ^ clkbuf_4_12_0_CLK/A (sky130_fd_sc_hd__clkbuf_8)
     6    0.018149    0.079200    0.267794    0.694020 ^ clkbuf_4_12_0_CLK/X (sky130_fd_sc_hd__clkbuf_8)
                                                         clknet_4_12_0_CLK (net)
                      0.079200    0.000072    0.694093 ^ _1412_/CLK (sky130_fd_sc_hd__dfrtp_2)
     3    0.007151    0.099458    0.679549    1.373641 ^ _1412_/Q (sky130_fd_sc_hd__dfrtp_2)
                                                         gates.phase_c.dead_count[3] (net)
                      0.099458    0.000086    1.373727 ^ _1368_/A (sky130_fd_sc_hd__or2_2)
     4    0.017365    0.154417    0.262159    1.635886 ^ _1368_/X (sky130_fd_sc_hd__or2_2)
                                                         _0690_ (net)
                      0.154417    0.000183    1.636068 ^ _1371_/B (sky130_fd_sc_hd__or2_2)
     1    0.006063    0.071454    0.221843    1.857911 ^ _1371_/X (sky130_fd_sc_hd__or2_2)
                                                         _0692_ (net)
                      0.071454    0.000083    1.857994 ^ _1373_/A1 (sky130_fd_sc_hd__a21oi_2)
     1    0.003053    0.062196    0.088388    1.946383 v _1373_/Y (sky130_fd_sc_hd__a21oi_2)
                                                         _0039_ (net)
                      0.062196    0.000034    1.946417 v _1413_/D (sky130_fd_sc_hd__dfrtp_2)
                                              1.946417   data arrival time

                                  0.000000    0.000000   clock CLK (rise edge)
                                  0.000000    0.000000   clock source latency
     1    0.018921    0.142429    0.101889    0.101889 ^ CLK (in)
                                                         CLK (net)
                      0.142439    0.000000    0.101889 ^ clkbuf_0_CLK/A (sky130_fd_sc_hd__clkbuf_16)
    16    0.102249    0.179542    0.368269    0.470158 ^ clkbuf_0_CLK/X (sky130_fd_sc_hd__clkbuf_16)
                                                         clknet_0_CLK (net)
                      0.179542    0.000934    0.471092 ^ clkbuf_4_12_0_CLK/A (sky130_fd_sc_hd__clkbuf_8)
     6    0.018149    0.079200    0.295983    0.767075 ^ clkbuf_4_12_0_CLK/X (sky130_fd_sc_hd__clkbuf_8)
                                                         clknet_4_12_0_CLK (net)
                      0.079200    0.000113    0.767189 ^ _1413_/CLK (sky130_fd_sc_hd__dfrtp_2)
                                  0.250000    1.017189   clock uncertainty
                                 -0.073055    0.944134   clock reconvergence pessimism
                                 -0.084562    0.859572   library hold time
                                              0.859572   data required time
---------------------------------------------------------------------------------------------
                                              0.859572   data required time
                                             -1.946417   data arrival time
---------------------------------------------------------------------------------------------
                                              1.086845   slack (MET)


Startpoint: _1404_ (rising edge-triggered flip-flop clocked by CLK)
Endpoint: _1404_ (rising edge-triggered flip-flop clocked by CLK)
Path Group: CLK
Path Type: min

Fanout         Cap        Slew       Delay        Time   Description
---------------------------------------------------------------------------------------------
                                  0.000000    0.000000   clock CLK (rise edge)
                                  0.000000    0.000000   clock source latency
     1    0.018921    0.142429    0.092186    0.092186 ^ CLK (in)
                                                         CLK (net)
                      0.142439    0.000000    0.092186 ^ clkbuf_0_CLK/A (sky130_fd_sc_hd__clkbuf_16)
    16    0.102249    0.179542    0.333196    0.425381 ^ clkbuf_0_CLK/X (sky130_fd_sc_hd__clkbuf_16)
                                                         clknet_0_CLK (net)
                      0.179557    0.001728    0.427110 ^ clkbuf_4_10_0_CLK/A (sky130_fd_sc_hd__clkbuf_8)
     6    0.017324    0.077315    0.266059    0.693168 ^ clkbuf_4_10_0_CLK/X (sky130_fd_sc_hd__clkbuf_8)
                                                         clknet_4_10_0_CLK (net)
                      0.077315    0.000174    0.693343 ^ _1404_/CLK (sky130_fd_sc_hd__dfrtp_2)
     4    0.009509    0.114869    0.694074    1.387416 ^ _1404_/Q (sky130_fd_sc_hd__dfrtp_2)
                                                         gates.phase_b.dead_count[1] (net)
                      0.114869    0.000098    1.387515 ^ _1352_/B (sky130_fd_sc_hd__or3_2)
     1    0.003946    0.055780    0.198186    1.585701 ^ _1352_/X (sky130_fd_sc_hd__or3_2)
                                                         _0682_ (net)
                      0.055780    0.000068    1.585769 ^ _1353_/B1_N (sky130_fd_sc_hd__a21bo_2)
     1    0.002201    0.054577    0.365623    1.951392 v _1353_/X (sky130_fd_sc_hd__a21bo_2)
                                                         _0030_ (net)
                      0.054577    0.000018    1.951410 v _1404_/D (sky130_fd_sc_hd__dfrtp_2)
                                              1.951410   data arrival time

                                  0.000000    0.000000   clock CLK (rise edge)
                                  0.000000    0.000000   clock source latency
     1    0.018921    0.142429    0.101889    0.101889 ^ CLK (in)
                                                         CLK (net)
                      0.142439    0.000000    0.101889 ^ clkbuf_0_CLK/A (sky130_fd_sc_hd__clkbuf_16)
    16    0.102249    0.179542    0.368269    0.470158 ^ clkbuf_0_CLK/X (sky130_fd_sc_hd__clkbuf_16)
                                                         clknet_0_CLK (net)
                      0.179557    0.001910    0.472069 ^ clkbuf_4_10_0_CLK/A (sky130_fd_sc_hd__clkbuf_8)
     6    0.017324    0.077315    0.294065    0.766133 ^ clkbuf_4_10_0_CLK/X (sky130_fd_sc_hd__clkbuf_8)
                                                         clknet_4_10_0_CLK (net)
                      0.077315    0.000193    0.766326 ^ _1404_/CLK (sky130_fd_sc_hd__dfrtp_2)
                                  0.250000    1.016326   clock uncertainty
                                 -0.072983    0.943343   clock reconvergence pessimism
                                 -0.082229    0.861114   library hold time
                                              0.861114   data required time
---------------------------------------------------------------------------------------------
                                              0.861114   data required time
                                             -1.951410   data arrival time
---------------------------------------------------------------------------------------------
                                              1.090296   slack (MET)


Startpoint: _1456_ (rising edge-triggered flip-flop clocked by CLK)
Endpoint: _1456_ (rising edge-triggered flip-flop clocked by CLK)
Path Group: CLK
Path Type: min

Fanout         Cap        Slew       Delay        Time   Description
---------------------------------------------------------------------------------------------
                                  0.000000    0.000000   clock CLK (rise edge)
                                  0.000000    0.000000   clock source latency
     1    0.018921    0.142429    0.092186    0.092186 ^ CLK (in)
                                                         CLK (net)
                      0.142439    0.000000    0.092186 ^ clkbuf_0_CLK/A (sky130_fd_sc_hd__clkbuf_16)
    16    0.102249    0.179542    0.333196    0.425381 ^ clkbuf_0_CLK/X (sky130_fd_sc_hd__clkbuf_16)
                                                         clknet_0_CLK (net)
                      0.179566    0.002046    0.427427 ^ clkbuf_4_6_0_CLK/A (sky130_fd_sc_hd__clkbuf_8)
     6    0.015574    0.073401    0.262263    0.689690 ^ clkbuf_4_6_0_CLK/X (sky130_fd_sc_hd__clkbuf_8)
                                                         clknet_4_6_0_CLK (net)
                      0.073401    0.000169    0.689859 ^ _1456_/CLK (sky130_fd_sc_hd__dfrtp_2)
     6    0.022656    0.201687    0.771953    1.461812 ^ _1456_/Q (sky130_fd_sc_hd__dfrtp_2)
                                                         pwm.pwm_counter[4] (net)
                      0.201687    0.000062    1.461874 ^ _0750_/A (sky130_fd_sc_hd__and3_2)
     3    0.008939    0.123702    0.411059    1.872932 ^ _0750_/X (sky130_fd_sc_hd__and3_2)
                                                         _0101_ (net)
                      0.123702    0.000087    1.873019 ^ _0752_/A (sky130_fd_sc_hd__nor2_2)
     1    0.002750    0.040196    0.082700    1.955719 v _0752_/Y (sky130_fd_sc_hd__nor2_2)
                                                         _0016_ (net)
                      0.040196    0.000030    1.955749 v _1456_/D (sky130_fd_sc_hd__dfrtp_2)
                                              1.955749   data arrival time

                                  0.000000    0.000000   clock CLK (rise edge)
                                  0.000000    0.000000   clock source latency
     1    0.018921    0.142429    0.101889    0.101889 ^ CLK (in)
                                                         CLK (net)
                      0.142439    0.000000    0.101889 ^ clkbuf_0_CLK/A (sky130_fd_sc_hd__clkbuf_16)
    16    0.102249    0.179542    0.368269    0.470158 ^ clkbuf_0_CLK/X (sky130_fd_sc_hd__clkbuf_16)
                                                         clknet_0_CLK (net)
                      0.179566    0.002261    0.472420 ^ clkbuf_4_6_0_CLK/A (sky130_fd_sc_hd__clkbuf_8)
     6    0.015574    0.073401    0.289870    0.762289 ^ clkbuf_4_6_0_CLK/X (sky130_fd_sc_hd__clkbuf_8)
                                                         clknet_4_6_0_CLK (net)
                      0.073401    0.000186    0.762476 ^ _1456_/CLK (sky130_fd_sc_hd__dfrtp_2)
                                  0.250000    1.012476   clock uncertainty
                                 -0.072617    0.939859   clock reconvergence pessimism
                                 -0.077911    0.861948   library hold time
                                              0.861948   data required time
---------------------------------------------------------------------------------------------
                                              0.861948   data required time
                                             -1.955749   data arrival time
---------------------------------------------------------------------------------------------
                                              1.093800   slack (MET)


Startpoint: _1439_ (rising edge-triggered flip-flop clocked by CLK)
Endpoint: _1438_ (rising edge-triggered flip-flop clocked by CLK)
Path Group: CLK
Path Type: min

Fanout         Cap        Slew       Delay        Time   Description
---------------------------------------------------------------------------------------------
                                  0.000000    0.000000   clock CLK (rise edge)
                                  0.000000    0.000000   clock source latency
     1    0.018921    0.142429    0.092186    0.092186 ^ CLK (in)
                                                         CLK (net)
                      0.142439    0.000000    0.092186 ^ clkbuf_0_CLK/A (sky130_fd_sc_hd__clkbuf_16)
    16    0.102249    0.179542    0.333196    0.425381 ^ clkbuf_0_CLK/X (sky130_fd_sc_hd__clkbuf_16)
                                                         clknet_0_CLK (net)
                      0.179543    0.000892    0.426274 ^ clkbuf_4_9_0_CLK/A (sky130_fd_sc_hd__clkbuf_8)
     6    0.016728    0.075957    0.264702    0.690976 ^ clkbuf_4_9_0_CLK/X (sky130_fd_sc_hd__clkbuf_8)
                                                         clknet_4_9_0_CLK (net)
                      0.075957    0.000224    0.691199 ^ _1439_/CLK (sky130_fd_sc_hd__dfrtp_2)
     4    0.016145    0.162054    0.736636    1.427836 ^ _1439_/Q (sky130_fd_sc_hd__dfrtp_2)
                                                         brake_active (net)
                      0.162054    0.000159    1.427994 ^ _0725_/A1 (sky130_fd_sc_hd__a21oi_2)
     2    0.010085    0.057362    0.163096    1.591090 v _0725_/Y (sky130_fd_sc_hd__a21oi_2)
                                                         _0082_ (net)
                      0.057362    0.000154    1.591244 v _0738_/A (sky130_fd_sc_hd__nand2_2)
     1    0.004374    0.055866    0.077249    1.668493 ^ _0738_/Y (sky130_fd_sc_hd__nand2_2)
                                                         _0095_ (net)
                      0.055866    0.000072    1.668565 ^ _0739_/C (sky130_fd_sc_hd__and3_2)
     1    0.002257    0.075249    0.325688    1.994253 ^ _0739_/X (sky130_fd_sc_hd__and3_2)
                                                         _0002_ (net)
                      0.075249    0.000020    1.994273 ^ _1438_/D (sky130_fd_sc_hd__dfrtp_2)
                                              1.994273   data arrival time

                                  0.000000    0.000000   clock CLK (rise edge)
                                  0.000000    0.000000   clock source latency
     1    0.018921    0.142429    0.101889    0.101889 ^ CLK (in)
                                                         CLK (net)
                      0.142439    0.000000    0.101889 ^ clkbuf_0_CLK/A (sky130_fd_sc_hd__clkbuf_16)
    16    0.102249    0.179542    0.368269    0.470158 ^ clkbuf_0_CLK/X (sky130_fd_sc_hd__clkbuf_16)
                                                         clknet_0_CLK (net)
                      0.179569    0.002363    0.472521 ^ clkbuf_4_2_0_CLK/A (sky130_fd_sc_hd__clkbuf_8)
     6    0.018780    0.080637    0.297539    0.770061 ^ clkbuf_4_2_0_CLK/X (sky130_fd_sc_hd__clkbuf_8)
                                                         clknet_4_2_0_CLK (net)
                      0.080637    0.000275    0.770336 ^ _1438_/CLK (sky130_fd_sc_hd__dfrtp_2)
                                  0.250000    1.020336   clock uncertainty
                                 -0.044777    0.975559   clock reconvergence pessimism
                                 -0.076346    0.899213   library hold time
                                              0.899213   data required time
---------------------------------------------------------------------------------------------
                                              0.899213   data required time
                                             -1.994273   data arrival time
---------------------------------------------------------------------------------------------
                                              1.095060   slack (MET)


Startpoint: _1472_ (rising edge-triggered flip-flop clocked by CLK)
Endpoint: _1403_ (rising edge-triggered flip-flop clocked by CLK)
Path Group: CLK
Path Type: min

Fanout         Cap        Slew       Delay        Time   Description
---------------------------------------------------------------------------------------------
                                  0.000000    0.000000   clock CLK (rise edge)
                                  0.000000    0.000000   clock source latency
     1    0.018921    0.142429    0.092186    0.092186 ^ CLK (in)
                                                         CLK (net)
                      0.142439    0.000000    0.092186 ^ clkbuf_0_CLK/A (sky130_fd_sc_hd__clkbuf_16)
    16    0.102249    0.179542    0.333196    0.425381 ^ clkbuf_0_CLK/X (sky130_fd_sc_hd__clkbuf_16)
                                                         clknet_0_CLK (net)
                      0.179557    0.001728    0.427110 ^ clkbuf_4_10_0_CLK/A (sky130_fd_sc_hd__clkbuf_8)
     6    0.017324    0.077315    0.266059    0.693168 ^ clkbuf_4_10_0_CLK/X (sky130_fd_sc_hd__clkbuf_8)
                                                         clknet_4_10_0_CLK (net)
                      0.077315    0.000114    0.693282 ^ _1472_/CLK (sky130_fd_sc_hd__dfrtp_2)
     2    0.007627    0.102491    0.681810    1.375092 ^ _1472_/Q (sky130_fd_sc_hd__dfrtp_2)
                                                         gates.gh_b (net)
                      0.102491    0.000097    1.375189 ^ _1323_/A2 (sky130_fd_sc_hd__a311o_2)
     1    0.005004    0.070091    0.364239    1.739428 ^ _1323_/X (sky130_fd_sc_hd__a311o_2)
                                                         _0664_ (net)
                      0.070091    0.000023    1.739452 ^ _1324_/B (sky130_fd_sc_hd__nor2_2)
     5    0.024163    0.107840    0.116885    1.856337 v _1324_/Y (sky130_fd_sc_hd__nor2_2)
                                                         _0665_ (net)
                      0.107873    0.000393    1.856730 v _1351_/B (sky130_fd_sc_hd__nor2_2)
     1    0.002592    0.099561    0.124297    1.981027 ^ _1351_/Y (sky130_fd_sc_hd__nor2_2)
                                                         _0029_ (net)
                      0.099561    0.000026    1.981053 ^ _1403_/D (sky130_fd_sc_hd__dfrtp_2)
                                              1.981053   data arrival time

                                  0.000000    0.000000   clock CLK (rise edge)
                                  0.000000    0.000000   clock source latency
     1    0.018921    0.142429    0.101889    0.101889 ^ CLK (in)
                                                         CLK (net)
                      0.142439    0.000000    0.101889 ^ clkbuf_0_CLK/A (sky130_fd_sc_hd__clkbuf_16)
    16    0.102249    0.179542    0.368269    0.470158 ^ clkbuf_0_CLK/X (sky130_fd_sc_hd__clkbuf_16)
                                                         clknet_0_CLK (net)
                      0.179556    0.001880    0.472039 ^ clkbuf_4_11_0_CLK/A (sky130_fd_sc_hd__clkbuf_8)
     6    0.015998    0.074334    0.290879    0.762917 ^ clkbuf_4_11_0_CLK/X (sky130_fd_sc_hd__clkbuf_8)
                                                         clknet_4_11_0_CLK (net)
                      0.074334    0.000199    0.763116 ^ _1403_/CLK (sky130_fd_sc_hd__dfrtp_2)
                                  0.250000    1.013116   clock uncertainty
                                 -0.044777    0.968339   clock reconvergence pessimism
                                 -0.082912    0.885427   library hold time
                                              0.885427   data required time
---------------------------------------------------------------------------------------------
                                              0.885427   data required time
                                             -1.981053   data arrival time
---------------------------------------------------------------------------------------------
                                              1.095626   slack (MET)


Startpoint: _1457_ (rising edge-triggered flip-flop clocked by CLK)
Endpoint: _1457_ (rising edge-triggered flip-flop clocked by CLK)
Path Group: CLK
Path Type: min

Fanout         Cap        Slew       Delay        Time   Description
---------------------------------------------------------------------------------------------
                                  0.000000    0.000000   clock CLK (rise edge)
                                  0.000000    0.000000   clock source latency
     1    0.018921    0.142429    0.092186    0.092186 ^ CLK (in)
                                                         CLK (net)
                      0.142439    0.000000    0.092186 ^ clkbuf_0_CLK/A (sky130_fd_sc_hd__clkbuf_16)
    16    0.102249    0.179542    0.333196    0.425381 ^ clkbuf_0_CLK/X (sky130_fd_sc_hd__clkbuf_16)
                                                         clknet_0_CLK (net)
                      0.179542    0.000845    0.426226 ^ clkbuf_4_12_0_CLK/A (sky130_fd_sc_hd__clkbuf_8)
     6    0.018149    0.079200    0.267794    0.694020 ^ clkbuf_4_12_0_CLK/X (sky130_fd_sc_hd__clkbuf_8)
                                                         clknet_4_12_0_CLK (net)
                      0.079201    0.000341    0.694362 ^ _1457_/CLK (sky130_fd_sc_hd__dfrtp_2)
     6    0.017869    0.172179    0.749209    1.443570 ^ _1457_/Q (sky130_fd_sc_hd__dfrtp_2)
                                                         pwm.pwm_counter[5] (net)
                      0.172179    0.000112    1.443682 ^ _0753_/A (sky130_fd_sc_hd__or2_2)
     1    0.003006    0.050344    0.211629    1.655311 ^ _0753_/X (sky130_fd_sc_hd__or2_2)
                                                         _0103_ (net)
                      0.050344    0.000037    1.655348 ^ _0756_/B (sky130_fd_sc_hd__and3_2)
     1    0.002579    0.077637    0.312881    1.968228 ^ _0756_/X (sky130_fd_sc_hd__and3_2)
                                                         _0017_ (net)
                      0.077637    0.000024    1.968252 ^ _1457_/D (sky130_fd_sc_hd__dfrtp_2)
                                              1.968252   data arrival time

                                  0.000000    0.000000   clock CLK (rise edge)
                                  0.000000    0.000000   clock source latency
     1    0.018921    0.142429    0.101889    0.101889 ^ CLK (in)
                                                         CLK (net)
                      0.142439    0.000000    0.101889 ^ clkbuf_0_CLK/A (sky130_fd_sc_hd__clkbuf_16)
    16    0.102249    0.179542    0.368269    0.470158 ^ clkbuf_0_CLK/X (sky130_fd_sc_hd__clkbuf_16)
                                                         clknet_0_CLK (net)
                      0.179542    0.000934    0.471092 ^ clkbuf_4_12_0_CLK/A (sky130_fd_sc_hd__clkbuf_8)
     6    0.018149    0.079200    0.295983    0.767075 ^ clkbuf_4_12_0_CLK/X (sky130_fd_sc_hd__clkbuf_8)
                                                         clknet_4_12_0_CLK (net)
                      0.079201    0.000377    0.767452 ^ _1457_/CLK (sky130_fd_sc_hd__dfrtp_2)
                                  0.250000    1.017452   clock uncertainty
                                 -0.073091    0.944362   clock reconvergence pessimism
                                 -0.077125    0.867237   library hold time
                                              0.867237   data required time
---------------------------------------------------------------------------------------------
                                              0.867237   data required time
                                             -1.968252   data arrival time
---------------------------------------------------------------------------------------------
                                              1.101016   slack (MET)


Startpoint: _1470_ (rising edge-triggered flip-flop clocked by CLK)
Endpoint: _1409_ (rising edge-triggered flip-flop clocked by CLK)
Path Group: CLK
Path Type: min

Fanout         Cap        Slew       Delay        Time   Description
---------------------------------------------------------------------------------------------
                                  0.000000    0.000000   clock CLK (rise edge)
                                  0.000000    0.000000   clock source latency
     1    0.018921    0.142429    0.092186    0.092186 ^ CLK (in)
                                                         CLK (net)
                      0.142439    0.000000    0.092186 ^ clkbuf_0_CLK/A (sky130_fd_sc_hd__clkbuf_16)
    16    0.102249    0.179542    0.333196    0.425381 ^ clkbuf_0_CLK/X (sky130_fd_sc_hd__clkbuf_16)
                                                         clknet_0_CLK (net)
                      0.179543    0.000934    0.426316 ^ clkbuf_4_8_0_CLK/A (sky130_fd_sc_hd__clkbuf_8)
     5    0.013699    0.069341    0.258194    0.684509 ^ clkbuf_4_8_0_CLK/X (sky130_fd_sc_hd__clkbuf_8)
                                                         clknet_4_8_0_CLK (net)
                      0.069341    0.000086    0.684595 ^ _1470_/CLK (sky130_fd_sc_hd__dfrtp_2)
     2    0.007097    0.099139    0.674924    1.359519 ^ _1470_/Q (sky130_fd_sc_hd__dfrtp_2)
                                                         gates.gh_c (net)
                      0.099139    0.000068    1.359587 ^ _1312_/A2 (sky130_fd_sc_hd__a311o_2)
     1    0.005652    0.074949    0.368837    1.728424 ^ _1312_/X (sky130_fd_sc_hd__a311o_2)
                                                         _0655_ (net)
                      0.074949    0.000061    1.728485 ^ _1313_/B (sky130_fd_sc_hd__nor2_2)
     5    0.023058    0.103375    0.116003    1.844489 v _1313_/Y (sky130_fd_sc_hd__nor2_2)
                                                         _0656_ (net)
                      0.103375    0.000178    1.844667 v _1363_/B (sky130_fd_sc_hd__nor2_2)
     1    0.003887    0.118681    0.138365    1.983032 ^ _1363_/Y (sky130_fd_sc_hd__nor2_2)
                                                         _0035_ (net)
                      0.118681    0.000059    1.983091 ^ _1409_/D (sky130_fd_sc_hd__dfrtp_2)
                                              1.983091   data arrival time

                                  0.000000    0.000000   clock CLK (rise edge)
                                  0.000000    0.000000   clock source latency
     1    0.018921    0.142429    0.101889    0.101889 ^ CLK (in)
                                                         CLK (net)
                      0.142439    0.000000    0.101889 ^ clkbuf_0_CLK/A (sky130_fd_sc_hd__clkbuf_16)
    16    0.102249    0.179542    0.368269    0.470158 ^ clkbuf_0_CLK/X (sky130_fd_sc_hd__clkbuf_16)
                                                         clknet_0_CLK (net)
                      0.179545    0.001238    0.471396 ^ clkbuf_4_13_0_CLK/A (sky130_fd_sc_hd__clkbuf_8)
     6    0.016133    0.074633    0.291202    0.762599 ^ clkbuf_4_13_0_CLK/X (sky130_fd_sc_hd__clkbuf_8)
                                                         clknet_4_13_0_CLK (net)
                      0.074633    0.000084    0.762682 ^ _1409_/CLK (sky130_fd_sc_hd__dfrtp_2)
                                  0.250000    1.012682   clock uncertainty
                                 -0.044777    0.967905   clock reconvergence pessimism
                                 -0.087213    0.880692   library hold time
                                              0.880692   data required time
---------------------------------------------------------------------------------------------
                                              0.880692   data required time
                                             -1.983091   data arrival time
---------------------------------------------------------------------------------------------
                                              1.102399   slack (MET)


Startpoint: _1410_ (rising edge-triggered flip-flop clocked by CLK)
Endpoint: _1410_ (rising edge-triggered flip-flop clocked by CLK)
Path Group: CLK
Path Type: min

Fanout         Cap        Slew       Delay        Time   Description
---------------------------------------------------------------------------------------------
                                  0.000000    0.000000   clock CLK (rise edge)
                                  0.000000    0.000000   clock source latency
     1    0.018921    0.142429    0.092186    0.092186 ^ CLK (in)
                                                         CLK (net)
                      0.142439    0.000000    0.092186 ^ clkbuf_0_CLK/A (sky130_fd_sc_hd__clkbuf_16)
    16    0.102249    0.179542    0.333196    0.425381 ^ clkbuf_0_CLK/X (sky130_fd_sc_hd__clkbuf_16)
                                                         clknet_0_CLK (net)
                      0.179545    0.001120    0.426502 ^ clkbuf_4_13_0_CLK/A (sky130_fd_sc_hd__clkbuf_8)
     6    0.016133    0.074633    0.263469    0.689970 ^ clkbuf_4_13_0_CLK/X (sky130_fd_sc_hd__clkbuf_8)
                                                         clknet_4_13_0_CLK (net)
                      0.074633    0.000115    0.690085 ^ _1410_/CLK (sky130_fd_sc_hd__dfrtp_2)
     5    0.014115    0.147322    0.722825    1.412910 ^ _1410_/Q (sky130_fd_sc_hd__dfrtp_2)
                                                         gates.phase_c.dead_count[1] (net)
                      0.147322    0.000161    1.413070 ^ _1364_/B (sky130_fd_sc_hd__or3_2)
     1    0.001743    0.041483    0.197711    1.610782 ^ _1364_/X (sky130_fd_sc_hd__or3_2)
                                                         _0688_ (net)
                      0.041483    0.000015    1.610797 ^ _1365_/B1_N (sky130_fd_sc_hd__a21bo_2)
     1    0.002563    0.056208    0.362262    1.973059 v _1365_/X (sky130_fd_sc_hd__a21bo_2)
                                                         _0036_ (net)
                      0.056208    0.000025    1.973084 v _1410_/D (sky130_fd_sc_hd__dfrtp_2)
                                              1.973084   data arrival time

                                  0.000000    0.000000   clock CLK (rise edge)
                                  0.000000    0.000000   clock source latency
     1    0.018921    0.142429    0.101889    0.101889 ^ CLK (in)
                                                         CLK (net)
                      0.142439    0.000000    0.101889 ^ clkbuf_0_CLK/A (sky130_fd_sc_hd__clkbuf_16)
    16    0.102249    0.179542    0.368269    0.470158 ^ clkbuf_0_CLK/X (sky130_fd_sc_hd__clkbuf_16)
                                                         clknet_0_CLK (net)
                      0.179545    0.001238    0.471396 ^ clkbuf_4_13_0_CLK/A (sky130_fd_sc_hd__clkbuf_8)
     6    0.016133    0.074633    0.291202    0.762599 ^ clkbuf_4_13_0_CLK/X (sky130_fd_sc_hd__clkbuf_8)
                                                         clknet_4_13_0_CLK (net)
                      0.074633    0.000127    0.762725 ^ _1410_/CLK (sky130_fd_sc_hd__dfrtp_2)
                                  0.250000    1.012725   clock uncertainty
                                 -0.072641    0.940085   clock reconvergence pessimism
                                 -0.083476    0.856609   library hold time
                                              0.856609   data required time
---------------------------------------------------------------------------------------------
                                              0.856609   data required time
                                             -1.973084   data arrival time
---------------------------------------------------------------------------------------------
                                              1.116475   slack (MET)


Startpoint: _1461_ (rising edge-triggered flip-flop clocked by CLK)
Endpoint: _1461_ (rising edge-triggered flip-flop clocked by CLK)
Path Group: CLK
Path Type: min

Fanout         Cap        Slew       Delay        Time   Description
---------------------------------------------------------------------------------------------
                                  0.000000    0.000000   clock CLK (rise edge)
                                  0.000000    0.000000   clock source latency
     1    0.018921    0.142429    0.092186    0.092186 ^ CLK (in)
                                                         CLK (net)
                      0.142439    0.000000    0.092186 ^ clkbuf_0_CLK/A (sky130_fd_sc_hd__clkbuf_16)
    16    0.102249    0.179542    0.333196    0.425381 ^ clkbuf_0_CLK/X (sky130_fd_sc_hd__clkbuf_16)
                                                         clknet_0_CLK (net)
                      0.179543    0.000892    0.426274 ^ clkbuf_4_9_0_CLK/A (sky130_fd_sc_hd__clkbuf_8)
     6    0.016728    0.075957    0.264702    0.690976 ^ clkbuf_4_9_0_CLK/X (sky130_fd_sc_hd__clkbuf_8)
                                                         clknet_4_9_0_CLK (net)
                      0.075957    0.000326    0.691301 ^ _1461_/CLK (sky130_fd_sc_hd__dfrtp_2)
     7    0.026270    0.226426    0.791536    1.482837 ^ _1461_/Q (sky130_fd_sc_hd__dfrtp_2)
                                                         pwm.pwm_counter[9] (net)
                      0.226426    0.000153    1.482990 ^ _0763_/A (sky130_fd_sc_hd__and3_2)
     2    0.010616    0.135681    0.432353    1.915344 ^ _0763_/X (sky130_fd_sc_hd__and3_2)
                                                         _0109_ (net)
                      0.135681    0.000195    1.915539 ^ _0765_/A (sky130_fd_sc_hd__nor2_2)
     1    0.002963    0.035368    0.087886    2.003425 v _0765_/Y (sky130_fd_sc_hd__nor2_2)
                                                         _0021_ (net)
                      0.035368    0.000035    2.003460 v _1461_/D (sky130_fd_sc_hd__dfrtp_2)
                                              2.003460   data arrival time

                                  0.000000    0.000000   clock CLK (rise edge)
                                  0.000000    0.000000   clock source latency
     1    0.018921    0.142429    0.101889    0.101889 ^ CLK (in)
                                                         CLK (net)
                      0.142439    0.000000    0.101889 ^ clkbuf_0_CLK/A (sky130_fd_sc_hd__clkbuf_16)
    16    0.102249    0.179542    0.368269    0.470158 ^ clkbuf_0_CLK/X (sky130_fd_sc_hd__clkbuf_16)
                                                         clknet_0_CLK (net)
                      0.179543    0.000986    0.471145 ^ clkbuf_4_9_0_CLK/A (sky130_fd_sc_hd__clkbuf_8)
     6    0.016728    0.075957    0.292565    0.763710 ^ clkbuf_4_9_0_CLK/X (sky130_fd_sc_hd__clkbuf_8)
                                                         clknet_4_9_0_CLK (net)
                      0.075957    0.000360    0.764070 ^ _1461_/CLK (sky130_fd_sc_hd__dfrtp_2)
                                  0.250000    1.014070   clock uncertainty
                                 -0.072769    0.941302   clock reconvergence pessimism
                                 -0.075523    0.865778   library hold time
                                              0.865778   data required time
---------------------------------------------------------------------------------------------
                                              0.865778   data required time
                                             -2.003460   data arrival time
---------------------------------------------------------------------------------------------
                                              1.137682   slack (MET)


Startpoint: _1399_ (rising edge-triggered flip-flop clocked by CLK)
Endpoint: _1401_ (rising edge-triggered flip-flop clocked by CLK)
Path Group: CLK
Path Type: min

Fanout         Cap        Slew       Delay        Time   Description
---------------------------------------------------------------------------------------------
                                  0.000000    0.000000   clock CLK (rise edge)
                                  0.000000    0.000000   clock source latency
     1    0.018921    0.142429    0.092186    0.092186 ^ CLK (in)
                                                         CLK (net)
                      0.142439    0.000000    0.092186 ^ clkbuf_0_CLK/A (sky130_fd_sc_hd__clkbuf_16)
    16    0.102249    0.179542    0.333196    0.425381 ^ clkbuf_0_CLK/X (sky130_fd_sc_hd__clkbuf_16)
                                                         clknet_0_CLK (net)
                      0.179554    0.001602    0.426983 ^ clkbuf_4_14_0_CLK/A (sky130_fd_sc_hd__clkbuf_8)
     6    0.017613    0.077970    0.266676    0.693659 ^ clkbuf_4_14_0_CLK/X (sky130_fd_sc_hd__clkbuf_8)
                                                         clknet_4_14_0_CLK (net)
                      0.077970    0.000146    0.693805 ^ _1399_/CLK (sky130_fd_sc_hd__dfrtp_2)
     3    0.005679    0.093190    0.669448    1.363254 ^ _1399_/Q (sky130_fd_sc_hd__dfrtp_2)
                                                         gates.phase_a.dead_count[2] (net)
                      0.093190    0.000029    1.363282 ^ _1343_/A (sky130_fd_sc_hd__or2_2)
     3    0.014793    0.135637    0.244959    1.608241 ^ _1343_/X (sky130_fd_sc_hd__or2_2)
                                                         _0678_ (net)
                      0.135637    0.000313    1.608553 ^ _1345_/B (sky130_fd_sc_hd__or2_2)
     3    0.016896    0.151398    0.273986    1.882539 ^ _1345_/X (sky130_fd_sc_hd__or2_2)
                                                         _0679_ (net)
                      0.151398    0.000116    1.882655 ^ _1349_/A3 (sky130_fd_sc_hd__o31ai_2)
     1    0.002290    0.050928    0.122228    2.004883 v _1349_/Y (sky130_fd_sc_hd__o31ai_2)
                                                         _0027_ (net)
                      0.050928    0.000020    2.004903 v _1401_/D (sky130_fd_sc_hd__dfrtp_2)
                                              2.004903   data arrival time

                                  0.000000    0.000000   clock CLK (rise edge)
                                  0.000000    0.000000   clock source latency
     1    0.018921    0.142429    0.101889    0.101889 ^ CLK (in)
                                                         CLK (net)
                      0.142439    0.000000    0.101889 ^ clkbuf_0_CLK/A (sky130_fd_sc_hd__clkbuf_16)
    16    0.102249    0.179542    0.368269    0.470158 ^ clkbuf_0_CLK/X (sky130_fd_sc_hd__clkbuf_16)
                                                         clknet_0_CLK (net)
                      0.179554    0.001770    0.471928 ^ clkbuf_4_14_0_CLK/A (sky130_fd_sc_hd__clkbuf_8)
     6    0.017613    0.077970    0.294748    0.766676 ^ clkbuf_4_14_0_CLK/X (sky130_fd_sc_hd__clkbuf_8)
                                                         clknet_4_14_0_CLK (net)
                      0.077970    0.000184    0.766860 ^ _1401_/CLK (sky130_fd_sc_hd__dfrtp_2)
                                  0.250000    1.016860   clock uncertainty
                                 -0.073017    0.943843   clock reconvergence pessimism
                                 -0.080734    0.863110   library hold time
                                              0.863110   data required time
---------------------------------------------------------------------------------------------
                                              0.863110   data required time
                                             -2.004903   data arrival time
---------------------------------------------------------------------------------------------
                                              1.141793   slack (MET)


Startpoint: _1453_ (rising edge-triggered flip-flop clocked by CLK)
Endpoint: _1453_ (rising edge-triggered flip-flop clocked by CLK)
Path Group: CLK
Path Type: min

Fanout         Cap        Slew       Delay        Time   Description
---------------------------------------------------------------------------------------------
                                  0.000000    0.000000   clock CLK (rise edge)
                                  0.000000    0.000000   clock source latency
     1    0.018921    0.142429    0.092186    0.092186 ^ CLK (in)
                                                         CLK (net)
                      0.142439    0.000000    0.092186 ^ clkbuf_0_CLK/A (sky130_fd_sc_hd__clkbuf_16)
    16    0.102249    0.179542    0.333196    0.425381 ^ clkbuf_0_CLK/X (sky130_fd_sc_hd__clkbuf_16)
                                                         clknet_0_CLK (net)
                      0.179566    0.002046    0.427427 ^ clkbuf_4_6_0_CLK/A (sky130_fd_sc_hd__clkbuf_8)
     6    0.015574    0.073401    0.262263    0.689690 ^ clkbuf_4_6_0_CLK/X (sky130_fd_sc_hd__clkbuf_8)
                                                         clknet_4_6_0_CLK (net)
                      0.073401    0.000098    0.689789 ^ _1453_/CLK (sky130_fd_sc_hd__dfrtp_2)
     6    0.024880    0.216873    0.783367    1.473156 ^ _1453_/Q (sky130_fd_sc_hd__dfrtp_2)
                                                         pwm.pwm_counter[1] (net)
                      0.216873    0.000112    1.473268 ^ _0744_/A (sky130_fd_sc_hd__nand2_2)
     1    0.003651    0.063214    0.127910    1.601178 v _0744_/Y (sky130_fd_sc_hd__nand2_2)
                                                         _0098_ (net)
                      0.063214    0.000038    1.601215 v _0745_/C (sky130_fd_sc_hd__and3_2)
     1    0.002610    0.065475    0.401283    2.002498 v _0745_/X (sky130_fd_sc_hd__and3_2)
                                                         _0013_ (net)
                      0.065475    0.000025    2.002523 v _1453_/D (sky130_fd_sc_hd__dfrtp_2)
                                              2.002523   data arrival time

                                  0.000000    0.000000   clock CLK (rise edge)
                                  0.000000    0.000000   clock source latency
     1    0.018921    0.142429    0.101889    0.101889 ^ CLK (in)
                                                         CLK (net)
                      0.142439    0.000000    0.101889 ^ clkbuf_0_CLK/A (sky130_fd_sc_hd__clkbuf_16)
    16    0.102249    0.179542    0.368269    0.470158 ^ clkbuf_0_CLK/X (sky130_fd_sc_hd__clkbuf_16)
                                                         clknet_0_CLK (net)
                      0.179566    0.002261    0.472420 ^ clkbuf_4_6_0_CLK/A (sky130_fd_sc_hd__clkbuf_8)
     6    0.015574    0.073401    0.289870    0.762289 ^ clkbuf_4_6_0_CLK/X (sky130_fd_sc_hd__clkbuf_8)
                                                         clknet_4_6_0_CLK (net)
                      0.073401    0.000109    0.762398 ^ _1453_/CLK (sky130_fd_sc_hd__dfrtp_2)
                                  0.250000    1.012398   clock uncertainty
                                 -0.072609    0.939789   clock reconvergence pessimism
                                 -0.087168    0.852620   library hold time
                                              0.852620   data required time
---------------------------------------------------------------------------------------------
                                              0.852620   data required time
                                             -2.002523   data arrival time
---------------------------------------------------------------------------------------------
                                              1.149902   slack (MET)


Startpoint: _1458_ (rising edge-triggered flip-flop clocked by CLK)
Endpoint: _1458_ (rising edge-triggered flip-flop clocked by CLK)
Path Group: CLK
Path Type: min

Fanout         Cap        Slew       Delay        Time   Description
---------------------------------------------------------------------------------------------
                                  0.000000    0.000000   clock CLK (rise edge)
                                  0.000000    0.000000   clock source latency
     1    0.018921    0.142429    0.092186    0.092186 ^ CLK (in)
                                                         CLK (net)
                      0.142439    0.000000    0.092186 ^ clkbuf_0_CLK/A (sky130_fd_sc_hd__clkbuf_16)
    16    0.102249    0.179542    0.333196    0.425381 ^ clkbuf_0_CLK/X (sky130_fd_sc_hd__clkbuf_16)
                                                         clknet_0_CLK (net)
                      0.179542    0.000845    0.426226 ^ clkbuf_4_12_0_CLK/A (sky130_fd_sc_hd__clkbuf_8)
     6    0.018149    0.079200    0.267794    0.694020 ^ clkbuf_4_12_0_CLK/X (sky130_fd_sc_hd__clkbuf_8)
                                                         clknet_4_12_0_CLK (net)
                      0.079200    0.000330    0.694350 ^ _1458_/CLK (sky130_fd_sc_hd__dfrtp_2)
     6    0.021490    0.193744    0.768675    1.463025 ^ _1458_/Q (sky130_fd_sc_hd__dfrtp_2)
                                                         pwm.pwm_counter[6] (net)
                      0.193744    0.000022    1.463047 ^ _0757_/A (sky130_fd_sc_hd__or2_2)
     1    0.004685    0.061793    0.232564    1.695611 ^ _0757_/X (sky130_fd_sc_hd__or2_2)
                                                         _0106_ (net)
                      0.061793    0.000068    1.695679 ^ _0758_/B1 (sky130_fd_sc_hd__o211a_2)
     1    0.002292    0.072703    0.332057    2.027735 ^ _0758_/X (sky130_fd_sc_hd__o211a_2)
                                                         _0018_ (net)
                      0.072703    0.000020    2.027755 ^ _1458_/D (sky130_fd_sc_hd__dfrtp_2)
                                              2.027755   data arrival time

                                  0.000000    0.000000   clock CLK (rise edge)
                                  0.000000    0.000000   clock source latency
     1    0.018921    0.142429    0.101889    0.101889 ^ CLK (in)
                                                         CLK (net)
                      0.142439    0.000000    0.101889 ^ clkbuf_0_CLK/A (sky130_fd_sc_hd__clkbuf_16)
    16    0.102249    0.179542    0.368269    0.470158 ^ clkbuf_0_CLK/X (sky130_fd_sc_hd__clkbuf_16)
                                                         clknet_0_CLK (net)
                      0.179542    0.000934    0.471092 ^ clkbuf_4_12_0_CLK/A (sky130_fd_sc_hd__clkbuf_8)
     6    0.018149    0.079200    0.295983    0.767075 ^ clkbuf_4_12_0_CLK/X (sky130_fd_sc_hd__clkbuf_8)
                                                         clknet_4_12_0_CLK (net)
                      0.079200    0.000365    0.767440 ^ _1458_/CLK (sky130_fd_sc_hd__dfrtp_2)
                                  0.250000    1.017440   clock uncertainty
                                 -0.073090    0.944350   clock reconvergence pessimism
                                 -0.076002    0.868348   library hold time
                                              0.868348   data required time
---------------------------------------------------------------------------------------------
                                              0.868348   data required time
                                             -2.027755   data arrival time
---------------------------------------------------------------------------------------------
                                              1.159407   slack (MET)


Startpoint: _1454_ (rising edge-triggered flip-flop clocked by CLK)
Endpoint: _1454_ (rising edge-triggered flip-flop clocked by CLK)
Path Group: CLK
Path Type: min

Fanout         Cap        Slew       Delay        Time   Description
---------------------------------------------------------------------------------------------
                                  0.000000    0.000000   clock CLK (rise edge)
                                  0.000000    0.000000   clock source latency
     1    0.018921    0.142429    0.092186    0.092186 ^ CLK (in)
                                                         CLK (net)
                      0.142439    0.000000    0.092186 ^ clkbuf_0_CLK/A (sky130_fd_sc_hd__clkbuf_16)
    16    0.102249    0.179542    0.333196    0.425381 ^ clkbuf_0_CLK/X (sky130_fd_sc_hd__clkbuf_16)
                                                         clknet_0_CLK (net)
                      0.179566    0.002046    0.427427 ^ clkbuf_4_6_0_CLK/A (sky130_fd_sc_hd__clkbuf_8)
     6    0.015574    0.073401    0.262263    0.689690 ^ clkbuf_4_6_0_CLK/X (sky130_fd_sc_hd__clkbuf_8)
                                                         clknet_4_6_0_CLK (net)
                      0.073401    0.000134    0.689825 ^ _1454_/CLK (sky130_fd_sc_hd__dfrtp_2)
     5    0.019768    0.182041    0.757273    1.447098 ^ _1454_/Q (sky130_fd_sc_hd__dfrtp_2)
                                                         pwm.pwm_counter[2] (net)
                      0.182041    0.000156    1.447253 ^ _0746_/A (sky130_fd_sc_hd__and3_2)
     4    0.023012    0.220878    0.494646    1.941899 ^ _0746_/X (sky130_fd_sc_hd__and3_2)
                                                         _0099_ (net)
                      0.220878    0.000100    1.941999 ^ _0748_/A (sky130_fd_sc_hd__nor2_2)
     1    0.003157    0.036658    0.120026    2.062026 v _0748_/Y (sky130_fd_sc_hd__nor2_2)
                                                         _0014_ (net)
                      0.036658    0.000037    2.062062 v _1454_/D (sky130_fd_sc_hd__dfrtp_2)
                                              2.062062   data arrival time

                                  0.000000    0.000000   clock CLK (rise edge)
                                  0.000000    0.000000   clock source latency
     1    0.018921    0.142429    0.101889    0.101889 ^ CLK (in)
                                                         CLK (net)
                      0.142439    0.000000    0.101889 ^ clkbuf_0_CLK/A (sky130_fd_sc_hd__clkbuf_16)
    16    0.102249    0.179542    0.368269    0.470158 ^ clkbuf_0_CLK/X (sky130_fd_sc_hd__clkbuf_16)
                                                         clknet_0_CLK (net)
                      0.179566    0.002261    0.472420 ^ clkbuf_4_6_0_CLK/A (sky130_fd_sc_hd__clkbuf_8)
     6    0.015574    0.073401    0.289870    0.762289 ^ clkbuf_4_6_0_CLK/X (sky130_fd_sc_hd__clkbuf_8)
                                                         clknet_4_6_0_CLK (net)
                      0.073401    0.000148    0.762438 ^ _1454_/CLK (sky130_fd_sc_hd__dfrtp_2)
                                  0.250000    1.012438   clock uncertainty
                                 -0.072613    0.939824   clock reconvergence pessimism
                                 -0.076615    0.863209   library hold time
                                              0.863209   data required time
---------------------------------------------------------------------------------------------
                                              0.863209   data required time
                                             -2.062062   data arrival time
---------------------------------------------------------------------------------------------
                                              1.198853   slack (MET)


Startpoint: _1397_ (rising edge-triggered flip-flop clocked by CLK)
Endpoint: _1474_ (rising edge-triggered flip-flop clocked by CLK)
Path Group: CLK
Path Type: min

Fanout         Cap        Slew       Delay        Time   Description
---------------------------------------------------------------------------------------------
                                  0.000000    0.000000   clock CLK (rise edge)
                                  0.000000    0.000000   clock source latency
     1    0.018921    0.142429    0.092186    0.092186 ^ CLK (in)
                                                         CLK (net)
                      0.142439    0.000000    0.092186 ^ clkbuf_0_CLK/A (sky130_fd_sc_hd__clkbuf_16)
    16    0.102249    0.179542    0.333196    0.425381 ^ clkbuf_0_CLK/X (sky130_fd_sc_hd__clkbuf_16)
                                                         clknet_0_CLK (net)
                      0.179553    0.001571    0.426952 ^ clkbuf_4_15_0_CLK/A (sky130_fd_sc_hd__clkbuf_8)
     6    0.015079    0.072320    0.261190    0.688143 ^ clkbuf_4_15_0_CLK/X (sky130_fd_sc_hd__clkbuf_8)
                                                         clknet_4_15_0_CLK (net)
                      0.072320    0.000075    0.688217 ^ _1397_/CLK (sky130_fd_sc_hd__dfrtp_2)
     3    0.007058    0.102477    0.675977    1.364194 ^ _1397_/Q (sky130_fd_sc_hd__dfrtp_2)
                                                         gates.phase_a.dead_count[0] (net)
                      0.102477    0.000031    1.364226 ^ _1336_/C (sky130_fd_sc_hd__and3b_2)
     2    0.008313    0.120349    0.403046    1.767271 ^ _1336_/X (sky130_fd_sc_hd__and3b_2)
                                                         _0675_ (net)
                      0.120349    0.000184    1.767455 ^ _1338_/A2 (sky130_fd_sc_hd__o211a_2)
     1    0.002937    0.077922    0.346459    2.113913 ^ _1338_/X (sky130_fd_sc_hd__o211a_2)
                                                         _0004_ (net)
                      0.077922    0.000023    2.113936 ^ _1474_/D (sky130_fd_sc_hd__dfrtp_2)
                                              2.113936   data arrival time

                                  0.000000    0.000000   clock CLK (rise edge)
                                  0.000000    0.000000   clock source latency
     1    0.018921    0.142429    0.101889    0.101889 ^ CLK (in)
                                                         CLK (net)
                      0.142439    0.000000    0.101889 ^ clkbuf_0_CLK/A (sky130_fd_sc_hd__clkbuf_16)
    16    0.102249    0.179542    0.368269    0.470158 ^ clkbuf_0_CLK/X (sky130_fd_sc_hd__clkbuf_16)
                                                         clknet_0_CLK (net)
                      0.179545    0.001238    0.471396 ^ clkbuf_4_13_0_CLK/A (sky130_fd_sc_hd__clkbuf_8)
     6    0.016133    0.074633    0.291202    0.762599 ^ clkbuf_4_13_0_CLK/X (sky130_fd_sc_hd__clkbuf_8)
                                                         clknet_4_13_0_CLK (net)
                      0.074633    0.000171    0.762770 ^ _1474_/CLK (sky130_fd_sc_hd__dfrtp_2)
                                  0.250000    1.012770   clock uncertainty
                                 -0.044777    0.967993   clock reconvergence pessimism
                                 -0.077939    0.890054   library hold time
                                              0.890054   data required time
---------------------------------------------------------------------------------------------
                                              0.890054   data required time
                                             -2.113936   data arrival time
---------------------------------------------------------------------------------------------
                                              1.223883   slack (MET)


Startpoint: _1454_ (rising edge-triggered flip-flop clocked by CLK)
Endpoint: _1455_ (rising edge-triggered flip-flop clocked by CLK)
Path Group: CLK
Path Type: min

Fanout         Cap        Slew       Delay        Time   Description
---------------------------------------------------------------------------------------------
                                  0.000000    0.000000   clock CLK (rise edge)
                                  0.000000    0.000000   clock source latency
     1    0.018921    0.142429    0.092186    0.092186 ^ CLK (in)
                                                         CLK (net)
                      0.142439    0.000000    0.092186 ^ clkbuf_0_CLK/A (sky130_fd_sc_hd__clkbuf_16)
    16    0.102249    0.179542    0.333196    0.425381 ^ clkbuf_0_CLK/X (sky130_fd_sc_hd__clkbuf_16)
                                                         clknet_0_CLK (net)
                      0.179566    0.002046    0.427427 ^ clkbuf_4_6_0_CLK/A (sky130_fd_sc_hd__clkbuf_8)
     6    0.015574    0.073401    0.262263    0.689690 ^ clkbuf_4_6_0_CLK/X (sky130_fd_sc_hd__clkbuf_8)
                                                         clknet_4_6_0_CLK (net)
                      0.073401    0.000134    0.689825 ^ _1454_/CLK (sky130_fd_sc_hd__dfrtp_2)
     5    0.019768    0.182041    0.757273    1.447098 ^ _1454_/Q (sky130_fd_sc_hd__dfrtp_2)
                                                         pwm.pwm_counter[2] (net)
                      0.182041    0.000156    1.447253 ^ _0746_/A (sky130_fd_sc_hd__and3_2)
     4    0.023012    0.220878    0.494646    1.941899 ^ _0746_/X (sky130_fd_sc_hd__and3_2)
                                                         _0099_ (net)
                      0.220878    0.000209    1.942108 ^ _0749_/B (sky130_fd_sc_hd__xor2_2)
     1    0.002650    0.053024    0.156416    2.098524 v _0749_/X (sky130_fd_sc_hd__xor2_2)
                                                         _0015_ (net)
                      0.053024    0.000027    2.098551 v _1455_/D (sky130_fd_sc_hd__dfrtp_2)
                                              2.098551   data arrival time

                                  0.000000    0.000000   clock CLK (rise edge)
                                  0.000000    0.000000   clock source latency
     1    0.018921    0.142429    0.101889    0.101889 ^ CLK (in)
                                                         CLK (net)
                      0.142439    0.000000    0.101889 ^ clkbuf_0_CLK/A (sky130_fd_sc_hd__clkbuf_16)
    16    0.102249    0.179542    0.368269    0.470158 ^ clkbuf_0_CLK/X (sky130_fd_sc_hd__clkbuf_16)
                                                         clknet_0_CLK (net)
                      0.179566    0.002261    0.472420 ^ clkbuf_4_6_0_CLK/A (sky130_fd_sc_hd__clkbuf_8)
     6    0.015574    0.073401    0.289870    0.762289 ^ clkbuf_4_6_0_CLK/X (sky130_fd_sc_hd__clkbuf_8)
                                                         clknet_4_6_0_CLK (net)
                      0.073401    0.000201    0.762490 ^ _1455_/CLK (sky130_fd_sc_hd__dfrtp_2)
                                  0.250000    1.012490   clock uncertainty
                                 -0.072599    0.939891   clock reconvergence pessimism
                                 -0.082609    0.857283   library hold time
                                              0.857283   data required time
---------------------------------------------------------------------------------------------
                                              0.857283   data required time
                                             -2.098551   data arrival time
---------------------------------------------------------------------------------------------
                                              1.241268   slack (MET)


Startpoint: _1438_ (rising edge-triggered flip-flop clocked by CLK)
Endpoint: _1437_ (rising edge-triggered flip-flop clocked by CLK)
Path Group: CLK
Path Type: min

Fanout         Cap        Slew       Delay        Time   Description
---------------------------------------------------------------------------------------------
                                  0.000000    0.000000   clock CLK (rise edge)
                                  0.000000    0.000000   clock source latency
     1    0.018921    0.142429    0.092186    0.092186 ^ CLK (in)
                                                         CLK (net)
                      0.142439    0.000000    0.092186 ^ clkbuf_0_CLK/A (sky130_fd_sc_hd__clkbuf_16)
    16    0.102249    0.179542    0.333196    0.425381 ^ clkbuf_0_CLK/X (sky130_fd_sc_hd__clkbuf_16)
                                                         clknet_0_CLK (net)
                      0.179569    0.002138    0.427519 ^ clkbuf_4_2_0_CLK/A (sky130_fd_sc_hd__clkbuf_8)
     6    0.018780    0.080637    0.269202    0.696721 ^ clkbuf_4_2_0_CLK/X (sky130_fd_sc_hd__clkbuf_8)
                                                         clknet_4_2_0_CLK (net)
                      0.080637    0.000249    0.696970 ^ _1438_/CLK (sky130_fd_sc_hd__dfrtp_2)
     3    0.009214    0.112889    0.693596    1.390566 ^ _1438_/Q (sky130_fd_sc_hd__dfrtp_2)
                                                         control.state[3] (net)
                      0.112889    0.000104    1.390670 ^ _0722_/A2 (sky130_fd_sc_hd__o211a_2)
     2    0.007964    0.118209    0.388039    1.778709 ^ _0722_/X (sky130_fd_sc_hd__o211a_2)
                                                         _0080_ (net)
                      0.118209    0.000028    1.778737 ^ _0740_/B1 (sky130_fd_sc_hd__o211a_2)
     1    0.002154    0.073188    0.350896    2.129633 ^ _0740_/X (sky130_fd_sc_hd__o211a_2)
                                                         _0001_ (net)
                      0.073188    0.000009    2.129642 ^ _1437_/D (sky130_fd_sc_hd__dfrtp_2)
                                              2.129642   data arrival time

                                  0.000000    0.000000   clock CLK (rise edge)
                                  0.000000    0.000000   clock source latency
     1    0.018921    0.142429    0.101889    0.101889 ^ CLK (in)
                                                         CLK (net)
                      0.142439    0.000000    0.101889 ^ clkbuf_0_CLK/A (sky130_fd_sc_hd__clkbuf_16)
    16    0.102249    0.179542    0.368269    0.470158 ^ clkbuf_0_CLK/X (sky130_fd_sc_hd__clkbuf_16)
                                                         clknet_0_CLK (net)
                      0.179543    0.001033    0.471191 ^ clkbuf_4_8_0_CLK/A (sky130_fd_sc_hd__clkbuf_8)
     5    0.013699    0.069341    0.285372    0.756563 ^ clkbuf_4_8_0_CLK/X (sky130_fd_sc_hd__clkbuf_8)
                                                         clknet_4_8_0_CLK (net)
                      0.069341    0.000144    0.756707 ^ _1437_/CLK (sky130_fd_sc_hd__dfrtp_2)
                                  0.250000    1.006707   clock uncertainty
                                 -0.044777    0.961930   clock reconvergence pessimism
                                 -0.077731    0.884199   library hold time
                                              0.884199   data required time
---------------------------------------------------------------------------------------------
                                              0.884199   data required time
                                             -2.129642   data arrival time
---------------------------------------------------------------------------------------------
                                              1.245443   slack (MET)


Startpoint: _1403_ (rising edge-triggered flip-flop clocked by CLK)
Endpoint: _1472_ (rising edge-triggered flip-flop clocked by CLK)
Path Group: CLK
Path Type: min

Fanout         Cap        Slew       Delay        Time   Description
---------------------------------------------------------------------------------------------
                                  0.000000    0.000000   clock CLK (rise edge)
                                  0.000000    0.000000   clock source latency
     1    0.018921    0.142429    0.092186    0.092186 ^ CLK (in)
                                                         CLK (net)
                      0.142439    0.000000    0.092186 ^ clkbuf_0_CLK/A (sky130_fd_sc_hd__clkbuf_16)
    16    0.102249    0.179542    0.333196    0.425381 ^ clkbuf_0_CLK/X (sky130_fd_sc_hd__clkbuf_16)
                                                         clknet_0_CLK (net)
                      0.179556    0.001701    0.427083 ^ clkbuf_4_11_0_CLK/A (sky130_fd_sc_hd__clkbuf_8)
     6    0.015998    0.074334    0.263176    0.690258 ^ clkbuf_4_11_0_CLK/X (sky130_fd_sc_hd__clkbuf_8)
                                                         clknet_4_11_0_CLK (net)
                      0.074334    0.000180    0.690438 ^ _1403_/CLK (sky130_fd_sc_hd__dfrtp_2)
     5    0.012970    0.139101    0.715260    1.405698 ^ _1403_/Q (sky130_fd_sc_hd__dfrtp_2)
                                                         gates.phase_b.dead_count[0] (net)
                      0.139101    0.000151    1.405849 ^ _1326_/C (sky130_fd_sc_hd__and3b_2)
     2    0.007881    0.117445    0.411210    1.817059 ^ _1326_/X (sky130_fd_sc_hd__and3b_2)
                                                         _0667_ (net)
                      0.117445    0.000131    1.817190 ^ _1328_/A2 (sky130_fd_sc_hd__o211a_2)
     1    0.003183    0.079854    0.348039    2.165229 ^ _1328_/X (sky130_fd_sc_hd__o211a_2)
                                                         _0006_ (net)
                      0.079854    0.000040    2.165269 ^ _1472_/D (sky130_fd_sc_hd__dfrtp_2)
                                              2.165269   data arrival time

                                  0.000000    0.000000   clock CLK (rise edge)
                                  0.000000    0.000000   clock source latency
     1    0.018921    0.142429    0.101889    0.101889 ^ CLK (in)
                                                         CLK (net)
                      0.142439    0.000000    0.101889 ^ clkbuf_0_CLK/A (sky130_fd_sc_hd__clkbuf_16)
    16    0.102249    0.179542    0.368269    0.470158 ^ clkbuf_0_CLK/X (sky130_fd_sc_hd__clkbuf_16)
                                                         clknet_0_CLK (net)
                      0.179557    0.001910    0.472069 ^ clkbuf_4_10_0_CLK/A (sky130_fd_sc_hd__clkbuf_8)
     6    0.017324    0.077315    0.294065    0.766133 ^ clkbuf_4_10_0_CLK/X (sky130_fd_sc_hd__clkbuf_8)
                                                         clknet_4_10_0_CLK (net)
                      0.077315    0.000126    0.766259 ^ _1472_/CLK (sky130_fd_sc_hd__dfrtp_2)
                                  0.250000    1.016259   clock uncertainty
                                 -0.044777    0.971482   clock reconvergence pessimism
                                 -0.077939    0.893543   library hold time
                                              0.893543   data required time
---------------------------------------------------------------------------------------------
                                              0.893543   data required time
                                             -2.165269   data arrival time
---------------------------------------------------------------------------------------------
                                              1.271726   slack (MET)


Startpoint: _1458_ (rising edge-triggered flip-flop clocked by CLK)
Endpoint: _1460_ (rising edge-triggered flip-flop clocked by CLK)
Path Group: CLK
Path Type: min

Fanout         Cap        Slew       Delay        Time   Description
---------------------------------------------------------------------------------------------
                                  0.000000    0.000000   clock CLK (rise edge)
                                  0.000000    0.000000   clock source latency
     1    0.018921    0.142429    0.092186    0.092186 ^ CLK (in)
                                                         CLK (net)
                      0.142439    0.000000    0.092186 ^ clkbuf_0_CLK/A (sky130_fd_sc_hd__clkbuf_16)
    16    0.102249    0.179542    0.333196    0.425381 ^ clkbuf_0_CLK/X (sky130_fd_sc_hd__clkbuf_16)
                                                         clknet_0_CLK (net)
                      0.179542    0.000845    0.426226 ^ clkbuf_4_12_0_CLK/A (sky130_fd_sc_hd__clkbuf_8)
     6    0.018149    0.079200    0.267794    0.694020 ^ clkbuf_4_12_0_CLK/X (sky130_fd_sc_hd__clkbuf_8)
                                                         clknet_4_12_0_CLK (net)
                      0.079200    0.000330    0.694350 ^ _1458_/CLK (sky130_fd_sc_hd__dfrtp_2)
     6    0.021490    0.193744    0.768675    1.463025 ^ _1458_/Q (sky130_fd_sc_hd__dfrtp_2)
                                                         pwm.pwm_counter[6] (net)
                      0.193744    0.000100    1.463125 ^ _0760_/B (sky130_fd_sc_hd__and3_2)
     5    0.030213    0.272263    0.547933    2.011058 ^ _0760_/X (sky130_fd_sc_hd__and3_2)
                                                         _0108_ (net)
                      0.272263    0.000582    2.011640 ^ _0762_/B (sky130_fd_sc_hd__xor2_2)
     1    0.002133    0.050789    0.166776    2.178416 v _0762_/X (sky130_fd_sc_hd__xor2_2)
                                                         _0020_ (net)
                      0.050789    0.000018    2.178434 v _1460_/D (sky130_fd_sc_hd__dfrtp_2)
                                              2.178434   data arrival time

                                  0.000000    0.000000   clock CLK (rise edge)
                                  0.000000    0.000000   clock source latency
     1    0.018921    0.142429    0.101889    0.101889 ^ CLK (in)
                                                         CLK (net)
                      0.142439    0.000000    0.101889 ^ clkbuf_0_CLK/A (sky130_fd_sc_hd__clkbuf_16)
    16    0.102249    0.179542    0.368269    0.470158 ^ clkbuf_0_CLK/X (sky130_fd_sc_hd__clkbuf_16)
                                                         clknet_0_CLK (net)
                      0.179543    0.000986    0.471145 ^ clkbuf_4_9_0_CLK/A (sky130_fd_sc_hd__clkbuf_8)
     6    0.016728    0.075957    0.292565    0.763710 ^ clkbuf_4_9_0_CLK/X (sky130_fd_sc_hd__clkbuf_8)
                                                         clknet_4_9_0_CLK (net)
                      0.075958    0.000386    0.764096 ^ _1460_/CLK (sky130_fd_sc_hd__dfrtp_2)
                                  0.250000    1.014096   clock uncertainty
                                 -0.044777    0.969319   clock reconvergence pessimism
                                 -0.081170    0.888149   library hold time
                                              0.888149   data required time
---------------------------------------------------------------------------------------------
                                              0.888149   data required time
                                             -2.178434   data arrival time
---------------------------------------------------------------------------------------------
                                              1.290285   slack (MET)


Startpoint: _1475_ (rising edge-triggered flip-flop clocked by CLK)
Endpoint: _1397_ (rising edge-triggered flip-flop clocked by CLK)
Path Group: CLK
Path Type: min

Fanout         Cap        Slew       Delay        Time   Description
---------------------------------------------------------------------------------------------
                                  0.000000    0.000000   clock CLK (rise edge)
                                  0.000000    0.000000   clock source latency
     1    0.018921    0.142429    0.092186    0.092186 ^ CLK (in)
                                                         CLK (net)
                      0.142439    0.000000    0.092186 ^ clkbuf_0_CLK/A (sky130_fd_sc_hd__clkbuf_16)
    16    0.102249    0.179542    0.333196    0.425381 ^ clkbuf_0_CLK/X (sky130_fd_sc_hd__clkbuf_16)
                                                         clknet_0_CLK (net)
                      0.179556    0.001701    0.427083 ^ clkbuf_4_11_0_CLK/A (sky130_fd_sc_hd__clkbuf_8)
     6    0.015998    0.074334    0.263176    0.690258 ^ clkbuf_4_11_0_CLK/X (sky130_fd_sc_hd__clkbuf_8)
                                                         clknet_4_11_0_CLK (net)
                      0.074334    0.000094    0.690353 ^ _1475_/CLK (sky130_fd_sc_hd__dfrtp_2)
     2    0.008462    0.107901    0.685964    1.376317 ^ _1475_/Q (sky130_fd_sc_hd__dfrtp_2)
                                                         gates.gl_a (net)
                      0.107901    0.000011    1.376327 ^ _1330_/C1 (sky130_fd_sc_hd__o211a_2)
     1    0.005284    0.098817    0.361347    1.737674 ^ _1330_/X (sky130_fd_sc_hd__o211a_2)
                                                         _0669_ (net)
                      0.098817    0.000050    1.737724 ^ _1335_/B (sky130_fd_sc_hd__nor3b_2)
     3    0.008857    0.063916    0.098568    1.836292 v _1335_/Y (sky130_fd_sc_hd__nor3b_2)
                                                         _0674_ (net)
                      0.063916    0.000042    1.836334 v max_cap29/A (sky130_fd_sc_hd__clkbuf_2)
     3    0.016505    0.126995    0.235310    2.071644 v max_cap29/X (sky130_fd_sc_hd__clkbuf_2)
                                                         net29 (net)
                      0.126995    0.000115    2.071759 v _1339_/B (sky130_fd_sc_hd__nor2_2)
     1    0.003767    0.117336    0.146157    2.217916 ^ _1339_/Y (sky130_fd_sc_hd__nor2_2)
                                                         _0023_ (net)
                      0.117336    0.000048    2.217964 ^ _1397_/D (sky130_fd_sc_hd__dfrtp_2)
                                              2.217964   data arrival time

                                  0.000000    0.000000   clock CLK (rise edge)
                                  0.000000    0.000000   clock source latency
     1    0.018921    0.142429    0.101889    0.101889 ^ CLK (in)
                                                         CLK (net)
                      0.142439    0.000000    0.101889 ^ clkbuf_0_CLK/A (sky130_fd_sc_hd__clkbuf_16)
    16    0.102249    0.179542    0.368269    0.470158 ^ clkbuf_0_CLK/X (sky130_fd_sc_hd__clkbuf_16)
                                                         clknet_0_CLK (net)
                      0.179553    0.001736    0.471895 ^ clkbuf_4_15_0_CLK/A (sky130_fd_sc_hd__clkbuf_8)
     6    0.015079    0.072320    0.288684    0.760579 ^ clkbuf_4_15_0_CLK/X (sky130_fd_sc_hd__clkbuf_8)
                                                         clknet_4_15_0_CLK (net)
                      0.072320    0.000083    0.760661 ^ _1397_/CLK (sky130_fd_sc_hd__dfrtp_2)
                                  0.250000    1.010661   clock uncertainty
                                 -0.044777    0.965884   clock reconvergence pessimism
                                 -0.087287    0.878597   library hold time
                                              0.878597   data required time
---------------------------------------------------------------------------------------------
                                              0.878597   data required time
                                             -2.217964   data arrival time
---------------------------------------------------------------------------------------------
                                              1.339367   slack (MET)


Startpoint: _1441_ (rising edge-triggered flip-flop clocked by CLK)
Endpoint: _1462_ (removal check against rising-edge clock CLK)
Path Group: asynchronous
Path Type: min

Fanout         Cap        Slew       Delay        Time   Description
---------------------------------------------------------------------------------------------
                                  0.000000    0.000000   clock CLK (rise edge)
                                  0.000000    0.000000   clock source latency
     1    0.018921    0.142429    0.092186    0.092186 ^ CLK (in)
                                                         CLK (net)
                      0.142439    0.000000    0.092186 ^ clkbuf_0_CLK/A (sky130_fd_sc_hd__clkbuf_16)
    16    0.102249    0.179542    0.333196    0.425381 ^ clkbuf_0_CLK/X (sky130_fd_sc_hd__clkbuf_16)
                                                         clknet_0_CLK (net)
                      0.179557    0.001728    0.427110 ^ clkbuf_4_10_0_CLK/A (sky130_fd_sc_hd__clkbuf_8)
     6    0.017324    0.077315    0.266059    0.693168 ^ clkbuf_4_10_0_CLK/X (sky130_fd_sc_hd__clkbuf_8)
                                                         clknet_4_10_0_CLK (net)
                      0.077315    0.000101    0.693270 ^ _1441_/CLK (sky130_fd_sc_hd__dfrtp_2)
     1    0.001730    0.063384    0.632162    1.325431 ^ _1441_/Q (sky130_fd_sc_hd__dfrtp_2)
                                                         control.reset_n (net)
                      0.063384    0.000006    1.325438 ^ hold143/A (sky130_fd_sc_hd__dlygate4sd3_1)
     2    0.009671    0.184754    1.069371    2.394808 ^ hold143/X (sky130_fd_sc_hd__dlygate4sd3_1)
                                                         net142 (net)
                      0.184754    0.000107    2.394915 ^ fanout79/A (sky130_fd_sc_hd__clkdlybuf4s25_1)
     5    0.027735    0.452444    0.751297    3.146212 ^ fanout79/X (sky130_fd_sc_hd__clkdlybuf4s25_1)
                                                         net79 (net)
                      0.452444    0.000296    3.146508 ^ _1462_/RESET_B (sky130_fd_sc_hd__dfrtp_2)
                                              3.146508   data arrival time

                                  0.000000    0.000000   clock CLK (rise edge)
                                  0.000000    0.000000   clock source latency
     1    0.018921    0.142429    0.101889    0.101889 ^ CLK (in)
                                                         CLK (net)
                      0.142439    0.000000    0.101889 ^ clkbuf_0_CLK/A (sky130_fd_sc_hd__clkbuf_16)
    16    0.102249    0.179542    0.368269    0.470158 ^ clkbuf_0_CLK/X (sky130_fd_sc_hd__clkbuf_16)
                                                         clknet_0_CLK (net)
                      0.179542    0.000934    0.471092 ^ clkbuf_4_12_0_CLK/A (sky130_fd_sc_hd__clkbuf_8)
     6    0.018149    0.079200    0.295983    0.767075 ^ clkbuf_4_12_0_CLK/X (sky130_fd_sc_hd__clkbuf_8)
                                                         clknet_4_12_0_CLK (net)
                      0.079200    0.000284    0.767359 ^ _1462_/CLK (sky130_fd_sc_hd__dfrtp_2)
                                  0.250000    1.017359   clock uncertainty
                                 -0.044777    0.972582   clock reconvergence pessimism
                                  0.777412    1.749994   library removal time
                                              1.749994   data required time
---------------------------------------------------------------------------------------------
                                              1.749994   data required time
                                             -3.146508   data arrival time
---------------------------------------------------------------------------------------------
                                              1.396515   slack (MET)


Startpoint: _1441_ (rising edge-triggered flip-flop clocked by CLK)
Endpoint: _1451_ (removal check against rising-edge clock CLK)
Path Group: asynchronous
Path Type: min

Fanout         Cap        Slew       Delay        Time   Description
---------------------------------------------------------------------------------------------
                                  0.000000    0.000000   clock CLK (rise edge)
                                  0.000000    0.000000   clock source latency
     1    0.018921    0.142429    0.092186    0.092186 ^ CLK (in)
                                                         CLK (net)
                      0.142439    0.000000    0.092186 ^ clkbuf_0_CLK/A (sky130_fd_sc_hd__clkbuf_16)
    16    0.102249    0.179542    0.333196    0.425381 ^ clkbuf_0_CLK/X (sky130_fd_sc_hd__clkbuf_16)
                                                         clknet_0_CLK (net)
                      0.179557    0.001728    0.427110 ^ clkbuf_4_10_0_CLK/A (sky130_fd_sc_hd__clkbuf_8)
     6    0.017324    0.077315    0.266059    0.693168 ^ clkbuf_4_10_0_CLK/X (sky130_fd_sc_hd__clkbuf_8)
                                                         clknet_4_10_0_CLK (net)
                      0.077315    0.000101    0.693270 ^ _1441_/CLK (sky130_fd_sc_hd__dfrtp_2)
     1    0.001730    0.063384    0.632162    1.325431 ^ _1441_/Q (sky130_fd_sc_hd__dfrtp_2)
                                                         control.reset_n (net)
                      0.063384    0.000006    1.325438 ^ hold143/A (sky130_fd_sc_hd__dlygate4sd3_1)
     2    0.009671    0.184754    1.069371    2.394808 ^ hold143/X (sky130_fd_sc_hd__dlygate4sd3_1)
                                                         net142 (net)
                      0.184754    0.000107    2.394915 ^ fanout79/A (sky130_fd_sc_hd__clkdlybuf4s25_1)
     5    0.027735    0.452444    0.751297    3.146212 ^ fanout79/X (sky130_fd_sc_hd__clkdlybuf4s25_1)
                                                         net79 (net)
                      0.452444    0.000383    3.146595 ^ _1451_/RESET_B (sky130_fd_sc_hd__dfrtp_2)
                                              3.146595   data arrival time

                                  0.000000    0.000000   clock CLK (rise edge)
                                  0.000000    0.000000   clock source latency
     1    0.018921    0.142429    0.101889    0.101889 ^ CLK (in)
                                                         CLK (net)
                      0.142439    0.000000    0.101889 ^ clkbuf_0_CLK/A (sky130_fd_sc_hd__clkbuf_16)
    16    0.102249    0.179542    0.368269    0.470158 ^ clkbuf_0_CLK/X (sky130_fd_sc_hd__clkbuf_16)
                                                         clknet_0_CLK (net)
                      0.179553    0.001736    0.471895 ^ clkbuf_4_15_0_CLK/A (sky130_fd_sc_hd__clkbuf_8)
     6    0.015079    0.072320    0.288684    0.760579 ^ clkbuf_4_15_0_CLK/X (sky130_fd_sc_hd__clkbuf_8)
                                                         clknet_4_15_0_CLK (net)
                      0.072320    0.000134    0.760712 ^ _1451_/CLK (sky130_fd_sc_hd__dfrtp_2)
                                  0.250000    1.010712   clock uncertainty
                                 -0.044777    0.965935   clock reconvergence pessimism
                                  0.775347    1.741282   library removal time
                                              1.741282   data required time
---------------------------------------------------------------------------------------------
                                              1.741282   data required time
                                             -3.146595   data arrival time
---------------------------------------------------------------------------------------------
                                              1.405313   slack (MET)


Startpoint: _1468_ (rising edge-triggered flip-flop clocked by CLK)
Endpoint: _1469_ (rising edge-triggered flip-flop clocked by CLK)
Path Group: CLK
Path Type: min

Fanout         Cap        Slew       Delay        Time   Description
---------------------------------------------------------------------------------------------
                                  0.000000    0.000000   clock CLK (rise edge)
                                  0.000000    0.000000   clock source latency
     1    0.018921    0.142429    0.092186    0.092186 ^ CLK (in)
                                                         CLK (net)
                      0.142439    0.000000    0.092186 ^ clkbuf_0_CLK/A (sky130_fd_sc_hd__clkbuf_16)
    16    0.102249    0.179542    0.333196    0.425381 ^ clkbuf_0_CLK/X (sky130_fd_sc_hd__clkbuf_16)
                                                         clknet_0_CLK (net)
                      0.179569    0.002138    0.427519 ^ clkbuf_4_2_0_CLK/A (sky130_fd_sc_hd__clkbuf_8)
     6    0.018780    0.080637    0.269202    0.696721 ^ clkbuf_4_2_0_CLK/X (sky130_fd_sc_hd__clkbuf_8)
                                                         clknet_4_2_0_CLK (net)
                      0.080637    0.000144    0.696866 ^ _1468_/CLK (sky130_fd_sc_hd__dfrtp_2)
     1    0.002481    0.067593    0.640719    1.337585 ^ _1468_/Q (sky130_fd_sc_hd__dfrtp_2)
                                                         hall.hall_c_pipe[0] (net)
                      0.067593    0.000023    1.337608 ^ hold139/A (sky130_fd_sc_hd__dlygate4sd3_1)
     1    0.002575    0.089078    0.984520    2.322129 ^ hold139/X (sky130_fd_sc_hd__dlygate4sd3_1)
                                                         net138 (net)
                      0.089078    0.000025    2.322154 ^ _1469_/D (sky130_fd_sc_hd__dfrtp_2)
                                              2.322154   data arrival time

                                  0.000000    0.000000   clock CLK (rise edge)
                                  0.000000    0.000000   clock source latency
     1    0.018921    0.142429    0.101889    0.101889 ^ CLK (in)
                                                         CLK (net)
                      0.142439    0.000000    0.101889 ^ clkbuf_0_CLK/A (sky130_fd_sc_hd__clkbuf_16)
    16    0.102249    0.179542    0.368269    0.470158 ^ clkbuf_0_CLK/X (sky130_fd_sc_hd__clkbuf_16)
                                                         clknet_0_CLK (net)
                      0.179567    0.002296    0.472454 ^ clkbuf_4_3_0_CLK/A (sky130_fd_sc_hd__clkbuf_8)
     6    0.017765    0.078316    0.295115    0.767569 ^ clkbuf_4_3_0_CLK/X (sky130_fd_sc_hd__clkbuf_8)
                                                         clknet_4_3_0_CLK (net)
                      0.078316    0.000239    0.767808 ^ _1469_/CLK (sky130_fd_sc_hd__dfrtp_2)
                                  0.250000    1.017808   clock uncertainty
                                 -0.044777    0.973031   clock reconvergence pessimism
                                 -0.079873    0.893158   library hold time
                                              0.893158   data required time
---------------------------------------------------------------------------------------------
                                              0.893158   data required time
                                             -2.322154   data arrival time
---------------------------------------------------------------------------------------------
                                              1.428996   slack (MET)


Startpoint: _1441_ (rising edge-triggered flip-flop clocked by CLK)
Endpoint: _1457_ (removal check against rising-edge clock CLK)
Path Group: asynchronous
Path Type: min

Fanout         Cap        Slew       Delay        Time   Description
---------------------------------------------------------------------------------------------
                                  0.000000    0.000000   clock CLK (rise edge)
                                  0.000000    0.000000   clock source latency
     1    0.018921    0.142429    0.092186    0.092186 ^ CLK (in)
                                                         CLK (net)
                      0.142439    0.000000    0.092186 ^ clkbuf_0_CLK/A (sky130_fd_sc_hd__clkbuf_16)
    16    0.102249    0.179542    0.333196    0.425381 ^ clkbuf_0_CLK/X (sky130_fd_sc_hd__clkbuf_16)
                                                         clknet_0_CLK (net)
                      0.179557    0.001728    0.427110 ^ clkbuf_4_10_0_CLK/A (sky130_fd_sc_hd__clkbuf_8)
     6    0.017324    0.077315    0.266059    0.693168 ^ clkbuf_4_10_0_CLK/X (sky130_fd_sc_hd__clkbuf_8)
                                                         clknet_4_10_0_CLK (net)
                      0.077315    0.000101    0.693270 ^ _1441_/CLK (sky130_fd_sc_hd__dfrtp_2)
     1    0.001730    0.063384    0.632162    1.325431 ^ _1441_/Q (sky130_fd_sc_hd__dfrtp_2)
                                                         control.reset_n (net)
                      0.063384    0.000006    1.325438 ^ hold143/A (sky130_fd_sc_hd__dlygate4sd3_1)
     2    0.009671    0.184754    1.069371    2.394808 ^ hold143/X (sky130_fd_sc_hd__dlygate4sd3_1)
                                                         net142 (net)
                      0.184754    0.000256    2.395064 ^ fanout72/A (sky130_fd_sc_hd__clkdlybuf4s25_1)
     8    0.036718    0.591714    0.845389    3.240453 ^ fanout72/X (sky130_fd_sc_hd__clkdlybuf4s25_1)
                                                         net72 (net)
                      0.591714    0.000586    3.241039 ^ _1457_/RESET_B (sky130_fd_sc_hd__dfrtp_2)
                                              3.241039   data arrival time

                                  0.000000    0.000000   clock CLK (rise edge)
                                  0.000000    0.000000   clock source latency
     1    0.018921    0.142429    0.101889    0.101889 ^ CLK (in)
                                                         CLK (net)
                      0.142439    0.000000    0.101889 ^ clkbuf_0_CLK/A (sky130_fd_sc_hd__clkbuf_16)
    16    0.102249    0.179542    0.368269    0.470158 ^ clkbuf_0_CLK/X (sky130_fd_sc_hd__clkbuf_16)
                                                         clknet_0_CLK (net)
                      0.179542    0.000934    0.471092 ^ clkbuf_4_12_0_CLK/A (sky130_fd_sc_hd__clkbuf_8)
     6    0.018149    0.079200    0.295983    0.767075 ^ clkbuf_4_12_0_CLK/X (sky130_fd_sc_hd__clkbuf_8)
                                                         clknet_4_12_0_CLK (net)
                      0.079201    0.000377    0.767452 ^ _1457_/CLK (sky130_fd_sc_hd__dfrtp_2)
                                  0.250000    1.017452   clock uncertainty
                                 -0.044777    0.972675   clock reconvergence pessimism
                                  0.820099    1.792774   library removal time
                                              1.792774   data required time
---------------------------------------------------------------------------------------------
                                              1.792774   data required time
                                             -3.241039   data arrival time
---------------------------------------------------------------------------------------------
                                              1.448265   slack (MET)


Startpoint: _1441_ (rising edge-triggered flip-flop clocked by CLK)
Endpoint: _1458_ (removal check against rising-edge clock CLK)
Path Group: asynchronous
Path Type: min

Fanout         Cap        Slew       Delay        Time   Description
---------------------------------------------------------------------------------------------
                                  0.000000    0.000000   clock CLK (rise edge)
                                  0.000000    0.000000   clock source latency
     1    0.018921    0.142429    0.092186    0.092186 ^ CLK (in)
                                                         CLK (net)
                      0.142439    0.000000    0.092186 ^ clkbuf_0_CLK/A (sky130_fd_sc_hd__clkbuf_16)
    16    0.102249    0.179542    0.333196    0.425381 ^ clkbuf_0_CLK/X (sky130_fd_sc_hd__clkbuf_16)
                                                         clknet_0_CLK (net)
                      0.179557    0.001728    0.427110 ^ clkbuf_4_10_0_CLK/A (sky130_fd_sc_hd__clkbuf_8)
     6    0.017324    0.077315    0.266059    0.693168 ^ clkbuf_4_10_0_CLK/X (sky130_fd_sc_hd__clkbuf_8)
                                                         clknet_4_10_0_CLK (net)
                      0.077315    0.000101    0.693270 ^ _1441_/CLK (sky130_fd_sc_hd__dfrtp_2)
     1    0.001730    0.063384    0.632162    1.325431 ^ _1441_/Q (sky130_fd_sc_hd__dfrtp_2)
                                                         control.reset_n (net)
                      0.063384    0.000006    1.325438 ^ hold143/A (sky130_fd_sc_hd__dlygate4sd3_1)
     2    0.009671    0.184754    1.069371    2.394808 ^ hold143/X (sky130_fd_sc_hd__dlygate4sd3_1)
                                                         net142 (net)
                      0.184754    0.000256    2.395064 ^ fanout72/A (sky130_fd_sc_hd__clkdlybuf4s25_1)
     8    0.036718    0.591714    0.845389    3.240453 ^ fanout72/X (sky130_fd_sc_hd__clkdlybuf4s25_1)
                                                         net72 (net)
                      0.591714    0.000608    3.241061 ^ _1458_/RESET_B (sky130_fd_sc_hd__dfrtp_2)
                                              3.241061   data arrival time

                                  0.000000    0.000000   clock CLK (rise edge)
                                  0.000000    0.000000   clock source latency
     1    0.018921    0.142429    0.101889    0.101889 ^ CLK (in)
                                                         CLK (net)
                      0.142439    0.000000    0.101889 ^ clkbuf_0_CLK/A (sky130_fd_sc_hd__clkbuf_16)
    16    0.102249    0.179542    0.368269    0.470158 ^ clkbuf_0_CLK/X (sky130_fd_sc_hd__clkbuf_16)
                                                         clknet_0_CLK (net)
                      0.179542    0.000934    0.471092 ^ clkbuf_4_12_0_CLK/A (sky130_fd_sc_hd__clkbuf_8)
     6    0.018149    0.079200    0.295983    0.767075 ^ clkbuf_4_12_0_CLK/X (sky130_fd_sc_hd__clkbuf_8)
                                                         clknet_4_12_0_CLK (net)
                      0.079200    0.000365    0.767440 ^ _1458_/CLK (sky130_fd_sc_hd__dfrtp_2)
                                  0.250000    1.017440   clock uncertainty
                                 -0.044777    0.972663   clock reconvergence pessimism
                                  0.820099    1.792762   library removal time
                                              1.792762   data required time
---------------------------------------------------------------------------------------------
                                              1.792762   data required time
                                             -3.241061   data arrival time
---------------------------------------------------------------------------------------------
                                              1.448299   slack (MET)


Startpoint: _1440_ (rising edge-triggered flip-flop clocked by CLK)
Endpoint: _1441_ (rising edge-triggered flip-flop clocked by CLK)
Path Group: CLK
Path Type: min

Fanout         Cap        Slew       Delay        Time   Description
---------------------------------------------------------------------------------------------
                                  0.000000    0.000000   clock CLK (rise edge)
                                  0.000000    0.000000   clock source latency
     1    0.018921    0.142429    0.092186    0.092186 ^ CLK (in)
                                                         CLK (net)
                      0.142439    0.000000    0.092186 ^ clkbuf_0_CLK/A (sky130_fd_sc_hd__clkbuf_16)
    16    0.102249    0.179542    0.333196    0.425381 ^ clkbuf_0_CLK/X (sky130_fd_sc_hd__clkbuf_16)
                                                         clknet_0_CLK (net)
                      0.179557    0.001728    0.427110 ^ clkbuf_4_10_0_CLK/A (sky130_fd_sc_hd__clkbuf_8)
     6    0.017324    0.077315    0.266059    0.693168 ^ clkbuf_4_10_0_CLK/X (sky130_fd_sc_hd__clkbuf_8)
                                                         clknet_4_10_0_CLK (net)
                      0.077315    0.000122    0.693290 ^ _1440_/CLK (sky130_fd_sc_hd__dfrtp_2)
     1    0.002370    0.066862    0.638212    1.331502 ^ _1440_/Q (sky130_fd_sc_hd__dfrtp_2)
                                                         reset_conditioner.release_pipe[0] (net)
                      0.066862    0.000024    1.331527 ^ hold141/A (sky130_fd_sc_hd__dlygate4sd3_1)
     1    0.002614    0.089503    0.984776    2.316303 ^ hold141/X (sky130_fd_sc_hd__dlygate4sd3_1)
                                                         net140 (net)
                      0.089503    0.000026    2.316329 ^ _1441_/D (sky130_fd_sc_hd__dfrtp_2)
                                              2.316329   data arrival time

                                  0.000000    0.000000   clock CLK (rise edge)
                                  0.000000    0.000000   clock source latency
     1    0.018921    0.142429    0.101889    0.101889 ^ CLK (in)
                                                         CLK (net)
                      0.142439    0.000000    0.101889 ^ clkbuf_0_CLK/A (sky130_fd_sc_hd__clkbuf_16)
    16    0.102249    0.179542    0.368269    0.470158 ^ clkbuf_0_CLK/X (sky130_fd_sc_hd__clkbuf_16)
                                                         clknet_0_CLK (net)
                      0.179557    0.001910    0.472069 ^ clkbuf_4_10_0_CLK/A (sky130_fd_sc_hd__clkbuf_8)
     6    0.017324    0.077315    0.294065    0.766133 ^ clkbuf_4_10_0_CLK/X (sky130_fd_sc_hd__clkbuf_8)
                                                         clknet_4_10_0_CLK (net)
                      0.077315    0.000112    0.766246 ^ _1441_/CLK (sky130_fd_sc_hd__dfrtp_2)
                                  0.250000    1.016246   clock uncertainty
                                 -0.072965    0.943280   clock reconvergence pessimism
                                 -0.080134    0.863146   library hold time
                                              0.863146   data required time
---------------------------------------------------------------------------------------------
                                              0.863146   data required time
                                             -2.316329   data arrival time
---------------------------------------------------------------------------------------------
                                              1.453182   slack (MET)


Startpoint: _1441_ (rising edge-triggered flip-flop clocked by CLK)
Endpoint: _1456_ (removal check against rising-edge clock CLK)
Path Group: asynchronous
Path Type: min

Fanout         Cap        Slew       Delay        Time   Description
---------------------------------------------------------------------------------------------
                                  0.000000    0.000000   clock CLK (rise edge)
                                  0.000000    0.000000   clock source latency
     1    0.018921    0.142429    0.092186    0.092186 ^ CLK (in)
                                                         CLK (net)
                      0.142439    0.000000    0.092186 ^ clkbuf_0_CLK/A (sky130_fd_sc_hd__clkbuf_16)
    16    0.102249    0.179542    0.333196    0.425381 ^ clkbuf_0_CLK/X (sky130_fd_sc_hd__clkbuf_16)
                                                         clknet_0_CLK (net)
                      0.179557    0.001728    0.427110 ^ clkbuf_4_10_0_CLK/A (sky130_fd_sc_hd__clkbuf_8)
     6    0.017324    0.077315    0.266059    0.693168 ^ clkbuf_4_10_0_CLK/X (sky130_fd_sc_hd__clkbuf_8)
                                                         clknet_4_10_0_CLK (net)
                      0.077315    0.000101    0.693270 ^ _1441_/CLK (sky130_fd_sc_hd__dfrtp_2)
     1    0.001730    0.063384    0.632162    1.325431 ^ _1441_/Q (sky130_fd_sc_hd__dfrtp_2)
                                                         control.reset_n (net)
                      0.063384    0.000006    1.325438 ^ hold143/A (sky130_fd_sc_hd__dlygate4sd3_1)
     2    0.009671    0.184754    1.069371    2.394808 ^ hold143/X (sky130_fd_sc_hd__dlygate4sd3_1)
                                                         net142 (net)
                      0.184754    0.000256    2.395064 ^ fanout72/A (sky130_fd_sc_hd__clkdlybuf4s25_1)
     8    0.036718    0.591714    0.845389    3.240453 ^ fanout72/X (sky130_fd_sc_hd__clkdlybuf4s25_1)
                                                         net72 (net)
                      0.591714    0.000711    3.241164 ^ _1456_/RESET_B (sky130_fd_sc_hd__dfrtp_2)
                                              3.241164   data arrival time

                                  0.000000    0.000000   clock CLK (rise edge)
                                  0.000000    0.000000   clock source latency
     1    0.018921    0.142429    0.101889    0.101889 ^ CLK (in)
                                                         CLK (net)
                      0.142439    0.000000    0.101889 ^ clkbuf_0_CLK/A (sky130_fd_sc_hd__clkbuf_16)
    16    0.102249    0.179542    0.368269    0.470158 ^ clkbuf_0_CLK/X (sky130_fd_sc_hd__clkbuf_16)
                                                         clknet_0_CLK (net)
                      0.179566    0.002261    0.472420 ^ clkbuf_4_6_0_CLK/A (sky130_fd_sc_hd__clkbuf_8)
     6    0.015574    0.073401    0.289870    0.762289 ^ clkbuf_4_6_0_CLK/X (sky130_fd_sc_hd__clkbuf_8)
                                                         clknet_4_6_0_CLK (net)
                      0.073401    0.000186    0.762476 ^ _1456_/CLK (sky130_fd_sc_hd__dfrtp_2)
                                  0.250000    1.012476   clock uncertainty
                                 -0.044777    0.967699   clock reconvergence pessimism
                                  0.818362    1.786061   library removal time
                                              1.786061   data required time
---------------------------------------------------------------------------------------------
                                              1.786061   data required time
                                             -3.241164   data arrival time
---------------------------------------------------------------------------------------------
                                              1.455103   slack (MET)


Startpoint: _1441_ (rising edge-triggered flip-flop clocked by CLK)
Endpoint: _1455_ (removal check against rising-edge clock CLK)
Path Group: asynchronous
Path Type: min

Fanout         Cap        Slew       Delay        Time   Description
---------------------------------------------------------------------------------------------
                                  0.000000    0.000000   clock CLK (rise edge)
                                  0.000000    0.000000   clock source latency
     1    0.018921    0.142429    0.092186    0.092186 ^ CLK (in)
                                                         CLK (net)
                      0.142439    0.000000    0.092186 ^ clkbuf_0_CLK/A (sky130_fd_sc_hd__clkbuf_16)
    16    0.102249    0.179542    0.333196    0.425381 ^ clkbuf_0_CLK/X (sky130_fd_sc_hd__clkbuf_16)
                                                         clknet_0_CLK (net)
                      0.179557    0.001728    0.427110 ^ clkbuf_4_10_0_CLK/A (sky130_fd_sc_hd__clkbuf_8)
     6    0.017324    0.077315    0.266059    0.693168 ^ clkbuf_4_10_0_CLK/X (sky130_fd_sc_hd__clkbuf_8)
                                                         clknet_4_10_0_CLK (net)
                      0.077315    0.000101    0.693270 ^ _1441_/CLK (sky130_fd_sc_hd__dfrtp_2)
     1    0.001730    0.063384    0.632162    1.325431 ^ _1441_/Q (sky130_fd_sc_hd__dfrtp_2)
                                                         control.reset_n (net)
                      0.063384    0.000006    1.325438 ^ hold143/A (sky130_fd_sc_hd__dlygate4sd3_1)
     2    0.009671    0.184754    1.069371    2.394808 ^ hold143/X (sky130_fd_sc_hd__dlygate4sd3_1)
                                                         net142 (net)
                      0.184754    0.000256    2.395064 ^ fanout72/A (sky130_fd_sc_hd__clkdlybuf4s25_1)
     8    0.036718    0.591714    0.845389    3.240453 ^ fanout72/X (sky130_fd_sc_hd__clkdlybuf4s25_1)
                                                         net72 (net)
                      0.591714    0.000729    3.241181 ^ _1455_/RESET_B (sky130_fd_sc_hd__dfrtp_2)
                                              3.241181   data arrival time

                                  0.000000    0.000000   clock CLK (rise edge)
                                  0.000000    0.000000   clock source latency
     1    0.018921    0.142429    0.101889    0.101889 ^ CLK (in)
                                                         CLK (net)
                      0.142439    0.000000    0.101889 ^ clkbuf_0_CLK/A (sky130_fd_sc_hd__clkbuf_16)
    16    0.102249    0.179542    0.368269    0.470158 ^ clkbuf_0_CLK/X (sky130_fd_sc_hd__clkbuf_16)
                                                         clknet_0_CLK (net)
                      0.179566    0.002261    0.472420 ^ clkbuf_4_6_0_CLK/A (sky130_fd_sc_hd__clkbuf_8)
     6    0.015574    0.073401    0.289870    0.762289 ^ clkbuf_4_6_0_CLK/X (sky130_fd_sc_hd__clkbuf_8)
                                                         clknet_4_6_0_CLK (net)
                      0.073401    0.000201    0.762490 ^ _1455_/CLK (sky130_fd_sc_hd__dfrtp_2)
                                  0.250000    1.012490   clock uncertainty
                                 -0.044777    0.967713   clock reconvergence pessimism
                                  0.818362    1.786075   library removal time
                                              1.786075   data required time
---------------------------------------------------------------------------------------------
                                              1.786075   data required time
                                             -3.241181   data arrival time
---------------------------------------------------------------------------------------------
                                              1.455106   slack (MET)


Startpoint: _1463_ (rising edge-triggered flip-flop clocked by CLK)
Endpoint: _1464_ (rising edge-triggered flip-flop clocked by CLK)
Path Group: CLK
Path Type: min

Fanout         Cap        Slew       Delay        Time   Description
---------------------------------------------------------------------------------------------
                                  0.000000    0.000000   clock CLK (rise edge)
                                  0.000000    0.000000   clock source latency
     1    0.018921    0.142429    0.092186    0.092186 ^ CLK (in)
                                                         CLK (net)
                      0.142439    0.000000    0.092186 ^ clkbuf_0_CLK/A (sky130_fd_sc_hd__clkbuf_16)
    16    0.102249    0.179542    0.333196    0.425381 ^ clkbuf_0_CLK/X (sky130_fd_sc_hd__clkbuf_16)
                                                         clknet_0_CLK (net)
                      0.179569    0.002140    0.427522 ^ clkbuf_4_0_0_CLK/A (sky130_fd_sc_hd__clkbuf_8)
     6    0.021496    0.086978    0.275067    0.702589 ^ clkbuf_4_0_0_CLK/X (sky130_fd_sc_hd__clkbuf_8)
                                                         clknet_4_0_0_CLK (net)
                      0.086978    0.000249    0.702838 ^ _1463_/CLK (sky130_fd_sc_hd__dfrtp_2)
     1    0.005411    0.087619    0.671215    1.374054 ^ _1463_/Q (sky130_fd_sc_hd__dfrtp_2)
                                                         hall.hall_a_pipe[0] (net)
                      0.088460    0.000129    1.374183 ^ hold140/A (sky130_fd_sc_hd__dlygate4sd3_1)
     1    0.005124    0.123341    1.027591    2.401774 ^ hold140/X (sky130_fd_sc_hd__dlygate4sd3_1)
                                                         net139 (net)
                      0.123341    0.000115    2.401888 ^ _1464_/D (sky130_fd_sc_hd__dfrtp_2)
                                              2.401888   data arrival time

                                  0.000000    0.000000   clock CLK (rise edge)
                                  0.000000    0.000000   clock source latency
     1    0.018921    0.142429    0.101889    0.101889 ^ CLK (in)
                                                         CLK (net)
                      0.142439    0.000000    0.101889 ^ clkbuf_0_CLK/A (sky130_fd_sc_hd__clkbuf_16)
    16    0.102249    0.179542    0.368269    0.470158 ^ clkbuf_0_CLK/X (sky130_fd_sc_hd__clkbuf_16)
                                                         clknet_0_CLK (net)
                      0.179569    0.002369    0.472527 ^ clkbuf_4_1_0_CLK/A (sky130_fd_sc_hd__clkbuf_8)
     6    0.016941    0.076434    0.293128    0.765655 ^ clkbuf_4_1_0_CLK/X (sky130_fd_sc_hd__clkbuf_8)
                                                         clknet_4_1_0_CLK (net)
                      0.076434    0.000255    0.765910 ^ _1464_/CLK (sky130_fd_sc_hd__dfrtp_2)
                                  0.250000    1.015910   clock uncertainty
                                 -0.044777    0.971133   clock reconvergence pessimism
                                 -0.087978    0.883156   library hold time
                                              0.883156   data required time
---------------------------------------------------------------------------------------------
                                              0.883156   data required time
                                             -2.401888   data arrival time
---------------------------------------------------------------------------------------------
                                              1.518733   slack (MET)


Startpoint: _1466_ (rising edge-triggered flip-flop clocked by CLK)
Endpoint: _1467_ (rising edge-triggered flip-flop clocked by CLK)
Path Group: CLK
Path Type: min

Fanout         Cap        Slew       Delay        Time   Description
---------------------------------------------------------------------------------------------
                                  0.000000    0.000000   clock CLK (rise edge)
                                  0.000000    0.000000   clock source latency
     1    0.018921    0.142429    0.092186    0.092186 ^ CLK (in)
                                                         CLK (net)
                      0.142439    0.000000    0.092186 ^ clkbuf_0_CLK/A (sky130_fd_sc_hd__clkbuf_16)
    16    0.102249    0.179542    0.333196    0.425381 ^ clkbuf_0_CLK/X (sky130_fd_sc_hd__clkbuf_16)
                                                         clknet_0_CLK (net)
                      0.179569    0.002140    0.427522 ^ clkbuf_4_0_0_CLK/A (sky130_fd_sc_hd__clkbuf_8)
     6    0.021496    0.086978    0.275067    0.702589 ^ clkbuf_4_0_0_CLK/X (sky130_fd_sc_hd__clkbuf_8)
                                                         clknet_4_0_0_CLK (net)
                      0.086978    0.000275    0.702865 ^ _1466_/CLK (sky130_fd_sc_hd__dfrtp_2)
     1    0.005566    0.089205    0.672669    1.375534 ^ _1466_/Q (sky130_fd_sc_hd__dfrtp_2)
                                                         hall.hall_b_pipe[0] (net)
                      0.089205    0.000129    1.375663 ^ hold142/A (sky130_fd_sc_hd__dlygate4sd3_1)
     1    0.005708    0.130912    1.034531    2.410193 ^ hold142/X (sky130_fd_sc_hd__dlygate4sd3_1)
                                                         net141 (net)
                      0.130912    0.000123    2.410316 ^ _1467_/D (sky130_fd_sc_hd__dfrtp_2)
                                              2.410316   data arrival time

                                  0.000000    0.000000   clock CLK (rise edge)
                                  0.000000    0.000000   clock source latency
     1    0.018921    0.142429    0.101889    0.101889 ^ CLK (in)
                                                         CLK (net)
                      0.142439    0.000000    0.101889 ^ clkbuf_0_CLK/A (sky130_fd_sc_hd__clkbuf_16)
    16    0.102249    0.179542    0.368269    0.470158 ^ clkbuf_0_CLK/X (sky130_fd_sc_hd__clkbuf_16)
                                                         clknet_0_CLK (net)
                      0.179569    0.002366    0.472524 ^ clkbuf_4_0_0_CLK/A (sky130_fd_sc_hd__clkbuf_8)
     6    0.021496    0.086978    0.304022    0.776546 ^ clkbuf_4_0_0_CLK/X (sky130_fd_sc_hd__clkbuf_8)
                                                         clknet_4_0_0_CLK (net)
                      0.086978    0.000254    0.776800 ^ _1467_/CLK (sky130_fd_sc_hd__dfrtp_2)
                                  0.250000    1.026800   clock uncertainty
                                 -0.073957    0.952844   clock reconvergence pessimism
                                 -0.087968    0.864876   library hold time
                                              0.864876   data required time
---------------------------------------------------------------------------------------------
                                              0.864876   data required time
                                             -2.410316   data arrival time
---------------------------------------------------------------------------------------------
                                              1.545440   slack (MET)


Startpoint: _1443_ (rising edge-triggered flip-flop clocked by CLK)
Endpoint: _1427_ (rising edge-triggered flip-flop clocked by CLK)
Path Group: CLK
Path Type: min

Fanout         Cap        Slew       Delay        Time   Description
---------------------------------------------------------------------------------------------
                                  0.000000    0.000000   clock CLK (rise edge)
                                  0.000000    0.000000   clock source latency
     1    0.018921    0.142429    0.092186    0.092186 ^ CLK (in)
                                                         CLK (net)
                      0.142439    0.000000    0.092186 ^ clkbuf_0_CLK/A (sky130_fd_sc_hd__clkbuf_16)
    16    0.102249    0.179542    0.333196    0.425381 ^ clkbuf_0_CLK/X (sky130_fd_sc_hd__clkbuf_16)
                                                         clknet_0_CLK (net)
                      0.179569    0.002149    0.427531 ^ clkbuf_4_7_0_CLK/A (sky130_fd_sc_hd__clkbuf_8)
     6    0.014960    0.072059    0.260935    0.688466 ^ clkbuf_4_7_0_CLK/X (sky130_fd_sc_hd__clkbuf_8)
                                                         clknet_4_7_0_CLK (net)
                      0.072061    0.000174    0.688640 ^ _1443_/CLK (sky130_fd_sc_hd__dfrtp_2)
     1    0.002073    0.065957    0.633106    1.321746 ^ _1443_/Q (sky130_fd_sc_hd__dfrtp_2)
                                                         duty_shadow[1] (net)
                      0.065957    0.000011    1.321757 ^ hold146/A (sky130_fd_sc_hd__dlygate4sd3_1)
     1    0.002547    0.088750    0.983420    2.305178 ^ hold146/X (sky130_fd_sc_hd__dlygate4sd3_1)
                                                         net145 (net)
                      0.088750    0.000027    2.305205 ^ _1384_/A0 (sky130_fd_sc_hd__mux2_1)
     1    0.002620    0.069396    0.217774    2.522979 ^ _1384_/X (sky130_fd_sc_hd__mux2_1)
                                                         _0053_ (net)
                      0.069396    0.000026    2.523005 ^ _1427_/D (sky130_fd_sc_hd__dfrtp_2)
                                              2.523005   data arrival time

                                  0.000000    0.000000   clock CLK (rise edge)
                                  0.000000    0.000000   clock source latency
     1    0.018921    0.142429    0.101889    0.101889 ^ CLK (in)
                                                         CLK (net)
                      0.142439    0.000000    0.101889 ^ clkbuf_0_CLK/A (sky130_fd_sc_hd__clkbuf_16)
    16    0.102249    0.179542    0.368269    0.470158 ^ clkbuf_0_CLK/X (sky130_fd_sc_hd__clkbuf_16)
                                                         clknet_0_CLK (net)
                      0.179571    0.002443    0.472601 ^ clkbuf_4_5_0_CLK/A (sky130_fd_sc_hd__clkbuf_8)
     6    0.016758    0.076022    0.292736    0.765337 ^ clkbuf_4_5_0_CLK/X (sky130_fd_sc_hd__clkbuf_8)
                                                         clknet_4_5_0_CLK (net)
                      0.076022    0.000121    0.765458 ^ _1427_/CLK (sky130_fd_sc_hd__dfrtp_2)
                                  0.250000    1.015458   clock uncertainty
                                 -0.044777    0.970681   clock reconvergence pessimism
                                 -0.075772    0.894910   library hold time
                                              0.894910   data required time
---------------------------------------------------------------------------------------------
                                              0.894910   data required time
                                             -2.523005   data arrival time
---------------------------------------------------------------------------------------------
                                              1.628095   slack (MET)


Startpoint: _1415_ (rising edge-triggered flip-flop clocked by CLK)
Endpoint: _1396_ (rising edge-triggered flip-flop clocked by CLK)
Path Group: CLK
Path Type: min

Fanout         Cap        Slew       Delay        Time   Description
---------------------------------------------------------------------------------------------
                                  0.000000    0.000000   clock CLK (rise edge)
                                  0.000000    0.000000   clock source latency
     1    0.018921    0.142429    0.092186    0.092186 ^ CLK (in)
                                                         CLK (net)
                      0.142439    0.000000    0.092186 ^ clkbuf_0_CLK/A (sky130_fd_sc_hd__clkbuf_16)
    16    0.102249    0.179542    0.333196    0.425381 ^ clkbuf_0_CLK/X (sky130_fd_sc_hd__clkbuf_16)
                                                         clknet_0_CLK (net)
                      0.179569    0.002138    0.427519 ^ clkbuf_4_2_0_CLK/A (sky130_fd_sc_hd__clkbuf_8)
     6    0.018780    0.080637    0.269202    0.696721 ^ clkbuf_4_2_0_CLK/X (sky130_fd_sc_hd__clkbuf_8)
                                                         clknet_4_2_0_CLK (net)
                      0.080637    0.000239    0.696960 ^ _1415_/CLK (sky130_fd_sc_hd__dfrtp_2)
     2    0.007991    0.104830    0.685646    1.382607 ^ _1415_/Q (sky130_fd_sc_hd__dfrtp_2)
                                                         faults.hall_fault (net)
                      0.104830    0.000134    1.382740 ^ _0712_/C (sky130_fd_sc_hd__or3_2)
     1    0.005942    0.069589    0.205560    1.588300 ^ _0712_/X (sky130_fd_sc_hd__or3_2)
                                                         _0078_ (net)
                      0.069589    0.000073    1.588373 ^ _0713_/C (sky130_fd_sc_hd__nor3_2)
     3    0.008259    0.050125    0.076895    1.665268 v _0713_/Y (sky130_fd_sc_hd__nor3_2)
                                                         _0079_ (net)
                      0.050125    0.000092    1.665360 v fanout37/A (sky130_fd_sc_hd__clkdlybuf4s25_1)
    10    0.031167    0.424693    0.692882    2.358242 v fanout37/X (sky130_fd_sc_hd__clkdlybuf4s25_1)
                                                         net37 (net)
                      0.424693    0.000195    2.358437 v _0714_/A (sky130_fd_sc_hd__inv_2)
     1    0.002819    0.097125    0.151812    2.510249 ^ _0714_/Y (sky130_fd_sc_hd__inv_2)
                                                         _0022_ (net)
                      0.097125    0.000031    2.510280 ^ _1396_/D (sky130_fd_sc_hd__dfrtp_2)
                                              2.510280   data arrival time

                                  0.000000    0.000000   clock CLK (rise edge)
                                  0.000000    0.000000   clock source latency
     1    0.018921    0.142429    0.101889    0.101889 ^ CLK (in)
                                                         CLK (net)
                      0.142439    0.000000    0.101889 ^ clkbuf_0_CLK/A (sky130_fd_sc_hd__clkbuf_16)
    16    0.102249    0.179542    0.368269    0.470158 ^ clkbuf_0_CLK/X (sky130_fd_sc_hd__clkbuf_16)
                                                         clknet_0_CLK (net)
                      0.179543    0.001033    0.471191 ^ clkbuf_4_8_0_CLK/A (sky130_fd_sc_hd__clkbuf_8)
     5    0.013699    0.069341    0.285372    0.756563 ^ clkbuf_4_8_0_CLK/X (sky130_fd_sc_hd__clkbuf_8)
                                                         clknet_4_8_0_CLK (net)
                      0.069341    0.000084    0.756647 ^ _1396_/CLK (sky130_fd_sc_hd__dfrtp_2)
                                  0.250000    1.006647   clock uncertainty
                                 -0.044777    0.961870   clock reconvergence pessimism
                                 -0.083177    0.878693   library hold time
                                              0.878693   data required time
---------------------------------------------------------------------------------------------
                                              0.878693   data required time
                                             -2.510280   data arrival time
---------------------------------------------------------------------------------------------
                                              1.631587   slack (MET)


Startpoint: _1419_ (rising edge-triggered flip-flop clocked by CLK)
Endpoint: _1465_ (rising edge-triggered flip-flop clocked by CLK)
Path Group: CLK
Path Type: min

Fanout         Cap        Slew       Delay        Time   Description
---------------------------------------------------------------------------------------------
                                  0.000000    0.000000   clock CLK (rise edge)
                                  0.000000    0.000000   clock source latency
     1    0.018921    0.142429    0.092186    0.092186 ^ CLK (in)
                                                         CLK (net)
                      0.142439    0.000000    0.092186 ^ clkbuf_0_CLK/A (sky130_fd_sc_hd__clkbuf_16)
    16    0.102249    0.179542    0.333196    0.425381 ^ clkbuf_0_CLK/X (sky130_fd_sc_hd__clkbuf_16)
                                                         clknet_0_CLK (net)
                      0.179569    0.002140    0.427522 ^ clkbuf_4_0_0_CLK/A (sky130_fd_sc_hd__clkbuf_8)
     6    0.021496    0.086978    0.275067    0.702589 ^ clkbuf_4_0_0_CLK/X (sky130_fd_sc_hd__clkbuf_8)
                                                         clknet_4_0_0_CLK (net)
                      0.086978    0.000294    0.702884 ^ _1419_/CLK (sky130_fd_sc_hd__dfrtp_2)
     1    0.008926    0.110960    0.694569    1.397452 ^ _1419_/Q (sky130_fd_sc_hd__dfrtp_2)
                                                         hall.hall_previous[0] (net)
                      0.110960    0.000048    1.397500 ^ _0791_/B (sky130_fd_sc_hd__xnor2_2)
     1    0.008462    0.105549    0.151579    1.549079 v _0791_/Y (sky130_fd_sc_hd__xnor2_2)
                                                         _0135_ (net)
                      0.105549    0.000279    1.549358 v _0794_/A1 (sky130_fd_sc_hd__a31o_2)
     1    0.008284    0.082932    0.395956    1.945315 v _0794_/X (sky130_fd_sc_hd__a31o_2)
                                                         _0138_ (net)
                      0.082990    0.000195    1.945510 v _0795_/B (sky130_fd_sc_hd__nor2_2)
     4    0.016637    0.323188    0.281463    2.226973 ^ _0795_/Y (sky130_fd_sc_hd__nor2_2)
                                                         _0139_ (net)
                      0.323188    0.000197    2.227170 ^ _0796_/A0 (sky130_fd_sc_hd__mux2_1)
     1    0.002406    0.067742    0.302535    2.529706 ^ _0796_/X (sky130_fd_sc_hd__mux2_1)
                                                         _0010_ (net)
                      0.067742    0.000021    2.529727 ^ _1465_/D (sky130_fd_sc_hd__dfrtp_2)
                                              2.529727   data arrival time

                                  0.000000    0.000000   clock CLK (rise edge)
                                  0.000000    0.000000   clock source latency
     1    0.018921    0.142429    0.101889    0.101889 ^ CLK (in)
                                                         CLK (net)
                      0.142439    0.000000    0.101889 ^ clkbuf_0_CLK/A (sky130_fd_sc_hd__clkbuf_16)
    16    0.102249    0.179542    0.368269    0.470158 ^ clkbuf_0_CLK/X (sky130_fd_sc_hd__clkbuf_16)
                                                         clknet_0_CLK (net)
                      0.179567    0.002296    0.472454 ^ clkbuf_4_3_0_CLK/A (sky130_fd_sc_hd__clkbuf_8)
     6    0.017765    0.078316    0.295115    0.767569 ^ clkbuf_4_3_0_CLK/X (sky130_fd_sc_hd__clkbuf_8)
                                                         clknet_4_3_0_CLK (net)
                      0.078316    0.000159    0.767728 ^ _1465_/CLK (sky130_fd_sc_hd__dfrtp_2)
                                  0.250000    1.017728   clock uncertainty
                                 -0.044777    0.972951   clock reconvergence pessimism
                                 -0.075019    0.897932   library hold time
                                              0.897932   data required time
---------------------------------------------------------------------------------------------
                                              0.897932   data required time
                                             -2.529727   data arrival time
---------------------------------------------------------------------------------------------
                                              1.631795   slack (MET)


Startpoint: _1467_ (rising edge-triggered flip-flop clocked by CLK)
Endpoint: _1425_ (rising edge-triggered flip-flop clocked by CLK)
Path Group: CLK
Path Type: min

Fanout         Cap        Slew       Delay        Time   Description
---------------------------------------------------------------------------------------------
                                  0.000000    0.000000   clock CLK (rise edge)
                                  0.000000    0.000000   clock source latency
     1    0.018921    0.142429    0.092186    0.092186 ^ CLK (in)
                                                         CLK (net)
                      0.142439    0.000000    0.092186 ^ clkbuf_0_CLK/A (sky130_fd_sc_hd__clkbuf_16)
    16    0.102249    0.179542    0.333196    0.425381 ^ clkbuf_0_CLK/X (sky130_fd_sc_hd__clkbuf_16)
                                                         clknet_0_CLK (net)
                      0.179569    0.002140    0.427522 ^ clkbuf_4_0_0_CLK/A (sky130_fd_sc_hd__clkbuf_8)
     6    0.021496    0.086978    0.275067    0.702589 ^ clkbuf_4_0_0_CLK/X (sky130_fd_sc_hd__clkbuf_8)
                                                         clknet_4_0_0_CLK (net)
                      0.086978    0.000230    0.702819 ^ _1467_/CLK (sky130_fd_sc_hd__dfrtp_2)
     5    0.020602    0.187719    0.767508    1.470327 ^ _1467_/Q (sky130_fd_sc_hd__dfrtp_2)
                                                         hall.hall_b_pipe[1] (net)
                      0.187719    0.000382    1.470709 ^ _0730_/A2 (sky130_fd_sc_hd__o211a_2)
     3    0.018904    0.203203    0.490692    1.961401 ^ _0730_/X (sky130_fd_sc_hd__o211a_2)
                                                         _0087_ (net)
                      0.203203    0.000471    1.961872 ^ _0736_/A (sky130_fd_sc_hd__nor2_2)
     3    0.009471    0.073250    0.138903    2.100775 v _0736_/Y (sky130_fd_sc_hd__nor2_2)
                                                         _0093_ (net)
                      0.073250    0.000098    2.100873 v _1382_/B1_N (sky130_fd_sc_hd__o21ba_2)
     1    0.003047    0.061095    0.437912    2.538785 ^ _1382_/X (sky130_fd_sc_hd__o21ba_2)
                                                         _0051_ (net)
                      0.061095    0.000036    2.538821 ^ _1425_/D (sky130_fd_sc_hd__dfrtp_2)
                                              2.538821   data arrival time

                                  0.000000    0.000000   clock CLK (rise edge)
                                  0.000000    0.000000   clock source latency
     1    0.018921    0.142429    0.101889    0.101889 ^ CLK (in)
                                                         CLK (net)
                      0.142439    0.000000    0.101889 ^ clkbuf_0_CLK/A (sky130_fd_sc_hd__clkbuf_16)
    16    0.102249    0.179542    0.368269    0.470158 ^ clkbuf_0_CLK/X (sky130_fd_sc_hd__clkbuf_16)
                                                         clknet_0_CLK (net)
                      0.179569    0.002363    0.472521 ^ clkbuf_4_2_0_CLK/A (sky130_fd_sc_hd__clkbuf_8)
     6    0.018780    0.080637    0.297539    0.770061 ^ clkbuf_4_2_0_CLK/X (sky130_fd_sc_hd__clkbuf_8)
                                                         clknet_4_2_0_CLK (net)
                      0.080637    0.000242    0.770302 ^ _1425_/CLK (sky130_fd_sc_hd__dfrtp_2)
                                  0.250000    1.020302   clock uncertainty
                                 -0.044777    0.975525   clock reconvergence pessimism
                                 -0.073126    0.902399   library hold time
                                              0.902399   data required time
---------------------------------------------------------------------------------------------
                                              0.902399   data required time
                                             -2.538821   data arrival time
---------------------------------------------------------------------------------------------
                                              1.636422   slack (MET)


Startpoint: _1442_ (rising edge-triggered flip-flop clocked by CLK)
Endpoint: _1426_ (rising edge-triggered flip-flop clocked by CLK)
Path Group: CLK
Path Type: min

Fanout         Cap        Slew       Delay        Time   Description
---------------------------------------------------------------------------------------------
                                  0.000000    0.000000   clock CLK (rise edge)
                                  0.000000    0.000000   clock source latency
     1    0.018921    0.142429    0.092186    0.092186 ^ CLK (in)
                                                         CLK (net)
                      0.142439    0.000000    0.092186 ^ clkbuf_0_CLK/A (sky130_fd_sc_hd__clkbuf_16)
    16    0.102249    0.179542    0.333196    0.425381 ^ clkbuf_0_CLK/X (sky130_fd_sc_hd__clkbuf_16)
                                                         clknet_0_CLK (net)
                      0.179571    0.002210    0.427591 ^ clkbuf_4_5_0_CLK/A (sky130_fd_sc_hd__clkbuf_8)
     6    0.016758    0.076022    0.264857    0.692448 ^ clkbuf_4_5_0_CLK/X (sky130_fd_sc_hd__clkbuf_8)
                                                         clknet_4_5_0_CLK (net)
                      0.076022    0.000115    0.692563 ^ _1442_/CLK (sky130_fd_sc_hd__dfrtp_2)
     1    0.001747    0.063507    0.631757    1.324320 ^ _1442_/Q (sky130_fd_sc_hd__dfrtp_2)
                                                         duty_shadow[0] (net)
                      0.063507    0.000007    1.324326 ^ hold149/A (sky130_fd_sc_hd__dlygate4sd3_1)
     1    0.003107    0.095275    0.990579    2.314905 ^ hold149/X (sky130_fd_sc_hd__dlygate4sd3_1)
                                                         net148 (net)
                      0.095275    0.000039    2.314944 ^ _1383_/A0 (sky130_fd_sc_hd__mux2_1)
     1    0.002646    0.069684    0.220744    2.535688 ^ _1383_/X (sky130_fd_sc_hd__mux2_1)
                                                         _0052_ (net)
                      0.069684    0.000026    2.535713 ^ _1426_/D (sky130_fd_sc_hd__dfrtp_2)
                                              2.535713   data arrival time

                                  0.000000    0.000000   clock CLK (rise edge)
                                  0.000000    0.000000   clock source latency
     1    0.018921    0.142429    0.101889    0.101889 ^ CLK (in)
                                                         CLK (net)
                      0.142439    0.000000    0.101889 ^ clkbuf_0_CLK/A (sky130_fd_sc_hd__clkbuf_16)
    16    0.102249    0.179542    0.368269    0.470158 ^ clkbuf_0_CLK/X (sky130_fd_sc_hd__clkbuf_16)
                                                         clknet_0_CLK (net)
                      0.179569    0.002376    0.472534 ^ clkbuf_4_7_0_CLK/A (sky130_fd_sc_hd__clkbuf_8)
     6    0.014960    0.072059    0.288402    0.760936 ^ clkbuf_4_7_0_CLK/X (sky130_fd_sc_hd__clkbuf_8)
                                                         clknet_4_7_0_CLK (net)
                      0.072060    0.000166    0.761102 ^ _1426_/CLK (sky130_fd_sc_hd__dfrtp_2)
                                  0.250000    1.011102   clock uncertainty
                                 -0.044777    0.966325   clock reconvergence pessimism
                                 -0.076487    0.889838   library hold time
                                              0.889838   data required time
---------------------------------------------------------------------------------------------
                                              0.889838   data required time
                                             -2.535713   data arrival time
---------------------------------------------------------------------------------------------
                                              1.645875   slack (MET)


Startpoint: _1450_ (rising edge-triggered flip-flop clocked by CLK)
Endpoint: _1434_ (rising edge-triggered flip-flop clocked by CLK)
Path Group: CLK
Path Type: min

Fanout         Cap        Slew       Delay        Time   Description
---------------------------------------------------------------------------------------------
                                  0.000000    0.000000   clock CLK (rise edge)
                                  0.000000    0.000000   clock source latency
     1    0.018921    0.142429    0.092186    0.092186 ^ CLK (in)
                                                         CLK (net)
                      0.142439    0.000000    0.092186 ^ clkbuf_0_CLK/A (sky130_fd_sc_hd__clkbuf_16)
    16    0.102249    0.179542    0.333196    0.425381 ^ clkbuf_0_CLK/X (sky130_fd_sc_hd__clkbuf_16)
                                                         clknet_0_CLK (net)
                      0.179554    0.001602    0.426983 ^ clkbuf_4_14_0_CLK/A (sky130_fd_sc_hd__clkbuf_8)
     6    0.017613    0.077970    0.266676    0.693659 ^ clkbuf_4_14_0_CLK/X (sky130_fd_sc_hd__clkbuf_8)
                                                         clknet_4_14_0_CLK (net)
                      0.077970    0.000209    0.693868 ^ _1450_/CLK (sky130_fd_sc_hd__dfrtp_2)
     1    0.001871    0.063588    0.633770    1.327639 ^ _1450_/Q (sky130_fd_sc_hd__dfrtp_2)
                                                         duty_shadow[8] (net)
                      0.063588    0.000015    1.327654 ^ hold148/A (sky130_fd_sc_hd__dlygate4sd3_1)
     1    0.003700    0.104391    0.999259    2.326912 ^ hold148/X (sky130_fd_sc_hd__dlygate4sd3_1)
                                                         net147 (net)
                      0.104391    0.000056    2.326969 ^ _1391_/A0 (sky130_fd_sc_hd__mux2_1)
     1    0.002279    0.065870    0.219710    2.546679 ^ _1391_/X (sky130_fd_sc_hd__mux2_1)
                                                         _0060_ (net)
                      0.065870    0.000021    2.546700 ^ _1434_/D (sky130_fd_sc_hd__dfrtp_2)
                                              2.546700   data arrival time

                                  0.000000    0.000000   clock CLK (rise edge)
                                  0.000000    0.000000   clock source latency
     1    0.018921    0.142429    0.101889    0.101889 ^ CLK (in)
                                                         CLK (net)
                      0.142439    0.000000    0.101889 ^ clkbuf_0_CLK/A (sky130_fd_sc_hd__clkbuf_16)
    16    0.102249    0.179542    0.368269    0.470158 ^ clkbuf_0_CLK/X (sky130_fd_sc_hd__clkbuf_16)
                                                         clknet_0_CLK (net)
                      0.179553    0.001736    0.471895 ^ clkbuf_4_15_0_CLK/A (sky130_fd_sc_hd__clkbuf_8)
     6    0.015079    0.072320    0.288684    0.760579 ^ clkbuf_4_15_0_CLK/X (sky130_fd_sc_hd__clkbuf_8)
                                                         clknet_4_15_0_CLK (net)
                      0.072320    0.000154    0.760732 ^ _1434_/CLK (sky130_fd_sc_hd__dfrtp_2)
                                  0.250000    1.010732   clock uncertainty
                                 -0.044777    0.965955   clock reconvergence pessimism
                                 -0.075577    0.890379   library hold time
                                              0.890379   data required time
---------------------------------------------------------------------------------------------
                                              0.890379   data required time
                                             -2.546700   data arrival time
---------------------------------------------------------------------------------------------
                                              1.656321   slack (MET)


Startpoint: _1449_ (rising edge-triggered flip-flop clocked by CLK)
Endpoint: _1433_ (rising edge-triggered flip-flop clocked by CLK)
Path Group: CLK
Path Type: min

Fanout         Cap        Slew       Delay        Time   Description
---------------------------------------------------------------------------------------------
                                  0.000000    0.000000   clock CLK (rise edge)
                                  0.000000    0.000000   clock source latency
     1    0.018921    0.142429    0.092186    0.092186 ^ CLK (in)
                                                         CLK (net)
                      0.142439    0.000000    0.092186 ^ clkbuf_0_CLK/A (sky130_fd_sc_hd__clkbuf_16)
    16    0.102249    0.179542    0.333196    0.425381 ^ clkbuf_0_CLK/X (sky130_fd_sc_hd__clkbuf_16)
                                                         clknet_0_CLK (net)
                      0.179571    0.002210    0.427591 ^ clkbuf_4_5_0_CLK/A (sky130_fd_sc_hd__clkbuf_8)
     6    0.016758    0.076022    0.264857    0.692448 ^ clkbuf_4_5_0_CLK/X (sky130_fd_sc_hd__clkbuf_8)
                                                         clknet_4_5_0_CLK (net)
                      0.076022    0.000052    0.692500 ^ _1449_/CLK (sky130_fd_sc_hd__dfrtp_2)
     1    0.003310    0.072281    0.646536    1.339035 ^ _1449_/Q (sky130_fd_sc_hd__dfrtp_2)
                                                         duty_shadow[7] (net)
                      0.072281    0.000048    1.339083 ^ hold144/A (sky130_fd_sc_hd__dlygate4sd3_1)
     1    0.003156    0.095922    0.994918    2.334001 ^ hold144/X (sky130_fd_sc_hd__dlygate4sd3_1)
                                                         net143 (net)
                      0.095922    0.000045    2.334047 ^ _1390_/A0 (sky130_fd_sc_hd__mux2_1)
     1    0.002112    0.064166    0.214158    2.548205 ^ _1390_/X (sky130_fd_sc_hd__mux2_1)
                                                         _0059_ (net)
                      0.064166    0.000017    2.548222 ^ _1433_/D (sky130_fd_sc_hd__dfrtp_2)
                                              2.548222   data arrival time

                                  0.000000    0.000000   clock CLK (rise edge)
                                  0.000000    0.000000   clock source latency
     1    0.018921    0.142429    0.101889    0.101889 ^ CLK (in)
                                                         CLK (net)
                      0.142439    0.000000    0.101889 ^ clkbuf_0_CLK/A (sky130_fd_sc_hd__clkbuf_16)
    16    0.102249    0.179542    0.368269    0.470158 ^ clkbuf_0_CLK/X (sky130_fd_sc_hd__clkbuf_16)
                                                         clknet_0_CLK (net)
                      0.179569    0.002376    0.472534 ^ clkbuf_4_7_0_CLK/A (sky130_fd_sc_hd__clkbuf_8)
     6    0.014960    0.072059    0.288402    0.760936 ^ clkbuf_4_7_0_CLK/X (sky130_fd_sc_hd__clkbuf_8)
                                                         clknet_4_7_0_CLK (net)
                      0.072059    0.000096    0.761032 ^ _1433_/CLK (sky130_fd_sc_hd__dfrtp_2)
                                  0.250000    1.011032   clock uncertainty
                                 -0.044777    0.966255   clock reconvergence pessimism
                                 -0.075232    0.891023   library hold time
                                              0.891023   data required time
---------------------------------------------------------------------------------------------
                                              0.891023   data required time
                                             -2.548222   data arrival time
---------------------------------------------------------------------------------------------
                                              1.657199   slack (MET)


Startpoint: _1448_ (rising edge-triggered flip-flop clocked by CLK)
Endpoint: _1432_ (rising edge-triggered flip-flop clocked by CLK)
Path Group: CLK
Path Type: min

Fanout         Cap        Slew       Delay        Time   Description
---------------------------------------------------------------------------------------------
                                  0.000000    0.000000   clock CLK (rise edge)
                                  0.000000    0.000000   clock source latency
     1    0.018921    0.142429    0.092186    0.092186 ^ CLK (in)
                                                         CLK (net)
                      0.142439    0.000000    0.092186 ^ clkbuf_0_CLK/A (sky130_fd_sc_hd__clkbuf_16)
    16    0.102249    0.179542    0.333196    0.425381 ^ clkbuf_0_CLK/X (sky130_fd_sc_hd__clkbuf_16)
                                                         clknet_0_CLK (net)
                      0.179570    0.002168    0.427549 ^ clkbuf_4_4_0_CLK/A (sky130_fd_sc_hd__clkbuf_8)
     6    0.017565    0.077862    0.266578    0.694128 ^ clkbuf_4_4_0_CLK/X (sky130_fd_sc_hd__clkbuf_8)
                                                         clknet_4_4_0_CLK (net)
                      0.077862    0.000144    0.694272 ^ _1448_/CLK (sky130_fd_sc_hd__dfrtp_2)
     1    0.002273    0.066227    0.637529    1.331801 ^ _1448_/Q (sky130_fd_sc_hd__dfrtp_2)
                                                         duty_shadow[6] (net)
                      0.066227    0.000022    1.331823 ^ hold152/A (sky130_fd_sc_hd__dlygate4sd3_1)
     1    0.002801    0.091636    0.987240    2.319063 ^ hold152/X (sky130_fd_sc_hd__dlygate4sd3_1)
                                                         net151 (net)
                      0.091636    0.000031    2.319094 ^ _1389_/A0 (sky130_fd_sc_hd__mux2_1)
     1    0.003895    0.085338    0.235276    2.554370 ^ _1389_/X (sky130_fd_sc_hd__mux2_1)
                                                         _0058_ (net)
                      0.085338    0.000053    2.554423 ^ _1432_/D (sky130_fd_sc_hd__dfrtp_2)
                                              2.554423   data arrival time

                                  0.000000    0.000000   clock CLK (rise edge)
                                  0.000000    0.000000   clock source latency
     1    0.018921    0.142429    0.101889    0.101889 ^ CLK (in)
                                                         CLK (net)
                      0.142439    0.000000    0.101889 ^ clkbuf_0_CLK/A (sky130_fd_sc_hd__clkbuf_16)
    16    0.102249    0.179542    0.368269    0.470158 ^ clkbuf_0_CLK/X (sky130_fd_sc_hd__clkbuf_16)
                                                         clknet_0_CLK (net)
                      0.179571    0.002443    0.472601 ^ clkbuf_4_5_0_CLK/A (sky130_fd_sc_hd__clkbuf_8)
     6    0.016758    0.076022    0.292736    0.765337 ^ clkbuf_4_5_0_CLK/X (sky130_fd_sc_hd__clkbuf_8)
                                                         clknet_4_5_0_CLK (net)
                      0.076022    0.000097    0.765434 ^ _1432_/CLK (sky130_fd_sc_hd__dfrtp_2)
                                  0.250000    1.015434   clock uncertainty
                                 -0.044777    0.970657   clock reconvergence pessimism
                                 -0.079399    0.891258   library hold time
                                              0.891258   data required time
---------------------------------------------------------------------------------------------
                                              0.891258   data required time
                                             -2.554423   data arrival time
---------------------------------------------------------------------------------------------
                                              1.663165   slack (MET)


Startpoint: _1447_ (rising edge-triggered flip-flop clocked by CLK)
Endpoint: _1431_ (rising edge-triggered flip-flop clocked by CLK)
Path Group: CLK
Path Type: min

Fanout         Cap        Slew       Delay        Time   Description
---------------------------------------------------------------------------------------------
                                  0.000000    0.000000   clock CLK (rise edge)
                                  0.000000    0.000000   clock source latency
     1    0.018921    0.142429    0.092186    0.092186 ^ CLK (in)
                                                         CLK (net)
                      0.142439    0.000000    0.092186 ^ clkbuf_0_CLK/A (sky130_fd_sc_hd__clkbuf_16)
    16    0.102249    0.179542    0.333196    0.425381 ^ clkbuf_0_CLK/X (sky130_fd_sc_hd__clkbuf_16)
                                                         clknet_0_CLK (net)
                      0.179569    0.002149    0.427531 ^ clkbuf_4_7_0_CLK/A (sky130_fd_sc_hd__clkbuf_8)
     6    0.014960    0.072059    0.260935    0.688466 ^ clkbuf_4_7_0_CLK/X (sky130_fd_sc_hd__clkbuf_8)
                                                         clknet_4_7_0_CLK (net)
                      0.072061    0.000168    0.688634 ^ _1447_/CLK (sky130_fd_sc_hd__dfrtp_2)
     1    0.003000    0.070527    0.641869    1.330503 ^ _1447_/Q (sky130_fd_sc_hd__dfrtp_2)
                                                         duty_shadow[5] (net)
                      0.070527    0.000036    1.330539 ^ hold156/A (sky130_fd_sc_hd__dlygate4sd3_1)
     1    0.002544    0.088740    0.985277    2.315816 ^ hold156/X (sky130_fd_sc_hd__dlygate4sd3_1)
                                                         net155 (net)
                      0.088740    0.000028    2.315844 ^ _1388_/A0 (sky130_fd_sc_hd__mux2_1)
     1    0.002207    0.067393    0.212488    2.528332 ^ _1388_/X (sky130_fd_sc_hd__mux2_1)
                                                         _0057_ (net)
                      0.067393    0.000011    2.528342 ^ _1431_/D (sky130_fd_sc_hd__dfrtp_2)
                                              2.528342   data arrival time

                                  0.000000    0.000000   clock CLK (rise edge)
                                  0.000000    0.000000   clock source latency
     1    0.018921    0.142429    0.101889    0.101889 ^ CLK (in)
                                                         CLK (net)
                      0.142439    0.000000    0.101889 ^ clkbuf_0_CLK/A (sky130_fd_sc_hd__clkbuf_16)
    16    0.102249    0.179542    0.368269    0.470158 ^ clkbuf_0_CLK/X (sky130_fd_sc_hd__clkbuf_16)
                                                         clknet_0_CLK (net)
                      0.179569    0.002376    0.472534 ^ clkbuf_4_7_0_CLK/A (sky130_fd_sc_hd__clkbuf_8)
     6    0.014960    0.072059    0.288402    0.760936 ^ clkbuf_4_7_0_CLK/X (sky130_fd_sc_hd__clkbuf_8)
                                                         clknet_4_7_0_CLK (net)
                      0.072060    0.000176    0.761112 ^ _1431_/CLK (sky130_fd_sc_hd__dfrtp_2)
                                  0.250000    1.011112   clock uncertainty
                                 -0.072470    0.938642   clock reconvergence pessimism
                                 -0.075966    0.862677   library hold time
                                              0.862677   data required time
---------------------------------------------------------------------------------------------
                                              0.862677   data required time
                                             -2.528342   data arrival time
---------------------------------------------------------------------------------------------
                                              1.665666   slack (MET)


Startpoint: _1445_ (rising edge-triggered flip-flop clocked by CLK)
Endpoint: _1429_ (rising edge-triggered flip-flop clocked by CLK)
Path Group: CLK
Path Type: min

Fanout         Cap        Slew       Delay        Time   Description
---------------------------------------------------------------------------------------------
                                  0.000000    0.000000   clock CLK (rise edge)
                                  0.000000    0.000000   clock source latency
     1    0.018921    0.142429    0.092186    0.092186 ^ CLK (in)
                                                         CLK (net)
                      0.142439    0.000000    0.092186 ^ clkbuf_0_CLK/A (sky130_fd_sc_hd__clkbuf_16)
    16    0.102249    0.179542    0.333196    0.425381 ^ clkbuf_0_CLK/X (sky130_fd_sc_hd__clkbuf_16)
                                                         clknet_0_CLK (net)
                      0.179569    0.002143    0.427525 ^ clkbuf_4_1_0_CLK/A (sky130_fd_sc_hd__clkbuf_8)
     6    0.016941    0.076434    0.265211    0.692736 ^ clkbuf_4_1_0_CLK/X (sky130_fd_sc_hd__clkbuf_8)
                                                         clknet_4_1_0_CLK (net)
                      0.076434    0.000157    0.692892 ^ _1445_/CLK (sky130_fd_sc_hd__dfrtp_2)
     1    0.003091    0.071040    0.644646    1.337538 ^ _1445_/Q (sky130_fd_sc_hd__dfrtp_2)
                                                         duty_shadow[3] (net)
                      0.071040    0.000030    1.337568 ^ hold145/A (sky130_fd_sc_hd__dlygate4sd3_1)
     1    0.004162    0.109522    1.009079    2.346647 ^ hold145/X (sky130_fd_sc_hd__dlygate4sd3_1)
                                                         net144 (net)
                      0.109522    0.000041    2.346688 ^ _1386_/A0 (sky130_fd_sc_hd__mux2_1)
     1    0.002514    0.068269    0.224779    2.571466 ^ _1386_/X (sky130_fd_sc_hd__mux2_1)
                                                         _0055_ (net)
                      0.068269    0.000024    2.571491 ^ _1429_/D (sky130_fd_sc_hd__dfrtp_2)
                                              2.571491   data arrival time

                                  0.000000    0.000000   clock CLK (rise edge)
                                  0.000000    0.000000   clock source latency
     1    0.018921    0.142429    0.101889    0.101889 ^ CLK (in)
                                                         CLK (net)
                      0.142439    0.000000    0.101889 ^ clkbuf_0_CLK/A (sky130_fd_sc_hd__clkbuf_16)
    16    0.102249    0.179542    0.368269    0.470158 ^ clkbuf_0_CLK/X (sky130_fd_sc_hd__clkbuf_16)
                                                         clknet_0_CLK (net)
                      0.179570    0.002396    0.472555 ^ clkbuf_4_4_0_CLK/A (sky130_fd_sc_hd__clkbuf_8)
     6    0.017565    0.077862    0.294639    0.767194 ^ clkbuf_4_4_0_CLK/X (sky130_fd_sc_hd__clkbuf_8)
                                                         clknet_4_4_0_CLK (net)
                      0.077862    0.000156    0.767350 ^ _1429_/CLK (sky130_fd_sc_hd__dfrtp_2)
                                  0.250000    1.017350   clock uncertainty
                                 -0.044777    0.972573   clock reconvergence pessimism
                                 -0.075213    0.897360   library hold time
                                              0.897360   data required time
---------------------------------------------------------------------------------------------
                                              0.897360   data required time
                                             -2.571491   data arrival time
---------------------------------------------------------------------------------------------
                                              1.674130   slack (MET)


Startpoint: _1446_ (rising edge-triggered flip-flop clocked by CLK)
Endpoint: _1430_ (rising edge-triggered flip-flop clocked by CLK)
Path Group: CLK
Path Type: min

Fanout         Cap        Slew       Delay        Time   Description
---------------------------------------------------------------------------------------------
                                  0.000000    0.000000   clock CLK (rise edge)
                                  0.000000    0.000000   clock source latency
     1    0.018921    0.142429    0.092186    0.092186 ^ CLK (in)
                                                         CLK (net)
                      0.142439    0.000000    0.092186 ^ clkbuf_0_CLK/A (sky130_fd_sc_hd__clkbuf_16)
    16    0.102249    0.179542    0.333196    0.425381 ^ clkbuf_0_CLK/X (sky130_fd_sc_hd__clkbuf_16)
                                                         clknet_0_CLK (net)
                      0.179570    0.002168    0.427549 ^ clkbuf_4_4_0_CLK/A (sky130_fd_sc_hd__clkbuf_8)
     6    0.017565    0.077862    0.266578    0.694128 ^ clkbuf_4_4_0_CLK/X (sky130_fd_sc_hd__clkbuf_8)
                                                         clknet_4_4_0_CLK (net)
                      0.077862    0.000147    0.694275 ^ _1446_/CLK (sky130_fd_sc_hd__dfrtp_2)
     1    0.004065    0.078156    0.654465    1.348740 ^ _1446_/Q (sky130_fd_sc_hd__dfrtp_2)
                                                         duty_shadow[4] (net)
                      0.078156    0.000063    1.348804 ^ hold147/A (sky130_fd_sc_hd__dlygate4sd3_1)
     1    0.003778    0.104154    1.006395    2.355198 ^ hold147/X (sky130_fd_sc_hd__dlygate4sd3_1)
                                                         net146 (net)
                      0.104154    0.000046    2.355244 ^ _1387_/A0 (sky130_fd_sc_hd__mux2_1)
     1    0.003742    0.083507    0.238354    2.593598 ^ _1387_/X (sky130_fd_sc_hd__mux2_1)
                                                         _0056_ (net)
                      0.083507    0.000051    2.593649 ^ _1430_/D (sky130_fd_sc_hd__dfrtp_2)
                                              2.593649   data arrival time

                                  0.000000    0.000000   clock CLK (rise edge)
                                  0.000000    0.000000   clock source latency
     1    0.018921    0.142429    0.101889    0.101889 ^ CLK (in)
                                                         CLK (net)
                      0.142439    0.000000    0.101889 ^ clkbuf_0_CLK/A (sky130_fd_sc_hd__clkbuf_16)
    16    0.102249    0.179542    0.368269    0.470158 ^ clkbuf_0_CLK/X (sky130_fd_sc_hd__clkbuf_16)
                                                         clknet_0_CLK (net)
                      0.179571    0.002443    0.472601 ^ clkbuf_4_5_0_CLK/A (sky130_fd_sc_hd__clkbuf_8)
     6    0.016758    0.076022    0.292736    0.765337 ^ clkbuf_4_5_0_CLK/X (sky130_fd_sc_hd__clkbuf_8)
                                                         clknet_4_5_0_CLK (net)
                      0.076022    0.000093    0.765430 ^ _1430_/CLK (sky130_fd_sc_hd__dfrtp_2)
                                  0.250000    1.015430   clock uncertainty
                                 -0.044777    0.970653   clock reconvergence pessimism
                                 -0.078982    0.891671   library hold time
                                              0.891671   data required time
---------------------------------------------------------------------------------------------
                                              0.891671   data required time
                                             -2.593649   data arrival time
---------------------------------------------------------------------------------------------
                                              1.701978   slack (MET)


Startpoint: _1444_ (rising edge-triggered flip-flop clocked by CLK)
Endpoint: _1428_ (rising edge-triggered flip-flop clocked by CLK)
Path Group: CLK
Path Type: min

Fanout         Cap        Slew       Delay        Time   Description
---------------------------------------------------------------------------------------------
                                  0.000000    0.000000   clock CLK (rise edge)
                                  0.000000    0.000000   clock source latency
     1    0.018921    0.142429    0.092186    0.092186 ^ CLK (in)
                                                         CLK (net)
                      0.142439    0.000000    0.092186 ^ clkbuf_0_CLK/A (sky130_fd_sc_hd__clkbuf_16)
    16    0.102249    0.179542    0.333196    0.425381 ^ clkbuf_0_CLK/X (sky130_fd_sc_hd__clkbuf_16)
                                                         clknet_0_CLK (net)
                      0.179569    0.002143    0.427525 ^ clkbuf_4_1_0_CLK/A (sky130_fd_sc_hd__clkbuf_8)
     6    0.016941    0.076434    0.265211    0.692736 ^ clkbuf_4_1_0_CLK/X (sky130_fd_sc_hd__clkbuf_8)
                                                         clknet_4_1_0_CLK (net)
                      0.076434    0.000111    0.692847 ^ _1444_/CLK (sky130_fd_sc_hd__dfrtp_2)
     1    0.002863    0.069822    0.642489    1.335336 ^ _1444_/Q (sky130_fd_sc_hd__dfrtp_2)
                                                         duty_shadow[2] (net)
                      0.069822    0.000034    1.335370 ^ hold161/A (sky130_fd_sc_hd__dlygate4sd3_1)
     1    0.003854    0.105147    1.004076    2.339446 ^ hold161/X (sky130_fd_sc_hd__dlygate4sd3_1)
                                                         net160 (net)
                      0.105147    0.000057    2.339502 ^ _1385_/A0 (sky130_fd_sc_hd__mux2_1)
     1    0.003373    0.079041    0.234026    2.573528 ^ _1385_/X (sky130_fd_sc_hd__mux2_1)
                                                         _0054_ (net)
                      0.079041    0.000042    2.573570 ^ _1428_/D (sky130_fd_sc_hd__dfrtp_2)
                                              2.573570   data arrival time

                                  0.000000    0.000000   clock CLK (rise edge)
                                  0.000000    0.000000   clock source latency
     1    0.018921    0.142429    0.101889    0.101889 ^ CLK (in)
                                                         CLK (net)
                      0.142439    0.000000    0.101889 ^ clkbuf_0_CLK/A (sky130_fd_sc_hd__clkbuf_16)
    16    0.102249    0.179542    0.368269    0.470158 ^ clkbuf_0_CLK/X (sky130_fd_sc_hd__clkbuf_16)
                                                         clknet_0_CLK (net)
                      0.179569    0.002369    0.472527 ^ clkbuf_4_1_0_CLK/A (sky130_fd_sc_hd__clkbuf_8)
     6    0.016941    0.076434    0.293128    0.765655 ^ clkbuf_4_1_0_CLK/X (sky130_fd_sc_hd__clkbuf_8)
                                                         clknet_4_1_0_CLK (net)
                      0.076434    0.000177    0.765833 ^ _1428_/CLK (sky130_fd_sc_hd__dfrtp_2)
                                  0.250000    1.015833   clock uncertainty
                                 -0.072920    0.942913   clock reconvergence pessimism
                                 -0.077898    0.865015   library hold time
                                              0.865015   data required time
---------------------------------------------------------------------------------------------
                                              0.865015   data required time
                                             -2.573570   data arrival time
---------------------------------------------------------------------------------------------
                                              1.708556   slack (MET)


Startpoint: _1407_ (rising edge-triggered flip-flop clocked by CLK)
Endpoint: _1408_ (rising edge-triggered flip-flop clocked by CLK)
Path Group: CLK
Path Type: min

Fanout         Cap        Slew       Delay        Time   Description
---------------------------------------------------------------------------------------------
                                  0.000000    0.000000   clock CLK (rise edge)
                                  0.000000    0.000000   clock source latency
     1    0.018921    0.142429    0.092186    0.092186 ^ CLK (in)
                                                         CLK (net)
                      0.142439    0.000000    0.092186 ^ clkbuf_0_CLK/A (sky130_fd_sc_hd__clkbuf_16)
    16    0.102249    0.179542    0.333196    0.425381 ^ clkbuf_0_CLK/X (sky130_fd_sc_hd__clkbuf_16)
                                                         clknet_0_CLK (net)
                      0.179554    0.001602    0.426983 ^ clkbuf_4_14_0_CLK/A (sky130_fd_sc_hd__clkbuf_8)
     6    0.017613    0.077970    0.266676    0.693659 ^ clkbuf_4_14_0_CLK/X (sky130_fd_sc_hd__clkbuf_8)
                                                         clknet_4_14_0_CLK (net)
                      0.077970    0.000166    0.693825 ^ _1407_/CLK (sky130_fd_sc_hd__dfrtp_2)
     3    0.009274    0.113286    0.692834    1.386659 ^ _1407_/Q (sky130_fd_sc_hd__dfrtp_2)
                                                         gates.phase_b.dead_count[4] (net)
                      0.113286    0.000105    1.386764 ^ _1362_/A1 (sky130_fd_sc_hd__o21a_2)
     1    0.002266    0.050257    0.247354    1.634118 ^ _1362_/X (sky130_fd_sc_hd__o21a_2)
                                                         _0034_ (net)
                      0.050257    0.000020    1.634138 ^ hold151/A (sky130_fd_sc_hd__dlygate4sd3_1)
     1    0.002259    0.088178    0.972725    2.606863 ^ hold151/X (sky130_fd_sc_hd__dlygate4sd3_1)
                                                         net150 (net)
                      0.088178    0.000019    2.606882 ^ _1408_/D (sky130_fd_sc_hd__dfrtp_2)
                                              2.606882   data arrival time

                                  0.000000    0.000000   clock CLK (rise edge)
                                  0.000000    0.000000   clock source latency
     1    0.018921    0.142429    0.101889    0.101889 ^ CLK (in)
                                                         CLK (net)
                      0.142439    0.000000    0.101889 ^ clkbuf_0_CLK/A (sky130_fd_sc_hd__clkbuf_16)
    16    0.102249    0.179542    0.368269    0.470158 ^ clkbuf_0_CLK/X (sky130_fd_sc_hd__clkbuf_16)
                                                         clknet_0_CLK (net)
                      0.179556    0.001880    0.472039 ^ clkbuf_4_11_0_CLK/A (sky130_fd_sc_hd__clkbuf_8)
     6    0.015998    0.074334    0.290879    0.762917 ^ clkbuf_4_11_0_CLK/X (sky130_fd_sc_hd__clkbuf_8)
                                                         clknet_4_11_0_CLK (net)
                      0.074334    0.000190    0.763107 ^ _1408_/CLK (sky130_fd_sc_hd__dfrtp_2)
                                  0.250000    1.013107   clock uncertainty
                                 -0.044777    0.968330   clock reconvergence pessimism
                                 -0.080322    0.888008   library hold time
                                              0.888008   data required time
---------------------------------------------------------------------------------------------
                                              0.888008   data required time
                                             -2.606882   data arrival time
---------------------------------------------------------------------------------------------
                                              1.718873   slack (MET)


Startpoint: _1413_ (rising edge-triggered flip-flop clocked by CLK)
Endpoint: _1414_ (rising edge-triggered flip-flop clocked by CLK)
Path Group: CLK
Path Type: min

Fanout         Cap        Slew       Delay        Time   Description
---------------------------------------------------------------------------------------------
                                  0.000000    0.000000   clock CLK (rise edge)
                                  0.000000    0.000000   clock source latency
     1    0.018921    0.142429    0.092186    0.092186 ^ CLK (in)
                                                         CLK (net)
                      0.142439    0.000000    0.092186 ^ clkbuf_0_CLK/A (sky130_fd_sc_hd__clkbuf_16)
    16    0.102249    0.179542    0.333196    0.425381 ^ clkbuf_0_CLK/X (sky130_fd_sc_hd__clkbuf_16)
                                                         clknet_0_CLK (net)
                      0.179542    0.000845    0.426226 ^ clkbuf_4_12_0_CLK/A (sky130_fd_sc_hd__clkbuf_8)
     6    0.018149    0.079200    0.267794    0.694020 ^ clkbuf_4_12_0_CLK/X (sky130_fd_sc_hd__clkbuf_8)
                                                         clknet_4_12_0_CLK (net)
                      0.079200    0.000103    0.694123 ^ _1413_/CLK (sky130_fd_sc_hd__dfrtp_2)
     3    0.010070    0.118671    0.698550    1.392673 ^ _1413_/Q (sky130_fd_sc_hd__dfrtp_2)
                                                         gates.phase_c.dead_count[4] (net)
                      0.118671    0.000098    1.392771 ^ _1374_/A1 (sky130_fd_sc_hd__o21a_2)
     1    0.002247    0.050124    0.249191    1.641962 ^ _1374_/X (sky130_fd_sc_hd__o21a_2)
                                                         _0040_ (net)
                      0.050124    0.000021    1.641983 ^ hold154/A (sky130_fd_sc_hd__dlygate4sd3_1)
     1    0.002688    0.090273    0.978932    2.620915 ^ hold154/X (sky130_fd_sc_hd__dlygate4sd3_1)
                                                         net153 (net)
                      0.090273    0.000028    2.620943 ^ _1414_/D (sky130_fd_sc_hd__dfrtp_2)
                                              2.620943   data arrival time

                                  0.000000    0.000000   clock CLK (rise edge)
                                  0.000000    0.000000   clock source latency
     1    0.018921    0.142429    0.101889    0.101889 ^ CLK (in)
                                                         CLK (net)
                      0.142439    0.000000    0.101889 ^ clkbuf_0_CLK/A (sky130_fd_sc_hd__clkbuf_16)
    16    0.102249    0.179542    0.368269    0.470158 ^ clkbuf_0_CLK/X (sky130_fd_sc_hd__clkbuf_16)
                                                         clknet_0_CLK (net)
                      0.179543    0.000986    0.471145 ^ clkbuf_4_9_0_CLK/A (sky130_fd_sc_hd__clkbuf_8)
     6    0.016728    0.075957    0.292565    0.763710 ^ clkbuf_4_9_0_CLK/X (sky130_fd_sc_hd__clkbuf_8)
                                                         clknet_4_9_0_CLK (net)
                      0.075957    0.000059    0.763769 ^ _1414_/CLK (sky130_fd_sc_hd__dfrtp_2)
                                  0.250000    1.013769   clock uncertainty
                                 -0.044777    0.968992   clock reconvergence pessimism
                                 -0.080532    0.888460   library hold time
                                              0.888460   data required time
---------------------------------------------------------------------------------------------
                                              0.888460   data required time
                                             -2.620943   data arrival time
---------------------------------------------------------------------------------------------
                                              1.732483   slack (MET)


Startpoint: _1425_ (rising edge-triggered flip-flop clocked by CLK)
Endpoint: _1415_ (rising edge-triggered flip-flop clocked by CLK)
Path Group: CLK
Path Type: min

Fanout         Cap        Slew       Delay        Time   Description
---------------------------------------------------------------------------------------------
                                  0.000000    0.000000   clock CLK (rise edge)
                                  0.000000    0.000000   clock source latency
     1    0.018921    0.142429    0.092186    0.092186 ^ CLK (in)
                                                         CLK (net)
                      0.142439    0.000000    0.092186 ^ clkbuf_0_CLK/A (sky130_fd_sc_hd__clkbuf_16)
    16    0.102249    0.179542    0.333196    0.425381 ^ clkbuf_0_CLK/X (sky130_fd_sc_hd__clkbuf_16)
                                                         clknet_0_CLK (net)
                      0.179569    0.002138    0.427519 ^ clkbuf_4_2_0_CLK/A (sky130_fd_sc_hd__clkbuf_8)
     6    0.018780    0.080637    0.269202    0.696721 ^ clkbuf_4_2_0_CLK/X (sky130_fd_sc_hd__clkbuf_8)
                                                         clknet_4_2_0_CLK (net)
                      0.080637    0.000218    0.696940 ^ _1425_/CLK (sky130_fd_sc_hd__dfrtp_2)
     2    0.006160    0.093395    0.673743    1.370683 ^ _1425_/Q (sky130_fd_sc_hd__dfrtp_2)
                                                         hall.grace_used (net)
                      0.093395    0.000036    1.370719 ^ _1375_/A1 (sky130_fd_sc_hd__a31o_2)
     1    0.002722    0.054127    0.283861    1.654581 ^ _1375_/X (sky130_fd_sc_hd__a31o_2)
                                                         _0041_ (net)
                      0.054127    0.000033    1.654613 ^ hold158/A (sky130_fd_sc_hd__dlygate4sd3_1)
     1    0.002037    0.085098    0.971086    2.625699 ^ hold158/X (sky130_fd_sc_hd__dlygate4sd3_1)
                                                         net157 (net)
                      0.085098    0.000016    2.625715 ^ _1415_/D (sky130_fd_sc_hd__dfrtp_2)
                                              2.625715   data arrival time

                                  0.000000    0.000000   clock CLK (rise edge)
                                  0.000000    0.000000   clock source latency
     1    0.018921    0.142429    0.101889    0.101889 ^ CLK (in)
                                                         CLK (net)
                      0.142439    0.000000    0.101889 ^ clkbuf_0_CLK/A (sky130_fd_sc_hd__clkbuf_16)
    16    0.102249    0.179542    0.368269    0.470158 ^ clkbuf_0_CLK/X (sky130_fd_sc_hd__clkbuf_16)
                                                         clknet_0_CLK (net)
                      0.179569    0.002363    0.472521 ^ clkbuf_4_2_0_CLK/A (sky130_fd_sc_hd__clkbuf_8)
     6    0.018780    0.080637    0.297539    0.770061 ^ clkbuf_4_2_0_CLK/X (sky130_fd_sc_hd__clkbuf_8)
                                                         clknet_4_2_0_CLK (net)
                      0.080637    0.000264    0.770324 ^ _1415_/CLK (sky130_fd_sc_hd__dfrtp_2)
                                  0.250000    1.020324   clock uncertainty
                                 -0.073339    0.946985   clock reconvergence pessimism
                                 -0.078587    0.868399   library hold time
                                              0.868399   data required time
---------------------------------------------------------------------------------------------
                                              0.868399   data required time
                                             -2.625715   data arrival time
---------------------------------------------------------------------------------------------
                                              1.757317   slack (MET)


Startpoint: _1452_ (rising edge-triggered flip-flop clocked by CLK)
Endpoint: _1452_ (rising edge-triggered flip-flop clocked by CLK)
Path Group: CLK
Path Type: min

Fanout         Cap        Slew       Delay        Time   Description
---------------------------------------------------------------------------------------------
                                  0.000000    0.000000   clock CLK (rise edge)
                                  0.000000    0.000000   clock source latency
     1    0.018921    0.142429    0.092186    0.092186 ^ CLK (in)
                                                         CLK (net)
                      0.142439    0.000000    0.092186 ^ clkbuf_0_CLK/A (sky130_fd_sc_hd__clkbuf_16)
    16    0.102249    0.179542    0.333196    0.425381 ^ clkbuf_0_CLK/X (sky130_fd_sc_hd__clkbuf_16)
                                                         clknet_0_CLK (net)
                      0.179566    0.002046    0.427427 ^ clkbuf_4_6_0_CLK/A (sky130_fd_sc_hd__clkbuf_8)
     6    0.015574    0.073401    0.262263    0.689690 ^ clkbuf_4_6_0_CLK/X (sky130_fd_sc_hd__clkbuf_8)
                                                         clknet_4_6_0_CLK (net)
                      0.073401    0.000123    0.689813 ^ _1452_/CLK (sky130_fd_sc_hd__dfrtp_2)
     6    0.025035    0.217943    0.784125    1.473938 ^ _1452_/Q (sky130_fd_sc_hd__dfrtp_2)
                                                         pwm.pwm_counter[0] (net)
                      0.217943    0.000207    1.474145 ^ hold174/A (sky130_fd_sc_hd__dlygate4sd3_1)
     1    0.005361    0.126416    1.078851    2.552996 ^ hold174/X (sky130_fd_sc_hd__dlygate4sd3_1)
                                                         net173 (net)
                      0.126416    0.000052    2.553049 ^ _0707_/A (sky130_fd_sc_hd__inv_2)
     2    0.003987    0.036074    0.073046    2.626094 v _0707_/Y (sky130_fd_sc_hd__inv_2)
                                                         _0011_ (net)
                      0.036074    0.000019    2.626113 v _1452_/D (sky130_fd_sc_hd__dfrtp_2)
                                              2.626113   data arrival time

                                  0.000000    0.000000   clock CLK (rise edge)
                                  0.000000    0.000000   clock source latency
     1    0.018921    0.142429    0.101889    0.101889 ^ CLK (in)
                                                         CLK (net)
                      0.142439    0.000000    0.101889 ^ clkbuf_0_CLK/A (sky130_fd_sc_hd__clkbuf_16)
    16    0.102249    0.179542    0.368269    0.470158 ^ clkbuf_0_CLK/X (sky130_fd_sc_hd__clkbuf_16)
                                                         clknet_0_CLK (net)
                      0.179566    0.002261    0.472420 ^ clkbuf_4_6_0_CLK/A (sky130_fd_sc_hd__clkbuf_8)
     6    0.015574    0.073401    0.289870    0.762289 ^ clkbuf_4_6_0_CLK/X (sky130_fd_sc_hd__clkbuf_8)
                                                         clknet_4_6_0_CLK (net)
                      0.073401    0.000136    0.762425 ^ _1452_/CLK (sky130_fd_sc_hd__dfrtp_2)
                                  0.250000    1.012425   clock uncertainty
                                 -0.072612    0.939814   clock reconvergence pessimism
                                 -0.076402    0.863412   library hold time
                                              0.863412   data required time
---------------------------------------------------------------------------------------------
                                              0.863412   data required time
                                             -2.626113   data arrival time
---------------------------------------------------------------------------------------------
                                              1.762702   slack (MET)


Startpoint: _1467_ (rising edge-triggered flip-flop clocked by CLK)
Endpoint: _1420_ (rising edge-triggered flip-flop clocked by CLK)
Path Group: CLK
Path Type: min

Fanout         Cap        Slew       Delay        Time   Description
---------------------------------------------------------------------------------------------
                                  0.000000    0.000000   clock CLK (rise edge)
                                  0.000000    0.000000   clock source latency
     1    0.018921    0.142429    0.092186    0.092186 ^ CLK (in)
                                                         CLK (net)
                      0.142439    0.000000    0.092186 ^ clkbuf_0_CLK/A (sky130_fd_sc_hd__clkbuf_16)
    16    0.102249    0.179542    0.333196    0.425381 ^ clkbuf_0_CLK/X (sky130_fd_sc_hd__clkbuf_16)
                                                         clknet_0_CLK (net)
                      0.179569    0.002140    0.427522 ^ clkbuf_4_0_0_CLK/A (sky130_fd_sc_hd__clkbuf_8)
     6    0.021496    0.086978    0.275067    0.702589 ^ clkbuf_4_0_0_CLK/X (sky130_fd_sc_hd__clkbuf_8)
                                                         clknet_4_0_0_CLK (net)
                      0.086978    0.000230    0.702819 ^ _1467_/CLK (sky130_fd_sc_hd__dfrtp_2)
     5    0.020602    0.187719    0.767508    1.470327 ^ _1467_/Q (sky130_fd_sc_hd__dfrtp_2)
                                                         hall.hall_b_pipe[1] (net)
                      0.187719    0.000398    1.470726 ^ hold175/A (sky130_fd_sc_hd__dlygate4sd3_1)
     1    0.005698    0.130782    1.071339    2.542064 ^ hold175/X (sky130_fd_sc_hd__dlygate4sd3_1)
                                                         net174 (net)
                      0.130782    0.000126    2.542190 ^ _1394_/A (sky130_fd_sc_hd__buf_1)
     1    0.002642    0.070210    0.165043    2.707234 ^ _1394_/X (sky130_fd_sc_hd__buf_1)
                                                         _0046_ (net)
                      0.070210    0.000027    2.707260 ^ _1420_/D (sky130_fd_sc_hd__dfrtp_2)
                                              2.707260   data arrival time

                                  0.000000    0.000000   clock CLK (rise edge)
                                  0.000000    0.000000   clock source latency
     1    0.018921    0.142429    0.101889    0.101889 ^ CLK (in)
                                                         CLK (net)
                      0.142439    0.000000    0.101889 ^ clkbuf_0_CLK/A (sky130_fd_sc_hd__clkbuf_16)
    16    0.102249    0.179542    0.368269    0.470158 ^ clkbuf_0_CLK/X (sky130_fd_sc_hd__clkbuf_16)
                                                         clknet_0_CLK (net)
                      0.179569    0.002366    0.472524 ^ clkbuf_4_0_0_CLK/A (sky130_fd_sc_hd__clkbuf_8)
     6    0.021496    0.086978    0.304022    0.776546 ^ clkbuf_4_0_0_CLK/X (sky130_fd_sc_hd__clkbuf_8)
                                                         clknet_4_0_0_CLK (net)
                      0.086978    0.000268    0.776815 ^ _1420_/CLK (sky130_fd_sc_hd__dfrtp_2)
                                  0.250000    1.026815   clock uncertainty
                                 -0.073957    0.952858   clock reconvergence pessimism
                                 -0.074159    0.878699   library hold time
                                              0.878699   data required time
---------------------------------------------------------------------------------------------
                                              0.878699   data required time
                                             -2.707260   data arrival time
---------------------------------------------------------------------------------------------
                                              1.828562   slack (MET)


Startpoint: _1467_ (rising edge-triggered flip-flop clocked by CLK)
Endpoint: _1423_ (rising edge-triggered flip-flop clocked by CLK)
Path Group: CLK
Path Type: min

Fanout         Cap        Slew       Delay        Time   Description
---------------------------------------------------------------------------------------------
                                  0.000000    0.000000   clock CLK (rise edge)
                                  0.000000    0.000000   clock source latency
     1    0.018921    0.142429    0.092186    0.092186 ^ CLK (in)
                                                         CLK (net)
                      0.142439    0.000000    0.092186 ^ clkbuf_0_CLK/A (sky130_fd_sc_hd__clkbuf_16)
    16    0.102249    0.179542    0.333196    0.425381 ^ clkbuf_0_CLK/X (sky130_fd_sc_hd__clkbuf_16)
                                                         clknet_0_CLK (net)
                      0.179569    0.002140    0.427522 ^ clkbuf_4_0_0_CLK/A (sky130_fd_sc_hd__clkbuf_8)
     6    0.021496    0.086978    0.275067    0.702589 ^ clkbuf_4_0_0_CLK/X (sky130_fd_sc_hd__clkbuf_8)
                                                         clknet_4_0_0_CLK (net)
                      0.086978    0.000230    0.702819 ^ _1467_/CLK (sky130_fd_sc_hd__dfrtp_2)
     5    0.020602    0.187719    0.767508    1.470327 ^ _1467_/Q (sky130_fd_sc_hd__dfrtp_2)
                                                         hall.hall_b_pipe[1] (net)
                      0.187719    0.000388    1.470715 ^ _1380_/A1 (sky130_fd_sc_hd__mux2_1)
     1    0.003385    0.079231    0.272672    1.743387 ^ _1380_/X (sky130_fd_sc_hd__mux2_1)
                                                         _0049_ (net)
                      0.079231    0.000030    1.743417 ^ hold169/A (sky130_fd_sc_hd__dlygate4sd3_1)
     1    0.002965    0.098079    0.995014    2.738431 ^ hold169/X (sky130_fd_sc_hd__dlygate4sd3_1)
                                                         net168 (net)
                      0.098079    0.000021    2.738452 ^ _1423_/D (sky130_fd_sc_hd__dfrtp_2)
                                              2.738452   data arrival time

                                  0.000000    0.000000   clock CLK (rise edge)
                                  0.000000    0.000000   clock source latency
     1    0.018921    0.142429    0.101889    0.101889 ^ CLK (in)
                                                         CLK (net)
                      0.142439    0.000000    0.101889 ^ clkbuf_0_CLK/A (sky130_fd_sc_hd__clkbuf_16)
    16    0.102249    0.179542    0.368269    0.470158 ^ clkbuf_0_CLK/X (sky130_fd_sc_hd__clkbuf_16)
                                                         clknet_0_CLK (net)
                      0.179567    0.002296    0.472454 ^ clkbuf_4_3_0_CLK/A (sky130_fd_sc_hd__clkbuf_8)
     6    0.017765    0.078316    0.295115    0.767569 ^ clkbuf_4_3_0_CLK/X (sky130_fd_sc_hd__clkbuf_8)
                                                         clknet_4_3_0_CLK (net)
                      0.078316    0.000192    0.767761 ^ _1423_/CLK (sky130_fd_sc_hd__dfrtp_2)
                                  0.250000    1.017761   clock uncertainty
                                 -0.044777    0.972984   clock reconvergence pessimism
                                 -0.081921    0.891064   library hold time
                                              0.891064   data required time
---------------------------------------------------------------------------------------------
                                              0.891064   data required time
                                             -2.738452   data arrival time
---------------------------------------------------------------------------------------------
                                              1.847388   slack (MET)


Startpoint: _1435_ (rising edge-triggered flip-flop clocked by CLK)
Endpoint: _1435_ (rising edge-triggered flip-flop clocked by CLK)
Path Group: CLK
Path Type: min

Fanout         Cap        Slew       Delay        Time   Description
---------------------------------------------------------------------------------------------
                                  0.000000    0.000000   clock CLK (rise edge)
                                  0.000000    0.000000   clock source latency
     1    0.018921    0.142429    0.092186    0.092186 ^ CLK (in)
                                                         CLK (net)
                      0.142439    0.000000    0.092186 ^ clkbuf_0_CLK/A (sky130_fd_sc_hd__clkbuf_16)
    16    0.102249    0.179542    0.333196    0.425381 ^ clkbuf_0_CLK/X (sky130_fd_sc_hd__clkbuf_16)
                                                         clknet_0_CLK (net)
                      0.179553    0.001571    0.426952 ^ clkbuf_4_15_0_CLK/A (sky130_fd_sc_hd__clkbuf_8)
     6    0.015079    0.072320    0.261190    0.688143 ^ clkbuf_4_15_0_CLK/X (sky130_fd_sc_hd__clkbuf_8)
                                                         clknet_4_15_0_CLK (net)
                      0.072320    0.000150    0.688293 ^ _1435_/CLK (sky130_fd_sc_hd__dfrtp_2)
     4    0.022514    0.200746    0.770646    1.458939 ^ _1435_/Q (sky130_fd_sc_hd__dfrtp_2)
                                                         duty_active[9] (net)
                      0.200746    0.000136    1.459075 ^ _1392_/A1 (sky130_fd_sc_hd__mux2_1)
     1    0.002304    0.068635    0.264031    1.723106 ^ _1392_/X (sky130_fd_sc_hd__mux2_1)
                                                         _0061_ (net)
                      0.068635    0.000015    1.723120 ^ hold160/A (sky130_fd_sc_hd__dlygate4sd3_1)
     1    0.002501    0.088264    0.983872    2.706992 ^ hold160/X (sky130_fd_sc_hd__dlygate4sd3_1)
                                                         net159 (net)
                      0.088264    0.000025    2.707017 ^ _1435_/D (sky130_fd_sc_hd__dfrtp_2)
                                              2.707017   data arrival time

                                  0.000000    0.000000   clock CLK (rise edge)
                                  0.000000    0.000000   clock source latency
     1    0.018921    0.142429    0.101889    0.101889 ^ CLK (in)
                                                         CLK (net)
                      0.142439    0.000000    0.101889 ^ clkbuf_0_CLK/A (sky130_fd_sc_hd__clkbuf_16)
    16    0.102249    0.179542    0.368269    0.470158 ^ clkbuf_0_CLK/X (sky130_fd_sc_hd__clkbuf_16)
                                                         clknet_0_CLK (net)
                      0.179553    0.001736    0.471895 ^ clkbuf_4_15_0_CLK/A (sky130_fd_sc_hd__clkbuf_8)
     6    0.015079    0.072320    0.288684    0.760579 ^ clkbuf_4_15_0_CLK/X (sky130_fd_sc_hd__clkbuf_8)
                                                         clknet_4_15_0_CLK (net)
                      0.072320    0.000166    0.760745 ^ _1435_/CLK (sky130_fd_sc_hd__dfrtp_2)
                                  0.250000    1.010745   clock uncertainty
                                 -0.072452    0.938293   clock reconvergence pessimism
                                 -0.080672    0.857621   library hold time
                                              0.857621   data required time
---------------------------------------------------------------------------------------------
                                              0.857621   data required time
                                             -2.707017   data arrival time
---------------------------------------------------------------------------------------------
                                              1.849396   slack (MET)


Startpoint: _1469_ (rising edge-triggered flip-flop clocked by CLK)
Endpoint: _1419_ (rising edge-triggered flip-flop clocked by CLK)
Path Group: CLK
Path Type: min

Fanout         Cap        Slew       Delay        Time   Description
---------------------------------------------------------------------------------------------
                                  0.000000    0.000000   clock CLK (rise edge)
                                  0.000000    0.000000   clock source latency
     1    0.018921    0.142429    0.092186    0.092186 ^ CLK (in)
                                                         CLK (net)
                      0.142439    0.000000    0.092186 ^ clkbuf_0_CLK/A (sky130_fd_sc_hd__clkbuf_16)
    16    0.102249    0.179542    0.333196    0.425381 ^ clkbuf_0_CLK/X (sky130_fd_sc_hd__clkbuf_16)
                                                         clknet_0_CLK (net)
                      0.179567    0.002077    0.427459 ^ clkbuf_4_3_0_CLK/A (sky130_fd_sc_hd__clkbuf_8)
     6    0.017765    0.078316    0.267009    0.694467 ^ clkbuf_4_3_0_CLK/X (sky130_fd_sc_hd__clkbuf_8)
                                                         clknet_4_3_0_CLK (net)
                      0.078316    0.000216    0.694683 ^ _1469_/CLK (sky130_fd_sc_hd__dfrtp_2)
     8    0.041373    0.330983    0.869242    1.563926 ^ _1469_/Q (sky130_fd_sc_hd__dfrtp_2)
                                                         hall.hall_c_pipe[1] (net)
                      0.330983    0.000160    1.564086 ^ hold189/A (sky130_fd_sc_hd__dlygate4sd3_1)
     1    0.002360    0.089670    1.072894    2.636980 ^ hold189/X (sky130_fd_sc_hd__dlygate4sd3_1)
                                                         net188 (net)
                      0.089670    0.000010    2.636989 ^ _1393_/A (sky130_fd_sc_hd__buf_1)
     1    0.003045    0.076755    0.154103    2.791092 ^ _1393_/X (sky130_fd_sc_hd__buf_1)
                                                         _0045_ (net)
                      0.076755    0.000032    2.791124 ^ _1419_/D (sky130_fd_sc_hd__dfrtp_2)
                                              2.791124   data arrival time

                                  0.000000    0.000000   clock CLK (rise edge)
                                  0.000000    0.000000   clock source latency
     1    0.018921    0.142429    0.101889    0.101889 ^ CLK (in)
                                                         CLK (net)
                      0.142439    0.000000    0.101889 ^ clkbuf_0_CLK/A (sky130_fd_sc_hd__clkbuf_16)
    16    0.102249    0.179542    0.368269    0.470158 ^ clkbuf_0_CLK/X (sky130_fd_sc_hd__clkbuf_16)
                                                         clknet_0_CLK (net)
                      0.179569    0.002366    0.472524 ^ clkbuf_4_0_0_CLK/A (sky130_fd_sc_hd__clkbuf_8)
     6    0.021496    0.086978    0.304022    0.776546 ^ clkbuf_4_0_0_CLK/X (sky130_fd_sc_hd__clkbuf_8)
                                                         clknet_4_0_0_CLK (net)
                      0.086978    0.000325    0.776871 ^ _1419_/CLK (sky130_fd_sc_hd__dfrtp_2)
                                  0.250000    1.026871   clock uncertainty
                                 -0.044777    0.982094   clock reconvergence pessimism
                                 -0.075648    0.906446   library hold time
                                              0.906446   data required time
---------------------------------------------------------------------------------------------
                                              0.906446   data required time
                                             -2.791124   data arrival time
---------------------------------------------------------------------------------------------
                                              1.884677   slack (MET)


Startpoint: _1399_ (rising edge-triggered flip-flop clocked by CLK)
Endpoint: _1399_ (rising edge-triggered flip-flop clocked by CLK)
Path Group: CLK
Path Type: min

Fanout         Cap        Slew       Delay        Time   Description
---------------------------------------------------------------------------------------------
                                  0.000000    0.000000   clock CLK (rise edge)
                                  0.000000    0.000000   clock source latency
     1    0.018921    0.142429    0.092186    0.092186 ^ CLK (in)
                                                         CLK (net)
                      0.142439    0.000000    0.092186 ^ clkbuf_0_CLK/A (sky130_fd_sc_hd__clkbuf_16)
    16    0.102249    0.179542    0.333196    0.425381 ^ clkbuf_0_CLK/X (sky130_fd_sc_hd__clkbuf_16)
                                                         clknet_0_CLK (net)
                      0.179554    0.001602    0.426983 ^ clkbuf_4_14_0_CLK/A (sky130_fd_sc_hd__clkbuf_8)
     6    0.017613    0.077970    0.266676    0.693659 ^ clkbuf_4_14_0_CLK/X (sky130_fd_sc_hd__clkbuf_8)
                                                         clknet_4_14_0_CLK (net)
                      0.077970    0.000146    0.693805 ^ _1399_/CLK (sky130_fd_sc_hd__dfrtp_2)
     3    0.005679    0.093190    0.669448    1.363254 ^ _1399_/Q (sky130_fd_sc_hd__dfrtp_2)
                                                         gates.phase_a.dead_count[2] (net)
                      0.093190    0.000029    1.363282 ^ _1343_/A (sky130_fd_sc_hd__or2_2)
     3    0.014793    0.135637    0.244959    1.608241 ^ _1343_/X (sky130_fd_sc_hd__or2_2)
                                                         _0678_ (net)
                      0.135637    0.000257    1.608498 ^ _1344_/A2 (sky130_fd_sc_hd__o21ai_2)
     1    0.002087    0.043920    0.103767    1.712265 v _1344_/Y (sky130_fd_sc_hd__o21ai_2)
                                                         _0025_ (net)
                      0.043920    0.000019    1.712284 v hold166/A (sky130_fd_sc_hd__dlygate4sd3_1)
     1    0.002282    0.104240    1.048300    2.760584 v hold166/X (sky130_fd_sc_hd__dlygate4sd3_1)
                                                         net165 (net)
                      0.104240    0.000021    2.760604 v _1399_/D (sky130_fd_sc_hd__dfrtp_2)
                                              2.760604   data arrival time

                                  0.000000    0.000000   clock CLK (rise edge)
                                  0.000000    0.000000   clock source latency
     1    0.018921    0.142429    0.101889    0.101889 ^ CLK (in)
                                                         CLK (net)
                      0.142439    0.000000    0.101889 ^ clkbuf_0_CLK/A (sky130_fd_sc_hd__clkbuf_16)
    16    0.102249    0.179542    0.368269    0.470158 ^ clkbuf_0_CLK/X (sky130_fd_sc_hd__clkbuf_16)
                                                         clknet_0_CLK (net)
                      0.179554    0.001770    0.471928 ^ clkbuf_4_14_0_CLK/A (sky130_fd_sc_hd__clkbuf_8)
     6    0.017613    0.077970    0.294748    0.766676 ^ clkbuf_4_14_0_CLK/X (sky130_fd_sc_hd__clkbuf_8)
                                                         clknet_4_14_0_CLK (net)
                      0.077970    0.000162    0.766838 ^ _1399_/CLK (sky130_fd_sc_hd__dfrtp_2)
                                  0.250000    1.016838   clock uncertainty
                                 -0.073032    0.943806   clock reconvergence pessimism
                                 -0.100257    0.843549   library hold time
                                              0.843549   data required time
---------------------------------------------------------------------------------------------
                                              0.843549   data required time
                                             -2.760604   data arrival time
---------------------------------------------------------------------------------------------
                                              1.917056   slack (MET)


Startpoint: _1464_ (rising edge-triggered flip-flop clocked by CLK)
Endpoint: _1421_ (rising edge-triggered flip-flop clocked by CLK)
Path Group: CLK
Path Type: min

Fanout         Cap        Slew       Delay        Time   Description
---------------------------------------------------------------------------------------------
                                  0.000000    0.000000   clock CLK (rise edge)
                                  0.000000    0.000000   clock source latency
     1    0.018921    0.142429    0.092186    0.092186 ^ CLK (in)
                                                         CLK (net)
                      0.142439    0.000000    0.092186 ^ clkbuf_0_CLK/A (sky130_fd_sc_hd__clkbuf_16)
    16    0.102249    0.179542    0.333196    0.425381 ^ clkbuf_0_CLK/X (sky130_fd_sc_hd__clkbuf_16)
                                                         clknet_0_CLK (net)
                      0.179569    0.002143    0.427525 ^ clkbuf_4_1_0_CLK/A (sky130_fd_sc_hd__clkbuf_8)
     6    0.016941    0.076434    0.265211    0.692736 ^ clkbuf_4_1_0_CLK/X (sky130_fd_sc_hd__clkbuf_8)
                                                         clknet_4_1_0_CLK (net)
                      0.076434    0.000231    0.692966 ^ _1464_/CLK (sky130_fd_sc_hd__dfrtp_2)
     9    0.038076    0.308251    0.851203    1.544169 ^ _1464_/Q (sky130_fd_sc_hd__dfrtp_2)
                                                         hall.hall_a_pipe[1] (net)
                      0.308254    0.001440    1.545609 ^ hold195/A (sky130_fd_sc_hd__dlygate4sd3_1)
     1    0.009436    0.181366    1.153013    2.698622 ^ hold195/X (sky130_fd_sc_hd__dlygate4sd3_1)
                                                         net194 (net)
                      0.181366    0.000338    2.698960 ^ _1395_/A (sky130_fd_sc_hd__buf_1)
     1    0.002876    0.074553    0.187901    2.886860 ^ _1395_/X (sky130_fd_sc_hd__buf_1)
                                                         _0047_ (net)
                      0.074553    0.000032    2.886892 ^ _1421_/D (sky130_fd_sc_hd__dfrtp_2)
                                              2.886892   data arrival time

                                  0.000000    0.000000   clock CLK (rise edge)
                                  0.000000    0.000000   clock source latency
     1    0.018921    0.142429    0.101889    0.101889 ^ CLK (in)
                                                         CLK (net)
                      0.142439    0.000000    0.101889 ^ clkbuf_0_CLK/A (sky130_fd_sc_hd__clkbuf_16)
    16    0.102249    0.179542    0.368269    0.470158 ^ clkbuf_0_CLK/X (sky130_fd_sc_hd__clkbuf_16)
                                                         clknet_0_CLK (net)
                      0.179569    0.002369    0.472527 ^ clkbuf_4_1_0_CLK/A (sky130_fd_sc_hd__clkbuf_8)
     6    0.016941    0.076434    0.293128    0.765655 ^ clkbuf_4_1_0_CLK/X (sky130_fd_sc_hd__clkbuf_8)
                                                         clknet_4_1_0_CLK (net)
                      0.076434    0.000166    0.765822 ^ _1421_/CLK (sky130_fd_sc_hd__dfrtp_2)
                                  0.250000    1.015822   clock uncertainty
                                 -0.072920    0.942902   clock reconvergence pessimism
                                 -0.076877    0.866025   library hold time
                                              0.866025   data required time
---------------------------------------------------------------------------------------------
                                              0.866025   data required time
                                             -2.886892   data arrival time
---------------------------------------------------------------------------------------------
                                              2.020867   slack (MET)


Startpoint: _1441_ (rising edge-triggered flip-flop clocked by CLK)
Endpoint: _1410_ (removal check against rising-edge clock CLK)
Path Group: asynchronous
Path Type: min

Fanout         Cap        Slew       Delay        Time   Description
---------------------------------------------------------------------------------------------
                                  0.000000    0.000000   clock CLK (rise edge)
                                  0.000000    0.000000   clock source latency
     1    0.018921    0.142429    0.092186    0.092186 ^ CLK (in)
                                                         CLK (net)
                      0.142439    0.000000    0.092186 ^ clkbuf_0_CLK/A (sky130_fd_sc_hd__clkbuf_16)
    16    0.102249    0.179542    0.333196    0.425381 ^ clkbuf_0_CLK/X (sky130_fd_sc_hd__clkbuf_16)
                                                         clknet_0_CLK (net)
                      0.179557    0.001728    0.427110 ^ clkbuf_4_10_0_CLK/A (sky130_fd_sc_hd__clkbuf_8)
     6    0.017324    0.077315    0.266059    0.693168 ^ clkbuf_4_10_0_CLK/X (sky130_fd_sc_hd__clkbuf_8)
                                                         clknet_4_10_0_CLK (net)
                      0.077315    0.000101    0.693270 ^ _1441_/CLK (sky130_fd_sc_hd__dfrtp_2)
     1    0.001730    0.063384    0.632162    1.325431 ^ _1441_/Q (sky130_fd_sc_hd__dfrtp_2)
                                                         control.reset_n (net)
                      0.063384    0.000006    1.325438 ^ hold143/A (sky130_fd_sc_hd__dlygate4sd3_1)
     2    0.009671    0.184754    1.069371    2.394808 ^ hold143/X (sky130_fd_sc_hd__dlygate4sd3_1)
                                                         net142 (net)
                      0.184754    0.000107    2.394915 ^ fanout79/A (sky130_fd_sc_hd__clkdlybuf4s25_1)
     5    0.027735    0.452444    0.751297    3.146212 ^ fanout79/X (sky130_fd_sc_hd__clkdlybuf4s25_1)
                                                         net79 (net)
                      0.452444    0.000206    3.146419 ^ fanout75/A (sky130_fd_sc_hd__clkdlybuf4s25_1)
     2    0.006054    0.124739    0.616282    3.762701 ^ fanout75/X (sky130_fd_sc_hd__clkdlybuf4s25_1)
                                                         net75 (net)
                      0.124739    0.000036    3.762736 ^ _1410_/RESET_B (sky130_fd_sc_hd__dfrtp_2)
                                              3.762736   data arrival time

                                  0.000000    0.000000   clock CLK (rise edge)
                                  0.000000    0.000000   clock source latency
     1    0.018921    0.142429    0.101889    0.101889 ^ CLK (in)
                                                         CLK (net)
                      0.142439    0.000000    0.101889 ^ clkbuf_0_CLK/A (sky130_fd_sc_hd__clkbuf_16)
    16    0.102249    0.179542    0.368269    0.470158 ^ clkbuf_0_CLK/X (sky130_fd_sc_hd__clkbuf_16)
                                                         clknet_0_CLK (net)
                      0.179545    0.001238    0.471396 ^ clkbuf_4_13_0_CLK/A (sky130_fd_sc_hd__clkbuf_8)
     6    0.016133    0.074633    0.291202    0.762599 ^ clkbuf_4_13_0_CLK/X (sky130_fd_sc_hd__clkbuf_8)
                                                         clknet_4_13_0_CLK (net)
                      0.074633    0.000127    0.762725 ^ _1410_/CLK (sky130_fd_sc_hd__dfrtp_2)
                                  0.250000    1.012725   clock uncertainty
                                 -0.044777    0.967948   clock reconvergence pessimism
                                  0.675591    1.643539   library removal time
                                              1.643539   data required time
---------------------------------------------------------------------------------------------
                                              1.643539   data required time
                                             -3.762736   data arrival time
---------------------------------------------------------------------------------------------
                                              2.119197   slack (MET)


Startpoint: _1441_ (rising edge-triggered flip-flop clocked by CLK)
Endpoint: _1475_ (removal check against rising-edge clock CLK)
Path Group: asynchronous
Path Type: min

Fanout         Cap        Slew       Delay        Time   Description
---------------------------------------------------------------------------------------------
                                  0.000000    0.000000   clock CLK (rise edge)
                                  0.000000    0.000000   clock source latency
     1    0.018921    0.142429    0.092186    0.092186 ^ CLK (in)
                                                         CLK (net)
                      0.142439    0.000000    0.092186 ^ clkbuf_0_CLK/A (sky130_fd_sc_hd__clkbuf_16)
    16    0.102249    0.179542    0.333196    0.425381 ^ clkbuf_0_CLK/X (sky130_fd_sc_hd__clkbuf_16)
                                                         clknet_0_CLK (net)
                      0.179557    0.001728    0.427110 ^ clkbuf_4_10_0_CLK/A (sky130_fd_sc_hd__clkbuf_8)
     6    0.017324    0.077315    0.266059    0.693168 ^ clkbuf_4_10_0_CLK/X (sky130_fd_sc_hd__clkbuf_8)
                                                         clknet_4_10_0_CLK (net)
                      0.077315    0.000101    0.693270 ^ _1441_/CLK (sky130_fd_sc_hd__dfrtp_2)
     1    0.001730    0.063384    0.632162    1.325431 ^ _1441_/Q (sky130_fd_sc_hd__dfrtp_2)
                                                         control.reset_n (net)
                      0.063384    0.000006    1.325438 ^ hold143/A (sky130_fd_sc_hd__dlygate4sd3_1)
     2    0.009671    0.184754    1.069371    2.394808 ^ hold143/X (sky130_fd_sc_hd__dlygate4sd3_1)
                                                         net142 (net)
                      0.184754    0.000107    2.394915 ^ fanout79/A (sky130_fd_sc_hd__clkdlybuf4s25_1)
     5    0.027735    0.452444    0.751297    3.146212 ^ fanout79/X (sky130_fd_sc_hd__clkdlybuf4s25_1)
                                                         net79 (net)
                      0.452444    0.000134    3.146346 ^ fanout77/A (sky130_fd_sc_hd__clkdlybuf4s25_1)
     3    0.013230    0.228646    0.693016    3.839362 ^ fanout77/X (sky130_fd_sc_hd__clkdlybuf4s25_1)
                                                         net77 (net)
                      0.228646    0.000246    3.839608 ^ _1475_/RESET_B (sky130_fd_sc_hd__dfrtp_2)
                                              3.839608   data arrival time

                                  0.000000    0.000000   clock CLK (rise edge)
                                  0.000000    0.000000   clock source latency
     1    0.018921    0.142429    0.101889    0.101889 ^ CLK (in)
                                                         CLK (net)
                      0.142439    0.000000    0.101889 ^ clkbuf_0_CLK/A (sky130_fd_sc_hd__clkbuf_16)
    16    0.102249    0.179542    0.368269    0.470158 ^ clkbuf_0_CLK/X (sky130_fd_sc_hd__clkbuf_16)
                                                         clknet_0_CLK (net)
                      0.179556    0.001880    0.472039 ^ clkbuf_4_11_0_CLK/A (sky130_fd_sc_hd__clkbuf_8)
     6    0.015998    0.074334    0.290879    0.762917 ^ clkbuf_4_11_0_CLK/X (sky130_fd_sc_hd__clkbuf_8)
                                                         clknet_4_11_0_CLK (net)
                      0.074334    0.000104    0.763021 ^ _1475_/CLK (sky130_fd_sc_hd__dfrtp_2)
                                  0.250000    1.013021   clock uncertainty
                                 -0.044777    0.968244   clock reconvergence pessimism
                                  0.707351    1.675595   library removal time
                                              1.675595   data required time
---------------------------------------------------------------------------------------------
                                              1.675595   data required time
                                             -3.839608   data arrival time
---------------------------------------------------------------------------------------------
                                              2.164013   slack (MET)


Startpoint: _1441_ (rising edge-triggered flip-flop clocked by CLK)
Endpoint: _1474_ (removal check against rising-edge clock CLK)
Path Group: asynchronous
Path Type: min

Fanout         Cap        Slew       Delay        Time   Description
---------------------------------------------------------------------------------------------
                                  0.000000    0.000000   clock CLK (rise edge)
                                  0.000000    0.000000   clock source latency
     1    0.018921    0.142429    0.092186    0.092186 ^ CLK (in)
                                                         CLK (net)
                      0.142439    0.000000    0.092186 ^ clkbuf_0_CLK/A (sky130_fd_sc_hd__clkbuf_16)
    16    0.102249    0.179542    0.333196    0.425381 ^ clkbuf_0_CLK/X (sky130_fd_sc_hd__clkbuf_16)
                                                         clknet_0_CLK (net)
                      0.179557    0.001728    0.427110 ^ clkbuf_4_10_0_CLK/A (sky130_fd_sc_hd__clkbuf_8)
     6    0.017324    0.077315    0.266059    0.693168 ^ clkbuf_4_10_0_CLK/X (sky130_fd_sc_hd__clkbuf_8)
                                                         clknet_4_10_0_CLK (net)
                      0.077315    0.000101    0.693270 ^ _1441_/CLK (sky130_fd_sc_hd__dfrtp_2)
     1    0.001730    0.063384    0.632162    1.325431 ^ _1441_/Q (sky130_fd_sc_hd__dfrtp_2)
                                                         control.reset_n (net)
                      0.063384    0.000006    1.325438 ^ hold143/A (sky130_fd_sc_hd__dlygate4sd3_1)
     2    0.009671    0.184754    1.069371    2.394808 ^ hold143/X (sky130_fd_sc_hd__dlygate4sd3_1)
                                                         net142 (net)
                      0.184754    0.000107    2.394915 ^ fanout79/A (sky130_fd_sc_hd__clkdlybuf4s25_1)
     5    0.027735    0.452444    0.751297    3.146212 ^ fanout79/X (sky130_fd_sc_hd__clkdlybuf4s25_1)
                                                         net79 (net)
                      0.452444    0.000134    3.146346 ^ fanout77/A (sky130_fd_sc_hd__clkdlybuf4s25_1)
     3    0.013230    0.228646    0.693016    3.839362 ^ fanout77/X (sky130_fd_sc_hd__clkdlybuf4s25_1)
                                                         net77 (net)
                      0.228646    0.000214    3.839576 ^ _1474_/RESET_B (sky130_fd_sc_hd__dfrtp_2)
                                              3.839576   data arrival time

                                  0.000000    0.000000   clock CLK (rise edge)
                                  0.000000    0.000000   clock source latency
     1    0.018921    0.142429    0.101889    0.101889 ^ CLK (in)
                                                         CLK (net)
                      0.142439    0.000000    0.101889 ^ clkbuf_0_CLK/A (sky130_fd_sc_hd__clkbuf_16)
    16    0.102249    0.179542    0.368269    0.470158 ^ clkbuf_0_CLK/X (sky130_fd_sc_hd__clkbuf_16)
                                                         clknet_0_CLK (net)
                      0.179545    0.001238    0.471396 ^ clkbuf_4_13_0_CLK/A (sky130_fd_sc_hd__clkbuf_8)
     6    0.016133    0.074633    0.291202    0.762599 ^ clkbuf_4_13_0_CLK/X (sky130_fd_sc_hd__clkbuf_8)
                                                         clknet_4_13_0_CLK (net)
                      0.074633    0.000171    0.762770 ^ _1474_/CLK (sky130_fd_sc_hd__dfrtp_2)
                                  0.250000    1.012770   clock uncertainty
                                 -0.044777    0.967993   clock reconvergence pessimism
                                  0.707441    1.675434   library removal time
                                              1.675434   data required time
---------------------------------------------------------------------------------------------
                                              1.675434   data required time
                                             -3.839576   data arrival time
---------------------------------------------------------------------------------------------
                                              2.164142   slack (MET)


Startpoint: _1441_ (rising edge-triggered flip-flop clocked by CLK)
Endpoint: _1439_ (removal check against rising-edge clock CLK)
Path Group: asynchronous
Path Type: min

Fanout         Cap        Slew       Delay        Time   Description
---------------------------------------------------------------------------------------------
                                  0.000000    0.000000   clock CLK (rise edge)
                                  0.000000    0.000000   clock source latency
     1    0.018921    0.142429    0.092186    0.092186 ^ CLK (in)
                                                         CLK (net)
                      0.142439    0.000000    0.092186 ^ clkbuf_0_CLK/A (sky130_fd_sc_hd__clkbuf_16)
    16    0.102249    0.179542    0.333196    0.425381 ^ clkbuf_0_CLK/X (sky130_fd_sc_hd__clkbuf_16)
                                                         clknet_0_CLK (net)
                      0.179557    0.001728    0.427110 ^ clkbuf_4_10_0_CLK/A (sky130_fd_sc_hd__clkbuf_8)
     6    0.017324    0.077315    0.266059    0.693168 ^ clkbuf_4_10_0_CLK/X (sky130_fd_sc_hd__clkbuf_8)
                                                         clknet_4_10_0_CLK (net)
                      0.077315    0.000101    0.693270 ^ _1441_/CLK (sky130_fd_sc_hd__dfrtp_2)
     1    0.001730    0.063384    0.632162    1.325431 ^ _1441_/Q (sky130_fd_sc_hd__dfrtp_2)
                                                         control.reset_n (net)
                      0.063384    0.000006    1.325438 ^ hold143/A (sky130_fd_sc_hd__dlygate4sd3_1)
     2    0.009671    0.184754    1.069371    2.394808 ^ hold143/X (sky130_fd_sc_hd__dlygate4sd3_1)
                                                         net142 (net)
                      0.184754    0.000107    2.394915 ^ fanout79/A (sky130_fd_sc_hd__clkdlybuf4s25_1)
     5    0.027735    0.452444    0.751297    3.146212 ^ fanout79/X (sky130_fd_sc_hd__clkdlybuf4s25_1)
                                                         net79 (net)
                      0.452444    0.000117    3.146329 ^ fanout73/A (sky130_fd_sc_hd__clkdlybuf4s25_1)
     5    0.018445    0.309014    0.747760    3.894090 ^ fanout73/X (sky130_fd_sc_hd__clkdlybuf4s25_1)
                                                         net73 (net)
                      0.309014    0.000219    3.894309 ^ _1439_/RESET_B (sky130_fd_sc_hd__dfrtp_2)
                                              3.894309   data arrival time

                                  0.000000    0.000000   clock CLK (rise edge)
                                  0.000000    0.000000   clock source latency
     1    0.018921    0.142429    0.101889    0.101889 ^ CLK (in)
                                                         CLK (net)
                      0.142439    0.000000    0.101889 ^ clkbuf_0_CLK/A (sky130_fd_sc_hd__clkbuf_16)
    16    0.102249    0.179542    0.368269    0.470158 ^ clkbuf_0_CLK/X (sky130_fd_sc_hd__clkbuf_16)
                                                         clknet_0_CLK (net)
                      0.179543    0.000986    0.471145 ^ clkbuf_4_9_0_CLK/A (sky130_fd_sc_hd__clkbuf_8)
     6    0.016728    0.075957    0.292565    0.763710 ^ clkbuf_4_9_0_CLK/X (sky130_fd_sc_hd__clkbuf_8)
                                                         clknet_4_9_0_CLK (net)
                      0.075957    0.000247    0.763957 ^ _1439_/CLK (sky130_fd_sc_hd__dfrtp_2)
                                  0.250000    1.013957   clock uncertainty
                                 -0.044777    0.969180   clock reconvergence pessimism
                                  0.732474    1.701654   library removal time
                                              1.701654   data required time
---------------------------------------------------------------------------------------------
                                              1.701654   data required time
                                             -3.894309   data arrival time
---------------------------------------------------------------------------------------------
                                              2.192654   slack (MET)


Startpoint: _1441_ (rising edge-triggered flip-flop clocked by CLK)
Endpoint: _1470_ (removal check against rising-edge clock CLK)
Path Group: asynchronous
Path Type: min

Fanout         Cap        Slew       Delay        Time   Description
---------------------------------------------------------------------------------------------
                                  0.000000    0.000000   clock CLK (rise edge)
                                  0.000000    0.000000   clock source latency
     1    0.018921    0.142429    0.092186    0.092186 ^ CLK (in)
                                                         CLK (net)
                      0.142439    0.000000    0.092186 ^ clkbuf_0_CLK/A (sky130_fd_sc_hd__clkbuf_16)
    16    0.102249    0.179542    0.333196    0.425381 ^ clkbuf_0_CLK/X (sky130_fd_sc_hd__clkbuf_16)
                                                         clknet_0_CLK (net)
                      0.179557    0.001728    0.427110 ^ clkbuf_4_10_0_CLK/A (sky130_fd_sc_hd__clkbuf_8)
     6    0.017324    0.077315    0.266059    0.693168 ^ clkbuf_4_10_0_CLK/X (sky130_fd_sc_hd__clkbuf_8)
                                                         clknet_4_10_0_CLK (net)
                      0.077315    0.000101    0.693270 ^ _1441_/CLK (sky130_fd_sc_hd__dfrtp_2)
     1    0.001730    0.063384    0.632162    1.325431 ^ _1441_/Q (sky130_fd_sc_hd__dfrtp_2)
                                                         control.reset_n (net)
                      0.063384    0.000006    1.325438 ^ hold143/A (sky130_fd_sc_hd__dlygate4sd3_1)
     2    0.009671    0.184754    1.069371    2.394808 ^ hold143/X (sky130_fd_sc_hd__dlygate4sd3_1)
                                                         net142 (net)
                      0.184754    0.000107    2.394915 ^ fanout79/A (sky130_fd_sc_hd__clkdlybuf4s25_1)
     5    0.027735    0.452444    0.751297    3.146212 ^ fanout79/X (sky130_fd_sc_hd__clkdlybuf4s25_1)
                                                         net79 (net)
                      0.452444    0.000117    3.146329 ^ fanout73/A (sky130_fd_sc_hd__clkdlybuf4s25_1)
     5    0.018445    0.309014    0.747760    3.894090 ^ fanout73/X (sky130_fd_sc_hd__clkdlybuf4s25_1)
                                                         net73 (net)
                      0.309014    0.000111    3.894200 ^ _1470_/RESET_B (sky130_fd_sc_hd__dfrtp_2)
                                              3.894200   data arrival time

                                  0.000000    0.000000   clock CLK (rise edge)
                                  0.000000    0.000000   clock source latency
     1    0.018921    0.142429    0.101889    0.101889 ^ CLK (in)
                                                         CLK (net)
                      0.142439    0.000000    0.101889 ^ clkbuf_0_CLK/A (sky130_fd_sc_hd__clkbuf_16)
    16    0.102249    0.179542    0.368269    0.470158 ^ clkbuf_0_CLK/X (sky130_fd_sc_hd__clkbuf_16)
                                                         clknet_0_CLK (net)
                      0.179543    0.001033    0.471191 ^ clkbuf_4_8_0_CLK/A (sky130_fd_sc_hd__clkbuf_8)
     5    0.013699    0.069341    0.285372    0.756563 ^ clkbuf_4_8_0_CLK/X (sky130_fd_sc_hd__clkbuf_8)
                                                         clknet_4_8_0_CLK (net)
                      0.069341    0.000095    0.756658 ^ _1470_/CLK (sky130_fd_sc_hd__dfrtp_2)
                                  0.250000    1.006658   clock uncertainty
                                 -0.044777    0.961881   clock reconvergence pessimism
                                  0.730484    1.692365   library removal time
                                              1.692365   data required time
---------------------------------------------------------------------------------------------
                                              1.692365   data required time
                                             -3.894200   data arrival time
---------------------------------------------------------------------------------------------
                                              2.201835   slack (MET)


Startpoint: _1441_ (rising edge-triggered flip-flop clocked by CLK)
Endpoint: _1471_ (removal check against rising-edge clock CLK)
Path Group: asynchronous
Path Type: min

Fanout         Cap        Slew       Delay        Time   Description
---------------------------------------------------------------------------------------------
                                  0.000000    0.000000   clock CLK (rise edge)
                                  0.000000    0.000000   clock source latency
     1    0.018921    0.142429    0.092186    0.092186 ^ CLK (in)
                                                         CLK (net)
                      0.142439    0.000000    0.092186 ^ clkbuf_0_CLK/A (sky130_fd_sc_hd__clkbuf_16)
    16    0.102249    0.179542    0.333196    0.425381 ^ clkbuf_0_CLK/X (sky130_fd_sc_hd__clkbuf_16)
                                                         clknet_0_CLK (net)
                      0.179557    0.001728    0.427110 ^ clkbuf_4_10_0_CLK/A (sky130_fd_sc_hd__clkbuf_8)
     6    0.017324    0.077315    0.266059    0.693168 ^ clkbuf_4_10_0_CLK/X (sky130_fd_sc_hd__clkbuf_8)
                                                         clknet_4_10_0_CLK (net)
                      0.077315    0.000101    0.693270 ^ _1441_/CLK (sky130_fd_sc_hd__dfrtp_2)
     1    0.001730    0.063384    0.632162    1.325431 ^ _1441_/Q (sky130_fd_sc_hd__dfrtp_2)
                                                         control.reset_n (net)
                      0.063384    0.000006    1.325438 ^ hold143/A (sky130_fd_sc_hd__dlygate4sd3_1)
     2    0.009671    0.184754    1.069371    2.394808 ^ hold143/X (sky130_fd_sc_hd__dlygate4sd3_1)
                                                         net142 (net)
                      0.184754    0.000107    2.394915 ^ fanout79/A (sky130_fd_sc_hd__clkdlybuf4s25_1)
     5    0.027735    0.452444    0.751297    3.146212 ^ fanout79/X (sky130_fd_sc_hd__clkdlybuf4s25_1)
                                                         net79 (net)
                      0.452444    0.000117    3.146329 ^ fanout73/A (sky130_fd_sc_hd__clkdlybuf4s25_1)
     5    0.018445    0.309014    0.747760    3.894090 ^ fanout73/X (sky130_fd_sc_hd__clkdlybuf4s25_1)
                                                         net73 (net)
                      0.309014    0.000144    3.894234 ^ _1471_/RESET_B (sky130_fd_sc_hd__dfrtp_2)
                                              3.894234   data arrival time

                                  0.000000    0.000000   clock CLK (rise edge)
                                  0.000000    0.000000   clock source latency
     1    0.018921    0.142429    0.101889    0.101889 ^ CLK (in)
                                                         CLK (net)
                      0.142439    0.000000    0.101889 ^ clkbuf_0_CLK/A (sky130_fd_sc_hd__clkbuf_16)
    16    0.102249    0.179542    0.368269    0.470158 ^ clkbuf_0_CLK/X (sky130_fd_sc_hd__clkbuf_16)
                                                         clknet_0_CLK (net)
                      0.179543    0.001033    0.471191 ^ clkbuf_4_8_0_CLK/A (sky130_fd_sc_hd__clkbuf_8)
     5    0.013699    0.069341    0.285372    0.756563 ^ clkbuf_4_8_0_CLK/X (sky130_fd_sc_hd__clkbuf_8)
                                                         clknet_4_8_0_CLK (net)
                      0.069341    0.000088    0.756651 ^ _1471_/CLK (sky130_fd_sc_hd__dfrtp_2)
                                  0.250000    1.006651   clock uncertainty
                                 -0.044777    0.961874   clock reconvergence pessimism
                                  0.730484    1.692358   library removal time
                                              1.692358   data required time
---------------------------------------------------------------------------------------------
                                              1.692358   data required time
                                             -3.894234   data arrival time
---------------------------------------------------------------------------------------------
                                              2.201876   slack (MET)


Startpoint: _1441_ (rising edge-triggered flip-flop clocked by CLK)
Endpoint: _1396_ (removal check against rising-edge clock CLK)
Path Group: asynchronous
Path Type: min

Fanout         Cap        Slew       Delay        Time   Description
---------------------------------------------------------------------------------------------
                                  0.000000    0.000000   clock CLK (rise edge)
                                  0.000000    0.000000   clock source latency
     1    0.018921    0.142429    0.092186    0.092186 ^ CLK (in)
                                                         CLK (net)
                      0.142439    0.000000    0.092186 ^ clkbuf_0_CLK/A (sky130_fd_sc_hd__clkbuf_16)
    16    0.102249    0.179542    0.333196    0.425381 ^ clkbuf_0_CLK/X (sky130_fd_sc_hd__clkbuf_16)
                                                         clknet_0_CLK (net)
                      0.179557    0.001728    0.427110 ^ clkbuf_4_10_0_CLK/A (sky130_fd_sc_hd__clkbuf_8)
     6    0.017324    0.077315    0.266059    0.693168 ^ clkbuf_4_10_0_CLK/X (sky130_fd_sc_hd__clkbuf_8)
                                                         clknet_4_10_0_CLK (net)
                      0.077315    0.000101    0.693270 ^ _1441_/CLK (sky130_fd_sc_hd__dfrtp_2)
     1    0.001730    0.063384    0.632162    1.325431 ^ _1441_/Q (sky130_fd_sc_hd__dfrtp_2)
                                                         control.reset_n (net)
                      0.063384    0.000006    1.325438 ^ hold143/A (sky130_fd_sc_hd__dlygate4sd3_1)
     2    0.009671    0.184754    1.069371    2.394808 ^ hold143/X (sky130_fd_sc_hd__dlygate4sd3_1)
                                                         net142 (net)
                      0.184754    0.000107    2.394915 ^ fanout79/A (sky130_fd_sc_hd__clkdlybuf4s25_1)
     5    0.027735    0.452444    0.751297    3.146212 ^ fanout79/X (sky130_fd_sc_hd__clkdlybuf4s25_1)
                                                         net79 (net)
                      0.452444    0.000117    3.146329 ^ fanout73/A (sky130_fd_sc_hd__clkdlybuf4s25_1)
     5    0.018445    0.309014    0.747760    3.894090 ^ fanout73/X (sky130_fd_sc_hd__clkdlybuf4s25_1)
                                                         net73 (net)
                      0.309014    0.000188    3.894278 ^ _1396_/RESET_B (sky130_fd_sc_hd__dfrtp_2)
                                              3.894278   data arrival time

                                  0.000000    0.000000   clock CLK (rise edge)
                                  0.000000    0.000000   clock source latency
     1    0.018921    0.142429    0.101889    0.101889 ^ CLK (in)
                                                         CLK (net)
                      0.142439    0.000000    0.101889 ^ clkbuf_0_CLK/A (sky130_fd_sc_hd__clkbuf_16)
    16    0.102249    0.179542    0.368269    0.470158 ^ clkbuf_0_CLK/X (sky130_fd_sc_hd__clkbuf_16)
                                                         clknet_0_CLK (net)
                      0.179543    0.001033    0.471191 ^ clkbuf_4_8_0_CLK/A (sky130_fd_sc_hd__clkbuf_8)
     5    0.013699    0.069341    0.285372    0.756563 ^ clkbuf_4_8_0_CLK/X (sky130_fd_sc_hd__clkbuf_8)
                                                         clknet_4_8_0_CLK (net)
                      0.069341    0.000084    0.756647 ^ _1396_/CLK (sky130_fd_sc_hd__dfrtp_2)
                                  0.250000    1.006647   clock uncertainty
                                 -0.044777    0.961870   clock reconvergence pessimism
                                  0.730484    1.692354   library removal time
                                              1.692354   data required time
---------------------------------------------------------------------------------------------
                                              1.692354   data required time
                                             -3.894278   data arrival time
---------------------------------------------------------------------------------------------
                                              2.201924   slack (MET)


Startpoint: _1441_ (rising edge-triggered flip-flop clocked by CLK)
Endpoint: _1438_ (removal check against rising-edge clock CLK)
Path Group: asynchronous
Path Type: min

Fanout         Cap        Slew       Delay        Time   Description
---------------------------------------------------------------------------------------------
                                  0.000000    0.000000   clock CLK (rise edge)
                                  0.000000    0.000000   clock source latency
     1    0.018921    0.142429    0.092186    0.092186 ^ CLK (in)
                                                         CLK (net)
                      0.142439    0.000000    0.092186 ^ clkbuf_0_CLK/A (sky130_fd_sc_hd__clkbuf_16)
    16    0.102249    0.179542    0.333196    0.425381 ^ clkbuf_0_CLK/X (sky130_fd_sc_hd__clkbuf_16)
                                                         clknet_0_CLK (net)
                      0.179557    0.001728    0.427110 ^ clkbuf_4_10_0_CLK/A (sky130_fd_sc_hd__clkbuf_8)
     6    0.017324    0.077315    0.266059    0.693168 ^ clkbuf_4_10_0_CLK/X (sky130_fd_sc_hd__clkbuf_8)
                                                         clknet_4_10_0_CLK (net)
                      0.077315    0.000101    0.693270 ^ _1441_/CLK (sky130_fd_sc_hd__dfrtp_2)
     1    0.001730    0.063384    0.632162    1.325431 ^ _1441_/Q (sky130_fd_sc_hd__dfrtp_2)
                                                         control.reset_n (net)
                      0.063384    0.000006    1.325438 ^ hold143/A (sky130_fd_sc_hd__dlygate4sd3_1)
     2    0.009671    0.184754    1.069371    2.394808 ^ hold143/X (sky130_fd_sc_hd__dlygate4sd3_1)
                                                         net142 (net)
                      0.184754    0.000256    2.395064 ^ fanout72/A (sky130_fd_sc_hd__clkdlybuf4s25_1)
     8    0.036718    0.591714    0.845389    3.240453 ^ fanout72/X (sky130_fd_sc_hd__clkdlybuf4s25_1)
                                                         net72 (net)
                      0.591714    0.000009    3.240462 ^ fanout70/A (sky130_fd_sc_hd__clkdlybuf4s25_1)
     5    0.017738    0.298096    0.787329    4.027791 ^ fanout70/X (sky130_fd_sc_hd__clkdlybuf4s25_1)
                                                         net70 (net)
                      0.298096    0.000271    4.028062 ^ _1438_/RESET_B (sky130_fd_sc_hd__dfrtp_2)
                                              4.028062   data arrival time

                                  0.000000    0.000000   clock CLK (rise edge)
                                  0.000000    0.000000   clock source latency
     1    0.018921    0.142429    0.101889    0.101889 ^ CLK (in)
                                                         CLK (net)
                      0.142439    0.000000    0.101889 ^ clkbuf_0_CLK/A (sky130_fd_sc_hd__clkbuf_16)
    16    0.102249    0.179542    0.368269    0.470158 ^ clkbuf_0_CLK/X (sky130_fd_sc_hd__clkbuf_16)
                                                         clknet_0_CLK (net)
                      0.179569    0.002363    0.472521 ^ clkbuf_4_2_0_CLK/A (sky130_fd_sc_hd__clkbuf_8)
     6    0.018780    0.080637    0.297539    0.770061 ^ clkbuf_4_2_0_CLK/X (sky130_fd_sc_hd__clkbuf_8)
                                                         clknet_4_2_0_CLK (net)
                      0.080637    0.000275    0.770336 ^ _1438_/CLK (sky130_fd_sc_hd__dfrtp_2)
                                  0.250000    1.020336   clock uncertainty
                                 -0.044777    0.975559   clock reconvergence pessimism
                                  0.730535    1.706094   library removal time
                                              1.706094   data required time
---------------------------------------------------------------------------------------------
                                              1.706094   data required time
                                             -4.028062   data arrival time
---------------------------------------------------------------------------------------------
                                              2.321968   slack (MET)


Startpoint: _1441_ (rising edge-triggered flip-flop clocked by CLK)
Endpoint: _1415_ (removal check against rising-edge clock CLK)
Path Group: asynchronous
Path Type: min

Fanout         Cap        Slew       Delay        Time   Description
---------------------------------------------------------------------------------------------
                                  0.000000    0.000000   clock CLK (rise edge)
                                  0.000000    0.000000   clock source latency
     1    0.018921    0.142429    0.092186    0.092186 ^ CLK (in)
                                                         CLK (net)
                      0.142439    0.000000    0.092186 ^ clkbuf_0_CLK/A (sky130_fd_sc_hd__clkbuf_16)
    16    0.102249    0.179542    0.333196    0.425381 ^ clkbuf_0_CLK/X (sky130_fd_sc_hd__clkbuf_16)
                                                         clknet_0_CLK (net)
                      0.179557    0.001728    0.427110 ^ clkbuf_4_10_0_CLK/A (sky130_fd_sc_hd__clkbuf_8)
     6    0.017324    0.077315    0.266059    0.693168 ^ clkbuf_4_10_0_CLK/X (sky130_fd_sc_hd__clkbuf_8)
                                                         clknet_4_10_0_CLK (net)
                      0.077315    0.000101    0.693270 ^ _1441_/CLK (sky130_fd_sc_hd__dfrtp_2)
     1    0.001730    0.063384    0.632162    1.325431 ^ _1441_/Q (sky130_fd_sc_hd__dfrtp_2)
                                                         control.reset_n (net)
                      0.063384    0.000006    1.325438 ^ hold143/A (sky130_fd_sc_hd__dlygate4sd3_1)
     2    0.009671    0.184754    1.069371    2.394808 ^ hold143/X (sky130_fd_sc_hd__dlygate4sd3_1)
                                                         net142 (net)
                      0.184754    0.000256    2.395064 ^ fanout72/A (sky130_fd_sc_hd__clkdlybuf4s25_1)
     8    0.036718    0.591714    0.845389    3.240453 ^ fanout72/X (sky130_fd_sc_hd__clkdlybuf4s25_1)
                                                         net72 (net)
                      0.591714    0.000009    3.240462 ^ fanout70/A (sky130_fd_sc_hd__clkdlybuf4s25_1)
     5    0.017738    0.298096    0.787329    4.027791 ^ fanout70/X (sky130_fd_sc_hd__clkdlybuf4s25_1)
                                                         net70 (net)
                      0.298096    0.000318    4.028109 ^ _1415_/RESET_B (sky130_fd_sc_hd__dfrtp_2)
                                              4.028109   data arrival time

                                  0.000000    0.000000   clock CLK (rise edge)
                                  0.000000    0.000000   clock source latency
     1    0.018921    0.142429    0.101889    0.101889 ^ CLK (in)
                                                         CLK (net)
                      0.142439    0.000000    0.101889 ^ clkbuf_0_CLK/A (sky130_fd_sc_hd__clkbuf_16)
    16    0.102249    0.179542    0.368269    0.470158 ^ clkbuf_0_CLK/X (sky130_fd_sc_hd__clkbuf_16)
                                                         clknet_0_CLK (net)
                      0.179569    0.002363    0.472521 ^ clkbuf_4_2_0_CLK/A (sky130_fd_sc_hd__clkbuf_8)
     6    0.018780    0.080637    0.297539    0.770061 ^ clkbuf_4_2_0_CLK/X (sky130_fd_sc_hd__clkbuf_8)
                                                         clknet_4_2_0_CLK (net)
                      0.080637    0.000264    0.770324 ^ _1415_/CLK (sky130_fd_sc_hd__dfrtp_2)
                                  0.250000    1.020324   clock uncertainty
                                 -0.044777    0.975547   clock reconvergence pessimism
                                  0.730535    1.706083   library removal time
                                              1.706083   data required time
---------------------------------------------------------------------------------------------
                                              1.706083   data required time
                                             -4.028109   data arrival time
---------------------------------------------------------------------------------------------
                                              2.322026   slack (MET)


Startpoint: _1441_ (rising edge-triggered flip-flop clocked by CLK)
Endpoint: _1425_ (removal check against rising-edge clock CLK)
Path Group: asynchronous
Path Type: min

Fanout         Cap        Slew       Delay        Time   Description
---------------------------------------------------------------------------------------------
                                  0.000000    0.000000   clock CLK (rise edge)
                                  0.000000    0.000000   clock source latency
     1    0.018921    0.142429    0.092186    0.092186 ^ CLK (in)
                                                         CLK (net)
                      0.142439    0.000000    0.092186 ^ clkbuf_0_CLK/A (sky130_fd_sc_hd__clkbuf_16)
    16    0.102249    0.179542    0.333196    0.425381 ^ clkbuf_0_CLK/X (sky130_fd_sc_hd__clkbuf_16)
                                                         clknet_0_CLK (net)
                      0.179557    0.001728    0.427110 ^ clkbuf_4_10_0_CLK/A (sky130_fd_sc_hd__clkbuf_8)
     6    0.017324    0.077315    0.266059    0.693168 ^ clkbuf_4_10_0_CLK/X (sky130_fd_sc_hd__clkbuf_8)
                                                         clknet_4_10_0_CLK (net)
                      0.077315    0.000101    0.693270 ^ _1441_/CLK (sky130_fd_sc_hd__dfrtp_2)
     1    0.001730    0.063384    0.632162    1.325431 ^ _1441_/Q (sky130_fd_sc_hd__dfrtp_2)
                                                         control.reset_n (net)
                      0.063384    0.000006    1.325438 ^ hold143/A (sky130_fd_sc_hd__dlygate4sd3_1)
     2    0.009671    0.184754    1.069371    2.394808 ^ hold143/X (sky130_fd_sc_hd__dlygate4sd3_1)
                                                         net142 (net)
                      0.184754    0.000256    2.395064 ^ fanout72/A (sky130_fd_sc_hd__clkdlybuf4s25_1)
     8    0.036718    0.591714    0.845389    3.240453 ^ fanout72/X (sky130_fd_sc_hd__clkdlybuf4s25_1)
                                                         net72 (net)
                      0.591714    0.000009    3.240462 ^ fanout70/A (sky130_fd_sc_hd__clkdlybuf4s25_1)
     5    0.017738    0.298096    0.787329    4.027791 ^ fanout70/X (sky130_fd_sc_hd__clkdlybuf4s25_1)
                                                         net70 (net)
                      0.298096    0.000324    4.028115 ^ _1425_/RESET_B (sky130_fd_sc_hd__dfrtp_2)
                                              4.028115   data arrival time

                                  0.000000    0.000000   clock CLK (rise edge)
                                  0.000000    0.000000   clock source latency
     1    0.018921    0.142429    0.101889    0.101889 ^ CLK (in)
                                                         CLK (net)
                      0.142439    0.000000    0.101889 ^ clkbuf_0_CLK/A (sky130_fd_sc_hd__clkbuf_16)
    16    0.102249    0.179542    0.368269    0.470158 ^ clkbuf_0_CLK/X (sky130_fd_sc_hd__clkbuf_16)
                                                         clknet_0_CLK (net)
                      0.179569    0.002363    0.472521 ^ clkbuf_4_2_0_CLK/A (sky130_fd_sc_hd__clkbuf_8)
     6    0.018780    0.080637    0.297539    0.770061 ^ clkbuf_4_2_0_CLK/X (sky130_fd_sc_hd__clkbuf_8)
                                                         clknet_4_2_0_CLK (net)
                      0.080637    0.000242    0.770302 ^ _1425_/CLK (sky130_fd_sc_hd__dfrtp_2)
                                  0.250000    1.020302   clock uncertainty
                                 -0.044777    0.975525   clock reconvergence pessimism
                                  0.730535    1.706060   library removal time
                                              1.706060   data required time
---------------------------------------------------------------------------------------------
                                              1.706060   data required time
                                             -4.028115   data arrival time
---------------------------------------------------------------------------------------------
                                              2.322055   slack (MET)


Startpoint: _1441_ (rising edge-triggered flip-flop clocked by CLK)
Endpoint: _1468_ (removal check against rising-edge clock CLK)
Path Group: asynchronous
Path Type: min

Fanout         Cap        Slew       Delay        Time   Description
---------------------------------------------------------------------------------------------
                                  0.000000    0.000000   clock CLK (rise edge)
                                  0.000000    0.000000   clock source latency
     1    0.018921    0.142429    0.092186    0.092186 ^ CLK (in)
                                                         CLK (net)
                      0.142439    0.000000    0.092186 ^ clkbuf_0_CLK/A (sky130_fd_sc_hd__clkbuf_16)
    16    0.102249    0.179542    0.333196    0.425381 ^ clkbuf_0_CLK/X (sky130_fd_sc_hd__clkbuf_16)
                                                         clknet_0_CLK (net)
                      0.179557    0.001728    0.427110 ^ clkbuf_4_10_0_CLK/A (sky130_fd_sc_hd__clkbuf_8)
     6    0.017324    0.077315    0.266059    0.693168 ^ clkbuf_4_10_0_CLK/X (sky130_fd_sc_hd__clkbuf_8)
                                                         clknet_4_10_0_CLK (net)
                      0.077315    0.000101    0.693270 ^ _1441_/CLK (sky130_fd_sc_hd__dfrtp_2)
     1    0.001730    0.063384    0.632162    1.325431 ^ _1441_/Q (sky130_fd_sc_hd__dfrtp_2)
                                                         control.reset_n (net)
                      0.063384    0.000006    1.325438 ^ hold143/A (sky130_fd_sc_hd__dlygate4sd3_1)
     2    0.009671    0.184754    1.069371    2.394808 ^ hold143/X (sky130_fd_sc_hd__dlygate4sd3_1)
                                                         net142 (net)
                      0.184754    0.000256    2.395064 ^ fanout72/A (sky130_fd_sc_hd__clkdlybuf4s25_1)
     8    0.036718    0.591714    0.845389    3.240453 ^ fanout72/X (sky130_fd_sc_hd__clkdlybuf4s25_1)
                                                         net72 (net)
                      0.591714    0.000317    3.240769 ^ fanout66/A (sky130_fd_sc_hd__clkdlybuf4s25_1)
     5    0.021708    0.359380    0.828957    4.069726 ^ fanout66/X (sky130_fd_sc_hd__clkdlybuf4s25_1)
                                                         net66 (net)
                      0.359380    0.000147    4.069873 ^ _1468_/RESET_B (sky130_fd_sc_hd__dfrtp_2)
                                              4.069873   data arrival time

                                  0.000000    0.000000   clock CLK (rise edge)
                                  0.000000    0.000000   clock source latency
     1    0.018921    0.142429    0.101889    0.101889 ^ CLK (in)
                                                         CLK (net)
                      0.142439    0.000000    0.101889 ^ clkbuf_0_CLK/A (sky130_fd_sc_hd__clkbuf_16)
    16    0.102249    0.179542    0.368269    0.470158 ^ clkbuf_0_CLK/X (sky130_fd_sc_hd__clkbuf_16)
                                                         clknet_0_CLK (net)
                      0.179569    0.002363    0.472521 ^ clkbuf_4_2_0_CLK/A (sky130_fd_sc_hd__clkbuf_8)
     6    0.018780    0.080637    0.297539    0.770061 ^ clkbuf_4_2_0_CLK/X (sky130_fd_sc_hd__clkbuf_8)
                                                         clknet_4_2_0_CLK (net)
                      0.080637    0.000159    0.770220 ^ _1468_/CLK (sky130_fd_sc_hd__dfrtp_2)
                                  0.250000    1.020220   clock uncertainty
                                 -0.044777    0.975443   clock reconvergence pessimism
                                  0.749319    1.724762   library removal time
                                              1.724762   data required time
---------------------------------------------------------------------------------------------
                                              1.724762   data required time
                                             -4.069873   data arrival time
---------------------------------------------------------------------------------------------
                                              2.345111   slack (MET)


Startpoint: _1441_ (rising edge-triggered flip-flop clocked by CLK)
Endpoint: _1469_ (removal check against rising-edge clock CLK)
Path Group: asynchronous
Path Type: min

Fanout         Cap        Slew       Delay        Time   Description
---------------------------------------------------------------------------------------------
                                  0.000000    0.000000   clock CLK (rise edge)
                                  0.000000    0.000000   clock source latency
     1    0.018921    0.142429    0.092186    0.092186 ^ CLK (in)
                                                         CLK (net)
                      0.142439    0.000000    0.092186 ^ clkbuf_0_CLK/A (sky130_fd_sc_hd__clkbuf_16)
    16    0.102249    0.179542    0.333196    0.425381 ^ clkbuf_0_CLK/X (sky130_fd_sc_hd__clkbuf_16)
                                                         clknet_0_CLK (net)
                      0.179557    0.001728    0.427110 ^ clkbuf_4_10_0_CLK/A (sky130_fd_sc_hd__clkbuf_8)
     6    0.017324    0.077315    0.266059    0.693168 ^ clkbuf_4_10_0_CLK/X (sky130_fd_sc_hd__clkbuf_8)
                                                         clknet_4_10_0_CLK (net)
                      0.077315    0.000101    0.693270 ^ _1441_/CLK (sky130_fd_sc_hd__dfrtp_2)
     1    0.001730    0.063384    0.632162    1.325431 ^ _1441_/Q (sky130_fd_sc_hd__dfrtp_2)
                                                         control.reset_n (net)
                      0.063384    0.000006    1.325438 ^ hold143/A (sky130_fd_sc_hd__dlygate4sd3_1)
     2    0.009671    0.184754    1.069371    2.394808 ^ hold143/X (sky130_fd_sc_hd__dlygate4sd3_1)
                                                         net142 (net)
                      0.184754    0.000256    2.395064 ^ fanout72/A (sky130_fd_sc_hd__clkdlybuf4s25_1)
     8    0.036718    0.591714    0.845389    3.240453 ^ fanout72/X (sky130_fd_sc_hd__clkdlybuf4s25_1)
                                                         net72 (net)
                      0.591714    0.000317    3.240769 ^ fanout66/A (sky130_fd_sc_hd__clkdlybuf4s25_1)
     5    0.021708    0.359380    0.828957    4.069726 ^ fanout66/X (sky130_fd_sc_hd__clkdlybuf4s25_1)
                                                         net66 (net)
                      0.359380    0.000124    4.069850 ^ _1469_/RESET_B (sky130_fd_sc_hd__dfrtp_2)
                                              4.069850   data arrival time

                                  0.000000    0.000000   clock CLK (rise edge)
                                  0.000000    0.000000   clock source latency
     1    0.018921    0.142429    0.101889    0.101889 ^ CLK (in)
                                                         CLK (net)
                      0.142439    0.000000    0.101889 ^ clkbuf_0_CLK/A (sky130_fd_sc_hd__clkbuf_16)
    16    0.102249    0.179542    0.368269    0.470158 ^ clkbuf_0_CLK/X (sky130_fd_sc_hd__clkbuf_16)
                                                         clknet_0_CLK (net)
                      0.179567    0.002296    0.472454 ^ clkbuf_4_3_0_CLK/A (sky130_fd_sc_hd__clkbuf_8)
     6    0.017765    0.078316    0.295115    0.767569 ^ clkbuf_4_3_0_CLK/X (sky130_fd_sc_hd__clkbuf_8)
                                                         clknet_4_3_0_CLK (net)
                      0.078316    0.000239    0.767808 ^ _1469_/CLK (sky130_fd_sc_hd__dfrtp_2)
                                  0.250000    1.017808   clock uncertainty
                                 -0.044777    0.973031   clock reconvergence pessimism
                                  0.748621    1.721652   library removal time
                                              1.721652   data required time
---------------------------------------------------------------------------------------------
                                              1.721652   data required time
                                             -4.069850   data arrival time
---------------------------------------------------------------------------------------------
                                              2.348198   slack (MET)


Startpoint: _1441_ (rising edge-triggered flip-flop clocked by CLK)
Endpoint: _1423_ (removal check against rising-edge clock CLK)
Path Group: asynchronous
Path Type: min

Fanout         Cap        Slew       Delay        Time   Description
---------------------------------------------------------------------------------------------
                                  0.000000    0.000000   clock CLK (rise edge)
                                  0.000000    0.000000   clock source latency
     1    0.018921    0.142429    0.092186    0.092186 ^ CLK (in)
                                                         CLK (net)
                      0.142439    0.000000    0.092186 ^ clkbuf_0_CLK/A (sky130_fd_sc_hd__clkbuf_16)
    16    0.102249    0.179542    0.333196    0.425381 ^ clkbuf_0_CLK/X (sky130_fd_sc_hd__clkbuf_16)
                                                         clknet_0_CLK (net)
                      0.179557    0.001728    0.427110 ^ clkbuf_4_10_0_CLK/A (sky130_fd_sc_hd__clkbuf_8)
     6    0.017324    0.077315    0.266059    0.693168 ^ clkbuf_4_10_0_CLK/X (sky130_fd_sc_hd__clkbuf_8)
                                                         clknet_4_10_0_CLK (net)
                      0.077315    0.000101    0.693270 ^ _1441_/CLK (sky130_fd_sc_hd__dfrtp_2)
     1    0.001730    0.063384    0.632162    1.325431 ^ _1441_/Q (sky130_fd_sc_hd__dfrtp_2)
                                                         control.reset_n (net)
                      0.063384    0.000006    1.325438 ^ hold143/A (sky130_fd_sc_hd__dlygate4sd3_1)
     2    0.009671    0.184754    1.069371    2.394808 ^ hold143/X (sky130_fd_sc_hd__dlygate4sd3_1)
                                                         net142 (net)
                      0.184754    0.000256    2.395064 ^ fanout72/A (sky130_fd_sc_hd__clkdlybuf4s25_1)
     8    0.036718    0.591714    0.845389    3.240453 ^ fanout72/X (sky130_fd_sc_hd__clkdlybuf4s25_1)
                                                         net72 (net)
                      0.591714    0.000317    3.240769 ^ fanout66/A (sky130_fd_sc_hd__clkdlybuf4s25_1)
     5    0.021708    0.359380    0.828957    4.069726 ^ fanout66/X (sky130_fd_sc_hd__clkdlybuf4s25_1)
                                                         net66 (net)
                      0.359380    0.000362    4.070088 ^ _1423_/RESET_B (sky130_fd_sc_hd__dfrtp_2)
                                              4.070088   data arrival time

                                  0.000000    0.000000   clock CLK (rise edge)
                                  0.000000    0.000000   clock source latency
     1    0.018921    0.142429    0.101889    0.101889 ^ CLK (in)
                                                         CLK (net)
                      0.142439    0.000000    0.101889 ^ clkbuf_0_CLK/A (sky130_fd_sc_hd__clkbuf_16)
    16    0.102249    0.179542    0.368269    0.470158 ^ clkbuf_0_CLK/X (sky130_fd_sc_hd__clkbuf_16)
                                                         clknet_0_CLK (net)
                      0.179567    0.002296    0.472454 ^ clkbuf_4_3_0_CLK/A (sky130_fd_sc_hd__clkbuf_8)
     6    0.017765    0.078316    0.295115    0.767569 ^ clkbuf_4_3_0_CLK/X (sky130_fd_sc_hd__clkbuf_8)
                                                         clknet_4_3_0_CLK (net)
                      0.078316    0.000192    0.767761 ^ _1423_/CLK (sky130_fd_sc_hd__dfrtp_2)
                                  0.250000    1.017761   clock uncertainty
                                 -0.044777    0.972984   clock reconvergence pessimism
                                  0.748621    1.721606   library removal time
                                              1.721606   data required time
---------------------------------------------------------------------------------------------
                                              1.721606   data required time
                                             -4.070088   data arrival time
---------------------------------------------------------------------------------------------
                                              2.348482   slack (MET)


Startpoint: _1441_ (rising edge-triggered flip-flop clocked by CLK)
Endpoint: _1424_ (removal check against rising-edge clock CLK)
Path Group: asynchronous
Path Type: min

Fanout         Cap        Slew       Delay        Time   Description
---------------------------------------------------------------------------------------------
                                  0.000000    0.000000   clock CLK (rise edge)
                                  0.000000    0.000000   clock source latency
     1    0.018921    0.142429    0.092186    0.092186 ^ CLK (in)
                                                         CLK (net)
                      0.142439    0.000000    0.092186 ^ clkbuf_0_CLK/A (sky130_fd_sc_hd__clkbuf_16)
    16    0.102249    0.179542    0.333196    0.425381 ^ clkbuf_0_CLK/X (sky130_fd_sc_hd__clkbuf_16)
                                                         clknet_0_CLK (net)
                      0.179557    0.001728    0.427110 ^ clkbuf_4_10_0_CLK/A (sky130_fd_sc_hd__clkbuf_8)
     6    0.017324    0.077315    0.266059    0.693168 ^ clkbuf_4_10_0_CLK/X (sky130_fd_sc_hd__clkbuf_8)
                                                         clknet_4_10_0_CLK (net)
                      0.077315    0.000101    0.693270 ^ _1441_/CLK (sky130_fd_sc_hd__dfrtp_2)
     1    0.001730    0.063384    0.632162    1.325431 ^ _1441_/Q (sky130_fd_sc_hd__dfrtp_2)
                                                         control.reset_n (net)
                      0.063384    0.000006    1.325438 ^ hold143/A (sky130_fd_sc_hd__dlygate4sd3_1)
     2    0.009671    0.184754    1.069371    2.394808 ^ hold143/X (sky130_fd_sc_hd__dlygate4sd3_1)
                                                         net142 (net)
                      0.184754    0.000256    2.395064 ^ fanout72/A (sky130_fd_sc_hd__clkdlybuf4s25_1)
     8    0.036718    0.591714    0.845389    3.240453 ^ fanout72/X (sky130_fd_sc_hd__clkdlybuf4s25_1)
                                                         net72 (net)
                      0.591714    0.000317    3.240769 ^ fanout66/A (sky130_fd_sc_hd__clkdlybuf4s25_1)
     5    0.021708    0.359380    0.828957    4.069726 ^ fanout66/X (sky130_fd_sc_hd__clkdlybuf4s25_1)
                                                         net66 (net)
                      0.359380    0.000384    4.070110 ^ _1424_/RESET_B (sky130_fd_sc_hd__dfrtp_2)
                                              4.070110   data arrival time

                                  0.000000    0.000000   clock CLK (rise edge)
                                  0.000000    0.000000   clock source latency
     1    0.018921    0.142429    0.101889    0.101889 ^ CLK (in)
                                                         CLK (net)
                      0.142439    0.000000    0.101889 ^ clkbuf_0_CLK/A (sky130_fd_sc_hd__clkbuf_16)
    16    0.102249    0.179542    0.368269    0.470158 ^ clkbuf_0_CLK/X (sky130_fd_sc_hd__clkbuf_16)
                                                         clknet_0_CLK (net)
                      0.179567    0.002296    0.472454 ^ clkbuf_4_3_0_CLK/A (sky130_fd_sc_hd__clkbuf_8)
     6    0.017765    0.078316    0.295115    0.767569 ^ clkbuf_4_3_0_CLK/X (sky130_fd_sc_hd__clkbuf_8)
                                                         clknet_4_3_0_CLK (net)
                      0.078316    0.000177    0.767746 ^ _1424_/CLK (sky130_fd_sc_hd__dfrtp_2)
                                  0.250000    1.017746   clock uncertainty
                                 -0.044777    0.972969   clock reconvergence pessimism
                                  0.748621    1.721590   library removal time
                                              1.721590   data required time
---------------------------------------------------------------------------------------------
                                              1.721590   data required time
                                             -4.070110   data arrival time
---------------------------------------------------------------------------------------------
                                              2.348520   slack (MET)


Startpoint: _1441_ (rising edge-triggered flip-flop clocked by CLK)
Endpoint: _1422_ (removal check against rising-edge clock CLK)
Path Group: asynchronous
Path Type: min

Fanout         Cap        Slew       Delay        Time   Description
---------------------------------------------------------------------------------------------
                                  0.000000    0.000000   clock CLK (rise edge)
                                  0.000000    0.000000   clock source latency
     1    0.018921    0.142429    0.092186    0.092186 ^ CLK (in)
                                                         CLK (net)
                      0.142439    0.000000    0.092186 ^ clkbuf_0_CLK/A (sky130_fd_sc_hd__clkbuf_16)
    16    0.102249    0.179542    0.333196    0.425381 ^ clkbuf_0_CLK/X (sky130_fd_sc_hd__clkbuf_16)
                                                         clknet_0_CLK (net)
                      0.179557    0.001728    0.427110 ^ clkbuf_4_10_0_CLK/A (sky130_fd_sc_hd__clkbuf_8)
     6    0.017324    0.077315    0.266059    0.693168 ^ clkbuf_4_10_0_CLK/X (sky130_fd_sc_hd__clkbuf_8)
                                                         clknet_4_10_0_CLK (net)
                      0.077315    0.000101    0.693270 ^ _1441_/CLK (sky130_fd_sc_hd__dfrtp_2)
     1    0.001730    0.063384    0.632162    1.325431 ^ _1441_/Q (sky130_fd_sc_hd__dfrtp_2)
                                                         control.reset_n (net)
                      0.063384    0.000006    1.325438 ^ hold143/A (sky130_fd_sc_hd__dlygate4sd3_1)
     2    0.009671    0.184754    1.069371    2.394808 ^ hold143/X (sky130_fd_sc_hd__dlygate4sd3_1)
                                                         net142 (net)
                      0.184754    0.000256    2.395064 ^ fanout72/A (sky130_fd_sc_hd__clkdlybuf4s25_1)
     8    0.036718    0.591714    0.845389    3.240453 ^ fanout72/X (sky130_fd_sc_hd__clkdlybuf4s25_1)
                                                         net72 (net)
                      0.591714    0.000317    3.240769 ^ fanout66/A (sky130_fd_sc_hd__clkdlybuf4s25_1)
     5    0.021708    0.359380    0.828957    4.069726 ^ fanout66/X (sky130_fd_sc_hd__clkdlybuf4s25_1)
                                                         net66 (net)
                      0.359380    0.000394    4.070120 ^ _1422_/RESET_B (sky130_fd_sc_hd__dfrtp_2)
                                              4.070120   data arrival time

                                  0.000000    0.000000   clock CLK (rise edge)
                                  0.000000    0.000000   clock source latency
     1    0.018921    0.142429    0.101889    0.101889 ^ CLK (in)
                                                         CLK (net)
                      0.142439    0.000000    0.101889 ^ clkbuf_0_CLK/A (sky130_fd_sc_hd__clkbuf_16)
    16    0.102249    0.179542    0.368269    0.470158 ^ clkbuf_0_CLK/X (sky130_fd_sc_hd__clkbuf_16)
                                                         clknet_0_CLK (net)
                      0.179570    0.002396    0.472555 ^ clkbuf_4_4_0_CLK/A (sky130_fd_sc_hd__clkbuf_8)
     6    0.017565    0.077862    0.294639    0.767194 ^ clkbuf_4_4_0_CLK/X (sky130_fd_sc_hd__clkbuf_8)
                                                         clknet_4_4_0_CLK (net)
                      0.077862    0.000147    0.767341 ^ _1422_/CLK (sky130_fd_sc_hd__dfrtp_2)
                                  0.250000    1.017341   clock uncertainty
                                 -0.044777    0.972564   clock reconvergence pessimism
                                  0.748485    1.721049   library removal time
                                              1.721049   data required time
---------------------------------------------------------------------------------------------
                                              1.721049   data required time
                                             -4.070120   data arrival time
---------------------------------------------------------------------------------------------
                                              2.349071   slack (MET)


Startpoint: _1441_ (rising edge-triggered flip-flop clocked by CLK)
Endpoint: _1402_ (removal check against rising-edge clock CLK)
Path Group: asynchronous
Path Type: min

Fanout         Cap        Slew       Delay        Time   Description
---------------------------------------------------------------------------------------------
                                  0.000000    0.000000   clock CLK (rise edge)
                                  0.000000    0.000000   clock source latency
     1    0.018921    0.142429    0.092186    0.092186 ^ CLK (in)
                                                         CLK (net)
                      0.142439    0.000000    0.092186 ^ clkbuf_0_CLK/A (sky130_fd_sc_hd__clkbuf_16)
    16    0.102249    0.179542    0.333196    0.425381 ^ clkbuf_0_CLK/X (sky130_fd_sc_hd__clkbuf_16)
                                                         clknet_0_CLK (net)
                      0.179557    0.001728    0.427110 ^ clkbuf_4_10_0_CLK/A (sky130_fd_sc_hd__clkbuf_8)
     6    0.017324    0.077315    0.266059    0.693168 ^ clkbuf_4_10_0_CLK/X (sky130_fd_sc_hd__clkbuf_8)
                                                         clknet_4_10_0_CLK (net)
                      0.077315    0.000101    0.693270 ^ _1441_/CLK (sky130_fd_sc_hd__dfrtp_2)
     1    0.001730    0.063384    0.632162    1.325431 ^ _1441_/Q (sky130_fd_sc_hd__dfrtp_2)
                                                         control.reset_n (net)
                      0.063384    0.000006    1.325438 ^ hold143/A (sky130_fd_sc_hd__dlygate4sd3_1)
     2    0.009671    0.184754    1.069371    2.394808 ^ hold143/X (sky130_fd_sc_hd__dlygate4sd3_1)
                                                         net142 (net)
                      0.184754    0.000107    2.394915 ^ fanout79/A (sky130_fd_sc_hd__clkdlybuf4s25_1)
     5    0.027735    0.452444    0.751297    3.146212 ^ fanout79/X (sky130_fd_sc_hd__clkdlybuf4s25_1)
                                                         net79 (net)
                      0.452444    0.000206    3.146419 ^ fanout75/A (sky130_fd_sc_hd__clkdlybuf4s25_1)
     2    0.006054    0.124739    0.616282    3.762701 ^ fanout75/X (sky130_fd_sc_hd__clkdlybuf4s25_1)
                                                         net75 (net)
                      0.124739    0.000044    3.762744 ^ load_slew76/A (sky130_fd_sc_hd__clkbuf_4)
     9    0.034704    0.181473    0.337450    4.100194 ^ load_slew76/X (sky130_fd_sc_hd__clkbuf_4)
                                                         net76 (net)
                      0.181473    0.000432    4.100626 ^ _1402_/RESET_B (sky130_fd_sc_hd__dfrtp_2)
                                              4.100626   data arrival time

                                  0.000000    0.000000   clock CLK (rise edge)
                                  0.000000    0.000000   clock source latency
     1    0.018921    0.142429    0.101889    0.101889 ^ CLK (in)
                                                         CLK (net)
                      0.142439    0.000000    0.101889 ^ clkbuf_0_CLK/A (sky130_fd_sc_hd__clkbuf_16)
    16    0.102249    0.179542    0.368269    0.470158 ^ clkbuf_0_CLK/X (sky130_fd_sc_hd__clkbuf_16)
                                                         clknet_0_CLK (net)
                      0.179554    0.001770    0.471928 ^ clkbuf_4_14_0_CLK/A (sky130_fd_sc_hd__clkbuf_8)
     6    0.017613    0.077970    0.294748    0.766676 ^ clkbuf_4_14_0_CLK/X (sky130_fd_sc_hd__clkbuf_8)
                                                         clknet_4_14_0_CLK (net)
                      0.077970    0.000066    0.766742 ^ _1402_/CLK (sky130_fd_sc_hd__dfrtp_2)
                                  0.250000    1.016742   clock uncertainty
                                 -0.044777    0.971965   clock reconvergence pessimism
                                  0.693987    1.665951   library removal time
                                              1.665951   data required time
---------------------------------------------------------------------------------------------
                                              1.665951   data required time
                                             -4.100626   data arrival time
---------------------------------------------------------------------------------------------
                                              2.434675   slack (MET)


Startpoint: _1441_ (rising edge-triggered flip-flop clocked by CLK)
Endpoint: _1399_ (removal check against rising-edge clock CLK)
Path Group: asynchronous
Path Type: min

Fanout         Cap        Slew       Delay        Time   Description
---------------------------------------------------------------------------------------------
                                  0.000000    0.000000   clock CLK (rise edge)
                                  0.000000    0.000000   clock source latency
     1    0.018921    0.142429    0.092186    0.092186 ^ CLK (in)
                                                         CLK (net)
                      0.142439    0.000000    0.092186 ^ clkbuf_0_CLK/A (sky130_fd_sc_hd__clkbuf_16)
    16    0.102249    0.179542    0.333196    0.425381 ^ clkbuf_0_CLK/X (sky130_fd_sc_hd__clkbuf_16)
                                                         clknet_0_CLK (net)
                      0.179557    0.001728    0.427110 ^ clkbuf_4_10_0_CLK/A (sky130_fd_sc_hd__clkbuf_8)
     6    0.017324    0.077315    0.266059    0.693168 ^ clkbuf_4_10_0_CLK/X (sky130_fd_sc_hd__clkbuf_8)
                                                         clknet_4_10_0_CLK (net)
                      0.077315    0.000101    0.693270 ^ _1441_/CLK (sky130_fd_sc_hd__dfrtp_2)
     1    0.001730    0.063384    0.632162    1.325431 ^ _1441_/Q (sky130_fd_sc_hd__dfrtp_2)
                                                         control.reset_n (net)
                      0.063384    0.000006    1.325438 ^ hold143/A (sky130_fd_sc_hd__dlygate4sd3_1)
     2    0.009671    0.184754    1.069371    2.394808 ^ hold143/X (sky130_fd_sc_hd__dlygate4sd3_1)
                                                         net142 (net)
                      0.184754    0.000107    2.394915 ^ fanout79/A (sky130_fd_sc_hd__clkdlybuf4s25_1)
     5    0.027735    0.452444    0.751297    3.146212 ^ fanout79/X (sky130_fd_sc_hd__clkdlybuf4s25_1)
                                                         net79 (net)
                      0.452444    0.000206    3.146419 ^ fanout75/A (sky130_fd_sc_hd__clkdlybuf4s25_1)
     2    0.006054    0.124739    0.616282    3.762701 ^ fanout75/X (sky130_fd_sc_hd__clkdlybuf4s25_1)
                                                         net75 (net)
                      0.124739    0.000044    3.762744 ^ load_slew76/A (sky130_fd_sc_hd__clkbuf_4)
     9    0.034704    0.181473    0.337450    4.100194 ^ load_slew76/X (sky130_fd_sc_hd__clkbuf_4)
                                                         net76 (net)
                      0.181473    0.000590    4.100784 ^ _1399_/RESET_B (sky130_fd_sc_hd__dfrtp_2)
                                              4.100784   data arrival time

                                  0.000000    0.000000   clock CLK (rise edge)
                                  0.000000    0.000000   clock source latency
     1    0.018921    0.142429    0.101889    0.101889 ^ CLK (in)
                                                         CLK (net)
                      0.142439    0.000000    0.101889 ^ clkbuf_0_CLK/A (sky130_fd_sc_hd__clkbuf_16)
    16    0.102249    0.179542    0.368269    0.470158 ^ clkbuf_0_CLK/X (sky130_fd_sc_hd__clkbuf_16)
                                                         clknet_0_CLK (net)
                      0.179554    0.001770    0.471928 ^ clkbuf_4_14_0_CLK/A (sky130_fd_sc_hd__clkbuf_8)
     6    0.017613    0.077970    0.294748    0.766676 ^ clkbuf_4_14_0_CLK/X (sky130_fd_sc_hd__clkbuf_8)
                                                         clknet_4_14_0_CLK (net)
                      0.077970    0.000162    0.766838 ^ _1399_/CLK (sky130_fd_sc_hd__dfrtp_2)
                                  0.250000    1.016838   clock uncertainty
                                 -0.044777    0.972061   clock reconvergence pessimism
                                  0.693987    1.666047   library removal time
                                              1.666047   data required time
---------------------------------------------------------------------------------------------
                                              1.666047   data required time
                                             -4.100784   data arrival time
---------------------------------------------------------------------------------------------
                                              2.434737   slack (MET)


Startpoint: _1441_ (rising edge-triggered flip-flop clocked by CLK)
Endpoint: _1401_ (removal check against rising-edge clock CLK)
Path Group: asynchronous
Path Type: min

Fanout         Cap        Slew       Delay        Time   Description
---------------------------------------------------------------------------------------------
                                  0.000000    0.000000   clock CLK (rise edge)
                                  0.000000    0.000000   clock source latency
     1    0.018921    0.142429    0.092186    0.092186 ^ CLK (in)
                                                         CLK (net)
                      0.142439    0.000000    0.092186 ^ clkbuf_0_CLK/A (sky130_fd_sc_hd__clkbuf_16)
    16    0.102249    0.179542    0.333196    0.425381 ^ clkbuf_0_CLK/X (sky130_fd_sc_hd__clkbuf_16)
                                                         clknet_0_CLK (net)
                      0.179557    0.001728    0.427110 ^ clkbuf_4_10_0_CLK/A (sky130_fd_sc_hd__clkbuf_8)
     6    0.017324    0.077315    0.266059    0.693168 ^ clkbuf_4_10_0_CLK/X (sky130_fd_sc_hd__clkbuf_8)
                                                         clknet_4_10_0_CLK (net)
                      0.077315    0.000101    0.693270 ^ _1441_/CLK (sky130_fd_sc_hd__dfrtp_2)
     1    0.001730    0.063384    0.632162    1.325431 ^ _1441_/Q (sky130_fd_sc_hd__dfrtp_2)
                                                         control.reset_n (net)
                      0.063384    0.000006    1.325438 ^ hold143/A (sky130_fd_sc_hd__dlygate4sd3_1)
     2    0.009671    0.184754    1.069371    2.394808 ^ hold143/X (sky130_fd_sc_hd__dlygate4sd3_1)
                                                         net142 (net)
                      0.184754    0.000107    2.394915 ^ fanout79/A (sky130_fd_sc_hd__clkdlybuf4s25_1)
     5    0.027735    0.452444    0.751297    3.146212 ^ fanout79/X (sky130_fd_sc_hd__clkdlybuf4s25_1)
                                                         net79 (net)
                      0.452444    0.000206    3.146419 ^ fanout75/A (sky130_fd_sc_hd__clkdlybuf4s25_1)
     2    0.006054    0.124739    0.616282    3.762701 ^ fanout75/X (sky130_fd_sc_hd__clkdlybuf4s25_1)
                                                         net75 (net)
                      0.124739    0.000044    3.762744 ^ load_slew76/A (sky130_fd_sc_hd__clkbuf_4)
     9    0.034704    0.181473    0.337450    4.100194 ^ load_slew76/X (sky130_fd_sc_hd__clkbuf_4)
                                                         net76 (net)
                      0.181473    0.000623    4.100817 ^ _1401_/RESET_B (sky130_fd_sc_hd__dfrtp_2)
                                              4.100817   data arrival time

                                  0.000000    0.000000   clock CLK (rise edge)
                                  0.000000    0.000000   clock source latency
     1    0.018921    0.142429    0.101889    0.101889 ^ CLK (in)
                                                         CLK (net)
                      0.142439    0.000000    0.101889 ^ clkbuf_0_CLK/A (sky130_fd_sc_hd__clkbuf_16)
    16    0.102249    0.179542    0.368269    0.470158 ^ clkbuf_0_CLK/X (sky130_fd_sc_hd__clkbuf_16)
                                                         clknet_0_CLK (net)
                      0.179554    0.001770    0.471928 ^ clkbuf_4_14_0_CLK/A (sky130_fd_sc_hd__clkbuf_8)
     6    0.017613    0.077970    0.294748    0.766676 ^ clkbuf_4_14_0_CLK/X (sky130_fd_sc_hd__clkbuf_8)
                                                         clknet_4_14_0_CLK (net)
                      0.077970    0.000184    0.766860 ^ _1401_/CLK (sky130_fd_sc_hd__dfrtp_2)
                                  0.250000    1.016860   clock uncertainty
                                 -0.044777    0.972083   clock reconvergence pessimism
                                  0.693987    1.666070   library removal time
                                              1.666070   data required time
---------------------------------------------------------------------------------------------
                                              1.666070   data required time
                                             -4.100817   data arrival time
---------------------------------------------------------------------------------------------
                                              2.434747   slack (MET)


Startpoint: _1441_ (rising edge-triggered flip-flop clocked by CLK)
Endpoint: _1450_ (removal check against rising-edge clock CLK)
Path Group: asynchronous
Path Type: min

Fanout         Cap        Slew       Delay        Time   Description
---------------------------------------------------------------------------------------------
                                  0.000000    0.000000   clock CLK (rise edge)
                                  0.000000    0.000000   clock source latency
     1    0.018921    0.142429    0.092186    0.092186 ^ CLK (in)
                                                         CLK (net)
                      0.142439    0.000000    0.092186 ^ clkbuf_0_CLK/A (sky130_fd_sc_hd__clkbuf_16)
    16    0.102249    0.179542    0.333196    0.425381 ^ clkbuf_0_CLK/X (sky130_fd_sc_hd__clkbuf_16)
                                                         clknet_0_CLK (net)
                      0.179557    0.001728    0.427110 ^ clkbuf_4_10_0_CLK/A (sky130_fd_sc_hd__clkbuf_8)
     6    0.017324    0.077315    0.266059    0.693168 ^ clkbuf_4_10_0_CLK/X (sky130_fd_sc_hd__clkbuf_8)
                                                         clknet_4_10_0_CLK (net)
                      0.077315    0.000101    0.693270 ^ _1441_/CLK (sky130_fd_sc_hd__dfrtp_2)
     1    0.001730    0.063384    0.632162    1.325431 ^ _1441_/Q (sky130_fd_sc_hd__dfrtp_2)
                                                         control.reset_n (net)
                      0.063384    0.000006    1.325438 ^ hold143/A (sky130_fd_sc_hd__dlygate4sd3_1)
     2    0.009671    0.184754    1.069371    2.394808 ^ hold143/X (sky130_fd_sc_hd__dlygate4sd3_1)
                                                         net142 (net)
                      0.184754    0.000107    2.394915 ^ fanout79/A (sky130_fd_sc_hd__clkdlybuf4s25_1)
     5    0.027735    0.452444    0.751297    3.146212 ^ fanout79/X (sky130_fd_sc_hd__clkdlybuf4s25_1)
                                                         net79 (net)
                      0.452444    0.000206    3.146419 ^ fanout75/A (sky130_fd_sc_hd__clkdlybuf4s25_1)
     2    0.006054    0.124739    0.616282    3.762701 ^ fanout75/X (sky130_fd_sc_hd__clkdlybuf4s25_1)
                                                         net75 (net)
                      0.124739    0.000044    3.762744 ^ load_slew76/A (sky130_fd_sc_hd__clkbuf_4)
     9    0.034704    0.181473    0.337450    4.100194 ^ load_slew76/X (sky130_fd_sc_hd__clkbuf_4)
                                                         net76 (net)
                      0.181474    0.000749    4.100943 ^ _1450_/RESET_B (sky130_fd_sc_hd__dfrtp_2)
                                              4.100943   data arrival time

                                  0.000000    0.000000   clock CLK (rise edge)
                                  0.000000    0.000000   clock source latency
     1    0.018921    0.142429    0.101889    0.101889 ^ CLK (in)
                                                         CLK (net)
                      0.142439    0.000000    0.101889 ^ clkbuf_0_CLK/A (sky130_fd_sc_hd__clkbuf_16)
    16    0.102249    0.179542    0.368269    0.470158 ^ clkbuf_0_CLK/X (sky130_fd_sc_hd__clkbuf_16)
                                                         clknet_0_CLK (net)
                      0.179554    0.001770    0.471928 ^ clkbuf_4_14_0_CLK/A (sky130_fd_sc_hd__clkbuf_8)
     6    0.017613    0.077970    0.294748    0.766676 ^ clkbuf_4_14_0_CLK/X (sky130_fd_sc_hd__clkbuf_8)
                                                         clknet_4_14_0_CLK (net)
                      0.077970    0.000231    0.766907 ^ _1450_/CLK (sky130_fd_sc_hd__dfrtp_2)
                                  0.250000    1.016907   clock uncertainty
                                 -0.044777    0.972130   clock reconvergence pessimism
                                  0.693987    1.666117   library removal time
                                              1.666117   data required time
---------------------------------------------------------------------------------------------
                                              1.666117   data required time
                                             -4.100943   data arrival time
---------------------------------------------------------------------------------------------
                                              2.434827   slack (MET)


Startpoint: _1441_ (rising edge-triggered flip-flop clocked by CLK)
Endpoint: _1465_ (removal check against rising-edge clock CLK)
Path Group: asynchronous
Path Type: min

Fanout         Cap        Slew       Delay        Time   Description
---------------------------------------------------------------------------------------------
                                  0.000000    0.000000   clock CLK (rise edge)
                                  0.000000    0.000000   clock source latency
     1    0.018921    0.142429    0.092186    0.092186 ^ CLK (in)
                                                         CLK (net)
                      0.142439    0.000000    0.092186 ^ clkbuf_0_CLK/A (sky130_fd_sc_hd__clkbuf_16)
    16    0.102249    0.179542    0.333196    0.425381 ^ clkbuf_0_CLK/X (sky130_fd_sc_hd__clkbuf_16)
                                                         clknet_0_CLK (net)
                      0.179557    0.001728    0.427110 ^ clkbuf_4_10_0_CLK/A (sky130_fd_sc_hd__clkbuf_8)
     6    0.017324    0.077315    0.266059    0.693168 ^ clkbuf_4_10_0_CLK/X (sky130_fd_sc_hd__clkbuf_8)
                                                         clknet_4_10_0_CLK (net)
                      0.077315    0.000101    0.693270 ^ _1441_/CLK (sky130_fd_sc_hd__dfrtp_2)
     1    0.001730    0.063384    0.632162    1.325431 ^ _1441_/Q (sky130_fd_sc_hd__dfrtp_2)
                                                         control.reset_n (net)
                      0.063384    0.000006    1.325438 ^ hold143/A (sky130_fd_sc_hd__dlygate4sd3_1)
     2    0.009671    0.184754    1.069371    2.394808 ^ hold143/X (sky130_fd_sc_hd__dlygate4sd3_1)
                                                         net142 (net)
                      0.184754    0.000256    2.395064 ^ fanout72/A (sky130_fd_sc_hd__clkdlybuf4s25_1)
     8    0.036718    0.591714    0.845389    3.240453 ^ fanout72/X (sky130_fd_sc_hd__clkdlybuf4s25_1)
                                                         net72 (net)
                      0.591714    0.000350    3.240802 ^ fanout69/A (sky130_fd_sc_hd__clkdlybuf4s25_1)
     8    0.037104    0.598221    0.990317    4.231120 ^ fanout69/X (sky130_fd_sc_hd__clkdlybuf4s25_1)
                                                         net69 (net)
                      0.598221    0.000417    4.231536 ^ _1465_/RESET_B (sky130_fd_sc_hd__dfrtp_2)
                                              4.231536   data arrival time

                                  0.000000    0.000000   clock CLK (rise edge)
                                  0.000000    0.000000   clock source latency
     1    0.018921    0.142429    0.101889    0.101889 ^ CLK (in)
                                                         CLK (net)
                      0.142439    0.000000    0.101889 ^ clkbuf_0_CLK/A (sky130_fd_sc_hd__clkbuf_16)
    16    0.102249    0.179542    0.368269    0.470158 ^ clkbuf_0_CLK/X (sky130_fd_sc_hd__clkbuf_16)
                                                         clknet_0_CLK (net)
                      0.179567    0.002296    0.472454 ^ clkbuf_4_3_0_CLK/A (sky130_fd_sc_hd__clkbuf_8)
     6    0.017765    0.078316    0.295115    0.767569 ^ clkbuf_4_3_0_CLK/X (sky130_fd_sc_hd__clkbuf_8)
                                                         clknet_4_3_0_CLK (net)
                      0.078316    0.000159    0.767728 ^ _1465_/CLK (sky130_fd_sc_hd__dfrtp_2)
                                  0.250000    1.017728   clock uncertainty
                                 -0.044777    0.972951   clock reconvergence pessimism
                                  0.821829    1.794780   library removal time
                                              1.794780   data required time
---------------------------------------------------------------------------------------------
                                              1.794780   data required time
                                             -4.231536   data arrival time
---------------------------------------------------------------------------------------------
                                              2.436757   slack (MET)


Startpoint: _1441_ (rising edge-triggered flip-flop clocked by CLK)
Endpoint: _1398_ (removal check against rising-edge clock CLK)
Path Group: asynchronous
Path Type: min

Fanout         Cap        Slew       Delay        Time   Description
---------------------------------------------------------------------------------------------
                                  0.000000    0.000000   clock CLK (rise edge)
                                  0.000000    0.000000   clock source latency
     1    0.018921    0.142429    0.092186    0.092186 ^ CLK (in)
                                                         CLK (net)
                      0.142439    0.000000    0.092186 ^ clkbuf_0_CLK/A (sky130_fd_sc_hd__clkbuf_16)
    16    0.102249    0.179542    0.333196    0.425381 ^ clkbuf_0_CLK/X (sky130_fd_sc_hd__clkbuf_16)
                                                         clknet_0_CLK (net)
                      0.179557    0.001728    0.427110 ^ clkbuf_4_10_0_CLK/A (sky130_fd_sc_hd__clkbuf_8)
     6    0.017324    0.077315    0.266059    0.693168 ^ clkbuf_4_10_0_CLK/X (sky130_fd_sc_hd__clkbuf_8)
                                                         clknet_4_10_0_CLK (net)
                      0.077315    0.000101    0.693270 ^ _1441_/CLK (sky130_fd_sc_hd__dfrtp_2)
     1    0.001730    0.063384    0.632162    1.325431 ^ _1441_/Q (sky130_fd_sc_hd__dfrtp_2)
                                                         control.reset_n (net)
                      0.063384    0.000006    1.325438 ^ hold143/A (sky130_fd_sc_hd__dlygate4sd3_1)
     2    0.009671    0.184754    1.069371    2.394808 ^ hold143/X (sky130_fd_sc_hd__dlygate4sd3_1)
                                                         net142 (net)
                      0.184754    0.000107    2.394915 ^ fanout79/A (sky130_fd_sc_hd__clkdlybuf4s25_1)
     5    0.027735    0.452444    0.751297    3.146212 ^ fanout79/X (sky130_fd_sc_hd__clkdlybuf4s25_1)
                                                         net79 (net)
                      0.452444    0.000206    3.146419 ^ fanout75/A (sky130_fd_sc_hd__clkdlybuf4s25_1)
     2    0.006054    0.124739    0.616282    3.762701 ^ fanout75/X (sky130_fd_sc_hd__clkdlybuf4s25_1)
                                                         net75 (net)
                      0.124739    0.000044    3.762744 ^ load_slew76/A (sky130_fd_sc_hd__clkbuf_4)
     9    0.034704    0.181473    0.337450    4.100194 ^ load_slew76/X (sky130_fd_sc_hd__clkbuf_4)
                                                         net76 (net)
                      0.181473    0.000270    4.100464 ^ _1398_/RESET_B (sky130_fd_sc_hd__dfrtp_2)
                                              4.100464   data arrival time

                                  0.000000    0.000000   clock CLK (rise edge)
                                  0.000000    0.000000   clock source latency
     1    0.018921    0.142429    0.101889    0.101889 ^ CLK (in)
                                                         CLK (net)
                      0.142439    0.000000    0.101889 ^ clkbuf_0_CLK/A (sky130_fd_sc_hd__clkbuf_16)
    16    0.102249    0.179542    0.368269    0.470158 ^ clkbuf_0_CLK/X (sky130_fd_sc_hd__clkbuf_16)
                                                         clknet_0_CLK (net)
                      0.179545    0.001238    0.471396 ^ clkbuf_4_13_0_CLK/A (sky130_fd_sc_hd__clkbuf_8)
     6    0.016133    0.074633    0.291202    0.762599 ^ clkbuf_4_13_0_CLK/X (sky130_fd_sc_hd__clkbuf_8)
                                                         clknet_4_13_0_CLK (net)
                      0.074633    0.000157    0.762756 ^ _1398_/CLK (sky130_fd_sc_hd__dfrtp_2)
                                  0.250000    1.012756   clock uncertainty
                                 -0.044777    0.967979   clock reconvergence pessimism
                                  0.692981    1.660960   library removal time
                                              1.660960   data required time
---------------------------------------------------------------------------------------------
                                              1.660960   data required time
                                             -4.100464   data arrival time
---------------------------------------------------------------------------------------------
                                              2.439504   slack (MET)


Startpoint: _1441_ (rising edge-triggered flip-flop clocked by CLK)
Endpoint: _1397_ (removal check against rising-edge clock CLK)
Path Group: asynchronous
Path Type: min

Fanout         Cap        Slew       Delay        Time   Description
---------------------------------------------------------------------------------------------
                                  0.000000    0.000000   clock CLK (rise edge)
                                  0.000000    0.000000   clock source latency
     1    0.018921    0.142429    0.092186    0.092186 ^ CLK (in)
                                                         CLK (net)
                      0.142439    0.000000    0.092186 ^ clkbuf_0_CLK/A (sky130_fd_sc_hd__clkbuf_16)
    16    0.102249    0.179542    0.333196    0.425381 ^ clkbuf_0_CLK/X (sky130_fd_sc_hd__clkbuf_16)
                                                         clknet_0_CLK (net)
                      0.179557    0.001728    0.427110 ^ clkbuf_4_10_0_CLK/A (sky130_fd_sc_hd__clkbuf_8)
     6    0.017324    0.077315    0.266059    0.693168 ^ clkbuf_4_10_0_CLK/X (sky130_fd_sc_hd__clkbuf_8)
                                                         clknet_4_10_0_CLK (net)
                      0.077315    0.000101    0.693270 ^ _1441_/CLK (sky130_fd_sc_hd__dfrtp_2)
     1    0.001730    0.063384    0.632162    1.325431 ^ _1441_/Q (sky130_fd_sc_hd__dfrtp_2)
                                                         control.reset_n (net)
                      0.063384    0.000006    1.325438 ^ hold143/A (sky130_fd_sc_hd__dlygate4sd3_1)
     2    0.009671    0.184754    1.069371    2.394808 ^ hold143/X (sky130_fd_sc_hd__dlygate4sd3_1)
                                                         net142 (net)
                      0.184754    0.000107    2.394915 ^ fanout79/A (sky130_fd_sc_hd__clkdlybuf4s25_1)
     5    0.027735    0.452444    0.751297    3.146212 ^ fanout79/X (sky130_fd_sc_hd__clkdlybuf4s25_1)
                                                         net79 (net)
                      0.452444    0.000206    3.146419 ^ fanout75/A (sky130_fd_sc_hd__clkdlybuf4s25_1)
     2    0.006054    0.124739    0.616282    3.762701 ^ fanout75/X (sky130_fd_sc_hd__clkdlybuf4s25_1)
                                                         net75 (net)
                      0.124739    0.000044    3.762744 ^ load_slew76/A (sky130_fd_sc_hd__clkbuf_4)
     9    0.034704    0.181473    0.337450    4.100194 ^ load_slew76/X (sky130_fd_sc_hd__clkbuf_4)
                                                         net76 (net)
                      0.181473    0.000324    4.100518 ^ _1397_/RESET_B (sky130_fd_sc_hd__dfrtp_2)
                                              4.100518   data arrival time

                                  0.000000    0.000000   clock CLK (rise edge)
                                  0.000000    0.000000   clock source latency
     1    0.018921    0.142429    0.101889    0.101889 ^ CLK (in)
                                                         CLK (net)
                      0.142439    0.000000    0.101889 ^ clkbuf_0_CLK/A (sky130_fd_sc_hd__clkbuf_16)
    16    0.102249    0.179542    0.368269    0.470158 ^ clkbuf_0_CLK/X (sky130_fd_sc_hd__clkbuf_16)
                                                         clknet_0_CLK (net)
                      0.179553    0.001736    0.471895 ^ clkbuf_4_15_0_CLK/A (sky130_fd_sc_hd__clkbuf_8)
     6    0.015079    0.072320    0.288684    0.760579 ^ clkbuf_4_15_0_CLK/X (sky130_fd_sc_hd__clkbuf_8)
                                                         clknet_4_15_0_CLK (net)
                      0.072320    0.000083    0.760661 ^ _1397_/CLK (sky130_fd_sc_hd__dfrtp_2)
                                  0.250000    1.010661   clock uncertainty
                                 -0.044777    0.965884   clock reconvergence pessimism
                                  0.692284    1.658169   library removal time
                                              1.658169   data required time
---------------------------------------------------------------------------------------------
                                              1.658169   data required time
                                             -4.100518   data arrival time
---------------------------------------------------------------------------------------------
                                              2.442349   slack (MET)


Startpoint: _1441_ (rising edge-triggered flip-flop clocked by CLK)
Endpoint: _1400_ (removal check against rising-edge clock CLK)
Path Group: asynchronous
Path Type: min

Fanout         Cap        Slew       Delay        Time   Description
---------------------------------------------------------------------------------------------
                                  0.000000    0.000000   clock CLK (rise edge)
                                  0.000000    0.000000   clock source latency
     1    0.018921    0.142429    0.092186    0.092186 ^ CLK (in)
                                                         CLK (net)
                      0.142439    0.000000    0.092186 ^ clkbuf_0_CLK/A (sky130_fd_sc_hd__clkbuf_16)
    16    0.102249    0.179542    0.333196    0.425381 ^ clkbuf_0_CLK/X (sky130_fd_sc_hd__clkbuf_16)
                                                         clknet_0_CLK (net)
                      0.179557    0.001728    0.427110 ^ clkbuf_4_10_0_CLK/A (sky130_fd_sc_hd__clkbuf_8)
     6    0.017324    0.077315    0.266059    0.693168 ^ clkbuf_4_10_0_CLK/X (sky130_fd_sc_hd__clkbuf_8)
                                                         clknet_4_10_0_CLK (net)
                      0.077315    0.000101    0.693270 ^ _1441_/CLK (sky130_fd_sc_hd__dfrtp_2)
     1    0.001730    0.063384    0.632162    1.325431 ^ _1441_/Q (sky130_fd_sc_hd__dfrtp_2)
                                                         control.reset_n (net)
                      0.063384    0.000006    1.325438 ^ hold143/A (sky130_fd_sc_hd__dlygate4sd3_1)
     2    0.009671    0.184754    1.069371    2.394808 ^ hold143/X (sky130_fd_sc_hd__dlygate4sd3_1)
                                                         net142 (net)
                      0.184754    0.000107    2.394915 ^ fanout79/A (sky130_fd_sc_hd__clkdlybuf4s25_1)
     5    0.027735    0.452444    0.751297    3.146212 ^ fanout79/X (sky130_fd_sc_hd__clkdlybuf4s25_1)
                                                         net79 (net)
                      0.452444    0.000206    3.146419 ^ fanout75/A (sky130_fd_sc_hd__clkdlybuf4s25_1)
     2    0.006054    0.124739    0.616282    3.762701 ^ fanout75/X (sky130_fd_sc_hd__clkdlybuf4s25_1)
                                                         net75 (net)
                      0.124739    0.000044    3.762744 ^ load_slew76/A (sky130_fd_sc_hd__clkbuf_4)
     9    0.034704    0.181473    0.337450    4.100194 ^ load_slew76/X (sky130_fd_sc_hd__clkbuf_4)
                                                         net76 (net)
                      0.181473    0.000634    4.100828 ^ _1400_/RESET_B (sky130_fd_sc_hd__dfrtp_2)
                                              4.100828   data arrival time

                                  0.000000    0.000000   clock CLK (rise edge)
                                  0.000000    0.000000   clock source latency
     1    0.018921    0.142429    0.101889    0.101889 ^ CLK (in)
                                                         CLK (net)
                      0.142439    0.000000    0.101889 ^ clkbuf_0_CLK/A (sky130_fd_sc_hd__clkbuf_16)
    16    0.102249    0.179542    0.368269    0.470158 ^ clkbuf_0_CLK/X (sky130_fd_sc_hd__clkbuf_16)
                                                         clknet_0_CLK (net)
                      0.179553    0.001736    0.471895 ^ clkbuf_4_15_0_CLK/A (sky130_fd_sc_hd__clkbuf_8)
     6    0.015079    0.072320    0.288684    0.760579 ^ clkbuf_4_15_0_CLK/X (sky130_fd_sc_hd__clkbuf_8)
                                                         clknet_4_15_0_CLK (net)
                      0.072320    0.000161    0.760740 ^ _1400_/CLK (sky130_fd_sc_hd__dfrtp_2)
                                  0.250000    1.010740   clock uncertainty
                                 -0.044777    0.965963   clock reconvergence pessimism
                                  0.692284    1.658247   library removal time
                                              1.658247   data required time
---------------------------------------------------------------------------------------------
                                              1.658247   data required time
                                             -4.100828   data arrival time
---------------------------------------------------------------------------------------------
                                              2.442581   slack (MET)


Startpoint: _1441_ (rising edge-triggered flip-flop clocked by CLK)
Endpoint: _1435_ (removal check against rising-edge clock CLK)
Path Group: asynchronous
Path Type: min

Fanout         Cap        Slew       Delay        Time   Description
---------------------------------------------------------------------------------------------
                                  0.000000    0.000000   clock CLK (rise edge)
                                  0.000000    0.000000   clock source latency
     1    0.018921    0.142429    0.092186    0.092186 ^ CLK (in)
                                                         CLK (net)
                      0.142439    0.000000    0.092186 ^ clkbuf_0_CLK/A (sky130_fd_sc_hd__clkbuf_16)
    16    0.102249    0.179542    0.333196    0.425381 ^ clkbuf_0_CLK/X (sky130_fd_sc_hd__clkbuf_16)
                                                         clknet_0_CLK (net)
                      0.179557    0.001728    0.427110 ^ clkbuf_4_10_0_CLK/A (sky130_fd_sc_hd__clkbuf_8)
     6    0.017324    0.077315    0.266059    0.693168 ^ clkbuf_4_10_0_CLK/X (sky130_fd_sc_hd__clkbuf_8)
                                                         clknet_4_10_0_CLK (net)
                      0.077315    0.000101    0.693270 ^ _1441_/CLK (sky130_fd_sc_hd__dfrtp_2)
     1    0.001730    0.063384    0.632162    1.325431 ^ _1441_/Q (sky130_fd_sc_hd__dfrtp_2)
                                                         control.reset_n (net)
                      0.063384    0.000006    1.325438 ^ hold143/A (sky130_fd_sc_hd__dlygate4sd3_1)
     2    0.009671    0.184754    1.069371    2.394808 ^ hold143/X (sky130_fd_sc_hd__dlygate4sd3_1)
                                                         net142 (net)
                      0.184754    0.000107    2.394915 ^ fanout79/A (sky130_fd_sc_hd__clkdlybuf4s25_1)
     5    0.027735    0.452444    0.751297    3.146212 ^ fanout79/X (sky130_fd_sc_hd__clkdlybuf4s25_1)
                                                         net79 (net)
                      0.452444    0.000206    3.146419 ^ fanout75/A (sky130_fd_sc_hd__clkdlybuf4s25_1)
     2    0.006054    0.124739    0.616282    3.762701 ^ fanout75/X (sky130_fd_sc_hd__clkdlybuf4s25_1)
                                                         net75 (net)
                      0.124739    0.000044    3.762744 ^ load_slew76/A (sky130_fd_sc_hd__clkbuf_4)
     9    0.034704    0.181473    0.337450    4.100194 ^ load_slew76/X (sky130_fd_sc_hd__clkbuf_4)
                                                         net76 (net)
                      0.181474    0.000717    4.100911 ^ _1435_/RESET_B (sky130_fd_sc_hd__dfrtp_2)
                                              4.100911   data arrival time

                                  0.000000    0.000000   clock CLK (rise edge)
                                  0.000000    0.000000   clock source latency
     1    0.018921    0.142429    0.101889    0.101889 ^ CLK (in)
                                                         CLK (net)
                      0.142439    0.000000    0.101889 ^ clkbuf_0_CLK/A (sky130_fd_sc_hd__clkbuf_16)
    16    0.102249    0.179542    0.368269    0.470158 ^ clkbuf_0_CLK/X (sky130_fd_sc_hd__clkbuf_16)
                                                         clknet_0_CLK (net)
                      0.179553    0.001736    0.471895 ^ clkbuf_4_15_0_CLK/A (sky130_fd_sc_hd__clkbuf_8)
     6    0.015079    0.072320    0.288684    0.760579 ^ clkbuf_4_15_0_CLK/X (sky130_fd_sc_hd__clkbuf_8)
                                                         clknet_4_15_0_CLK (net)
                      0.072320    0.000166    0.760745 ^ _1435_/CLK (sky130_fd_sc_hd__dfrtp_2)
                                  0.250000    1.010745   clock uncertainty
                                 -0.044777    0.965968   clock reconvergence pessimism
                                  0.692284    1.658252   library removal time
                                              1.658252   data required time
---------------------------------------------------------------------------------------------
                                              1.658252   data required time
                                             -4.100911   data arrival time
---------------------------------------------------------------------------------------------
                                              2.442658   slack (MET)


Startpoint: _1441_ (rising edge-triggered flip-flop clocked by CLK)
Endpoint: _1434_ (removal check against rising-edge clock CLK)
Path Group: asynchronous
Path Type: min

Fanout         Cap        Slew       Delay        Time   Description
---------------------------------------------------------------------------------------------
                                  0.000000    0.000000   clock CLK (rise edge)
                                  0.000000    0.000000   clock source latency
     1    0.018921    0.142429    0.092186    0.092186 ^ CLK (in)
                                                         CLK (net)
                      0.142439    0.000000    0.092186 ^ clkbuf_0_CLK/A (sky130_fd_sc_hd__clkbuf_16)
    16    0.102249    0.179542    0.333196    0.425381 ^ clkbuf_0_CLK/X (sky130_fd_sc_hd__clkbuf_16)
                                                         clknet_0_CLK (net)
                      0.179557    0.001728    0.427110 ^ clkbuf_4_10_0_CLK/A (sky130_fd_sc_hd__clkbuf_8)
     6    0.017324    0.077315    0.266059    0.693168 ^ clkbuf_4_10_0_CLK/X (sky130_fd_sc_hd__clkbuf_8)
                                                         clknet_4_10_0_CLK (net)
                      0.077315    0.000101    0.693270 ^ _1441_/CLK (sky130_fd_sc_hd__dfrtp_2)
     1    0.001730    0.063384    0.632162    1.325431 ^ _1441_/Q (sky130_fd_sc_hd__dfrtp_2)
                                                         control.reset_n (net)
                      0.063384    0.000006    1.325438 ^ hold143/A (sky130_fd_sc_hd__dlygate4sd3_1)
     2    0.009671    0.184754    1.069371    2.394808 ^ hold143/X (sky130_fd_sc_hd__dlygate4sd3_1)
                                                         net142 (net)
                      0.184754    0.000107    2.394915 ^ fanout79/A (sky130_fd_sc_hd__clkdlybuf4s25_1)
     5    0.027735    0.452444    0.751297    3.146212 ^ fanout79/X (sky130_fd_sc_hd__clkdlybuf4s25_1)
                                                         net79 (net)
                      0.452444    0.000206    3.146419 ^ fanout75/A (sky130_fd_sc_hd__clkdlybuf4s25_1)
     2    0.006054    0.124739    0.616282    3.762701 ^ fanout75/X (sky130_fd_sc_hd__clkdlybuf4s25_1)
                                                         net75 (net)
                      0.124739    0.000044    3.762744 ^ load_slew76/A (sky130_fd_sc_hd__clkbuf_4)
     9    0.034704    0.181473    0.337450    4.100194 ^ load_slew76/X (sky130_fd_sc_hd__clkbuf_4)
                                                         net76 (net)
                      0.181474    0.000745    4.100939 ^ _1434_/RESET_B (sky130_fd_sc_hd__dfrtp_2)
                                              4.100939   data arrival time

                                  0.000000    0.000000   clock CLK (rise edge)
                                  0.000000    0.000000   clock source latency
     1    0.018921    0.142429    0.101889    0.101889 ^ CLK (in)
                                                         CLK (net)
                      0.142439    0.000000    0.101889 ^ clkbuf_0_CLK/A (sky130_fd_sc_hd__clkbuf_16)
    16    0.102249    0.179542    0.368269    0.470158 ^ clkbuf_0_CLK/X (sky130_fd_sc_hd__clkbuf_16)
                                                         clknet_0_CLK (net)
                      0.179553    0.001736    0.471895 ^ clkbuf_4_15_0_CLK/A (sky130_fd_sc_hd__clkbuf_8)
     6    0.015079    0.072320    0.288684    0.760579 ^ clkbuf_4_15_0_CLK/X (sky130_fd_sc_hd__clkbuf_8)
                                                         clknet_4_15_0_CLK (net)
                      0.072320    0.000154    0.760732 ^ _1434_/CLK (sky130_fd_sc_hd__dfrtp_2)
                                  0.250000    1.010732   clock uncertainty
                                 -0.044777    0.965955   clock reconvergence pessimism
                                  0.692284    1.658240   library removal time
                                              1.658240   data required time
---------------------------------------------------------------------------------------------
                                              1.658240   data required time
                                             -4.100939   data arrival time
---------------------------------------------------------------------------------------------
                                              2.442699   slack (MET)


Startpoint: _1441_ (rising edge-triggered flip-flop clocked by CLK)
Endpoint: _1419_ (removal check against rising-edge clock CLK)
Path Group: asynchronous
Path Type: min

Fanout         Cap        Slew       Delay        Time   Description
---------------------------------------------------------------------------------------------
                                  0.000000    0.000000   clock CLK (rise edge)
                                  0.000000    0.000000   clock source latency
     1    0.018921    0.142429    0.092186    0.092186 ^ CLK (in)
                                                         CLK (net)
                      0.142439    0.000000    0.092186 ^ clkbuf_0_CLK/A (sky130_fd_sc_hd__clkbuf_16)
    16    0.102249    0.179542    0.333196    0.425381 ^ clkbuf_0_CLK/X (sky130_fd_sc_hd__clkbuf_16)
                                                         clknet_0_CLK (net)
                      0.179557    0.001728    0.427110 ^ clkbuf_4_10_0_CLK/A (sky130_fd_sc_hd__clkbuf_8)
     6    0.017324    0.077315    0.266059    0.693168 ^ clkbuf_4_10_0_CLK/X (sky130_fd_sc_hd__clkbuf_8)
                                                         clknet_4_10_0_CLK (net)
                      0.077315    0.000101    0.693270 ^ _1441_/CLK (sky130_fd_sc_hd__dfrtp_2)
     1    0.001730    0.063384    0.632162    1.325431 ^ _1441_/Q (sky130_fd_sc_hd__dfrtp_2)
                                                         control.reset_n (net)
                      0.063384    0.000006    1.325438 ^ hold143/A (sky130_fd_sc_hd__dlygate4sd3_1)
     2    0.009671    0.184754    1.069371    2.394808 ^ hold143/X (sky130_fd_sc_hd__dlygate4sd3_1)
                                                         net142 (net)
                      0.184754    0.000256    2.395064 ^ fanout72/A (sky130_fd_sc_hd__clkdlybuf4s25_1)
     8    0.036718    0.591714    0.845389    3.240453 ^ fanout72/X (sky130_fd_sc_hd__clkdlybuf4s25_1)
                                                         net72 (net)
                      0.591714    0.000313    3.240766 ^ fanout65/A (sky130_fd_sc_hd__clkdlybuf4s25_1)
    10    0.040236    0.647260    1.023099    4.263865 ^ fanout65/X (sky130_fd_sc_hd__clkdlybuf4s25_1)
                                                         net65 (net)
                      0.647260    0.000581    4.264446 ^ _1419_/RESET_B (sky130_fd_sc_hd__dfrtp_2)
                                              4.264446   data arrival time

                                  0.000000    0.000000   clock CLK (rise edge)
                                  0.000000    0.000000   clock source latency
     1    0.018921    0.142429    0.101889    0.101889 ^ CLK (in)
                                                         CLK (net)
                      0.142439    0.000000    0.101889 ^ clkbuf_0_CLK/A (sky130_fd_sc_hd__clkbuf_16)
    16    0.102249    0.179542    0.368269    0.470158 ^ clkbuf_0_CLK/X (sky130_fd_sc_hd__clkbuf_16)
                                                         clknet_0_CLK (net)
                      0.179569    0.002366    0.472524 ^ clkbuf_4_0_0_CLK/A (sky130_fd_sc_hd__clkbuf_8)
     6    0.021496    0.086978    0.304022    0.776546 ^ clkbuf_4_0_0_CLK/X (sky130_fd_sc_hd__clkbuf_8)
                                                         clknet_4_0_0_CLK (net)
                      0.086978    0.000325    0.776871 ^ _1419_/CLK (sky130_fd_sc_hd__dfrtp_2)
                                  0.250000    1.026871   clock uncertainty
                                 -0.044777    0.982094   clock reconvergence pessimism
                                  0.839452    1.821546   library removal time
                                              1.821546   data required time
---------------------------------------------------------------------------------------------
                                              1.821546   data required time
                                             -4.264446   data arrival time
---------------------------------------------------------------------------------------------
                                              2.442900   slack (MET)


Startpoint: _1441_ (rising edge-triggered flip-flop clocked by CLK)
Endpoint: _1466_ (removal check against rising-edge clock CLK)
Path Group: asynchronous
Path Type: min

Fanout         Cap        Slew       Delay        Time   Description
---------------------------------------------------------------------------------------------
                                  0.000000    0.000000   clock CLK (rise edge)
                                  0.000000    0.000000   clock source latency
     1    0.018921    0.142429    0.092186    0.092186 ^ CLK (in)
                                                         CLK (net)
                      0.142439    0.000000    0.092186 ^ clkbuf_0_CLK/A (sky130_fd_sc_hd__clkbuf_16)
    16    0.102249    0.179542    0.333196    0.425381 ^ clkbuf_0_CLK/X (sky130_fd_sc_hd__clkbuf_16)
                                                         clknet_0_CLK (net)
                      0.179557    0.001728    0.427110 ^ clkbuf_4_10_0_CLK/A (sky130_fd_sc_hd__clkbuf_8)
     6    0.017324    0.077315    0.266059    0.693168 ^ clkbuf_4_10_0_CLK/X (sky130_fd_sc_hd__clkbuf_8)
                                                         clknet_4_10_0_CLK (net)
                      0.077315    0.000101    0.693270 ^ _1441_/CLK (sky130_fd_sc_hd__dfrtp_2)
     1    0.001730    0.063384    0.632162    1.325431 ^ _1441_/Q (sky130_fd_sc_hd__dfrtp_2)
                                                         control.reset_n (net)
                      0.063384    0.000006    1.325438 ^ hold143/A (sky130_fd_sc_hd__dlygate4sd3_1)
     2    0.009671    0.184754    1.069371    2.394808 ^ hold143/X (sky130_fd_sc_hd__dlygate4sd3_1)
                                                         net142 (net)
                      0.184754    0.000256    2.395064 ^ fanout72/A (sky130_fd_sc_hd__clkdlybuf4s25_1)
     8    0.036718    0.591714    0.845389    3.240453 ^ fanout72/X (sky130_fd_sc_hd__clkdlybuf4s25_1)
                                                         net72 (net)
                      0.591714    0.000313    3.240766 ^ fanout65/A (sky130_fd_sc_hd__clkdlybuf4s25_1)
    10    0.040236    0.647260    1.023099    4.263865 ^ fanout65/X (sky130_fd_sc_hd__clkdlybuf4s25_1)
                                                         net65 (net)
                      0.647260    0.000801    4.264666 ^ _1466_/RESET_B (sky130_fd_sc_hd__dfrtp_2)
                                              4.264666   data arrival time

                                  0.000000    0.000000   clock CLK (rise edge)
                                  0.000000    0.000000   clock source latency
     1    0.018921    0.142429    0.101889    0.101889 ^ CLK (in)
                                                         CLK (net)
                      0.142439    0.000000    0.101889 ^ clkbuf_0_CLK/A (sky130_fd_sc_hd__clkbuf_16)
    16    0.102249    0.179542    0.368269    0.470158 ^ clkbuf_0_CLK/X (sky130_fd_sc_hd__clkbuf_16)
                                                         clknet_0_CLK (net)
                      0.179569    0.002366    0.472524 ^ clkbuf_4_0_0_CLK/A (sky130_fd_sc_hd__clkbuf_8)
     6    0.021496    0.086978    0.304022    0.776546 ^ clkbuf_4_0_0_CLK/X (sky130_fd_sc_hd__clkbuf_8)
                                                         clknet_4_0_0_CLK (net)
                      0.086978    0.000304    0.776850 ^ _1466_/CLK (sky130_fd_sc_hd__dfrtp_2)
                                  0.250000    1.026850   clock uncertainty
                                 -0.044777    0.982073   clock reconvergence pessimism
                                  0.839452    1.821525   library removal time
                                              1.821525   data required time
---------------------------------------------------------------------------------------------
                                              1.821525   data required time
                                             -4.264666   data arrival time
---------------------------------------------------------------------------------------------
                                              2.443141   slack (MET)


Startpoint: _1441_ (rising edge-triggered flip-flop clocked by CLK)
Endpoint: _1467_ (removal check against rising-edge clock CLK)
Path Group: asynchronous
Path Type: min

Fanout         Cap        Slew       Delay        Time   Description
---------------------------------------------------------------------------------------------
                                  0.000000    0.000000   clock CLK (rise edge)
                                  0.000000    0.000000   clock source latency
     1    0.018921    0.142429    0.092186    0.092186 ^ CLK (in)
                                                         CLK (net)
                      0.142439    0.000000    0.092186 ^ clkbuf_0_CLK/A (sky130_fd_sc_hd__clkbuf_16)
    16    0.102249    0.179542    0.333196    0.425381 ^ clkbuf_0_CLK/X (sky130_fd_sc_hd__clkbuf_16)
                                                         clknet_0_CLK (net)
                      0.179557    0.001728    0.427110 ^ clkbuf_4_10_0_CLK/A (sky130_fd_sc_hd__clkbuf_8)
     6    0.017324    0.077315    0.266059    0.693168 ^ clkbuf_4_10_0_CLK/X (sky130_fd_sc_hd__clkbuf_8)
                                                         clknet_4_10_0_CLK (net)
                      0.077315    0.000101    0.693270 ^ _1441_/CLK (sky130_fd_sc_hd__dfrtp_2)
     1    0.001730    0.063384    0.632162    1.325431 ^ _1441_/Q (sky130_fd_sc_hd__dfrtp_2)
                                                         control.reset_n (net)
                      0.063384    0.000006    1.325438 ^ hold143/A (sky130_fd_sc_hd__dlygate4sd3_1)
     2    0.009671    0.184754    1.069371    2.394808 ^ hold143/X (sky130_fd_sc_hd__dlygate4sd3_1)
                                                         net142 (net)
                      0.184754    0.000256    2.395064 ^ fanout72/A (sky130_fd_sc_hd__clkdlybuf4s25_1)
     8    0.036718    0.591714    0.845389    3.240453 ^ fanout72/X (sky130_fd_sc_hd__clkdlybuf4s25_1)
                                                         net72 (net)
                      0.591714    0.000313    3.240766 ^ fanout65/A (sky130_fd_sc_hd__clkdlybuf4s25_1)
    10    0.040236    0.647260    1.023099    4.263865 ^ fanout65/X (sky130_fd_sc_hd__clkdlybuf4s25_1)
                                                         net65 (net)
                      0.647260    0.000928    4.264793 ^ _1467_/RESET_B (sky130_fd_sc_hd__dfrtp_2)
                                              4.264793   data arrival time

                                  0.000000    0.000000   clock CLK (rise edge)
                                  0.000000    0.000000   clock source latency
     1    0.018921    0.142429    0.101889    0.101889 ^ CLK (in)
                                                         CLK (net)
                      0.142439    0.000000    0.101889 ^ clkbuf_0_CLK/A (sky130_fd_sc_hd__clkbuf_16)
    16    0.102249    0.179542    0.368269    0.470158 ^ clkbuf_0_CLK/X (sky130_fd_sc_hd__clkbuf_16)
                                                         clknet_0_CLK (net)
                      0.179569    0.002366    0.472524 ^ clkbuf_4_0_0_CLK/A (sky130_fd_sc_hd__clkbuf_8)
     6    0.021496    0.086978    0.304022    0.776546 ^ clkbuf_4_0_0_CLK/X (sky130_fd_sc_hd__clkbuf_8)
                                                         clknet_4_0_0_CLK (net)
                      0.086978    0.000254    0.776800 ^ _1467_/CLK (sky130_fd_sc_hd__dfrtp_2)
                                  0.250000    1.026800   clock uncertainty
                                 -0.044777    0.982023   clock reconvergence pessimism
                                  0.839452    1.821475   library removal time
                                              1.821475   data required time
---------------------------------------------------------------------------------------------
                                              1.821475   data required time
                                             -4.264793   data arrival time
---------------------------------------------------------------------------------------------
                                              2.443318   slack (MET)


Startpoint: _1441_ (rising edge-triggered flip-flop clocked by CLK)
Endpoint: _1463_ (removal check against rising-edge clock CLK)
Path Group: asynchronous
Path Type: min

Fanout         Cap        Slew       Delay        Time   Description
---------------------------------------------------------------------------------------------
                                  0.000000    0.000000   clock CLK (rise edge)
                                  0.000000    0.000000   clock source latency
     1    0.018921    0.142429    0.092186    0.092186 ^ CLK (in)
                                                         CLK (net)
                      0.142439    0.000000    0.092186 ^ clkbuf_0_CLK/A (sky130_fd_sc_hd__clkbuf_16)
    16    0.102249    0.179542    0.333196    0.425381 ^ clkbuf_0_CLK/X (sky130_fd_sc_hd__clkbuf_16)
                                                         clknet_0_CLK (net)
                      0.179557    0.001728    0.427110 ^ clkbuf_4_10_0_CLK/A (sky130_fd_sc_hd__clkbuf_8)
     6    0.017324    0.077315    0.266059    0.693168 ^ clkbuf_4_10_0_CLK/X (sky130_fd_sc_hd__clkbuf_8)
                                                         clknet_4_10_0_CLK (net)
                      0.077315    0.000101    0.693270 ^ _1441_/CLK (sky130_fd_sc_hd__dfrtp_2)
     1    0.001730    0.063384    0.632162    1.325431 ^ _1441_/Q (sky130_fd_sc_hd__dfrtp_2)
                                                         control.reset_n (net)
                      0.063384    0.000006    1.325438 ^ hold143/A (sky130_fd_sc_hd__dlygate4sd3_1)
     2    0.009671    0.184754    1.069371    2.394808 ^ hold143/X (sky130_fd_sc_hd__dlygate4sd3_1)
                                                         net142 (net)
                      0.184754    0.000256    2.395064 ^ fanout72/A (sky130_fd_sc_hd__clkdlybuf4s25_1)
     8    0.036718    0.591714    0.845389    3.240453 ^ fanout72/X (sky130_fd_sc_hd__clkdlybuf4s25_1)
                                                         net72 (net)
                      0.591714    0.000313    3.240766 ^ fanout65/A (sky130_fd_sc_hd__clkdlybuf4s25_1)
    10    0.040236    0.647260    1.023099    4.263865 ^ fanout65/X (sky130_fd_sc_hd__clkdlybuf4s25_1)
                                                         net65 (net)
                      0.647260    0.001023    4.264888 ^ _1463_/RESET_B (sky130_fd_sc_hd__dfrtp_2)
                                              4.264888   data arrival time

                                  0.000000    0.000000   clock CLK (rise edge)
                                  0.000000    0.000000   clock source latency
     1    0.018921    0.142429    0.101889    0.101889 ^ CLK (in)
                                                         CLK (net)
                      0.142439    0.000000    0.101889 ^ clkbuf_0_CLK/A (sky130_fd_sc_hd__clkbuf_16)
    16    0.102249    0.179542    0.368269    0.470158 ^ clkbuf_0_CLK/X (sky130_fd_sc_hd__clkbuf_16)
                                                         clknet_0_CLK (net)
                      0.179569    0.002366    0.472524 ^ clkbuf_4_0_0_CLK/A (sky130_fd_sc_hd__clkbuf_8)
     6    0.021496    0.086978    0.304022    0.776546 ^ clkbuf_4_0_0_CLK/X (sky130_fd_sc_hd__clkbuf_8)
                                                         clknet_4_0_0_CLK (net)
                      0.086978    0.000275    0.776821 ^ _1463_/CLK (sky130_fd_sc_hd__dfrtp_2)
                                  0.250000    1.026821   clock uncertainty
                                 -0.044777    0.982044   clock reconvergence pessimism
                                  0.839452    1.821496   library removal time
                                              1.821496   data required time
---------------------------------------------------------------------------------------------
                                              1.821496   data required time
                                             -4.264888   data arrival time
---------------------------------------------------------------------------------------------
                                              2.443392   slack (MET)


Startpoint: _1441_ (rising edge-triggered flip-flop clocked by CLK)
Endpoint: _1454_ (removal check against rising-edge clock CLK)
Path Group: asynchronous
Path Type: min

Fanout         Cap        Slew       Delay        Time   Description
---------------------------------------------------------------------------------------------
                                  0.000000    0.000000   clock CLK (rise edge)
                                  0.000000    0.000000   clock source latency
     1    0.018921    0.142429    0.092186    0.092186 ^ CLK (in)
                                                         CLK (net)
                      0.142439    0.000000    0.092186 ^ clkbuf_0_CLK/A (sky130_fd_sc_hd__clkbuf_16)
    16    0.102249    0.179542    0.333196    0.425381 ^ clkbuf_0_CLK/X (sky130_fd_sc_hd__clkbuf_16)
                                                         clknet_0_CLK (net)
                      0.179557    0.001728    0.427110 ^ clkbuf_4_10_0_CLK/A (sky130_fd_sc_hd__clkbuf_8)
     6    0.017324    0.077315    0.266059    0.693168 ^ clkbuf_4_10_0_CLK/X (sky130_fd_sc_hd__clkbuf_8)
                                                         clknet_4_10_0_CLK (net)
                      0.077315    0.000101    0.693270 ^ _1441_/CLK (sky130_fd_sc_hd__dfrtp_2)
     1    0.001730    0.063384    0.632162    1.325431 ^ _1441_/Q (sky130_fd_sc_hd__dfrtp_2)
                                                         control.reset_n (net)
                      0.063384    0.000006    1.325438 ^ hold143/A (sky130_fd_sc_hd__dlygate4sd3_1)
     2    0.009671    0.184754    1.069371    2.394808 ^ hold143/X (sky130_fd_sc_hd__dlygate4sd3_1)
                                                         net142 (net)
                      0.184754    0.000256    2.395064 ^ fanout72/A (sky130_fd_sc_hd__clkdlybuf4s25_1)
     8    0.036718    0.591714    0.845389    3.240453 ^ fanout72/X (sky130_fd_sc_hd__clkdlybuf4s25_1)
                                                         net72 (net)
                      0.591714    0.000350    3.240802 ^ fanout69/A (sky130_fd_sc_hd__clkdlybuf4s25_1)
     8    0.037104    0.598221    0.990317    4.231120 ^ fanout69/X (sky130_fd_sc_hd__clkdlybuf4s25_1)
                                                         net69 (net)
                      0.598221    0.000332    4.231452 ^ _1454_/RESET_B (sky130_fd_sc_hd__dfrtp_2)
                                              4.231452   data arrival time

                                  0.000000    0.000000   clock CLK (rise edge)
                                  0.000000    0.000000   clock source latency
     1    0.018921    0.142429    0.101889    0.101889 ^ CLK (in)
                                                         CLK (net)
                      0.142439    0.000000    0.101889 ^ clkbuf_0_CLK/A (sky130_fd_sc_hd__clkbuf_16)
    16    0.102249    0.179542    0.368269    0.470158 ^ clkbuf_0_CLK/X (sky130_fd_sc_hd__clkbuf_16)
                                                         clknet_0_CLK (net)
                      0.179566    0.002261    0.472420 ^ clkbuf_4_6_0_CLK/A (sky130_fd_sc_hd__clkbuf_8)
     6    0.015574    0.073401    0.289870    0.762289 ^ clkbuf_4_6_0_CLK/X (sky130_fd_sc_hd__clkbuf_8)
                                                         clknet_4_6_0_CLK (net)
                      0.073401    0.000148    0.762438 ^ _1454_/CLK (sky130_fd_sc_hd__dfrtp_2)
                                  0.250000    1.012438   clock uncertainty
                                 -0.044777    0.967661   clock reconvergence pessimism
                                  0.820357    1.788017   library removal time
                                              1.788017   data required time
---------------------------------------------------------------------------------------------
                                              1.788017   data required time
                                             -4.231452   data arrival time
---------------------------------------------------------------------------------------------
                                              2.443434   slack (MET)


Startpoint: _1441_ (rising edge-triggered flip-flop clocked by CLK)
Endpoint: _1452_ (removal check against rising-edge clock CLK)
Path Group: asynchronous
Path Type: min

Fanout         Cap        Slew       Delay        Time   Description
---------------------------------------------------------------------------------------------
                                  0.000000    0.000000   clock CLK (rise edge)
                                  0.000000    0.000000   clock source latency
     1    0.018921    0.142429    0.092186    0.092186 ^ CLK (in)
                                                         CLK (net)
                      0.142439    0.000000    0.092186 ^ clkbuf_0_CLK/A (sky130_fd_sc_hd__clkbuf_16)
    16    0.102249    0.179542    0.333196    0.425381 ^ clkbuf_0_CLK/X (sky130_fd_sc_hd__clkbuf_16)
                                                         clknet_0_CLK (net)
                      0.179557    0.001728    0.427110 ^ clkbuf_4_10_0_CLK/A (sky130_fd_sc_hd__clkbuf_8)
     6    0.017324    0.077315    0.266059    0.693168 ^ clkbuf_4_10_0_CLK/X (sky130_fd_sc_hd__clkbuf_8)
                                                         clknet_4_10_0_CLK (net)
                      0.077315    0.000101    0.693270 ^ _1441_/CLK (sky130_fd_sc_hd__dfrtp_2)
     1    0.001730    0.063384    0.632162    1.325431 ^ _1441_/Q (sky130_fd_sc_hd__dfrtp_2)
                                                         control.reset_n (net)
                      0.063384    0.000006    1.325438 ^ hold143/A (sky130_fd_sc_hd__dlygate4sd3_1)
     2    0.009671    0.184754    1.069371    2.394808 ^ hold143/X (sky130_fd_sc_hd__dlygate4sd3_1)
                                                         net142 (net)
                      0.184754    0.000256    2.395064 ^ fanout72/A (sky130_fd_sc_hd__clkdlybuf4s25_1)
     8    0.036718    0.591714    0.845389    3.240453 ^ fanout72/X (sky130_fd_sc_hd__clkdlybuf4s25_1)
                                                         net72 (net)
                      0.591714    0.000350    3.240802 ^ fanout69/A (sky130_fd_sc_hd__clkdlybuf4s25_1)
     8    0.037104    0.598221    0.990317    4.231120 ^ fanout69/X (sky130_fd_sc_hd__clkdlybuf4s25_1)
                                                         net69 (net)
                      0.598221    0.000324    4.231444 ^ _1452_/RESET_B (sky130_fd_sc_hd__dfrtp_2)
                                              4.231444   data arrival time

                                  0.000000    0.000000   clock CLK (rise edge)
                                  0.000000    0.000000   clock source latency
     1    0.018921    0.142429    0.101889    0.101889 ^ CLK (in)
                                                         CLK (net)
                      0.142439    0.000000    0.101889 ^ clkbuf_0_CLK/A (sky130_fd_sc_hd__clkbuf_16)
    16    0.102249    0.179542    0.368269    0.470158 ^ clkbuf_0_CLK/X (sky130_fd_sc_hd__clkbuf_16)
                                                         clknet_0_CLK (net)
                      0.179566    0.002261    0.472420 ^ clkbuf_4_6_0_CLK/A (sky130_fd_sc_hd__clkbuf_8)
     6    0.015574    0.073401    0.289870    0.762289 ^ clkbuf_4_6_0_CLK/X (sky130_fd_sc_hd__clkbuf_8)
                                                         clknet_4_6_0_CLK (net)
                      0.073401    0.000136    0.762425 ^ _1452_/CLK (sky130_fd_sc_hd__dfrtp_2)
                                  0.250000    1.012425   clock uncertainty
                                 -0.044777    0.967648   clock reconvergence pessimism
                                  0.820357    1.788005   library removal time
                                              1.788005   data required time
---------------------------------------------------------------------------------------------
                                              1.788005   data required time
                                             -4.231444   data arrival time
---------------------------------------------------------------------------------------------
                                              2.443439   slack (MET)


Startpoint: _1441_ (rising edge-triggered flip-flop clocked by CLK)
Endpoint: _1420_ (removal check against rising-edge clock CLK)
Path Group: asynchronous
Path Type: min

Fanout         Cap        Slew       Delay        Time   Description
---------------------------------------------------------------------------------------------
                                  0.000000    0.000000   clock CLK (rise edge)
                                  0.000000    0.000000   clock source latency
     1    0.018921    0.142429    0.092186    0.092186 ^ CLK (in)
                                                         CLK (net)
                      0.142439    0.000000    0.092186 ^ clkbuf_0_CLK/A (sky130_fd_sc_hd__clkbuf_16)
    16    0.102249    0.179542    0.333196    0.425381 ^ clkbuf_0_CLK/X (sky130_fd_sc_hd__clkbuf_16)
                                                         clknet_0_CLK (net)
                      0.179557    0.001728    0.427110 ^ clkbuf_4_10_0_CLK/A (sky130_fd_sc_hd__clkbuf_8)
     6    0.017324    0.077315    0.266059    0.693168 ^ clkbuf_4_10_0_CLK/X (sky130_fd_sc_hd__clkbuf_8)
                                                         clknet_4_10_0_CLK (net)
                      0.077315    0.000101    0.693270 ^ _1441_/CLK (sky130_fd_sc_hd__dfrtp_2)
     1    0.001730    0.063384    0.632162    1.325431 ^ _1441_/Q (sky130_fd_sc_hd__dfrtp_2)
                                                         control.reset_n (net)
                      0.063384    0.000006    1.325438 ^ hold143/A (sky130_fd_sc_hd__dlygate4sd3_1)
     2    0.009671    0.184754    1.069371    2.394808 ^ hold143/X (sky130_fd_sc_hd__dlygate4sd3_1)
                                                         net142 (net)
                      0.184754    0.000256    2.395064 ^ fanout72/A (sky130_fd_sc_hd__clkdlybuf4s25_1)
     8    0.036718    0.591714    0.845389    3.240453 ^ fanout72/X (sky130_fd_sc_hd__clkdlybuf4s25_1)
                                                         net72 (net)
                      0.591714    0.000313    3.240766 ^ fanout65/A (sky130_fd_sc_hd__clkdlybuf4s25_1)
    10    0.040236    0.647260    1.023099    4.263865 ^ fanout65/X (sky130_fd_sc_hd__clkdlybuf4s25_1)
                                                         net65 (net)
                      0.647260    0.001110    4.264975 ^ _1420_/RESET_B (sky130_fd_sc_hd__dfrtp_2)
                                              4.264975   data arrival time

                                  0.000000    0.000000   clock CLK (rise edge)
                                  0.000000    0.000000   clock source latency
     1    0.018921    0.142429    0.101889    0.101889 ^ CLK (in)
                                                         CLK (net)
                      0.142439    0.000000    0.101889 ^ clkbuf_0_CLK/A (sky130_fd_sc_hd__clkbuf_16)
    16    0.102249    0.179542    0.368269    0.470158 ^ clkbuf_0_CLK/X (sky130_fd_sc_hd__clkbuf_16)
                                                         clknet_0_CLK (net)
                      0.179569    0.002366    0.472524 ^ clkbuf_4_0_0_CLK/A (sky130_fd_sc_hd__clkbuf_8)
     6    0.021496    0.086978    0.304022    0.776546 ^ clkbuf_4_0_0_CLK/X (sky130_fd_sc_hd__clkbuf_8)
                                                         clknet_4_0_0_CLK (net)
                      0.086978    0.000268    0.776815 ^ _1420_/CLK (sky130_fd_sc_hd__dfrtp_2)
                                  0.250000    1.026815   clock uncertainty
                                 -0.044777    0.982038   clock reconvergence pessimism
                                  0.839452    1.821489   library removal time
                                              1.821489   data required time
---------------------------------------------------------------------------------------------
                                              1.821489   data required time
                                             -4.264975   data arrival time
---------------------------------------------------------------------------------------------
                                              2.443486   slack (MET)


Startpoint: _1441_ (rising edge-triggered flip-flop clocked by CLK)
Endpoint: _1453_ (removal check against rising-edge clock CLK)
Path Group: asynchronous
Path Type: min

Fanout         Cap        Slew       Delay        Time   Description
---------------------------------------------------------------------------------------------
                                  0.000000    0.000000   clock CLK (rise edge)
                                  0.000000    0.000000   clock source latency
     1    0.018921    0.142429    0.092186    0.092186 ^ CLK (in)
                                                         CLK (net)
                      0.142439    0.000000    0.092186 ^ clkbuf_0_CLK/A (sky130_fd_sc_hd__clkbuf_16)
    16    0.102249    0.179542    0.333196    0.425381 ^ clkbuf_0_CLK/X (sky130_fd_sc_hd__clkbuf_16)
                                                         clknet_0_CLK (net)
                      0.179557    0.001728    0.427110 ^ clkbuf_4_10_0_CLK/A (sky130_fd_sc_hd__clkbuf_8)
     6    0.017324    0.077315    0.266059    0.693168 ^ clkbuf_4_10_0_CLK/X (sky130_fd_sc_hd__clkbuf_8)
                                                         clknet_4_10_0_CLK (net)
                      0.077315    0.000101    0.693270 ^ _1441_/CLK (sky130_fd_sc_hd__dfrtp_2)
     1    0.001730    0.063384    0.632162    1.325431 ^ _1441_/Q (sky130_fd_sc_hd__dfrtp_2)
                                                         control.reset_n (net)
                      0.063384    0.000006    1.325438 ^ hold143/A (sky130_fd_sc_hd__dlygate4sd3_1)
     2    0.009671    0.184754    1.069371    2.394808 ^ hold143/X (sky130_fd_sc_hd__dlygate4sd3_1)
                                                         net142 (net)
                      0.184754    0.000256    2.395064 ^ fanout72/A (sky130_fd_sc_hd__clkdlybuf4s25_1)
     8    0.036718    0.591714    0.845389    3.240453 ^ fanout72/X (sky130_fd_sc_hd__clkdlybuf4s25_1)
                                                         net72 (net)
                      0.591714    0.000350    3.240802 ^ fanout69/A (sky130_fd_sc_hd__clkdlybuf4s25_1)
     8    0.037104    0.598221    0.990317    4.231120 ^ fanout69/X (sky130_fd_sc_hd__clkdlybuf4s25_1)
                                                         net69 (net)
                      0.598221    0.000395    4.231514 ^ _1453_/RESET_B (sky130_fd_sc_hd__dfrtp_2)
                                              4.231514   data arrival time

                                  0.000000    0.000000   clock CLK (rise edge)
                                  0.000000    0.000000   clock source latency
     1    0.018921    0.142429    0.101889    0.101889 ^ CLK (in)
                                                         CLK (net)
                      0.142439    0.000000    0.101889 ^ clkbuf_0_CLK/A (sky130_fd_sc_hd__clkbuf_16)
    16    0.102249    0.179542    0.368269    0.470158 ^ clkbuf_0_CLK/X (sky130_fd_sc_hd__clkbuf_16)
                                                         clknet_0_CLK (net)
                      0.179566    0.002261    0.472420 ^ clkbuf_4_6_0_CLK/A (sky130_fd_sc_hd__clkbuf_8)
     6    0.015574    0.073401    0.289870    0.762289 ^ clkbuf_4_6_0_CLK/X (sky130_fd_sc_hd__clkbuf_8)
                                                         clknet_4_6_0_CLK (net)
                      0.073401    0.000109    0.762398 ^ _1453_/CLK (sky130_fd_sc_hd__dfrtp_2)
                                  0.250000    1.012398   clock uncertainty
                                 -0.044777    0.967621   clock reconvergence pessimism
                                  0.820357    1.787978   library removal time
                                              1.787978   data required time
---------------------------------------------------------------------------------------------
                                              1.787978   data required time
                                             -4.231514   data arrival time
---------------------------------------------------------------------------------------------
                                              2.443537   slack (MET)


Startpoint: _1441_ (rising edge-triggered flip-flop clocked by CLK)
Endpoint: _1433_ (removal check against rising-edge clock CLK)
Path Group: asynchronous
Path Type: min

Fanout         Cap        Slew       Delay        Time   Description
---------------------------------------------------------------------------------------------
                                  0.000000    0.000000   clock CLK (rise edge)
                                  0.000000    0.000000   clock source latency
     1    0.018921    0.142429    0.092186    0.092186 ^ CLK (in)
                                                         CLK (net)
                      0.142439    0.000000    0.092186 ^ clkbuf_0_CLK/A (sky130_fd_sc_hd__clkbuf_16)
    16    0.102249    0.179542    0.333196    0.425381 ^ clkbuf_0_CLK/X (sky130_fd_sc_hd__clkbuf_16)
                                                         clknet_0_CLK (net)
                      0.179557    0.001728    0.427110 ^ clkbuf_4_10_0_CLK/A (sky130_fd_sc_hd__clkbuf_8)
     6    0.017324    0.077315    0.266059    0.693168 ^ clkbuf_4_10_0_CLK/X (sky130_fd_sc_hd__clkbuf_8)
                                                         clknet_4_10_0_CLK (net)
                      0.077315    0.000101    0.693270 ^ _1441_/CLK (sky130_fd_sc_hd__dfrtp_2)
     1    0.001730    0.063384    0.632162    1.325431 ^ _1441_/Q (sky130_fd_sc_hd__dfrtp_2)
                                                         control.reset_n (net)
                      0.063384    0.000006    1.325438 ^ hold143/A (sky130_fd_sc_hd__dlygate4sd3_1)
     2    0.009671    0.184754    1.069371    2.394808 ^ hold143/X (sky130_fd_sc_hd__dlygate4sd3_1)
                                                         net142 (net)
                      0.184754    0.000256    2.395064 ^ fanout72/A (sky130_fd_sc_hd__clkdlybuf4s25_1)
     8    0.036718    0.591714    0.845389    3.240453 ^ fanout72/X (sky130_fd_sc_hd__clkdlybuf4s25_1)
                                                         net72 (net)
                      0.591714    0.000350    3.240802 ^ fanout69/A (sky130_fd_sc_hd__clkdlybuf4s25_1)
     8    0.037104    0.598221    0.990317    4.231120 ^ fanout69/X (sky130_fd_sc_hd__clkdlybuf4s25_1)
                                                         net69 (net)
                      0.598221    0.000494    4.231614 ^ _1433_/RESET_B (sky130_fd_sc_hd__dfrtp_2)
                                              4.231614   data arrival time

                                  0.000000    0.000000   clock CLK (rise edge)
                                  0.000000    0.000000   clock source latency
     1    0.018921    0.142429    0.101889    0.101889 ^ CLK (in)
                                                         CLK (net)
                      0.142439    0.000000    0.101889 ^ clkbuf_0_CLK/A (sky130_fd_sc_hd__clkbuf_16)
    16    0.102249    0.179542    0.368269    0.470158 ^ clkbuf_0_CLK/X (sky130_fd_sc_hd__clkbuf_16)
                                                         clknet_0_CLK (net)
                      0.179569    0.002376    0.472534 ^ clkbuf_4_7_0_CLK/A (sky130_fd_sc_hd__clkbuf_8)
     6    0.014960    0.072059    0.288402    0.760936 ^ clkbuf_4_7_0_CLK/X (sky130_fd_sc_hd__clkbuf_8)
                                                         clknet_4_7_0_CLK (net)
                      0.072059    0.000096    0.761032 ^ _1433_/CLK (sky130_fd_sc_hd__dfrtp_2)
                                  0.250000    1.011032   clock uncertainty
                                 -0.044777    0.966255   clock reconvergence pessimism
                                  0.819955    1.786210   library removal time
                                              1.786210   data required time
---------------------------------------------------------------------------------------------
                                              1.786210   data required time
                                             -4.231614   data arrival time
---------------------------------------------------------------------------------------------
                                              2.445404   slack (MET)


Startpoint: _1441_ (rising edge-triggered flip-flop clocked by CLK)
Endpoint: _1447_ (removal check against rising-edge clock CLK)
Path Group: asynchronous
Path Type: min

Fanout         Cap        Slew       Delay        Time   Description
---------------------------------------------------------------------------------------------
                                  0.000000    0.000000   clock CLK (rise edge)
                                  0.000000    0.000000   clock source latency
     1    0.018921    0.142429    0.092186    0.092186 ^ CLK (in)
                                                         CLK (net)
                      0.142439    0.000000    0.092186 ^ clkbuf_0_CLK/A (sky130_fd_sc_hd__clkbuf_16)
    16    0.102249    0.179542    0.333196    0.425381 ^ clkbuf_0_CLK/X (sky130_fd_sc_hd__clkbuf_16)
                                                         clknet_0_CLK (net)
                      0.179557    0.001728    0.427110 ^ clkbuf_4_10_0_CLK/A (sky130_fd_sc_hd__clkbuf_8)
     6    0.017324    0.077315    0.266059    0.693168 ^ clkbuf_4_10_0_CLK/X (sky130_fd_sc_hd__clkbuf_8)
                                                         clknet_4_10_0_CLK (net)
                      0.077315    0.000101    0.693270 ^ _1441_/CLK (sky130_fd_sc_hd__dfrtp_2)
     1    0.001730    0.063384    0.632162    1.325431 ^ _1441_/Q (sky130_fd_sc_hd__dfrtp_2)
                                                         control.reset_n (net)
                      0.063384    0.000006    1.325438 ^ hold143/A (sky130_fd_sc_hd__dlygate4sd3_1)
     2    0.009671    0.184754    1.069371    2.394808 ^ hold143/X (sky130_fd_sc_hd__dlygate4sd3_1)
                                                         net142 (net)
                      0.184754    0.000256    2.395064 ^ fanout72/A (sky130_fd_sc_hd__clkdlybuf4s25_1)
     8    0.036718    0.591714    0.845389    3.240453 ^ fanout72/X (sky130_fd_sc_hd__clkdlybuf4s25_1)
                                                         net72 (net)
                      0.591714    0.000350    3.240802 ^ fanout69/A (sky130_fd_sc_hd__clkdlybuf4s25_1)
     8    0.037104    0.598221    0.990317    4.231120 ^ fanout69/X (sky130_fd_sc_hd__clkdlybuf4s25_1)
                                                         net69 (net)
                      0.598221    0.000682    4.231801 ^ _1447_/RESET_B (sky130_fd_sc_hd__dfrtp_2)
                                              4.231801   data arrival time

                                  0.000000    0.000000   clock CLK (rise edge)
                                  0.000000    0.000000   clock source latency
     1    0.018921    0.142429    0.101889    0.101889 ^ CLK (in)
                                                         CLK (net)
                      0.142439    0.000000    0.101889 ^ clkbuf_0_CLK/A (sky130_fd_sc_hd__clkbuf_16)
    16    0.102249    0.179542    0.368269    0.470158 ^ clkbuf_0_CLK/X (sky130_fd_sc_hd__clkbuf_16)
                                                         clknet_0_CLK (net)
                      0.179569    0.002376    0.472534 ^ clkbuf_4_7_0_CLK/A (sky130_fd_sc_hd__clkbuf_8)
     6    0.014960    0.072059    0.288402    0.760936 ^ clkbuf_4_7_0_CLK/X (sky130_fd_sc_hd__clkbuf_8)
                                                         clknet_4_7_0_CLK (net)
                      0.072061    0.000186    0.761122 ^ _1447_/CLK (sky130_fd_sc_hd__dfrtp_2)
                                  0.250000    1.011122   clock uncertainty
                                 -0.044777    0.966345   clock reconvergence pessimism
                                  0.819955    1.786300   library removal time
                                              1.786300   data required time
---------------------------------------------------------------------------------------------
                                              1.786300   data required time
                                             -4.231801   data arrival time
---------------------------------------------------------------------------------------------
                                              2.445501   slack (MET)


Startpoint: _1441_ (rising edge-triggered flip-flop clocked by CLK)
Endpoint: _1443_ (removal check against rising-edge clock CLK)
Path Group: asynchronous
Path Type: min

Fanout         Cap        Slew       Delay        Time   Description
---------------------------------------------------------------------------------------------
                                  0.000000    0.000000   clock CLK (rise edge)
                                  0.000000    0.000000   clock source latency
     1    0.018921    0.142429    0.092186    0.092186 ^ CLK (in)
                                                         CLK (net)
                      0.142439    0.000000    0.092186 ^ clkbuf_0_CLK/A (sky130_fd_sc_hd__clkbuf_16)
    16    0.102249    0.179542    0.333196    0.425381 ^ clkbuf_0_CLK/X (sky130_fd_sc_hd__clkbuf_16)
                                                         clknet_0_CLK (net)
                      0.179557    0.001728    0.427110 ^ clkbuf_4_10_0_CLK/A (sky130_fd_sc_hd__clkbuf_8)
     6    0.017324    0.077315    0.266059    0.693168 ^ clkbuf_4_10_0_CLK/X (sky130_fd_sc_hd__clkbuf_8)
                                                         clknet_4_10_0_CLK (net)
                      0.077315    0.000101    0.693270 ^ _1441_/CLK (sky130_fd_sc_hd__dfrtp_2)
     1    0.001730    0.063384    0.632162    1.325431 ^ _1441_/Q (sky130_fd_sc_hd__dfrtp_2)
                                                         control.reset_n (net)
                      0.063384    0.000006    1.325438 ^ hold143/A (sky130_fd_sc_hd__dlygate4sd3_1)
     2    0.009671    0.184754    1.069371    2.394808 ^ hold143/X (sky130_fd_sc_hd__dlygate4sd3_1)
                                                         net142 (net)
                      0.184754    0.000256    2.395064 ^ fanout72/A (sky130_fd_sc_hd__clkdlybuf4s25_1)
     8    0.036718    0.591714    0.845389    3.240453 ^ fanout72/X (sky130_fd_sc_hd__clkdlybuf4s25_1)
                                                         net72 (net)
                      0.591714    0.000350    3.240802 ^ fanout69/A (sky130_fd_sc_hd__clkdlybuf4s25_1)
     8    0.037104    0.598221    0.990317    4.231120 ^ fanout69/X (sky130_fd_sc_hd__clkdlybuf4s25_1)
                                                         net69 (net)
                      0.598221    0.000711    4.231830 ^ _1443_/RESET_B (sky130_fd_sc_hd__dfrtp_2)
                                              4.231830   data arrival time

                                  0.000000    0.000000   clock CLK (rise edge)
                                  0.000000    0.000000   clock source latency
     1    0.018921    0.142429    0.101889    0.101889 ^ CLK (in)
                                                         CLK (net)
                      0.142439    0.000000    0.101889 ^ clkbuf_0_CLK/A (sky130_fd_sc_hd__clkbuf_16)
    16    0.102249    0.179542    0.368269    0.470158 ^ clkbuf_0_CLK/X (sky130_fd_sc_hd__clkbuf_16)
                                                         clknet_0_CLK (net)
                      0.179569    0.002376    0.472534 ^ clkbuf_4_7_0_CLK/A (sky130_fd_sc_hd__clkbuf_8)
     6    0.014960    0.072059    0.288402    0.760936 ^ clkbuf_4_7_0_CLK/X (sky130_fd_sc_hd__clkbuf_8)
                                                         clknet_4_7_0_CLK (net)
                      0.072061    0.000193    0.761128 ^ _1443_/CLK (sky130_fd_sc_hd__dfrtp_2)
                                  0.250000    1.011128   clock uncertainty
                                 -0.044777    0.966351   clock reconvergence pessimism
                                  0.819955    1.786307   library removal time
                                              1.786307   data required time
---------------------------------------------------------------------------------------------
                                              1.786307   data required time
                                             -4.231830   data arrival time
---------------------------------------------------------------------------------------------
                                              2.445524   slack (MET)


Startpoint: _1441_ (rising edge-triggered flip-flop clocked by CLK)
Endpoint: _1421_ (removal check against rising-edge clock CLK)
Path Group: asynchronous
Path Type: min

Fanout         Cap        Slew       Delay        Time   Description
---------------------------------------------------------------------------------------------
                                  0.000000    0.000000   clock CLK (rise edge)
                                  0.000000    0.000000   clock source latency
     1    0.018921    0.142429    0.092186    0.092186 ^ CLK (in)
                                                         CLK (net)
                      0.142439    0.000000    0.092186 ^ clkbuf_0_CLK/A (sky130_fd_sc_hd__clkbuf_16)
    16    0.102249    0.179542    0.333196    0.425381 ^ clkbuf_0_CLK/X (sky130_fd_sc_hd__clkbuf_16)
                                                         clknet_0_CLK (net)
                      0.179557    0.001728    0.427110 ^ clkbuf_4_10_0_CLK/A (sky130_fd_sc_hd__clkbuf_8)
     6    0.017324    0.077315    0.266059    0.693168 ^ clkbuf_4_10_0_CLK/X (sky130_fd_sc_hd__clkbuf_8)
                                                         clknet_4_10_0_CLK (net)
                      0.077315    0.000101    0.693270 ^ _1441_/CLK (sky130_fd_sc_hd__dfrtp_2)
     1    0.001730    0.063384    0.632162    1.325431 ^ _1441_/Q (sky130_fd_sc_hd__dfrtp_2)
                                                         control.reset_n (net)
                      0.063384    0.000006    1.325438 ^ hold143/A (sky130_fd_sc_hd__dlygate4sd3_1)
     2    0.009671    0.184754    1.069371    2.394808 ^ hold143/X (sky130_fd_sc_hd__dlygate4sd3_1)
                                                         net142 (net)
                      0.184754    0.000256    2.395064 ^ fanout72/A (sky130_fd_sc_hd__clkdlybuf4s25_1)
     8    0.036718    0.591714    0.845389    3.240453 ^ fanout72/X (sky130_fd_sc_hd__clkdlybuf4s25_1)
                                                         net72 (net)
                      0.591714    0.000313    3.240766 ^ fanout65/A (sky130_fd_sc_hd__clkdlybuf4s25_1)
    10    0.040236    0.647260    1.023099    4.263865 ^ fanout65/X (sky130_fd_sc_hd__clkdlybuf4s25_1)
                                                         net65 (net)
                      0.647260    0.000816    4.264681 ^ _1421_/RESET_B (sky130_fd_sc_hd__dfrtp_2)
                                              4.264681   data arrival time

                                  0.000000    0.000000   clock CLK (rise edge)
                                  0.000000    0.000000   clock source latency
     1    0.018921    0.142429    0.101889    0.101889 ^ CLK (in)
                                                         CLK (net)
                      0.142439    0.000000    0.101889 ^ clkbuf_0_CLK/A (sky130_fd_sc_hd__clkbuf_16)
    16    0.102249    0.179542    0.368269    0.470158 ^ clkbuf_0_CLK/X (sky130_fd_sc_hd__clkbuf_16)
                                                         clknet_0_CLK (net)
                      0.179569    0.002369    0.472527 ^ clkbuf_4_1_0_CLK/A (sky130_fd_sc_hd__clkbuf_8)
     6    0.016941    0.076434    0.293128    0.765655 ^ clkbuf_4_1_0_CLK/X (sky130_fd_sc_hd__clkbuf_8)
                                                         clknet_4_1_0_CLK (net)
                      0.076434    0.000166    0.765822 ^ _1421_/CLK (sky130_fd_sc_hd__dfrtp_2)
                                  0.250000    1.015822   clock uncertainty
                                 -0.044777    0.971045   clock reconvergence pessimism
                                  0.836296    1.807341   library removal time
                                              1.807341   data required time
---------------------------------------------------------------------------------------------
                                              1.807341   data required time
                                             -4.264681   data arrival time
---------------------------------------------------------------------------------------------
                                              2.457340   slack (MET)


Startpoint: _1441_ (rising edge-triggered flip-flop clocked by CLK)
Endpoint: _1464_ (removal check against rising-edge clock CLK)
Path Group: asynchronous
Path Type: min

Fanout         Cap        Slew       Delay        Time   Description
---------------------------------------------------------------------------------------------
                                  0.000000    0.000000   clock CLK (rise edge)
                                  0.000000    0.000000   clock source latency
     1    0.018921    0.142429    0.092186    0.092186 ^ CLK (in)
                                                         CLK (net)
                      0.142439    0.000000    0.092186 ^ clkbuf_0_CLK/A (sky130_fd_sc_hd__clkbuf_16)
    16    0.102249    0.179542    0.333196    0.425381 ^ clkbuf_0_CLK/X (sky130_fd_sc_hd__clkbuf_16)
                                                         clknet_0_CLK (net)
                      0.179557    0.001728    0.427110 ^ clkbuf_4_10_0_CLK/A (sky130_fd_sc_hd__clkbuf_8)
     6    0.017324    0.077315    0.266059    0.693168 ^ clkbuf_4_10_0_CLK/X (sky130_fd_sc_hd__clkbuf_8)
                                                         clknet_4_10_0_CLK (net)
                      0.077315    0.000101    0.693270 ^ _1441_/CLK (sky130_fd_sc_hd__dfrtp_2)
     1    0.001730    0.063384    0.632162    1.325431 ^ _1441_/Q (sky130_fd_sc_hd__dfrtp_2)
                                                         control.reset_n (net)
                      0.063384    0.000006    1.325438 ^ hold143/A (sky130_fd_sc_hd__dlygate4sd3_1)
     2    0.009671    0.184754    1.069371    2.394808 ^ hold143/X (sky130_fd_sc_hd__dlygate4sd3_1)
                                                         net142 (net)
                      0.184754    0.000256    2.395064 ^ fanout72/A (sky130_fd_sc_hd__clkdlybuf4s25_1)
     8    0.036718    0.591714    0.845389    3.240453 ^ fanout72/X (sky130_fd_sc_hd__clkdlybuf4s25_1)
                                                         net72 (net)
                      0.591714    0.000313    3.240766 ^ fanout65/A (sky130_fd_sc_hd__clkdlybuf4s25_1)
    10    0.040236    0.647260    1.023099    4.263865 ^ fanout65/X (sky130_fd_sc_hd__clkdlybuf4s25_1)
                                                         net65 (net)
                      0.647260    0.001041    4.264906 ^ _1464_/RESET_B (sky130_fd_sc_hd__dfrtp_2)
                                              4.264906   data arrival time

                                  0.000000    0.000000   clock CLK (rise edge)
                                  0.000000    0.000000   clock source latency
     1    0.018921    0.142429    0.101889    0.101889 ^ CLK (in)
                                                         CLK (net)
                      0.142439    0.000000    0.101889 ^ clkbuf_0_CLK/A (sky130_fd_sc_hd__clkbuf_16)
    16    0.102249    0.179542    0.368269    0.470158 ^ clkbuf_0_CLK/X (sky130_fd_sc_hd__clkbuf_16)
                                                         clknet_0_CLK (net)
                      0.179569    0.002369    0.472527 ^ clkbuf_4_1_0_CLK/A (sky130_fd_sc_hd__clkbuf_8)
     6    0.016941    0.076434    0.293128    0.765655 ^ clkbuf_4_1_0_CLK/X (sky130_fd_sc_hd__clkbuf_8)
                                                         clknet_4_1_0_CLK (net)
                      0.076434    0.000255    0.765910 ^ _1464_/CLK (sky130_fd_sc_hd__dfrtp_2)
                                  0.250000    1.015910   clock uncertainty
                                 -0.044777    0.971133   clock reconvergence pessimism
                                  0.836296    1.807430   library removal time
                                              1.807430   data required time
---------------------------------------------------------------------------------------------
                                              1.807430   data required time
                                             -4.264906   data arrival time
---------------------------------------------------------------------------------------------
                                              2.457476   slack (MET)


Startpoint: _1441_ (rising edge-triggered flip-flop clocked by CLK)
Endpoint: _1445_ (removal check against rising-edge clock CLK)
Path Group: asynchronous
Path Type: min

Fanout         Cap        Slew       Delay        Time   Description
---------------------------------------------------------------------------------------------
                                  0.000000    0.000000   clock CLK (rise edge)
                                  0.000000    0.000000   clock source latency
     1    0.018921    0.142429    0.092186    0.092186 ^ CLK (in)
                                                         CLK (net)
                      0.142439    0.000000    0.092186 ^ clkbuf_0_CLK/A (sky130_fd_sc_hd__clkbuf_16)
    16    0.102249    0.179542    0.333196    0.425381 ^ clkbuf_0_CLK/X (sky130_fd_sc_hd__clkbuf_16)
                                                         clknet_0_CLK (net)
                      0.179557    0.001728    0.427110 ^ clkbuf_4_10_0_CLK/A (sky130_fd_sc_hd__clkbuf_8)
     6    0.017324    0.077315    0.266059    0.693168 ^ clkbuf_4_10_0_CLK/X (sky130_fd_sc_hd__clkbuf_8)
                                                         clknet_4_10_0_CLK (net)
                      0.077315    0.000101    0.693270 ^ _1441_/CLK (sky130_fd_sc_hd__dfrtp_2)
     1    0.001730    0.063384    0.632162    1.325431 ^ _1441_/Q (sky130_fd_sc_hd__dfrtp_2)
                                                         control.reset_n (net)
                      0.063384    0.000006    1.325438 ^ hold143/A (sky130_fd_sc_hd__dlygate4sd3_1)
     2    0.009671    0.184754    1.069371    2.394808 ^ hold143/X (sky130_fd_sc_hd__dlygate4sd3_1)
                                                         net142 (net)
                      0.184754    0.000256    2.395064 ^ fanout72/A (sky130_fd_sc_hd__clkdlybuf4s25_1)
     8    0.036718    0.591714    0.845389    3.240453 ^ fanout72/X (sky130_fd_sc_hd__clkdlybuf4s25_1)
                                                         net72 (net)
                      0.591714    0.000313    3.240766 ^ fanout65/A (sky130_fd_sc_hd__clkdlybuf4s25_1)
    10    0.040236    0.647260    1.023099    4.263865 ^ fanout65/X (sky130_fd_sc_hd__clkdlybuf4s25_1)
                                                         net65 (net)
                      0.647260    0.001162    4.265027 ^ _1445_/RESET_B (sky130_fd_sc_hd__dfrtp_2)
                                              4.265027   data arrival time

                                  0.000000    0.000000   clock CLK (rise edge)
                                  0.000000    0.000000   clock source latency
     1    0.018921    0.142429    0.101889    0.101889 ^ CLK (in)
                                                         CLK (net)
                      0.142439    0.000000    0.101889 ^ clkbuf_0_CLK/A (sky130_fd_sc_hd__clkbuf_16)
    16    0.102249    0.179542    0.368269    0.470158 ^ clkbuf_0_CLK/X (sky130_fd_sc_hd__clkbuf_16)
                                                         clknet_0_CLK (net)
                      0.179569    0.002369    0.472527 ^ clkbuf_4_1_0_CLK/A (sky130_fd_sc_hd__clkbuf_8)
     6    0.016941    0.076434    0.293128    0.765655 ^ clkbuf_4_1_0_CLK/X (sky130_fd_sc_hd__clkbuf_8)
                                                         clknet_4_1_0_CLK (net)
                      0.076434    0.000173    0.765828 ^ _1445_/CLK (sky130_fd_sc_hd__dfrtp_2)
                                  0.250000    1.015828   clock uncertainty
                                 -0.044777    0.971052   clock reconvergence pessimism
                                  0.836296    1.807348   library removal time
                                              1.807348   data required time
---------------------------------------------------------------------------------------------
                                              1.807348   data required time
                                             -4.265027   data arrival time
---------------------------------------------------------------------------------------------
                                              2.457679   slack (MET)


Startpoint: _1441_ (rising edge-triggered flip-flop clocked by CLK)
Endpoint: _1428_ (removal check against rising-edge clock CLK)
Path Group: asynchronous
Path Type: min

Fanout         Cap        Slew       Delay        Time   Description
---------------------------------------------------------------------------------------------
                                  0.000000    0.000000   clock CLK (rise edge)
                                  0.000000    0.000000   clock source latency
     1    0.018921    0.142429    0.092186    0.092186 ^ CLK (in)
                                                         CLK (net)
                      0.142439    0.000000    0.092186 ^ clkbuf_0_CLK/A (sky130_fd_sc_hd__clkbuf_16)
    16    0.102249    0.179542    0.333196    0.425381 ^ clkbuf_0_CLK/X (sky130_fd_sc_hd__clkbuf_16)
                                                         clknet_0_CLK (net)
                      0.179557    0.001728    0.427110 ^ clkbuf_4_10_0_CLK/A (sky130_fd_sc_hd__clkbuf_8)
     6    0.017324    0.077315    0.266059    0.693168 ^ clkbuf_4_10_0_CLK/X (sky130_fd_sc_hd__clkbuf_8)
                                                         clknet_4_10_0_CLK (net)
                      0.077315    0.000101    0.693270 ^ _1441_/CLK (sky130_fd_sc_hd__dfrtp_2)
     1    0.001730    0.063384    0.632162    1.325431 ^ _1441_/Q (sky130_fd_sc_hd__dfrtp_2)
                                                         control.reset_n (net)
                      0.063384    0.000006    1.325438 ^ hold143/A (sky130_fd_sc_hd__dlygate4sd3_1)
     2    0.009671    0.184754    1.069371    2.394808 ^ hold143/X (sky130_fd_sc_hd__dlygate4sd3_1)
                                                         net142 (net)
                      0.184754    0.000256    2.395064 ^ fanout72/A (sky130_fd_sc_hd__clkdlybuf4s25_1)
     8    0.036718    0.591714    0.845389    3.240453 ^ fanout72/X (sky130_fd_sc_hd__clkdlybuf4s25_1)
                                                         net72 (net)
                      0.591714    0.000313    3.240766 ^ fanout65/A (sky130_fd_sc_hd__clkdlybuf4s25_1)
    10    0.040236    0.647260    1.023099    4.263865 ^ fanout65/X (sky130_fd_sc_hd__clkdlybuf4s25_1)
                                                         net65 (net)
                      0.647260    0.001240    4.265105 ^ _1428_/RESET_B (sky130_fd_sc_hd__dfrtp_2)
                                              4.265105   data arrival time

                                  0.000000    0.000000   clock CLK (rise edge)
                                  0.000000    0.000000   clock source latency
     1    0.018921    0.142429    0.101889    0.101889 ^ CLK (in)
                                                         CLK (net)
                      0.142439    0.000000    0.101889 ^ clkbuf_0_CLK/A (sky130_fd_sc_hd__clkbuf_16)
    16    0.102249    0.179542    0.368269    0.470158 ^ clkbuf_0_CLK/X (sky130_fd_sc_hd__clkbuf_16)
                                                         clknet_0_CLK (net)
                      0.179569    0.002369    0.472527 ^ clkbuf_4_1_0_CLK/A (sky130_fd_sc_hd__clkbuf_8)
     6    0.016941    0.076434    0.293128    0.765655 ^ clkbuf_4_1_0_CLK/X (sky130_fd_sc_hd__clkbuf_8)
                                                         clknet_4_1_0_CLK (net)
                      0.076434    0.000177    0.765833 ^ _1428_/CLK (sky130_fd_sc_hd__dfrtp_2)
                                  0.250000    1.015833   clock uncertainty
                                 -0.044777    0.971056   clock reconvergence pessimism
                                  0.836296    1.807352   library removal time
                                              1.807352   data required time
---------------------------------------------------------------------------------------------
                                              1.807352   data required time
                                             -4.265105   data arrival time
---------------------------------------------------------------------------------------------
                                              2.457753   slack (MET)


Startpoint: _1441_ (rising edge-triggered flip-flop clocked by CLK)
Endpoint: _1444_ (removal check against rising-edge clock CLK)
Path Group: asynchronous
Path Type: min

Fanout         Cap        Slew       Delay        Time   Description
---------------------------------------------------------------------------------------------
                                  0.000000    0.000000   clock CLK (rise edge)
                                  0.000000    0.000000   clock source latency
     1    0.018921    0.142429    0.092186    0.092186 ^ CLK (in)
                                                         CLK (net)
                      0.142439    0.000000    0.092186 ^ clkbuf_0_CLK/A (sky130_fd_sc_hd__clkbuf_16)
    16    0.102249    0.179542    0.333196    0.425381 ^ clkbuf_0_CLK/X (sky130_fd_sc_hd__clkbuf_16)
                                                         clknet_0_CLK (net)
                      0.179557    0.001728    0.427110 ^ clkbuf_4_10_0_CLK/A (sky130_fd_sc_hd__clkbuf_8)
     6    0.017324    0.077315    0.266059    0.693168 ^ clkbuf_4_10_0_CLK/X (sky130_fd_sc_hd__clkbuf_8)
                                                         clknet_4_10_0_CLK (net)
                      0.077315    0.000101    0.693270 ^ _1441_/CLK (sky130_fd_sc_hd__dfrtp_2)
     1    0.001730    0.063384    0.632162    1.325431 ^ _1441_/Q (sky130_fd_sc_hd__dfrtp_2)
                                                         control.reset_n (net)
                      0.063384    0.000006    1.325438 ^ hold143/A (sky130_fd_sc_hd__dlygate4sd3_1)
     2    0.009671    0.184754    1.069371    2.394808 ^ hold143/X (sky130_fd_sc_hd__dlygate4sd3_1)
                                                         net142 (net)
                      0.184754    0.000256    2.395064 ^ fanout72/A (sky130_fd_sc_hd__clkdlybuf4s25_1)
     8    0.036718    0.591714    0.845389    3.240453 ^ fanout72/X (sky130_fd_sc_hd__clkdlybuf4s25_1)
                                                         net72 (net)
                      0.591714    0.000313    3.240766 ^ fanout65/A (sky130_fd_sc_hd__clkdlybuf4s25_1)
    10    0.040236    0.647260    1.023099    4.263865 ^ fanout65/X (sky130_fd_sc_hd__clkdlybuf4s25_1)
                                                         net65 (net)
                      0.647260    0.001217    4.265082 ^ _1444_/RESET_B (sky130_fd_sc_hd__dfrtp_2)
                                              4.265082   data arrival time

                                  0.000000    0.000000   clock CLK (rise edge)
                                  0.000000    0.000000   clock source latency
     1    0.018921    0.142429    0.101889    0.101889 ^ CLK (in)
                                                         CLK (net)
                      0.142439    0.000000    0.101889 ^ clkbuf_0_CLK/A (sky130_fd_sc_hd__clkbuf_16)
    16    0.102249    0.179542    0.368269    0.470158 ^ clkbuf_0_CLK/X (sky130_fd_sc_hd__clkbuf_16)
                                                         clknet_0_CLK (net)
                      0.179569    0.002369    0.472527 ^ clkbuf_4_1_0_CLK/A (sky130_fd_sc_hd__clkbuf_8)
     6    0.016941    0.076434    0.293128    0.765655 ^ clkbuf_4_1_0_CLK/X (sky130_fd_sc_hd__clkbuf_8)
                                                         clknet_4_1_0_CLK (net)
                      0.076434    0.000123    0.765778 ^ _1444_/CLK (sky130_fd_sc_hd__dfrtp_2)
                                  0.250000    1.015778   clock uncertainty
                                 -0.044777    0.971001   clock reconvergence pessimism
                                  0.836296    1.807297   library removal time
                                              1.807297   data required time
---------------------------------------------------------------------------------------------
                                              1.807297   data required time
                                             -4.265082   data arrival time
---------------------------------------------------------------------------------------------
                                              2.457784   slack (MET)


Startpoint: _1441_ (rising edge-triggered flip-flop clocked by CLK)
Endpoint: _1407_ (removal check against rising-edge clock CLK)
Path Group: asynchronous
Path Type: min

Fanout         Cap        Slew       Delay        Time   Description
---------------------------------------------------------------------------------------------
                                  0.000000    0.000000   clock CLK (rise edge)
                                  0.000000    0.000000   clock source latency
     1    0.018921    0.142429    0.092186    0.092186 ^ CLK (in)
                                                         CLK (net)
                      0.142439    0.000000    0.092186 ^ clkbuf_0_CLK/A (sky130_fd_sc_hd__clkbuf_16)
    16    0.102249    0.179542    0.333196    0.425381 ^ clkbuf_0_CLK/X (sky130_fd_sc_hd__clkbuf_16)
                                                         clknet_0_CLK (net)
                      0.179557    0.001728    0.427110 ^ clkbuf_4_10_0_CLK/A (sky130_fd_sc_hd__clkbuf_8)
     6    0.017324    0.077315    0.266059    0.693168 ^ clkbuf_4_10_0_CLK/X (sky130_fd_sc_hd__clkbuf_8)
                                                         clknet_4_10_0_CLK (net)
                      0.077315    0.000101    0.693270 ^ _1441_/CLK (sky130_fd_sc_hd__dfrtp_2)
     1    0.001730    0.063384    0.632162    1.325431 ^ _1441_/Q (sky130_fd_sc_hd__dfrtp_2)
                                                         control.reset_n (net)
                      0.063384    0.000006    1.325438 ^ hold143/A (sky130_fd_sc_hd__dlygate4sd3_1)
     2    0.009671    0.184754    1.069371    2.394808 ^ hold143/X (sky130_fd_sc_hd__dlygate4sd3_1)
                                                         net142 (net)
                      0.184754    0.000107    2.394915 ^ fanout79/A (sky130_fd_sc_hd__clkdlybuf4s25_1)
     5    0.027735    0.452444    0.751297    3.146212 ^ fanout79/X (sky130_fd_sc_hd__clkdlybuf4s25_1)
                                                         net79 (net)
                      0.452444    0.000134    3.146346 ^ fanout77/A (sky130_fd_sc_hd__clkdlybuf4s25_1)
     3    0.013230    0.228646    0.693016    3.839362 ^ fanout77/X (sky130_fd_sc_hd__clkdlybuf4s25_1)
                                                         net77 (net)
                      0.228646    0.000102    3.839464 ^ load_slew78/A (sky130_fd_sc_hd__buf_2)
     8    0.031800    0.254073    0.384225    4.223689 ^ load_slew78/X (sky130_fd_sc_hd__buf_2)
                                                         net78 (net)
                      0.254073    0.000521    4.224210 ^ _1407_/RESET_B (sky130_fd_sc_hd__dfrtp_2)
                                              4.224210   data arrival time

                                  0.000000    0.000000   clock CLK (rise edge)
                                  0.000000    0.000000   clock source latency
     1    0.018921    0.142429    0.101889    0.101889 ^ CLK (in)
                                                         CLK (net)
                      0.142439    0.000000    0.101889 ^ clkbuf_0_CLK/A (sky130_fd_sc_hd__clkbuf_16)
    16    0.102249    0.179542    0.368269    0.470158 ^ clkbuf_0_CLK/X (sky130_fd_sc_hd__clkbuf_16)
                                                         clknet_0_CLK (net)
                      0.179554    0.001770    0.471928 ^ clkbuf_4_14_0_CLK/A (sky130_fd_sc_hd__clkbuf_8)
     6    0.017613    0.077970    0.294748    0.766676 ^ clkbuf_4_14_0_CLK/X (sky130_fd_sc_hd__clkbuf_8)
                                                         clknet_4_14_0_CLK (net)
                      0.077970    0.000183    0.766859 ^ _1407_/CLK (sky130_fd_sc_hd__dfrtp_2)
                                  0.250000    1.016859   clock uncertainty
                                 -0.044777    0.972082   clock reconvergence pessimism
                                  0.716239    1.688322   library removal time
                                              1.688322   data required time
---------------------------------------------------------------------------------------------
                                              1.688322   data required time
                                             -4.224210   data arrival time
---------------------------------------------------------------------------------------------
                                              2.535888   slack (MET)


Startpoint: _1441_ (rising edge-triggered flip-flop clocked by CLK)
Endpoint: _1403_ (removal check against rising-edge clock CLK)
Path Group: asynchronous
Path Type: min

Fanout         Cap        Slew       Delay        Time   Description
---------------------------------------------------------------------------------------------
                                  0.000000    0.000000   clock CLK (rise edge)
                                  0.000000    0.000000   clock source latency
     1    0.018921    0.142429    0.092186    0.092186 ^ CLK (in)
                                                         CLK (net)
                      0.142439    0.000000    0.092186 ^ clkbuf_0_CLK/A (sky130_fd_sc_hd__clkbuf_16)
    16    0.102249    0.179542    0.333196    0.425381 ^ clkbuf_0_CLK/X (sky130_fd_sc_hd__clkbuf_16)
                                                         clknet_0_CLK (net)
                      0.179557    0.001728    0.427110 ^ clkbuf_4_10_0_CLK/A (sky130_fd_sc_hd__clkbuf_8)
     6    0.017324    0.077315    0.266059    0.693168 ^ clkbuf_4_10_0_CLK/X (sky130_fd_sc_hd__clkbuf_8)
                                                         clknet_4_10_0_CLK (net)
                      0.077315    0.000101    0.693270 ^ _1441_/CLK (sky130_fd_sc_hd__dfrtp_2)
     1    0.001730    0.063384    0.632162    1.325431 ^ _1441_/Q (sky130_fd_sc_hd__dfrtp_2)
                                                         control.reset_n (net)
                      0.063384    0.000006    1.325438 ^ hold143/A (sky130_fd_sc_hd__dlygate4sd3_1)
     2    0.009671    0.184754    1.069371    2.394808 ^ hold143/X (sky130_fd_sc_hd__dlygate4sd3_1)
                                                         net142 (net)
                      0.184754    0.000107    2.394915 ^ fanout79/A (sky130_fd_sc_hd__clkdlybuf4s25_1)
     5    0.027735    0.452444    0.751297    3.146212 ^ fanout79/X (sky130_fd_sc_hd__clkdlybuf4s25_1)
                                                         net79 (net)
                      0.452444    0.000134    3.146346 ^ fanout77/A (sky130_fd_sc_hd__clkdlybuf4s25_1)
     3    0.013230    0.228646    0.693016    3.839362 ^ fanout77/X (sky130_fd_sc_hd__clkdlybuf4s25_1)
                                                         net77 (net)
                      0.228646    0.000102    3.839464 ^ load_slew78/A (sky130_fd_sc_hd__buf_2)
     8    0.031800    0.254073    0.384225    4.223689 ^ load_slew78/X (sky130_fd_sc_hd__buf_2)
                                                         net78 (net)
                      0.254073    0.000411    4.224100 ^ _1403_/RESET_B (sky130_fd_sc_hd__dfrtp_2)
                                              4.224100   data arrival time

                                  0.000000    0.000000   clock CLK (rise edge)
                                  0.000000    0.000000   clock source latency
     1    0.018921    0.142429    0.101889    0.101889 ^ CLK (in)
                                                         CLK (net)
                      0.142439    0.000000    0.101889 ^ clkbuf_0_CLK/A (sky130_fd_sc_hd__clkbuf_16)
    16    0.102249    0.179542    0.368269    0.470158 ^ clkbuf_0_CLK/X (sky130_fd_sc_hd__clkbuf_16)
                                                         clknet_0_CLK (net)
                      0.179556    0.001880    0.472039 ^ clkbuf_4_11_0_CLK/A (sky130_fd_sc_hd__clkbuf_8)
     6    0.015998    0.074334    0.290879    0.762917 ^ clkbuf_4_11_0_CLK/X (sky130_fd_sc_hd__clkbuf_8)
                                                         clknet_4_11_0_CLK (net)
                      0.074334    0.000199    0.763116 ^ _1403_/CLK (sky130_fd_sc_hd__dfrtp_2)
                                  0.250000    1.013116   clock uncertainty
                                 -0.044777    0.968339   clock reconvergence pessimism
                                  0.715145    1.683484   library removal time
                                              1.683484   data required time
---------------------------------------------------------------------------------------------
                                              1.683484   data required time
                                             -4.224100   data arrival time
---------------------------------------------------------------------------------------------
                                              2.540615   slack (MET)


Startpoint: _1441_ (rising edge-triggered flip-flop clocked by CLK)
Endpoint: _1405_ (removal check against rising-edge clock CLK)
Path Group: asynchronous
Path Type: min

Fanout         Cap        Slew       Delay        Time   Description
---------------------------------------------------------------------------------------------
                                  0.000000    0.000000   clock CLK (rise edge)
                                  0.000000    0.000000   clock source latency
     1    0.018921    0.142429    0.092186    0.092186 ^ CLK (in)
                                                         CLK (net)
                      0.142439    0.000000    0.092186 ^ clkbuf_0_CLK/A (sky130_fd_sc_hd__clkbuf_16)
    16    0.102249    0.179542    0.333196    0.425381 ^ clkbuf_0_CLK/X (sky130_fd_sc_hd__clkbuf_16)
                                                         clknet_0_CLK (net)
                      0.179557    0.001728    0.427110 ^ clkbuf_4_10_0_CLK/A (sky130_fd_sc_hd__clkbuf_8)
     6    0.017324    0.077315    0.266059    0.693168 ^ clkbuf_4_10_0_CLK/X (sky130_fd_sc_hd__clkbuf_8)
                                                         clknet_4_10_0_CLK (net)
                      0.077315    0.000101    0.693270 ^ _1441_/CLK (sky130_fd_sc_hd__dfrtp_2)
     1    0.001730    0.063384    0.632162    1.325431 ^ _1441_/Q (sky130_fd_sc_hd__dfrtp_2)
                                                         control.reset_n (net)
                      0.063384    0.000006    1.325438 ^ hold143/A (sky130_fd_sc_hd__dlygate4sd3_1)
     2    0.009671    0.184754    1.069371    2.394808 ^ hold143/X (sky130_fd_sc_hd__dlygate4sd3_1)
                                                         net142 (net)
                      0.184754    0.000107    2.394915 ^ fanout79/A (sky130_fd_sc_hd__clkdlybuf4s25_1)
     5    0.027735    0.452444    0.751297    3.146212 ^ fanout79/X (sky130_fd_sc_hd__clkdlybuf4s25_1)
                                                         net79 (net)
                      0.452444    0.000134    3.146346 ^ fanout77/A (sky130_fd_sc_hd__clkdlybuf4s25_1)
     3    0.013230    0.228646    0.693016    3.839362 ^ fanout77/X (sky130_fd_sc_hd__clkdlybuf4s25_1)
                                                         net77 (net)
                      0.228646    0.000102    3.839464 ^ load_slew78/A (sky130_fd_sc_hd__buf_2)
     8    0.031800    0.254073    0.384225    4.223689 ^ load_slew78/X (sky130_fd_sc_hd__buf_2)
                                                         net78 (net)
                      0.254073    0.000425    4.224113 ^ _1405_/RESET_B (sky130_fd_sc_hd__dfrtp_2)
                                              4.224113   data arrival time

                                  0.000000    0.000000   clock CLK (rise edge)
                                  0.000000    0.000000   clock source latency
     1    0.018921    0.142429    0.101889    0.101889 ^ CLK (in)
                                                         CLK (net)
                      0.142439    0.000000    0.101889 ^ clkbuf_0_CLK/A (sky130_fd_sc_hd__clkbuf_16)
    16    0.102249    0.179542    0.368269    0.470158 ^ clkbuf_0_CLK/X (sky130_fd_sc_hd__clkbuf_16)
                                                         clknet_0_CLK (net)
                      0.179556    0.001880    0.472039 ^ clkbuf_4_11_0_CLK/A (sky130_fd_sc_hd__clkbuf_8)
     6    0.015998    0.074334    0.290879    0.762917 ^ clkbuf_4_11_0_CLK/X (sky130_fd_sc_hd__clkbuf_8)
                                                         clknet_4_11_0_CLK (net)
                      0.074334    0.000187    0.763104 ^ _1405_/CLK (sky130_fd_sc_hd__dfrtp_2)
                                  0.250000    1.013104   clock uncertainty
                                 -0.044777    0.968327   clock reconvergence pessimism
                                  0.715145    1.683472   library removal time
                                              1.683472   data required time
---------------------------------------------------------------------------------------------
                                              1.683472   data required time
                                             -4.224113   data arrival time
---------------------------------------------------------------------------------------------
                                              2.540642   slack (MET)


Startpoint: _1441_ (rising edge-triggered flip-flop clocked by CLK)
Endpoint: _1408_ (removal check against rising-edge clock CLK)
Path Group: asynchronous
Path Type: min

Fanout         Cap        Slew       Delay        Time   Description
---------------------------------------------------------------------------------------------
                                  0.000000    0.000000   clock CLK (rise edge)
                                  0.000000    0.000000   clock source latency
     1    0.018921    0.142429    0.092186    0.092186 ^ CLK (in)
                                                         CLK (net)
                      0.142439    0.000000    0.092186 ^ clkbuf_0_CLK/A (sky130_fd_sc_hd__clkbuf_16)
    16    0.102249    0.179542    0.333196    0.425381 ^ clkbuf_0_CLK/X (sky130_fd_sc_hd__clkbuf_16)
                                                         clknet_0_CLK (net)
                      0.179557    0.001728    0.427110 ^ clkbuf_4_10_0_CLK/A (sky130_fd_sc_hd__clkbuf_8)
     6    0.017324    0.077315    0.266059    0.693168 ^ clkbuf_4_10_0_CLK/X (sky130_fd_sc_hd__clkbuf_8)
                                                         clknet_4_10_0_CLK (net)
                      0.077315    0.000101    0.693270 ^ _1441_/CLK (sky130_fd_sc_hd__dfrtp_2)
     1    0.001730    0.063384    0.632162    1.325431 ^ _1441_/Q (sky130_fd_sc_hd__dfrtp_2)
                                                         control.reset_n (net)
                      0.063384    0.000006    1.325438 ^ hold143/A (sky130_fd_sc_hd__dlygate4sd3_1)
     2    0.009671    0.184754    1.069371    2.394808 ^ hold143/X (sky130_fd_sc_hd__dlygate4sd3_1)
                                                         net142 (net)
                      0.184754    0.000107    2.394915 ^ fanout79/A (sky130_fd_sc_hd__clkdlybuf4s25_1)
     5    0.027735    0.452444    0.751297    3.146212 ^ fanout79/X (sky130_fd_sc_hd__clkdlybuf4s25_1)
                                                         net79 (net)
                      0.452444    0.000134    3.146346 ^ fanout77/A (sky130_fd_sc_hd__clkdlybuf4s25_1)
     3    0.013230    0.228646    0.693016    3.839362 ^ fanout77/X (sky130_fd_sc_hd__clkdlybuf4s25_1)
                                                         net77 (net)
                      0.228646    0.000102    3.839464 ^ load_slew78/A (sky130_fd_sc_hd__buf_2)
     8    0.031800    0.254073    0.384225    4.223689 ^ load_slew78/X (sky130_fd_sc_hd__buf_2)
                                                         net78 (net)
                      0.254073    0.000554    4.224242 ^ _1408_/RESET_B (sky130_fd_sc_hd__dfrtp_2)
                                              4.224242   data arrival time

                                  0.000000    0.000000   clock CLK (rise edge)
                                  0.000000    0.000000   clock source latency
     1    0.018921    0.142429    0.101889    0.101889 ^ CLK (in)
                                                         CLK (net)
                      0.142439    0.000000    0.101889 ^ clkbuf_0_CLK/A (sky130_fd_sc_hd__clkbuf_16)
    16    0.102249    0.179542    0.368269    0.470158 ^ clkbuf_0_CLK/X (sky130_fd_sc_hd__clkbuf_16)
                                                         clknet_0_CLK (net)
                      0.179556    0.001880    0.472039 ^ clkbuf_4_11_0_CLK/A (sky130_fd_sc_hd__clkbuf_8)
     6    0.015998    0.074334    0.290879    0.762917 ^ clkbuf_4_11_0_CLK/X (sky130_fd_sc_hd__clkbuf_8)
                                                         clknet_4_11_0_CLK (net)
                      0.074334    0.000190    0.763107 ^ _1408_/CLK (sky130_fd_sc_hd__dfrtp_2)
                                  0.250000    1.013107   clock uncertainty
                                 -0.044777    0.968330   clock reconvergence pessimism
                                  0.715145    1.683475   library removal time
                                              1.683475   data required time
---------------------------------------------------------------------------------------------
                                              1.683475   data required time
                                             -4.224242   data arrival time
---------------------------------------------------------------------------------------------
                                              2.540767   slack (MET)


Startpoint: _1441_ (rising edge-triggered flip-flop clocked by CLK)
Endpoint: _1406_ (removal check against rising-edge clock CLK)
Path Group: asynchronous
Path Type: min

Fanout         Cap        Slew       Delay        Time   Description
---------------------------------------------------------------------------------------------
                                  0.000000    0.000000   clock CLK (rise edge)
                                  0.000000    0.000000   clock source latency
     1    0.018921    0.142429    0.092186    0.092186 ^ CLK (in)
                                                         CLK (net)
                      0.142439    0.000000    0.092186 ^ clkbuf_0_CLK/A (sky130_fd_sc_hd__clkbuf_16)
    16    0.102249    0.179542    0.333196    0.425381 ^ clkbuf_0_CLK/X (sky130_fd_sc_hd__clkbuf_16)
                                                         clknet_0_CLK (net)
                      0.179557    0.001728    0.427110 ^ clkbuf_4_10_0_CLK/A (sky130_fd_sc_hd__clkbuf_8)
     6    0.017324    0.077315    0.266059    0.693168 ^ clkbuf_4_10_0_CLK/X (sky130_fd_sc_hd__clkbuf_8)
                                                         clknet_4_10_0_CLK (net)
                      0.077315    0.000101    0.693270 ^ _1441_/CLK (sky130_fd_sc_hd__dfrtp_2)
     1    0.001730    0.063384    0.632162    1.325431 ^ _1441_/Q (sky130_fd_sc_hd__dfrtp_2)
                                                         control.reset_n (net)
                      0.063384    0.000006    1.325438 ^ hold143/A (sky130_fd_sc_hd__dlygate4sd3_1)
     2    0.009671    0.184754    1.069371    2.394808 ^ hold143/X (sky130_fd_sc_hd__dlygate4sd3_1)
                                                         net142 (net)
                      0.184754    0.000107    2.394915 ^ fanout79/A (sky130_fd_sc_hd__clkdlybuf4s25_1)
     5    0.027735    0.452444    0.751297    3.146212 ^ fanout79/X (sky130_fd_sc_hd__clkdlybuf4s25_1)
                                                         net79 (net)
                      0.452444    0.000134    3.146346 ^ fanout77/A (sky130_fd_sc_hd__clkdlybuf4s25_1)
     3    0.013230    0.228646    0.693016    3.839362 ^ fanout77/X (sky130_fd_sc_hd__clkdlybuf4s25_1)
                                                         net77 (net)
                      0.228646    0.000102    3.839464 ^ load_slew78/A (sky130_fd_sc_hd__buf_2)
     8    0.031800    0.254073    0.384225    4.223689 ^ load_slew78/X (sky130_fd_sc_hd__buf_2)
                                                         net78 (net)
                      0.254073    0.000560    4.224249 ^ _1406_/RESET_B (sky130_fd_sc_hd__dfrtp_2)
                                              4.224249   data arrival time

                                  0.000000    0.000000   clock CLK (rise edge)
                                  0.000000    0.000000   clock source latency
     1    0.018921    0.142429    0.101889    0.101889 ^ CLK (in)
                                                         CLK (net)
                      0.142439    0.000000    0.101889 ^ clkbuf_0_CLK/A (sky130_fd_sc_hd__clkbuf_16)
    16    0.102249    0.179542    0.368269    0.470158 ^ clkbuf_0_CLK/X (sky130_fd_sc_hd__clkbuf_16)
                                                         clknet_0_CLK (net)
                      0.179556    0.001880    0.472039 ^ clkbuf_4_11_0_CLK/A (sky130_fd_sc_hd__clkbuf_8)
     6    0.015998    0.074334    0.290879    0.762917 ^ clkbuf_4_11_0_CLK/X (sky130_fd_sc_hd__clkbuf_8)
                                                         clknet_4_11_0_CLK (net)
                      0.074334    0.000154    0.763071 ^ _1406_/CLK (sky130_fd_sc_hd__dfrtp_2)
                                  0.250000    1.013071   clock uncertainty
                                 -0.044777    0.968294   clock reconvergence pessimism
                                  0.715145    1.683439   library removal time
                                              1.683439   data required time
---------------------------------------------------------------------------------------------
                                              1.683439   data required time
                                             -4.224249   data arrival time
---------------------------------------------------------------------------------------------
                                              2.540810   slack (MET)


Startpoint: _1441_ (rising edge-triggered flip-flop clocked by CLK)
Endpoint: _1472_ (removal check against rising-edge clock CLK)
Path Group: asynchronous
Path Type: min

Fanout         Cap        Slew       Delay        Time   Description
---------------------------------------------------------------------------------------------
                                  0.000000    0.000000   clock CLK (rise edge)
                                  0.000000    0.000000   clock source latency
     1    0.018921    0.142429    0.092186    0.092186 ^ CLK (in)
                                                         CLK (net)
                      0.142439    0.000000    0.092186 ^ clkbuf_0_CLK/A (sky130_fd_sc_hd__clkbuf_16)
    16    0.102249    0.179542    0.333196    0.425381 ^ clkbuf_0_CLK/X (sky130_fd_sc_hd__clkbuf_16)
                                                         clknet_0_CLK (net)
                      0.179557    0.001728    0.427110 ^ clkbuf_4_10_0_CLK/A (sky130_fd_sc_hd__clkbuf_8)
     6    0.017324    0.077315    0.266059    0.693168 ^ clkbuf_4_10_0_CLK/X (sky130_fd_sc_hd__clkbuf_8)
                                                         clknet_4_10_0_CLK (net)
                      0.077315    0.000101    0.693270 ^ _1441_/CLK (sky130_fd_sc_hd__dfrtp_2)
     1    0.001730    0.063384    0.632162    1.325431 ^ _1441_/Q (sky130_fd_sc_hd__dfrtp_2)
                                                         control.reset_n (net)
                      0.063384    0.000006    1.325438 ^ hold143/A (sky130_fd_sc_hd__dlygate4sd3_1)
     2    0.009671    0.184754    1.069371    2.394808 ^ hold143/X (sky130_fd_sc_hd__dlygate4sd3_1)
                                                         net142 (net)
                      0.184754    0.000107    2.394915 ^ fanout79/A (sky130_fd_sc_hd__clkdlybuf4s25_1)
     5    0.027735    0.452444    0.751297    3.146212 ^ fanout79/X (sky130_fd_sc_hd__clkdlybuf4s25_1)
                                                         net79 (net)
                      0.452444    0.000134    3.146346 ^ fanout77/A (sky130_fd_sc_hd__clkdlybuf4s25_1)
     3    0.013230    0.228646    0.693016    3.839362 ^ fanout77/X (sky130_fd_sc_hd__clkdlybuf4s25_1)
                                                         net77 (net)
                      0.228646    0.000102    3.839464 ^ load_slew78/A (sky130_fd_sc_hd__buf_2)
     8    0.031800    0.254073    0.384225    4.223689 ^ load_slew78/X (sky130_fd_sc_hd__buf_2)
                                                         net78 (net)
                      0.254073    0.000232    4.223921 ^ _1472_/RESET_B (sky130_fd_sc_hd__dfrtp_2)
                                              4.223921   data arrival time

                                  0.000000    0.000000   clock CLK (rise edge)
                                  0.000000    0.000000   clock source latency
     1    0.018921    0.142429    0.101889    0.101889 ^ CLK (in)
                                                         CLK (net)
                      0.142439    0.000000    0.101889 ^ clkbuf_0_CLK/A (sky130_fd_sc_hd__clkbuf_16)
    16    0.102249    0.179542    0.368269    0.470158 ^ clkbuf_0_CLK/X (sky130_fd_sc_hd__clkbuf_16)
                                                         clknet_0_CLK (net)
                      0.179557    0.001910    0.472069 ^ clkbuf_4_10_0_CLK/A (sky130_fd_sc_hd__clkbuf_8)
     6    0.017324    0.077315    0.294065    0.766133 ^ clkbuf_4_10_0_CLK/X (sky130_fd_sc_hd__clkbuf_8)
                                                         clknet_4_10_0_CLK (net)
                      0.077315    0.000126    0.766259 ^ _1472_/CLK (sky130_fd_sc_hd__dfrtp_2)
                                  0.250000    1.016259   clock uncertainty
                                 -0.072965    0.943294   clock reconvergence pessimism
                                  0.716042    1.659336   library removal time
                                              1.659336   data required time
---------------------------------------------------------------------------------------------
                                              1.659336   data required time
                                             -4.223921   data arrival time
---------------------------------------------------------------------------------------------
                                              2.564585   slack (MET)


Startpoint: _1441_ (rising edge-triggered flip-flop clocked by CLK)
Endpoint: _1473_ (removal check against rising-edge clock CLK)
Path Group: asynchronous
Path Type: min

Fanout         Cap        Slew       Delay        Time   Description
---------------------------------------------------------------------------------------------
                                  0.000000    0.000000   clock CLK (rise edge)
                                  0.000000    0.000000   clock source latency
     1    0.018921    0.142429    0.092186    0.092186 ^ CLK (in)
                                                         CLK (net)
                      0.142439    0.000000    0.092186 ^ clkbuf_0_CLK/A (sky130_fd_sc_hd__clkbuf_16)
    16    0.102249    0.179542    0.333196    0.425381 ^ clkbuf_0_CLK/X (sky130_fd_sc_hd__clkbuf_16)
                                                         clknet_0_CLK (net)
                      0.179557    0.001728    0.427110 ^ clkbuf_4_10_0_CLK/A (sky130_fd_sc_hd__clkbuf_8)
     6    0.017324    0.077315    0.266059    0.693168 ^ clkbuf_4_10_0_CLK/X (sky130_fd_sc_hd__clkbuf_8)
                                                         clknet_4_10_0_CLK (net)
                      0.077315    0.000101    0.693270 ^ _1441_/CLK (sky130_fd_sc_hd__dfrtp_2)
     1    0.001730    0.063384    0.632162    1.325431 ^ _1441_/Q (sky130_fd_sc_hd__dfrtp_2)
                                                         control.reset_n (net)
                      0.063384    0.000006    1.325438 ^ hold143/A (sky130_fd_sc_hd__dlygate4sd3_1)
     2    0.009671    0.184754    1.069371    2.394808 ^ hold143/X (sky130_fd_sc_hd__dlygate4sd3_1)
                                                         net142 (net)
                      0.184754    0.000107    2.394915 ^ fanout79/A (sky130_fd_sc_hd__clkdlybuf4s25_1)
     5    0.027735    0.452444    0.751297    3.146212 ^ fanout79/X (sky130_fd_sc_hd__clkdlybuf4s25_1)
                                                         net79 (net)
                      0.452444    0.000134    3.146346 ^ fanout77/A (sky130_fd_sc_hd__clkdlybuf4s25_1)
     3    0.013230    0.228646    0.693016    3.839362 ^ fanout77/X (sky130_fd_sc_hd__clkdlybuf4s25_1)
                                                         net77 (net)
                      0.228646    0.000102    3.839464 ^ load_slew78/A (sky130_fd_sc_hd__buf_2)
     8    0.031800    0.254073    0.384225    4.223689 ^ load_slew78/X (sky130_fd_sc_hd__buf_2)
                                                         net78 (net)
                      0.254073    0.000243    4.223931 ^ _1473_/RESET_B (sky130_fd_sc_hd__dfrtp_2)
                                              4.223931   data arrival time

                                  0.000000    0.000000   clock CLK (rise edge)
                                  0.000000    0.000000   clock source latency
     1    0.018921    0.142429    0.101889    0.101889 ^ CLK (in)
                                                         CLK (net)
                      0.142439    0.000000    0.101889 ^ clkbuf_0_CLK/A (sky130_fd_sc_hd__clkbuf_16)
    16    0.102249    0.179542    0.368269    0.470158 ^ clkbuf_0_CLK/X (sky130_fd_sc_hd__clkbuf_16)
                                                         clknet_0_CLK (net)
                      0.179557    0.001910    0.472069 ^ clkbuf_4_10_0_CLK/A (sky130_fd_sc_hd__clkbuf_8)
     6    0.017324    0.077315    0.294065    0.766133 ^ clkbuf_4_10_0_CLK/X (sky130_fd_sc_hd__clkbuf_8)
                                                         clknet_4_10_0_CLK (net)
                      0.077315    0.000109    0.766243 ^ _1473_/CLK (sky130_fd_sc_hd__dfrtp_2)
                                  0.250000    1.016243   clock uncertainty
                                 -0.072965    0.943278   clock reconvergence pessimism
                                  0.716042    1.659320   library removal time
                                              1.659320   data required time
---------------------------------------------------------------------------------------------
                                              1.659320   data required time
                                             -4.223931   data arrival time
---------------------------------------------------------------------------------------------
                                              2.564612   slack (MET)


Startpoint: _1441_ (rising edge-triggered flip-flop clocked by CLK)
Endpoint: _1404_ (removal check against rising-edge clock CLK)
Path Group: asynchronous
Path Type: min

Fanout         Cap        Slew       Delay        Time   Description
---------------------------------------------------------------------------------------------
                                  0.000000    0.000000   clock CLK (rise edge)
                                  0.000000    0.000000   clock source latency
     1    0.018921    0.142429    0.092186    0.092186 ^ CLK (in)
                                                         CLK (net)
                      0.142439    0.000000    0.092186 ^ clkbuf_0_CLK/A (sky130_fd_sc_hd__clkbuf_16)
    16    0.102249    0.179542    0.333196    0.425381 ^ clkbuf_0_CLK/X (sky130_fd_sc_hd__clkbuf_16)
                                                         clknet_0_CLK (net)
                      0.179557    0.001728    0.427110 ^ clkbuf_4_10_0_CLK/A (sky130_fd_sc_hd__clkbuf_8)
     6    0.017324    0.077315    0.266059    0.693168 ^ clkbuf_4_10_0_CLK/X (sky130_fd_sc_hd__clkbuf_8)
                                                         clknet_4_10_0_CLK (net)
                      0.077315    0.000101    0.693270 ^ _1441_/CLK (sky130_fd_sc_hd__dfrtp_2)
     1    0.001730    0.063384    0.632162    1.325431 ^ _1441_/Q (sky130_fd_sc_hd__dfrtp_2)
                                                         control.reset_n (net)
                      0.063384    0.000006    1.325438 ^ hold143/A (sky130_fd_sc_hd__dlygate4sd3_1)
     2    0.009671    0.184754    1.069371    2.394808 ^ hold143/X (sky130_fd_sc_hd__dlygate4sd3_1)
                                                         net142 (net)
                      0.184754    0.000107    2.394915 ^ fanout79/A (sky130_fd_sc_hd__clkdlybuf4s25_1)
     5    0.027735    0.452444    0.751297    3.146212 ^ fanout79/X (sky130_fd_sc_hd__clkdlybuf4s25_1)
                                                         net79 (net)
                      0.452444    0.000134    3.146346 ^ fanout77/A (sky130_fd_sc_hd__clkdlybuf4s25_1)
     3    0.013230    0.228646    0.693016    3.839362 ^ fanout77/X (sky130_fd_sc_hd__clkdlybuf4s25_1)
                                                         net77 (net)
                      0.228646    0.000102    3.839464 ^ load_slew78/A (sky130_fd_sc_hd__buf_2)
     8    0.031800    0.254073    0.384225    4.223689 ^ load_slew78/X (sky130_fd_sc_hd__buf_2)
                                                         net78 (net)
                      0.254073    0.000421    4.224110 ^ _1404_/RESET_B (sky130_fd_sc_hd__dfrtp_2)
                                              4.224110   data arrival time

                                  0.000000    0.000000   clock CLK (rise edge)
                                  0.000000    0.000000   clock source latency
     1    0.018921    0.142429    0.101889    0.101889 ^ CLK (in)
                                                         CLK (net)
                      0.142439    0.000000    0.101889 ^ clkbuf_0_CLK/A (sky130_fd_sc_hd__clkbuf_16)
    16    0.102249    0.179542    0.368269    0.470158 ^ clkbuf_0_CLK/X (sky130_fd_sc_hd__clkbuf_16)
                                                         clknet_0_CLK (net)
                      0.179557    0.001910    0.472069 ^ clkbuf_4_10_0_CLK/A (sky130_fd_sc_hd__clkbuf_8)
     6    0.017324    0.077315    0.294065    0.766133 ^ clkbuf_4_10_0_CLK/X (sky130_fd_sc_hd__clkbuf_8)
                                                         clknet_4_10_0_CLK (net)
                      0.077315    0.000193    0.766326 ^ _1404_/CLK (sky130_fd_sc_hd__dfrtp_2)
                                  0.250000    1.016326   clock uncertainty
                                 -0.072965    0.943361   clock reconvergence pessimism
                                  0.716042    1.659403   library removal time
                                              1.659403   data required time
---------------------------------------------------------------------------------------------
                                              1.659403   data required time
                                             -4.224110   data arrival time
---------------------------------------------------------------------------------------------
                                              2.564707   slack (MET)


Startpoint: _1441_ (rising edge-triggered flip-flop clocked by CLK)
Endpoint: _1412_ (removal check against rising-edge clock CLK)
Path Group: asynchronous
Path Type: min

Fanout         Cap        Slew       Delay        Time   Description
---------------------------------------------------------------------------------------------
                                  0.000000    0.000000   clock CLK (rise edge)
                                  0.000000    0.000000   clock source latency
     1    0.018921    0.142429    0.092186    0.092186 ^ CLK (in)
                                                         CLK (net)
                      0.142439    0.000000    0.092186 ^ clkbuf_0_CLK/A (sky130_fd_sc_hd__clkbuf_16)
    16    0.102249    0.179542    0.333196    0.425381 ^ clkbuf_0_CLK/X (sky130_fd_sc_hd__clkbuf_16)
                                                         clknet_0_CLK (net)
                      0.179557    0.001728    0.427110 ^ clkbuf_4_10_0_CLK/A (sky130_fd_sc_hd__clkbuf_8)
     6    0.017324    0.077315    0.266059    0.693168 ^ clkbuf_4_10_0_CLK/X (sky130_fd_sc_hd__clkbuf_8)
                                                         clknet_4_10_0_CLK (net)
                      0.077315    0.000101    0.693270 ^ _1441_/CLK (sky130_fd_sc_hd__dfrtp_2)
     1    0.001730    0.063384    0.632162    1.325431 ^ _1441_/Q (sky130_fd_sc_hd__dfrtp_2)
                                                         control.reset_n (net)
                      0.063384    0.000006    1.325438 ^ hold143/A (sky130_fd_sc_hd__dlygate4sd3_1)
     2    0.009671    0.184754    1.069371    2.394808 ^ hold143/X (sky130_fd_sc_hd__dlygate4sd3_1)
                                                         net142 (net)
                      0.184754    0.000107    2.394915 ^ fanout79/A (sky130_fd_sc_hd__clkdlybuf4s25_1)
     5    0.027735    0.452444    0.751297    3.146212 ^ fanout79/X (sky130_fd_sc_hd__clkdlybuf4s25_1)
                                                         net79 (net)
                      0.452444    0.000117    3.146329 ^ fanout73/A (sky130_fd_sc_hd__clkdlybuf4s25_1)
     5    0.018445    0.309014    0.747760    3.894090 ^ fanout73/X (sky130_fd_sc_hd__clkdlybuf4s25_1)
                                                         net73 (net)
                      0.309014    0.000040    3.894129 ^ load_slew74/A (sky130_fd_sc_hd__buf_2)
     6    0.030850    0.247548    0.408815    4.302944 ^ load_slew74/X (sky130_fd_sc_hd__buf_2)
                                                         net74 (net)
                      0.247548    0.000821    4.303765 ^ _1412_/RESET_B (sky130_fd_sc_hd__dfrtp_2)
                                              4.303765   data arrival time

                                  0.000000    0.000000   clock CLK (rise edge)
                                  0.000000    0.000000   clock source latency
     1    0.018921    0.142429    0.101889    0.101889 ^ CLK (in)
                                                         CLK (net)
                      0.142439    0.000000    0.101889 ^ clkbuf_0_CLK/A (sky130_fd_sc_hd__clkbuf_16)
    16    0.102249    0.179542    0.368269    0.470158 ^ clkbuf_0_CLK/X (sky130_fd_sc_hd__clkbuf_16)
                                                         clknet_0_CLK (net)
                      0.179542    0.000934    0.471092 ^ clkbuf_4_12_0_CLK/A (sky130_fd_sc_hd__clkbuf_8)
     6    0.018149    0.079200    0.295983    0.767075 ^ clkbuf_4_12_0_CLK/X (sky130_fd_sc_hd__clkbuf_8)
                                                         clknet_4_12_0_CLK (net)
                      0.079200    0.000080    0.767155 ^ _1412_/CLK (sky130_fd_sc_hd__dfrtp_2)
                                  0.250000    1.017155   clock uncertainty
                                 -0.044777    0.972378   clock reconvergence pessimism
                                  0.714610    1.686988   library removal time
                                              1.686988   data required time
---------------------------------------------------------------------------------------------
                                              1.686988   data required time
                                             -4.303765   data arrival time
---------------------------------------------------------------------------------------------
                                              2.616777   slack (MET)


Startpoint: _1441_ (rising edge-triggered flip-flop clocked by CLK)
Endpoint: _1413_ (removal check against rising-edge clock CLK)
Path Group: asynchronous
Path Type: min

Fanout         Cap        Slew       Delay        Time   Description
---------------------------------------------------------------------------------------------
                                  0.000000    0.000000   clock CLK (rise edge)
                                  0.000000    0.000000   clock source latency
     1    0.018921    0.142429    0.092186    0.092186 ^ CLK (in)
                                                         CLK (net)
                      0.142439    0.000000    0.092186 ^ clkbuf_0_CLK/A (sky130_fd_sc_hd__clkbuf_16)
    16    0.102249    0.179542    0.333196    0.425381 ^ clkbuf_0_CLK/X (sky130_fd_sc_hd__clkbuf_16)
                                                         clknet_0_CLK (net)
                      0.179557    0.001728    0.427110 ^ clkbuf_4_10_0_CLK/A (sky130_fd_sc_hd__clkbuf_8)
     6    0.017324    0.077315    0.266059    0.693168 ^ clkbuf_4_10_0_CLK/X (sky130_fd_sc_hd__clkbuf_8)
                                                         clknet_4_10_0_CLK (net)
                      0.077315    0.000101    0.693270 ^ _1441_/CLK (sky130_fd_sc_hd__dfrtp_2)
     1    0.001730    0.063384    0.632162    1.325431 ^ _1441_/Q (sky130_fd_sc_hd__dfrtp_2)
                                                         control.reset_n (net)
                      0.063384    0.000006    1.325438 ^ hold143/A (sky130_fd_sc_hd__dlygate4sd3_1)
     2    0.009671    0.184754    1.069371    2.394808 ^ hold143/X (sky130_fd_sc_hd__dlygate4sd3_1)
                                                         net142 (net)
                      0.184754    0.000107    2.394915 ^ fanout79/A (sky130_fd_sc_hd__clkdlybuf4s25_1)
     5    0.027735    0.452444    0.751297    3.146212 ^ fanout79/X (sky130_fd_sc_hd__clkdlybuf4s25_1)
                                                         net79 (net)
                      0.452444    0.000117    3.146329 ^ fanout73/A (sky130_fd_sc_hd__clkdlybuf4s25_1)
     5    0.018445    0.309014    0.747760    3.894090 ^ fanout73/X (sky130_fd_sc_hd__clkdlybuf4s25_1)
                                                         net73 (net)
                      0.309014    0.000040    3.894129 ^ load_slew74/A (sky130_fd_sc_hd__buf_2)
     6    0.030850    0.247548    0.408815    4.302944 ^ load_slew74/X (sky130_fd_sc_hd__buf_2)
                                                         net74 (net)
                      0.247549    0.000882    4.303826 ^ _1413_/RESET_B (sky130_fd_sc_hd__dfrtp_2)
                                              4.303826   data arrival time

                                  0.000000    0.000000   clock CLK (rise edge)
                                  0.000000    0.000000   clock source latency
     1    0.018921    0.142429    0.101889    0.101889 ^ CLK (in)
                                                         CLK (net)
                      0.142439    0.000000    0.101889 ^ clkbuf_0_CLK/A (sky130_fd_sc_hd__clkbuf_16)
    16    0.102249    0.179542    0.368269    0.470158 ^ clkbuf_0_CLK/X (sky130_fd_sc_hd__clkbuf_16)
                                                         clknet_0_CLK (net)
                      0.179542    0.000934    0.471092 ^ clkbuf_4_12_0_CLK/A (sky130_fd_sc_hd__clkbuf_8)
     6    0.018149    0.079200    0.295983    0.767075 ^ clkbuf_4_12_0_CLK/X (sky130_fd_sc_hd__clkbuf_8)
                                                         clknet_4_12_0_CLK (net)
                      0.079200    0.000113    0.767189 ^ _1413_/CLK (sky130_fd_sc_hd__dfrtp_2)
                                  0.250000    1.017189   clock uncertainty
                                 -0.044777    0.972412   clock reconvergence pessimism
                                  0.714610    1.687022   library removal time
                                              1.687022   data required time
---------------------------------------------------------------------------------------------
                                              1.687022   data required time
                                             -4.303826   data arrival time
---------------------------------------------------------------------------------------------
                                              2.616804   slack (MET)


Startpoint: _1441_ (rising edge-triggered flip-flop clocked by CLK)
Endpoint: _1461_ (removal check against rising-edge clock CLK)
Path Group: asynchronous
Path Type: min

Fanout         Cap        Slew       Delay        Time   Description
---------------------------------------------------------------------------------------------
                                  0.000000    0.000000   clock CLK (rise edge)
                                  0.000000    0.000000   clock source latency
     1    0.018921    0.142429    0.092186    0.092186 ^ CLK (in)
                                                         CLK (net)
                      0.142439    0.000000    0.092186 ^ clkbuf_0_CLK/A (sky130_fd_sc_hd__clkbuf_16)
    16    0.102249    0.179542    0.333196    0.425381 ^ clkbuf_0_CLK/X (sky130_fd_sc_hd__clkbuf_16)
                                                         clknet_0_CLK (net)
                      0.179557    0.001728    0.427110 ^ clkbuf_4_10_0_CLK/A (sky130_fd_sc_hd__clkbuf_8)
     6    0.017324    0.077315    0.266059    0.693168 ^ clkbuf_4_10_0_CLK/X (sky130_fd_sc_hd__clkbuf_8)
                                                         clknet_4_10_0_CLK (net)
                      0.077315    0.000101    0.693270 ^ _1441_/CLK (sky130_fd_sc_hd__dfrtp_2)
     1    0.001730    0.063384    0.632162    1.325431 ^ _1441_/Q (sky130_fd_sc_hd__dfrtp_2)
                                                         control.reset_n (net)
                      0.063384    0.000006    1.325438 ^ hold143/A (sky130_fd_sc_hd__dlygate4sd3_1)
     2    0.009671    0.184754    1.069371    2.394808 ^ hold143/X (sky130_fd_sc_hd__dlygate4sd3_1)
                                                         net142 (net)
                      0.184754    0.000107    2.394915 ^ fanout79/A (sky130_fd_sc_hd__clkdlybuf4s25_1)
     5    0.027735    0.452444    0.751297    3.146212 ^ fanout79/X (sky130_fd_sc_hd__clkdlybuf4s25_1)
                                                         net79 (net)
                      0.452444    0.000117    3.146329 ^ fanout73/A (sky130_fd_sc_hd__clkdlybuf4s25_1)
     5    0.018445    0.309014    0.747760    3.894090 ^ fanout73/X (sky130_fd_sc_hd__clkdlybuf4s25_1)
                                                         net73 (net)
                      0.309014    0.000040    3.894129 ^ load_slew74/A (sky130_fd_sc_hd__buf_2)
     6    0.030850    0.247548    0.408815    4.302944 ^ load_slew74/X (sky130_fd_sc_hd__buf_2)
                                                         net74 (net)
                      0.247548    0.000746    4.303690 ^ _1461_/RESET_B (sky130_fd_sc_hd__dfrtp_2)
                                              4.303690   data arrival time

                                  0.000000    0.000000   clock CLK (rise edge)
                                  0.000000    0.000000   clock source latency
     1    0.018921    0.142429    0.101889    0.101889 ^ CLK (in)
                                                         CLK (net)
                      0.142439    0.000000    0.101889 ^ clkbuf_0_CLK/A (sky130_fd_sc_hd__clkbuf_16)
    16    0.102249    0.179542    0.368269    0.470158 ^ clkbuf_0_CLK/X (sky130_fd_sc_hd__clkbuf_16)
                                                         clknet_0_CLK (net)
                      0.179543    0.000986    0.471145 ^ clkbuf_4_9_0_CLK/A (sky130_fd_sc_hd__clkbuf_8)
     6    0.016728    0.075957    0.292565    0.763710 ^ clkbuf_4_9_0_CLK/X (sky130_fd_sc_hd__clkbuf_8)
                                                         clknet_4_9_0_CLK (net)
                      0.075957    0.000360    0.764070 ^ _1461_/CLK (sky130_fd_sc_hd__dfrtp_2)
                                  0.250000    1.014070   clock uncertainty
                                 -0.044777    0.969293   clock reconvergence pessimism
                                  0.713634    1.682927   library removal time
                                              1.682927   data required time
---------------------------------------------------------------------------------------------
                                              1.682927   data required time
                                             -4.303690   data arrival time
---------------------------------------------------------------------------------------------
                                              2.620763   slack (MET)


Startpoint: _1441_ (rising edge-triggered flip-flop clocked by CLK)
Endpoint: _1414_ (removal check against rising-edge clock CLK)
Path Group: asynchronous
Path Type: min

Fanout         Cap        Slew       Delay        Time   Description
---------------------------------------------------------------------------------------------
                                  0.000000    0.000000   clock CLK (rise edge)
                                  0.000000    0.000000   clock source latency
     1    0.018921    0.142429    0.092186    0.092186 ^ CLK (in)
                                                         CLK (net)
                      0.142439    0.000000    0.092186 ^ clkbuf_0_CLK/A (sky130_fd_sc_hd__clkbuf_16)
    16    0.102249    0.179542    0.333196    0.425381 ^ clkbuf_0_CLK/X (sky130_fd_sc_hd__clkbuf_16)
                                                         clknet_0_CLK (net)
                      0.179557    0.001728    0.427110 ^ clkbuf_4_10_0_CLK/A (sky130_fd_sc_hd__clkbuf_8)
     6    0.017324    0.077315    0.266059    0.693168 ^ clkbuf_4_10_0_CLK/X (sky130_fd_sc_hd__clkbuf_8)
                                                         clknet_4_10_0_CLK (net)
                      0.077315    0.000101    0.693270 ^ _1441_/CLK (sky130_fd_sc_hd__dfrtp_2)
     1    0.001730    0.063384    0.632162    1.325431 ^ _1441_/Q (sky130_fd_sc_hd__dfrtp_2)
                                                         control.reset_n (net)
                      0.063384    0.000006    1.325438 ^ hold143/A (sky130_fd_sc_hd__dlygate4sd3_1)
     2    0.009671    0.184754    1.069371    2.394808 ^ hold143/X (sky130_fd_sc_hd__dlygate4sd3_1)
                                                         net142 (net)
                      0.184754    0.000107    2.394915 ^ fanout79/A (sky130_fd_sc_hd__clkdlybuf4s25_1)
     5    0.027735    0.452444    0.751297    3.146212 ^ fanout79/X (sky130_fd_sc_hd__clkdlybuf4s25_1)
                                                         net79 (net)
                      0.452444    0.000117    3.146329 ^ fanout73/A (sky130_fd_sc_hd__clkdlybuf4s25_1)
     5    0.018445    0.309014    0.747760    3.894090 ^ fanout73/X (sky130_fd_sc_hd__clkdlybuf4s25_1)
                                                         net73 (net)
                      0.309014    0.000040    3.894129 ^ load_slew74/A (sky130_fd_sc_hd__buf_2)
     6    0.030850    0.247548    0.408815    4.302944 ^ load_slew74/X (sky130_fd_sc_hd__buf_2)
                                                         net74 (net)
                      0.247548    0.000654    4.303597 ^ _1414_/RESET_B (sky130_fd_sc_hd__dfrtp_2)
                                              4.303597   data arrival time

                                  0.000000    0.000000   clock CLK (rise edge)
                                  0.000000    0.000000   clock source latency
     1    0.018921    0.142429    0.101889    0.101889 ^ CLK (in)
                                                         CLK (net)
                      0.142439    0.000000    0.101889 ^ clkbuf_0_CLK/A (sky130_fd_sc_hd__clkbuf_16)
    16    0.102249    0.179542    0.368269    0.470158 ^ clkbuf_0_CLK/X (sky130_fd_sc_hd__clkbuf_16)
                                                         clknet_0_CLK (net)
                      0.179543    0.000986    0.471145 ^ clkbuf_4_9_0_CLK/A (sky130_fd_sc_hd__clkbuf_8)
     6    0.016728    0.075957    0.292565    0.763710 ^ clkbuf_4_9_0_CLK/X (sky130_fd_sc_hd__clkbuf_8)
                                                         clknet_4_9_0_CLK (net)
                      0.075957    0.000059    0.763769 ^ _1414_/CLK (sky130_fd_sc_hd__dfrtp_2)
                                  0.250000    1.013769   clock uncertainty
                                 -0.044777    0.968992   clock reconvergence pessimism
                                  0.713634    1.682626   library removal time
                                              1.682626   data required time
---------------------------------------------------------------------------------------------
                                              1.682626   data required time
                                             -4.303597   data arrival time
---------------------------------------------------------------------------------------------
                                              2.620971   slack (MET)


Startpoint: _1441_ (rising edge-triggered flip-flop clocked by CLK)
Endpoint: _1411_ (removal check against rising-edge clock CLK)
Path Group: asynchronous
Path Type: min

Fanout         Cap        Slew       Delay        Time   Description
---------------------------------------------------------------------------------------------
                                  0.000000    0.000000   clock CLK (rise edge)
                                  0.000000    0.000000   clock source latency
     1    0.018921    0.142429    0.092186    0.092186 ^ CLK (in)
                                                         CLK (net)
                      0.142439    0.000000    0.092186 ^ clkbuf_0_CLK/A (sky130_fd_sc_hd__clkbuf_16)
    16    0.102249    0.179542    0.333196    0.425381 ^ clkbuf_0_CLK/X (sky130_fd_sc_hd__clkbuf_16)
                                                         clknet_0_CLK (net)
                      0.179557    0.001728    0.427110 ^ clkbuf_4_10_0_CLK/A (sky130_fd_sc_hd__clkbuf_8)
     6    0.017324    0.077315    0.266059    0.693168 ^ clkbuf_4_10_0_CLK/X (sky130_fd_sc_hd__clkbuf_8)
                                                         clknet_4_10_0_CLK (net)
                      0.077315    0.000101    0.693270 ^ _1441_/CLK (sky130_fd_sc_hd__dfrtp_2)
     1    0.001730    0.063384    0.632162    1.325431 ^ _1441_/Q (sky130_fd_sc_hd__dfrtp_2)
                                                         control.reset_n (net)
                      0.063384    0.000006    1.325438 ^ hold143/A (sky130_fd_sc_hd__dlygate4sd3_1)
     2    0.009671    0.184754    1.069371    2.394808 ^ hold143/X (sky130_fd_sc_hd__dlygate4sd3_1)
                                                         net142 (net)
                      0.184754    0.000107    2.394915 ^ fanout79/A (sky130_fd_sc_hd__clkdlybuf4s25_1)
     5    0.027735    0.452444    0.751297    3.146212 ^ fanout79/X (sky130_fd_sc_hd__clkdlybuf4s25_1)
                                                         net79 (net)
                      0.452444    0.000117    3.146329 ^ fanout73/A (sky130_fd_sc_hd__clkdlybuf4s25_1)
     5    0.018445    0.309014    0.747760    3.894090 ^ fanout73/X (sky130_fd_sc_hd__clkdlybuf4s25_1)
                                                         net73 (net)
                      0.309014    0.000040    3.894129 ^ load_slew74/A (sky130_fd_sc_hd__buf_2)
     6    0.030850    0.247548    0.408815    4.302944 ^ load_slew74/X (sky130_fd_sc_hd__buf_2)
                                                         net74 (net)
                      0.247549    0.000907    4.303851 ^ _1411_/RESET_B (sky130_fd_sc_hd__dfrtp_2)
                                              4.303851   data arrival time

                                  0.000000    0.000000   clock CLK (rise edge)
                                  0.000000    0.000000   clock source latency
     1    0.018921    0.142429    0.101889    0.101889 ^ CLK (in)
                                                         CLK (net)
                      0.142439    0.000000    0.101889 ^ clkbuf_0_CLK/A (sky130_fd_sc_hd__clkbuf_16)
    16    0.102249    0.179542    0.368269    0.470158 ^ clkbuf_0_CLK/X (sky130_fd_sc_hd__clkbuf_16)
                                                         clknet_0_CLK (net)
                      0.179545    0.001238    0.471396 ^ clkbuf_4_13_0_CLK/A (sky130_fd_sc_hd__clkbuf_8)
     6    0.016133    0.074633    0.291202    0.762599 ^ clkbuf_4_13_0_CLK/X (sky130_fd_sc_hd__clkbuf_8)
                                                         clknet_4_13_0_CLK (net)
                      0.074633    0.000139    0.762738 ^ _1411_/CLK (sky130_fd_sc_hd__dfrtp_2)
                                  0.250000    1.012738   clock uncertainty
                                 -0.044777    0.967961   clock reconvergence pessimism
                                  0.713235    1.681196   library removal time
                                              1.681196   data required time
---------------------------------------------------------------------------------------------
                                              1.681196   data required time
                                             -4.303851   data arrival time
---------------------------------------------------------------------------------------------
                                              2.622655   slack (MET)


Startpoint: _1441_ (rising edge-triggered flip-flop clocked by CLK)
Endpoint: _1409_ (removal check against rising-edge clock CLK)
Path Group: asynchronous
Path Type: min

Fanout         Cap        Slew       Delay        Time   Description
---------------------------------------------------------------------------------------------
                                  0.000000    0.000000   clock CLK (rise edge)
                                  0.000000    0.000000   clock source latency
     1    0.018921    0.142429    0.092186    0.092186 ^ CLK (in)
                                                         CLK (net)
                      0.142439    0.000000    0.092186 ^ clkbuf_0_CLK/A (sky130_fd_sc_hd__clkbuf_16)
    16    0.102249    0.179542    0.333196    0.425381 ^ clkbuf_0_CLK/X (sky130_fd_sc_hd__clkbuf_16)
                                                         clknet_0_CLK (net)
                      0.179557    0.001728    0.427110 ^ clkbuf_4_10_0_CLK/A (sky130_fd_sc_hd__clkbuf_8)
     6    0.017324    0.077315    0.266059    0.693168 ^ clkbuf_4_10_0_CLK/X (sky130_fd_sc_hd__clkbuf_8)
                                                         clknet_4_10_0_CLK (net)
                      0.077315    0.000101    0.693270 ^ _1441_/CLK (sky130_fd_sc_hd__dfrtp_2)
     1    0.001730    0.063384    0.632162    1.325431 ^ _1441_/Q (sky130_fd_sc_hd__dfrtp_2)
                                                         control.reset_n (net)
                      0.063384    0.000006    1.325438 ^ hold143/A (sky130_fd_sc_hd__dlygate4sd3_1)
     2    0.009671    0.184754    1.069371    2.394808 ^ hold143/X (sky130_fd_sc_hd__dlygate4sd3_1)
                                                         net142 (net)
                      0.184754    0.000107    2.394915 ^ fanout79/A (sky130_fd_sc_hd__clkdlybuf4s25_1)
     5    0.027735    0.452444    0.751297    3.146212 ^ fanout79/X (sky130_fd_sc_hd__clkdlybuf4s25_1)
                                                         net79 (net)
                      0.452444    0.000117    3.146329 ^ fanout73/A (sky130_fd_sc_hd__clkdlybuf4s25_1)
     5    0.018445    0.309014    0.747760    3.894090 ^ fanout73/X (sky130_fd_sc_hd__clkdlybuf4s25_1)
                                                         net73 (net)
                      0.309014    0.000040    3.894129 ^ load_slew74/A (sky130_fd_sc_hd__buf_2)
     6    0.030850    0.247548    0.408815    4.302944 ^ load_slew74/X (sky130_fd_sc_hd__buf_2)
                                                         net74 (net)
                      0.247549    0.000910    4.303854 ^ _1409_/RESET_B (sky130_fd_sc_hd__dfrtp_2)
                                              4.303854   data arrival time

                                  0.000000    0.000000   clock CLK (rise edge)
                                  0.000000    0.000000   clock source latency
     1    0.018921    0.142429    0.101889    0.101889 ^ CLK (in)
                                                         CLK (net)
                      0.142439    0.000000    0.101889 ^ clkbuf_0_CLK/A (sky130_fd_sc_hd__clkbuf_16)
    16    0.102249    0.179542    0.368269    0.470158 ^ clkbuf_0_CLK/X (sky130_fd_sc_hd__clkbuf_16)
                                                         clknet_0_CLK (net)
                      0.179545    0.001238    0.471396 ^ clkbuf_4_13_0_CLK/A (sky130_fd_sc_hd__clkbuf_8)
     6    0.016133    0.074633    0.291202    0.762599 ^ clkbuf_4_13_0_CLK/X (sky130_fd_sc_hd__clkbuf_8)
                                                         clknet_4_13_0_CLK (net)
                      0.074633    0.000084    0.762682 ^ _1409_/CLK (sky130_fd_sc_hd__dfrtp_2)
                                  0.250000    1.012682   clock uncertainty
                                 -0.044777    0.967905   clock reconvergence pessimism
                                  0.713235    1.681140   library removal time
                                              1.681140   data required time
---------------------------------------------------------------------------------------------
                                              1.681140   data required time
                                             -4.303854   data arrival time
---------------------------------------------------------------------------------------------
                                              2.622714   slack (MET)


Startpoint: _1441_ (rising edge-triggered flip-flop clocked by CLK)
Endpoint: _1416_ (removal check against rising-edge clock CLK)
Path Group: asynchronous
Path Type: min

Fanout         Cap        Slew       Delay        Time   Description
---------------------------------------------------------------------------------------------
                                  0.000000    0.000000   clock CLK (rise edge)
                                  0.000000    0.000000   clock source latency
     1    0.018921    0.142429    0.092186    0.092186 ^ CLK (in)
                                                         CLK (net)
                      0.142439    0.000000    0.092186 ^ clkbuf_0_CLK/A (sky130_fd_sc_hd__clkbuf_16)
    16    0.102249    0.179542    0.333196    0.425381 ^ clkbuf_0_CLK/X (sky130_fd_sc_hd__clkbuf_16)
                                                         clknet_0_CLK (net)
                      0.179557    0.001728    0.427110 ^ clkbuf_4_10_0_CLK/A (sky130_fd_sc_hd__clkbuf_8)
     6    0.017324    0.077315    0.266059    0.693168 ^ clkbuf_4_10_0_CLK/X (sky130_fd_sc_hd__clkbuf_8)
                                                         clknet_4_10_0_CLK (net)
                      0.077315    0.000101    0.693270 ^ _1441_/CLK (sky130_fd_sc_hd__dfrtp_2)
     1    0.001730    0.063384    0.632162    1.325431 ^ _1441_/Q (sky130_fd_sc_hd__dfrtp_2)
                                                         control.reset_n (net)
                      0.063384    0.000006    1.325438 ^ hold143/A (sky130_fd_sc_hd__dlygate4sd3_1)
     2    0.009671    0.184754    1.069371    2.394808 ^ hold143/X (sky130_fd_sc_hd__dlygate4sd3_1)
                                                         net142 (net)
                      0.184754    0.000256    2.395064 ^ fanout72/A (sky130_fd_sc_hd__clkdlybuf4s25_1)
     8    0.036718    0.591714    0.845389    3.240453 ^ fanout72/X (sky130_fd_sc_hd__clkdlybuf4s25_1)
                                                         net72 (net)
                      0.591714    0.000009    3.240462 ^ fanout70/A (sky130_fd_sc_hd__clkdlybuf4s25_1)
     5    0.017738    0.298096    0.787329    4.027791 ^ fanout70/X (sky130_fd_sc_hd__clkdlybuf4s25_1)
                                                         net70 (net)
                      0.298096    0.000110    4.027901 ^ load_slew71/A (sky130_fd_sc_hd__buf_2)
     6    0.025699    0.209272    0.379015    4.406916 ^ load_slew71/X (sky130_fd_sc_hd__buf_2)
                                                         net71 (net)
                      0.209272    0.000343    4.407259 ^ _1416_/RESET_B (sky130_fd_sc_hd__dfrtp_2)
                                              4.407259   data arrival time

                                  0.000000    0.000000   clock CLK (rise edge)
                                  0.000000    0.000000   clock source latency
     1    0.018921    0.142429    0.101889    0.101889 ^ CLK (in)
                                                         CLK (net)
                      0.142439    0.000000    0.101889 ^ clkbuf_0_CLK/A (sky130_fd_sc_hd__clkbuf_16)
    16    0.102249    0.179542    0.368269    0.470158 ^ clkbuf_0_CLK/X (sky130_fd_sc_hd__clkbuf_16)
                                                         clknet_0_CLK (net)
                      0.179569    0.002363    0.472521 ^ clkbuf_4_2_0_CLK/A (sky130_fd_sc_hd__clkbuf_8)
     6    0.018780    0.080637    0.297539    0.770061 ^ clkbuf_4_2_0_CLK/X (sky130_fd_sc_hd__clkbuf_8)
                                                         clknet_4_2_0_CLK (net)
                      0.080637    0.000183    0.770243 ^ _1416_/CLK (sky130_fd_sc_hd__dfrtp_2)
                                  0.250000    1.020244   clock uncertainty
                                 -0.044777    0.975466   clock reconvergence pessimism
                                  0.703311    1.678777   library removal time
                                              1.678777   data required time
---------------------------------------------------------------------------------------------
                                              1.678777   data required time
                                             -4.407259   data arrival time
---------------------------------------------------------------------------------------------
                                              2.728482   slack (MET)


Startpoint: _1441_ (rising edge-triggered flip-flop clocked by CLK)
Endpoint: _1418_ (removal check against rising-edge clock CLK)
Path Group: asynchronous
Path Type: min

Fanout         Cap        Slew       Delay        Time   Description
---------------------------------------------------------------------------------------------
                                  0.000000    0.000000   clock CLK (rise edge)
                                  0.000000    0.000000   clock source latency
     1    0.018921    0.142429    0.092186    0.092186 ^ CLK (in)
                                                         CLK (net)
                      0.142439    0.000000    0.092186 ^ clkbuf_0_CLK/A (sky130_fd_sc_hd__clkbuf_16)
    16    0.102249    0.179542    0.333196    0.425381 ^ clkbuf_0_CLK/X (sky130_fd_sc_hd__clkbuf_16)
                                                         clknet_0_CLK (net)
                      0.179557    0.001728    0.427110 ^ clkbuf_4_10_0_CLK/A (sky130_fd_sc_hd__clkbuf_8)
     6    0.017324    0.077315    0.266059    0.693168 ^ clkbuf_4_10_0_CLK/X (sky130_fd_sc_hd__clkbuf_8)
                                                         clknet_4_10_0_CLK (net)
                      0.077315    0.000101    0.693270 ^ _1441_/CLK (sky130_fd_sc_hd__dfrtp_2)
     1    0.001730    0.063384    0.632162    1.325431 ^ _1441_/Q (sky130_fd_sc_hd__dfrtp_2)
                                                         control.reset_n (net)
                      0.063384    0.000006    1.325438 ^ hold143/A (sky130_fd_sc_hd__dlygate4sd3_1)
     2    0.009671    0.184754    1.069371    2.394808 ^ hold143/X (sky130_fd_sc_hd__dlygate4sd3_1)
                                                         net142 (net)
                      0.184754    0.000256    2.395064 ^ fanout72/A (sky130_fd_sc_hd__clkdlybuf4s25_1)
     8    0.036718    0.591714    0.845389    3.240453 ^ fanout72/X (sky130_fd_sc_hd__clkdlybuf4s25_1)
                                                         net72 (net)
                      0.591714    0.000009    3.240462 ^ fanout70/A (sky130_fd_sc_hd__clkdlybuf4s25_1)
     5    0.017738    0.298096    0.787329    4.027791 ^ fanout70/X (sky130_fd_sc_hd__clkdlybuf4s25_1)
                                                         net70 (net)
                      0.298096    0.000110    4.027901 ^ load_slew71/A (sky130_fd_sc_hd__buf_2)
     6    0.025699    0.209272    0.379015    4.406916 ^ load_slew71/X (sky130_fd_sc_hd__buf_2)
                                                         net71 (net)
                      0.209272    0.000615    4.407531 ^ _1418_/RESET_B (sky130_fd_sc_hd__dfrtp_2)
                                              4.407531   data arrival time

                                  0.000000    0.000000   clock CLK (rise edge)
                                  0.000000    0.000000   clock source latency
     1    0.018921    0.142429    0.101889    0.101889 ^ CLK (in)
                                                         CLK (net)
                      0.142439    0.000000    0.101889 ^ clkbuf_0_CLK/A (sky130_fd_sc_hd__clkbuf_16)
    16    0.102249    0.179542    0.368269    0.470158 ^ clkbuf_0_CLK/X (sky130_fd_sc_hd__clkbuf_16)
                                                         clknet_0_CLK (net)
                      0.179567    0.002296    0.472454 ^ clkbuf_4_3_0_CLK/A (sky130_fd_sc_hd__clkbuf_8)
     6    0.017765    0.078316    0.295115    0.767569 ^ clkbuf_4_3_0_CLK/X (sky130_fd_sc_hd__clkbuf_8)
                                                         clknet_4_3_0_CLK (net)
                      0.078316    0.000084    0.767653 ^ _1418_/CLK (sky130_fd_sc_hd__dfrtp_2)
                                  0.250000    1.017653   clock uncertainty
                                 -0.044777    0.972876   clock reconvergence pessimism
                                  0.702612    1.675488   library removal time
                                              1.675488   data required time
---------------------------------------------------------------------------------------------
                                              1.675488   data required time
                                             -4.407531   data arrival time
---------------------------------------------------------------------------------------------
                                              2.732044   slack (MET)


Startpoint: _1441_ (rising edge-triggered flip-flop clocked by CLK)
Endpoint: _1417_ (removal check against rising-edge clock CLK)
Path Group: asynchronous
Path Type: min

Fanout         Cap        Slew       Delay        Time   Description
---------------------------------------------------------------------------------------------
                                  0.000000    0.000000   clock CLK (rise edge)
                                  0.000000    0.000000   clock source latency
     1    0.018921    0.142429    0.092186    0.092186 ^ CLK (in)
                                                         CLK (net)
                      0.142439    0.000000    0.092186 ^ clkbuf_0_CLK/A (sky130_fd_sc_hd__clkbuf_16)
    16    0.102249    0.179542    0.333196    0.425381 ^ clkbuf_0_CLK/X (sky130_fd_sc_hd__clkbuf_16)
                                                         clknet_0_CLK (net)
                      0.179557    0.001728    0.427110 ^ clkbuf_4_10_0_CLK/A (sky130_fd_sc_hd__clkbuf_8)
     6    0.017324    0.077315    0.266059    0.693168 ^ clkbuf_4_10_0_CLK/X (sky130_fd_sc_hd__clkbuf_8)
                                                         clknet_4_10_0_CLK (net)
                      0.077315    0.000101    0.693270 ^ _1441_/CLK (sky130_fd_sc_hd__dfrtp_2)
     1    0.001730    0.063384    0.632162    1.325431 ^ _1441_/Q (sky130_fd_sc_hd__dfrtp_2)
                                                         control.reset_n (net)
                      0.063384    0.000006    1.325438 ^ hold143/A (sky130_fd_sc_hd__dlygate4sd3_1)
     2    0.009671    0.184754    1.069371    2.394808 ^ hold143/X (sky130_fd_sc_hd__dlygate4sd3_1)
                                                         net142 (net)
                      0.184754    0.000256    2.395064 ^ fanout72/A (sky130_fd_sc_hd__clkdlybuf4s25_1)
     8    0.036718    0.591714    0.845389    3.240453 ^ fanout72/X (sky130_fd_sc_hd__clkdlybuf4s25_1)
                                                         net72 (net)
                      0.591714    0.000009    3.240462 ^ fanout70/A (sky130_fd_sc_hd__clkdlybuf4s25_1)
     5    0.017738    0.298096    0.787329    4.027791 ^ fanout70/X (sky130_fd_sc_hd__clkdlybuf4s25_1)
                                                         net70 (net)
                      0.298096    0.000110    4.027901 ^ load_slew71/A (sky130_fd_sc_hd__buf_2)
     6    0.025699    0.209272    0.379015    4.406916 ^ load_slew71/X (sky130_fd_sc_hd__buf_2)
                                                         net71 (net)
                      0.209272    0.000615    4.407531 ^ _1417_/RESET_B (sky130_fd_sc_hd__dfrtp_2)
                                              4.407531   data arrival time

                                  0.000000    0.000000   clock CLK (rise edge)
                                  0.000000    0.000000   clock source latency
     1    0.018921    0.142429    0.101889    0.101889 ^ CLK (in)
                                                         CLK (net)
                      0.142439    0.000000    0.101889 ^ clkbuf_0_CLK/A (sky130_fd_sc_hd__clkbuf_16)
    16    0.102249    0.179542    0.368269    0.470158 ^ clkbuf_0_CLK/X (sky130_fd_sc_hd__clkbuf_16)
                                                         clknet_0_CLK (net)
                      0.179570    0.002396    0.472555 ^ clkbuf_4_4_0_CLK/A (sky130_fd_sc_hd__clkbuf_8)
     6    0.017565    0.077862    0.294639    0.767194 ^ clkbuf_4_4_0_CLK/X (sky130_fd_sc_hd__clkbuf_8)
                                                         clknet_4_4_0_CLK (net)
                      0.077862    0.000220    0.767414 ^ _1417_/CLK (sky130_fd_sc_hd__dfrtp_2)
                                  0.250000    1.017414   clock uncertainty
                                 -0.044777    0.972637   clock reconvergence pessimism
                                  0.702475    1.675112   library removal time
                                              1.675112   data required time
---------------------------------------------------------------------------------------------
                                              1.675112   data required time
                                             -4.407531   data arrival time
---------------------------------------------------------------------------------------------
                                              2.732419   slack (MET)


Startpoint: _1441_ (rising edge-triggered flip-flop clocked by CLK)
Endpoint: _1459_ (removal check against rising-edge clock CLK)
Path Group: asynchronous
Path Type: min

Fanout         Cap        Slew       Delay        Time   Description
---------------------------------------------------------------------------------------------
                                  0.000000    0.000000   clock CLK (rise edge)
                                  0.000000    0.000000   clock source latency
     1    0.018921    0.142429    0.092186    0.092186 ^ CLK (in)
                                                         CLK (net)
                      0.142439    0.000000    0.092186 ^ clkbuf_0_CLK/A (sky130_fd_sc_hd__clkbuf_16)
    16    0.102249    0.179542    0.333196    0.425381 ^ clkbuf_0_CLK/X (sky130_fd_sc_hd__clkbuf_16)
                                                         clknet_0_CLK (net)
                      0.179557    0.001728    0.427110 ^ clkbuf_4_10_0_CLK/A (sky130_fd_sc_hd__clkbuf_8)
     6    0.017324    0.077315    0.266059    0.693168 ^ clkbuf_4_10_0_CLK/X (sky130_fd_sc_hd__clkbuf_8)
                                                         clknet_4_10_0_CLK (net)
                      0.077315    0.000101    0.693270 ^ _1441_/CLK (sky130_fd_sc_hd__dfrtp_2)
     1    0.001730    0.063384    0.632162    1.325431 ^ _1441_/Q (sky130_fd_sc_hd__dfrtp_2)
                                                         control.reset_n (net)
                      0.063384    0.000006    1.325438 ^ hold143/A (sky130_fd_sc_hd__dlygate4sd3_1)
     2    0.009671    0.184754    1.069371    2.394808 ^ hold143/X (sky130_fd_sc_hd__dlygate4sd3_1)
                                                         net142 (net)
                      0.184754    0.000256    2.395064 ^ fanout72/A (sky130_fd_sc_hd__clkdlybuf4s25_1)
     8    0.036718    0.591714    0.845389    3.240453 ^ fanout72/X (sky130_fd_sc_hd__clkdlybuf4s25_1)
                                                         net72 (net)
                      0.591714    0.000009    3.240462 ^ fanout70/A (sky130_fd_sc_hd__clkdlybuf4s25_1)
     5    0.017738    0.298096    0.787329    4.027791 ^ fanout70/X (sky130_fd_sc_hd__clkdlybuf4s25_1)
                                                         net70 (net)
                      0.298096    0.000110    4.027901 ^ load_slew71/A (sky130_fd_sc_hd__buf_2)
     6    0.025699    0.209272    0.379015    4.406916 ^ load_slew71/X (sky130_fd_sc_hd__buf_2)
                                                         net71 (net)
                      0.209272    0.000473    4.407389 ^ _1459_/RESET_B (sky130_fd_sc_hd__dfrtp_2)
                                              4.407389   data arrival time

                                  0.000000    0.000000   clock CLK (rise edge)
                                  0.000000    0.000000   clock source latency
     1    0.018921    0.142429    0.101889    0.101889 ^ CLK (in)
                                                         CLK (net)
                      0.142439    0.000000    0.101889 ^ clkbuf_0_CLK/A (sky130_fd_sc_hd__clkbuf_16)
    16    0.102249    0.179542    0.368269    0.470158 ^ clkbuf_0_CLK/X (sky130_fd_sc_hd__clkbuf_16)
                                                         clknet_0_CLK (net)
                      0.179543    0.000986    0.471145 ^ clkbuf_4_9_0_CLK/A (sky130_fd_sc_hd__clkbuf_8)
     6    0.016728    0.075957    0.292565    0.763710 ^ clkbuf_4_9_0_CLK/X (sky130_fd_sc_hd__clkbuf_8)
                                                         clknet_4_9_0_CLK (net)
                      0.075958    0.000411    0.764121 ^ _1459_/CLK (sky130_fd_sc_hd__dfrtp_2)
                                  0.250000    1.014121   clock uncertainty
                                 -0.044777    0.969344   clock reconvergence pessimism
                                  0.701901    1.671246   library removal time
                                              1.671246   data required time
---------------------------------------------------------------------------------------------
                                              1.671246   data required time
                                             -4.407389   data arrival time
---------------------------------------------------------------------------------------------
                                              2.736143   slack (MET)


Startpoint: _1441_ (rising edge-triggered flip-flop clocked by CLK)
Endpoint: _1460_ (removal check against rising-edge clock CLK)
Path Group: asynchronous
Path Type: min

Fanout         Cap        Slew       Delay        Time   Description
---------------------------------------------------------------------------------------------
                                  0.000000    0.000000   clock CLK (rise edge)
                                  0.000000    0.000000   clock source latency
     1    0.018921    0.142429    0.092186    0.092186 ^ CLK (in)
                                                         CLK (net)
                      0.142439    0.000000    0.092186 ^ clkbuf_0_CLK/A (sky130_fd_sc_hd__clkbuf_16)
    16    0.102249    0.179542    0.333196    0.425381 ^ clkbuf_0_CLK/X (sky130_fd_sc_hd__clkbuf_16)
                                                         clknet_0_CLK (net)
                      0.179557    0.001728    0.427110 ^ clkbuf_4_10_0_CLK/A (sky130_fd_sc_hd__clkbuf_8)
     6    0.017324    0.077315    0.266059    0.693168 ^ clkbuf_4_10_0_CLK/X (sky130_fd_sc_hd__clkbuf_8)
                                                         clknet_4_10_0_CLK (net)
                      0.077315    0.000101    0.693270 ^ _1441_/CLK (sky130_fd_sc_hd__dfrtp_2)
     1    0.001730    0.063384    0.632162    1.325431 ^ _1441_/Q (sky130_fd_sc_hd__dfrtp_2)
                                                         control.reset_n (net)
                      0.063384    0.000006    1.325438 ^ hold143/A (sky130_fd_sc_hd__dlygate4sd3_1)
     2    0.009671    0.184754    1.069371    2.394808 ^ hold143/X (sky130_fd_sc_hd__dlygate4sd3_1)
                                                         net142 (net)
                      0.184754    0.000256    2.395064 ^ fanout72/A (sky130_fd_sc_hd__clkdlybuf4s25_1)
     8    0.036718    0.591714    0.845389    3.240453 ^ fanout72/X (sky130_fd_sc_hd__clkdlybuf4s25_1)
                                                         net72 (net)
                      0.591714    0.000009    3.240462 ^ fanout70/A (sky130_fd_sc_hd__clkdlybuf4s25_1)
     5    0.017738    0.298096    0.787329    4.027791 ^ fanout70/X (sky130_fd_sc_hd__clkdlybuf4s25_1)
                                                         net70 (net)
                      0.298096    0.000110    4.027901 ^ load_slew71/A (sky130_fd_sc_hd__buf_2)
     6    0.025699    0.209272    0.379015    4.406916 ^ load_slew71/X (sky130_fd_sc_hd__buf_2)
                                                         net71 (net)
                      0.209272    0.000560    4.407477 ^ _1460_/RESET_B (sky130_fd_sc_hd__dfrtp_2)
                                              4.407477   data arrival time

                                  0.000000    0.000000   clock CLK (rise edge)
                                  0.000000    0.000000   clock source latency
     1    0.018921    0.142429    0.101889    0.101889 ^ CLK (in)
                                                         CLK (net)
                      0.142439    0.000000    0.101889 ^ clkbuf_0_CLK/A (sky130_fd_sc_hd__clkbuf_16)
    16    0.102249    0.179542    0.368269    0.470158 ^ clkbuf_0_CLK/X (sky130_fd_sc_hd__clkbuf_16)
                                                         clknet_0_CLK (net)
                      0.179543    0.000986    0.471145 ^ clkbuf_4_9_0_CLK/A (sky130_fd_sc_hd__clkbuf_8)
     6    0.016728    0.075957    0.292565    0.763710 ^ clkbuf_4_9_0_CLK/X (sky130_fd_sc_hd__clkbuf_8)
                                                         clknet_4_9_0_CLK (net)
                      0.075958    0.000386    0.764096 ^ _1460_/CLK (sky130_fd_sc_hd__dfrtp_2)
                                  0.250000    1.014096   clock uncertainty
                                 -0.044777    0.969319   clock reconvergence pessimism
                                  0.701901    1.671221   library removal time
                                              1.671221   data required time
---------------------------------------------------------------------------------------------
                                              1.671221   data required time
                                             -4.407477   data arrival time
---------------------------------------------------------------------------------------------
                                              2.736256   slack (MET)


Startpoint: _1441_ (rising edge-triggered flip-flop clocked by CLK)
Endpoint: _1437_ (removal check against rising-edge clock CLK)
Path Group: asynchronous
Path Type: min

Fanout         Cap        Slew       Delay        Time   Description
---------------------------------------------------------------------------------------------
                                  0.000000    0.000000   clock CLK (rise edge)
                                  0.000000    0.000000   clock source latency
     1    0.018921    0.142429    0.092186    0.092186 ^ CLK (in)
                                                         CLK (net)
                      0.142439    0.000000    0.092186 ^ clkbuf_0_CLK/A (sky130_fd_sc_hd__clkbuf_16)
    16    0.102249    0.179542    0.333196    0.425381 ^ clkbuf_0_CLK/X (sky130_fd_sc_hd__clkbuf_16)
                                                         clknet_0_CLK (net)
                      0.179557    0.001728    0.427110 ^ clkbuf_4_10_0_CLK/A (sky130_fd_sc_hd__clkbuf_8)
     6    0.017324    0.077315    0.266059    0.693168 ^ clkbuf_4_10_0_CLK/X (sky130_fd_sc_hd__clkbuf_8)
                                                         clknet_4_10_0_CLK (net)
                      0.077315    0.000101    0.693270 ^ _1441_/CLK (sky130_fd_sc_hd__dfrtp_2)
     1    0.001730    0.063384    0.632162    1.325431 ^ _1441_/Q (sky130_fd_sc_hd__dfrtp_2)
                                                         control.reset_n (net)
                      0.063384    0.000006    1.325438 ^ hold143/A (sky130_fd_sc_hd__dlygate4sd3_1)
     2    0.009671    0.184754    1.069371    2.394808 ^ hold143/X (sky130_fd_sc_hd__dlygate4sd3_1)
                                                         net142 (net)
                      0.184754    0.000256    2.395064 ^ fanout72/A (sky130_fd_sc_hd__clkdlybuf4s25_1)
     8    0.036718    0.591714    0.845389    3.240453 ^ fanout72/X (sky130_fd_sc_hd__clkdlybuf4s25_1)
                                                         net72 (net)
                      0.591714    0.000009    3.240462 ^ fanout70/A (sky130_fd_sc_hd__clkdlybuf4s25_1)
     5    0.017738    0.298096    0.787329    4.027791 ^ fanout70/X (sky130_fd_sc_hd__clkdlybuf4s25_1)
                                                         net70 (net)
                      0.298096    0.000110    4.027901 ^ load_slew71/A (sky130_fd_sc_hd__buf_2)
     6    0.025699    0.209272    0.379015    4.406916 ^ load_slew71/X (sky130_fd_sc_hd__buf_2)
                                                         net71 (net)
                      0.209272    0.000119    4.407035 ^ _1437_/RESET_B (sky130_fd_sc_hd__dfrtp_2)
                                              4.407035   data arrival time

                                  0.000000    0.000000   clock CLK (rise edge)
                                  0.000000    0.000000   clock source latency
     1    0.018921    0.142429    0.101889    0.101889 ^ CLK (in)
                                                         CLK (net)
                      0.142439    0.000000    0.101889 ^ clkbuf_0_CLK/A (sky130_fd_sc_hd__clkbuf_16)
    16    0.102249    0.179542    0.368269    0.470158 ^ clkbuf_0_CLK/X (sky130_fd_sc_hd__clkbuf_16)
                                                         clknet_0_CLK (net)
                      0.179543    0.001033    0.471191 ^ clkbuf_4_8_0_CLK/A (sky130_fd_sc_hd__clkbuf_8)
     5    0.013699    0.069341    0.285372    0.756563 ^ clkbuf_4_8_0_CLK/X (sky130_fd_sc_hd__clkbuf_8)
                                                         clknet_4_8_0_CLK (net)
                      0.069341    0.000144    0.756707 ^ _1437_/CLK (sky130_fd_sc_hd__dfrtp_2)
                                  0.250000    1.006707   clock uncertainty
                                 -0.044777    0.961930   clock reconvergence pessimism
                                  0.699908    1.661838   library removal time
                                              1.661838   data required time
---------------------------------------------------------------------------------------------
                                              1.661838   data required time
                                             -4.407035   data arrival time
---------------------------------------------------------------------------------------------
                                              2.745197   slack (MET)


Startpoint: _1441_ (rising edge-triggered flip-flop clocked by CLK)
Endpoint: _1436_ (removal check against rising-edge clock CLK)
Path Group: asynchronous
Path Type: min

Fanout         Cap        Slew       Delay        Time   Description
---------------------------------------------------------------------------------------------
                                  0.000000    0.000000   clock CLK (rise edge)
                                  0.000000    0.000000   clock source latency
     1    0.018921    0.142429    0.092186    0.092186 ^ CLK (in)
                                                         CLK (net)
                      0.142439    0.000000    0.092186 ^ clkbuf_0_CLK/A (sky130_fd_sc_hd__clkbuf_16)
    16    0.102249    0.179542    0.333196    0.425381 ^ clkbuf_0_CLK/X (sky130_fd_sc_hd__clkbuf_16)
                                                         clknet_0_CLK (net)
                      0.179557    0.001728    0.427110 ^ clkbuf_4_10_0_CLK/A (sky130_fd_sc_hd__clkbuf_8)
     6    0.017324    0.077315    0.266059    0.693168 ^ clkbuf_4_10_0_CLK/X (sky130_fd_sc_hd__clkbuf_8)
                                                         clknet_4_10_0_CLK (net)
                      0.077315    0.000101    0.693270 ^ _1441_/CLK (sky130_fd_sc_hd__dfrtp_2)
     1    0.001730    0.063384    0.632162    1.325431 ^ _1441_/Q (sky130_fd_sc_hd__dfrtp_2)
                                                         control.reset_n (net)
                      0.063384    0.000006    1.325438 ^ hold143/A (sky130_fd_sc_hd__dlygate4sd3_1)
     2    0.009671    0.184754    1.069371    2.394808 ^ hold143/X (sky130_fd_sc_hd__dlygate4sd3_1)
                                                         net142 (net)
                      0.184754    0.000256    2.395064 ^ fanout72/A (sky130_fd_sc_hd__clkdlybuf4s25_1)
     8    0.036718    0.591714    0.845389    3.240453 ^ fanout72/X (sky130_fd_sc_hd__clkdlybuf4s25_1)
                                                         net72 (net)
                      0.591714    0.000009    3.240462 ^ fanout70/A (sky130_fd_sc_hd__clkdlybuf4s25_1)
     5    0.017738    0.298096    0.787329    4.027791 ^ fanout70/X (sky130_fd_sc_hd__clkdlybuf4s25_1)
                                                         net70 (net)
                      0.298096    0.000183    4.027975 ^ _1436_/SET_B (sky130_fd_sc_hd__dfstp_2)
                                              4.027975   data arrival time

                                  0.000000    0.000000   clock CLK (rise edge)
                                  0.000000    0.000000   clock source latency
     1    0.018921    0.142429    0.101889    0.101889 ^ CLK (in)
                                                         CLK (net)
                      0.142439    0.000000    0.101889 ^ clkbuf_0_CLK/A (sky130_fd_sc_hd__clkbuf_16)
    16    0.102249    0.179542    0.368269    0.470158 ^ clkbuf_0_CLK/X (sky130_fd_sc_hd__clkbuf_16)
                                                         clknet_0_CLK (net)
                      0.179543    0.001033    0.471191 ^ clkbuf_4_8_0_CLK/A (sky130_fd_sc_hd__clkbuf_8)
     5    0.013699    0.069341    0.285372    0.756563 ^ clkbuf_4_8_0_CLK/X (sky130_fd_sc_hd__clkbuf_8)
                                                         clknet_4_8_0_CLK (net)
                      0.069365    0.000185    0.756748 ^ _1436_/CLK (sky130_fd_sc_hd__dfstp_2)
                                  0.250000    1.006748   clock uncertainty
                                 -0.044777    0.961971   clock reconvergence pessimism
                                  0.276880    1.238851   library removal time
                                              1.238851   data required time
---------------------------------------------------------------------------------------------
                                              1.238851   data required time
                                             -4.027975   data arrival time
---------------------------------------------------------------------------------------------
                                              2.789123   slack (MET)


Startpoint: RESET_N (input port clocked by CLK)
Endpoint: _1441_ (removal check against rising-edge clock CLK)
Path Group: asynchronous
Path Type: min

Fanout         Cap        Slew       Delay        Time   Description
---------------------------------------------------------------------------------------------
                                  0.000000    0.000000   clock CLK (rise edge)
                                  0.000000    0.000000   clock network delay (propagated)
                                  4.000000    4.000000 ^ input external delay
     1    0.004815    0.045923    0.025087    4.025087 ^ RESET_N (in)
                                                         RESET_N (net)
                      0.045923    0.000000    4.025087 ^ input19/A (sky130_fd_sc_hd__clkdlybuf4s25_1)
     8    0.021292    0.352651    0.624978    4.650065 ^ input19/X (sky130_fd_sc_hd__clkdlybuf4s25_1)
                                                         net19 (net)
                      0.352651    0.000448    4.650513 ^ _1441_/RESET_B (sky130_fd_sc_hd__dfrtp_2)
                                              4.650513   data arrival time

                                  0.000000    0.000000   clock CLK (rise edge)
                                  0.000000    0.000000   clock source latency
     1    0.018921    0.142429    0.101889    0.101889 ^ CLK (in)
                                                         CLK (net)
                      0.142439    0.000000    0.101889 ^ clkbuf_0_CLK/A (sky130_fd_sc_hd__clkbuf_16)
    16    0.102249    0.179542    0.368269    0.470158 ^ clkbuf_0_CLK/X (sky130_fd_sc_hd__clkbuf_16)
                                                         clknet_0_CLK (net)
                      0.179557    0.001910    0.472069 ^ clkbuf_4_10_0_CLK/A (sky130_fd_sc_hd__clkbuf_8)
     6    0.017324    0.077315    0.294065    0.766133 ^ clkbuf_4_10_0_CLK/X (sky130_fd_sc_hd__clkbuf_8)
                                                         clknet_4_10_0_CLK (net)
                      0.077315    0.000112    0.766246 ^ _1441_/CLK (sky130_fd_sc_hd__dfrtp_2)
                                  0.250000    1.016246   clock uncertainty
                                  0.000000    1.016246   clock reconvergence pessimism
                                  0.746258    1.762503   library removal time
                                              1.762503   data required time
---------------------------------------------------------------------------------------------
                                              1.762503   data required time
                                             -4.650513   data arrival time
---------------------------------------------------------------------------------------------
                                              2.888010   slack (MET)


Startpoint: RESET_N (input port clocked by CLK)
Endpoint: _1440_ (removal check against rising-edge clock CLK)
Path Group: asynchronous
Path Type: min

Fanout         Cap        Slew       Delay        Time   Description
---------------------------------------------------------------------------------------------
                                  0.000000    0.000000   clock CLK (rise edge)
                                  0.000000    0.000000   clock network delay (propagated)
                                  4.000000    4.000000 ^ input external delay
     1    0.004815    0.045923    0.025087    4.025087 ^ RESET_N (in)
                                                         RESET_N (net)
                      0.045923    0.000000    4.025087 ^ input19/A (sky130_fd_sc_hd__clkdlybuf4s25_1)
     8    0.021292    0.352651    0.624978    4.650065 ^ input19/X (sky130_fd_sc_hd__clkdlybuf4s25_1)
                                                         net19 (net)
                      0.352651    0.000478    4.650543 ^ _1440_/RESET_B (sky130_fd_sc_hd__dfrtp_2)
                                              4.650543   data arrival time

                                  0.000000    0.000000   clock CLK (rise edge)
                                  0.000000    0.000000   clock source latency
     1    0.018921    0.142429    0.101889    0.101889 ^ CLK (in)
                                                         CLK (net)
                      0.142439    0.000000    0.101889 ^ clkbuf_0_CLK/A (sky130_fd_sc_hd__clkbuf_16)
    16    0.102249    0.179542    0.368269    0.470158 ^ clkbuf_0_CLK/X (sky130_fd_sc_hd__clkbuf_16)
                                                         clknet_0_CLK (net)
                      0.179557    0.001910    0.472069 ^ clkbuf_4_10_0_CLK/A (sky130_fd_sc_hd__clkbuf_8)
     6    0.017324    0.077315    0.294065    0.766133 ^ clkbuf_4_10_0_CLK/X (sky130_fd_sc_hd__clkbuf_8)
                                                         clknet_4_10_0_CLK (net)
                      0.077315    0.000134    0.766268 ^ _1440_/CLK (sky130_fd_sc_hd__dfrtp_2)
                                  0.250000    1.016268   clock uncertainty
                                  0.000000    1.016268   clock reconvergence pessimism
                                  0.746258    1.762526   library removal time
                                              1.762526   data required time
---------------------------------------------------------------------------------------------
                                              1.762526   data required time
                                             -4.650543   data arrival time
---------------------------------------------------------------------------------------------
                                              2.888017   slack (MET)


Startpoint: _1441_ (rising edge-triggered flip-flop clocked by CLK)
Endpoint: _1432_ (removal check against rising-edge clock CLK)
Path Group: asynchronous
Path Type: min

Fanout         Cap        Slew       Delay        Time   Description
---------------------------------------------------------------------------------------------
                                  0.000000    0.000000   clock CLK (rise edge)
                                  0.000000    0.000000   clock source latency
     1    0.018921    0.142429    0.092186    0.092186 ^ CLK (in)
                                                         CLK (net)
                      0.142439    0.000000    0.092186 ^ clkbuf_0_CLK/A (sky130_fd_sc_hd__clkbuf_16)
    16    0.102249    0.179542    0.333196    0.425381 ^ clkbuf_0_CLK/X (sky130_fd_sc_hd__clkbuf_16)
                                                         clknet_0_CLK (net)
                      0.179557    0.001728    0.427110 ^ clkbuf_4_10_0_CLK/A (sky130_fd_sc_hd__clkbuf_8)
     6    0.017324    0.077315    0.266059    0.693168 ^ clkbuf_4_10_0_CLK/X (sky130_fd_sc_hd__clkbuf_8)
                                                         clknet_4_10_0_CLK (net)
                      0.077315    0.000101    0.693270 ^ _1441_/CLK (sky130_fd_sc_hd__dfrtp_2)
     1    0.001730    0.063384    0.632162    1.325431 ^ _1441_/Q (sky130_fd_sc_hd__dfrtp_2)
                                                         control.reset_n (net)
                      0.063384    0.000006    1.325438 ^ hold143/A (sky130_fd_sc_hd__dlygate4sd3_1)
     2    0.009671    0.184754    1.069371    2.394808 ^ hold143/X (sky130_fd_sc_hd__dlygate4sd3_1)
                                                         net142 (net)
                      0.184754    0.000256    2.395064 ^ fanout72/A (sky130_fd_sc_hd__clkdlybuf4s25_1)
     8    0.036718    0.591714    0.845389    3.240453 ^ fanout72/X (sky130_fd_sc_hd__clkdlybuf4s25_1)
                                                         net72 (net)
                      0.591714    0.000350    3.240802 ^ fanout69/A (sky130_fd_sc_hd__clkdlybuf4s25_1)
     8    0.037104    0.598221    0.990317    4.231120 ^ fanout69/X (sky130_fd_sc_hd__clkdlybuf4s25_1)
                                                         net69 (net)
                      0.598221    0.000836    4.231956 ^ fanout67/A (sky130_fd_sc_hd__clkdlybuf4s25_1)
     3    0.015342    0.261191    0.764246    4.996202 ^ fanout67/X (sky130_fd_sc_hd__clkdlybuf4s25_1)
                                                         net67 (net)
                      0.261191    0.000509    4.996710 ^ _1432_/RESET_B (sky130_fd_sc_hd__dfrtp_2)
                                              4.996710   data arrival time

                                  0.000000    0.000000   clock CLK (rise edge)
                                  0.000000    0.000000   clock source latency
     1    0.018921    0.142429    0.101889    0.101889 ^ CLK (in)
                                                         CLK (net)
                      0.142439    0.000000    0.101889 ^ clkbuf_0_CLK/A (sky130_fd_sc_hd__clkbuf_16)
    16    0.102249    0.179542    0.368269    0.470158 ^ clkbuf_0_CLK/X (sky130_fd_sc_hd__clkbuf_16)
                                                         clknet_0_CLK (net)
                      0.179571    0.002443    0.472601 ^ clkbuf_4_5_0_CLK/A (sky130_fd_sc_hd__clkbuf_8)
     6    0.016758    0.076022    0.292736    0.765337 ^ clkbuf_4_5_0_CLK/X (sky130_fd_sc_hd__clkbuf_8)
                                                         clknet_4_5_0_CLK (net)
                      0.076022    0.000097    0.765434 ^ _1432_/CLK (sky130_fd_sc_hd__dfrtp_2)
                                  0.250000    1.015434   clock uncertainty
                                 -0.044777    0.970657   clock reconvergence pessimism
                                  0.717835    1.688492   library removal time
                                              1.688492   data required time
---------------------------------------------------------------------------------------------
                                              1.688492   data required time
                                             -4.996710   data arrival time
---------------------------------------------------------------------------------------------
                                              3.308218   slack (MET)


Startpoint: _1441_ (rising edge-triggered flip-flop clocked by CLK)
Endpoint: _1449_ (removal check against rising-edge clock CLK)
Path Group: asynchronous
Path Type: min

Fanout         Cap        Slew       Delay        Time   Description
---------------------------------------------------------------------------------------------
                                  0.000000    0.000000   clock CLK (rise edge)
                                  0.000000    0.000000   clock source latency
     1    0.018921    0.142429    0.092186    0.092186 ^ CLK (in)
                                                         CLK (net)
                      0.142439    0.000000    0.092186 ^ clkbuf_0_CLK/A (sky130_fd_sc_hd__clkbuf_16)
    16    0.102249    0.179542    0.333196    0.425381 ^ clkbuf_0_CLK/X (sky130_fd_sc_hd__clkbuf_16)
                                                         clknet_0_CLK (net)
                      0.179557    0.001728    0.427110 ^ clkbuf_4_10_0_CLK/A (sky130_fd_sc_hd__clkbuf_8)
     6    0.017324    0.077315    0.266059    0.693168 ^ clkbuf_4_10_0_CLK/X (sky130_fd_sc_hd__clkbuf_8)
                                                         clknet_4_10_0_CLK (net)
                      0.077315    0.000101    0.693270 ^ _1441_/CLK (sky130_fd_sc_hd__dfrtp_2)
     1    0.001730    0.063384    0.632162    1.325431 ^ _1441_/Q (sky130_fd_sc_hd__dfrtp_2)
                                                         control.reset_n (net)
                      0.063384    0.000006    1.325438 ^ hold143/A (sky130_fd_sc_hd__dlygate4sd3_1)
     2    0.009671    0.184754    1.069371    2.394808 ^ hold143/X (sky130_fd_sc_hd__dlygate4sd3_1)
                                                         net142 (net)
                      0.184754    0.000256    2.395064 ^ fanout72/A (sky130_fd_sc_hd__clkdlybuf4s25_1)
     8    0.036718    0.591714    0.845389    3.240453 ^ fanout72/X (sky130_fd_sc_hd__clkdlybuf4s25_1)
                                                         net72 (net)
                      0.591714    0.000350    3.240802 ^ fanout69/A (sky130_fd_sc_hd__clkdlybuf4s25_1)
     8    0.037104    0.598221    0.990317    4.231120 ^ fanout69/X (sky130_fd_sc_hd__clkdlybuf4s25_1)
                                                         net69 (net)
                      0.598221    0.000836    4.231956 ^ fanout67/A (sky130_fd_sc_hd__clkdlybuf4s25_1)
     3    0.015342    0.261191    0.764246    4.996202 ^ fanout67/X (sky130_fd_sc_hd__clkdlybuf4s25_1)
                                                         net67 (net)
                      0.261191    0.000529    4.996731 ^ _1449_/RESET_B (sky130_fd_sc_hd__dfrtp_2)
                                              4.996731   data arrival time

                                  0.000000    0.000000   clock CLK (rise edge)
                                  0.000000    0.000000   clock source latency
     1    0.018921    0.142429    0.101889    0.101889 ^ CLK (in)
                                                         CLK (net)
                      0.142439    0.000000    0.101889 ^ clkbuf_0_CLK/A (sky130_fd_sc_hd__clkbuf_16)
    16    0.102249    0.179542    0.368269    0.470158 ^ clkbuf_0_CLK/X (sky130_fd_sc_hd__clkbuf_16)
                                                         clknet_0_CLK (net)
                      0.179571    0.002443    0.472601 ^ clkbuf_4_5_0_CLK/A (sky130_fd_sc_hd__clkbuf_8)
     6    0.016758    0.076022    0.292736    0.765337 ^ clkbuf_4_5_0_CLK/X (sky130_fd_sc_hd__clkbuf_8)
                                                         clknet_4_5_0_CLK (net)
                      0.076022    0.000057    0.765394 ^ _1449_/CLK (sky130_fd_sc_hd__dfrtp_2)
                                  0.250000    1.015394   clock uncertainty
                                 -0.044777    0.970617   clock reconvergence pessimism
                                  0.717835    1.688452   library removal time
                                              1.688452   data required time
---------------------------------------------------------------------------------------------
                                              1.688452   data required time
                                             -4.996731   data arrival time
---------------------------------------------------------------------------------------------
                                              3.308278   slack (MET)


Startpoint: HALL_C (input port clocked by CLK)
Endpoint: _1468_ (rising edge-triggered flip-flop clocked by CLK)
Path Group: CLK
Path Type: min

Fanout         Cap        Slew       Delay        Time   Description
---------------------------------------------------------------------------------------------
                                  0.000000    0.000000   clock CLK (rise edge)
                                  0.000000    0.000000   clock network delay (propagated)
                                  4.000000    4.000000 v input external delay
     1    0.002978    0.019143    0.009288    4.009288 v HALL_C (in)
                                                         HALL_C (net)
                      0.019143    0.000000    4.009288 v input16/A (sky130_fd_sc_hd__clkdlybuf4s25_1)
     1    0.002814    0.074686    0.410839    4.420127 v input16/X (sky130_fd_sc_hd__clkdlybuf4s25_1)
                                                         net16 (net)
                      0.074686    0.000029    4.420156 v _1468_/D (sky130_fd_sc_hd__dfrtp_2)
                                              4.420156   data arrival time

                                  0.000000    0.000000   clock CLK (rise edge)
                                  0.000000    0.000000   clock source latency
     1    0.018921    0.142429    0.101889    0.101889 ^ CLK (in)
                                                         CLK (net)
                      0.142439    0.000000    0.101889 ^ clkbuf_0_CLK/A (sky130_fd_sc_hd__clkbuf_16)
    16    0.102249    0.179542    0.368269    0.470158 ^ clkbuf_0_CLK/X (sky130_fd_sc_hd__clkbuf_16)
                                                         clknet_0_CLK (net)
                      0.179569    0.002363    0.472521 ^ clkbuf_4_2_0_CLK/A (sky130_fd_sc_hd__clkbuf_8)
     6    0.018780    0.080637    0.297539    0.770061 ^ clkbuf_4_2_0_CLK/X (sky130_fd_sc_hd__clkbuf_8)
                                                         clknet_4_2_0_CLK (net)
                      0.080637    0.000159    0.770220 ^ _1468_/CLK (sky130_fd_sc_hd__dfrtp_2)
                                  0.250000    1.020220   clock uncertainty
                                  0.000000    1.020220   clock reconvergence pessimism
                                 -0.088787    0.931433   library hold time
                                              0.931433   data required time
---------------------------------------------------------------------------------------------
                                              0.931433   data required time
                                             -4.420156   data arrival time
---------------------------------------------------------------------------------------------
                                              3.488723   slack (MET)


Startpoint: DUTY[8] (input port clocked by CLK)
Endpoint: _1450_ (rising edge-triggered flip-flop clocked by CLK)
Path Group: CLK
Path Type: min

Fanout         Cap        Slew       Delay        Time   Description
---------------------------------------------------------------------------------------------
                                  0.000000    0.000000   clock CLK (rise edge)
                                  0.000000    0.000000   clock network delay (propagated)
                                  4.000000    4.000000 v input external delay
     1    0.003856    0.022565    0.011924    4.011924 v DUTY[8] (in)
                                                         DUTY[8] (net)
                      0.022565    0.000000    4.011924 v input11/A (sky130_fd_sc_hd__clkdlybuf4s25_1)
     1    0.002453    0.073005    0.407868    4.419791 v input11/X (sky130_fd_sc_hd__clkdlybuf4s25_1)
                                                         net11 (net)
                      0.073005    0.000016    4.419807 v _1450_/D (sky130_fd_sc_hd__dfrtp_2)
                                              4.419807   data arrival time

                                  0.000000    0.000000   clock CLK (rise edge)
                                  0.000000    0.000000   clock source latency
     1    0.018921    0.142429    0.101889    0.101889 ^ CLK (in)
                                                         CLK (net)
                      0.142439    0.000000    0.101889 ^ clkbuf_0_CLK/A (sky130_fd_sc_hd__clkbuf_16)
    16    0.102249    0.179542    0.368269    0.470158 ^ clkbuf_0_CLK/X (sky130_fd_sc_hd__clkbuf_16)
                                                         clknet_0_CLK (net)
                      0.179554    0.001770    0.471928 ^ clkbuf_4_14_0_CLK/A (sky130_fd_sc_hd__clkbuf_8)
     6    0.017613    0.077970    0.294748    0.766676 ^ clkbuf_4_14_0_CLK/X (sky130_fd_sc_hd__clkbuf_8)
                                                         clknet_4_14_0_CLK (net)
                      0.077970    0.000231    0.766907 ^ _1450_/CLK (sky130_fd_sc_hd__dfrtp_2)
                                  0.250000    1.016907   clock uncertainty
                                  0.000000    1.016907   clock reconvergence pessimism
                                 -0.088818    0.928088   library hold time
                                              0.928088   data required time
---------------------------------------------------------------------------------------------
                                              0.928088   data required time
                                             -4.419807   data arrival time
---------------------------------------------------------------------------------------------
                                              3.491719   slack (MET)


Startpoint: HALL_B (input port clocked by CLK)
Endpoint: _1466_ (rising edge-triggered flip-flop clocked by CLK)
Path Group: CLK
Path Type: min

Fanout         Cap        Slew       Delay        Time   Description
---------------------------------------------------------------------------------------------
                                  0.000000    0.000000   clock CLK (rise edge)
                                  0.000000    0.000000   clock network delay (propagated)
                                  4.000000    4.000000 v input external delay
     1    0.003608    0.021590    0.011181    4.011181 v HALL_B (in)
                                                         HALL_B (net)
                      0.021590    0.000000    4.011181 v input15/A (sky130_fd_sc_hd__clkdlybuf4s25_1)
     1    0.004135    0.090250    0.427939    4.439119 v input15/X (sky130_fd_sc_hd__clkdlybuf4s25_1)
                                                         net15 (net)
                      0.090250    0.000071    4.439191 v _1466_/D (sky130_fd_sc_hd__dfrtp_2)
                                              4.439191   data arrival time

                                  0.000000    0.000000   clock CLK (rise edge)
                                  0.000000    0.000000   clock source latency
     1    0.018921    0.142429    0.101889    0.101889 ^ CLK (in)
                                                         CLK (net)
                      0.142439    0.000000    0.101889 ^ clkbuf_0_CLK/A (sky130_fd_sc_hd__clkbuf_16)
    16    0.102249    0.179542    0.368269    0.470158 ^ clkbuf_0_CLK/X (sky130_fd_sc_hd__clkbuf_16)
                                                         clknet_0_CLK (net)
                      0.179569    0.002366    0.472524 ^ clkbuf_4_0_0_CLK/A (sky130_fd_sc_hd__clkbuf_8)
     6    0.021496    0.086978    0.304022    0.776546 ^ clkbuf_4_0_0_CLK/X (sky130_fd_sc_hd__clkbuf_8)
                                                         clknet_4_0_0_CLK (net)
                      0.086978    0.000304    0.776850 ^ _1466_/CLK (sky130_fd_sc_hd__dfrtp_2)
                                  0.250000    1.026850   clock uncertainty
                                  0.000000    1.026850   clock reconvergence pessimism
                                 -0.092951    0.933900   library hold time
                                              0.933900   data required time
---------------------------------------------------------------------------------------------
                                              0.933900   data required time
                                             -4.439191   data arrival time
---------------------------------------------------------------------------------------------
                                              3.505291   slack (MET)


Startpoint: DUTY[5] (input port clocked by CLK)
Endpoint: _1447_ (rising edge-triggered flip-flop clocked by CLK)
Path Group: CLK
Path Type: min

Fanout         Cap        Slew       Delay        Time   Description
---------------------------------------------------------------------------------------------
                                  0.000000    0.000000   clock CLK (rise edge)
                                  0.000000    0.000000   clock network delay (propagated)
                                  4.000000    4.000000 v input external delay
     1    0.005755    0.030105    0.017615    4.017615 v DUTY[5] (in)
                                                         DUTY[5] (net)
                      0.030106    0.000000    4.017615 v input8/A (sky130_fd_sc_hd__clkdlybuf4s25_1)
     1    0.004302    0.092486    0.433469    4.451084 v input8/X (sky130_fd_sc_hd__clkdlybuf4s25_1)
                                                         net8 (net)
                      0.092486    0.000065    4.451149 v _1447_/D (sky130_fd_sc_hd__dfrtp_2)
                                              4.451149   data arrival time

                                  0.000000    0.000000   clock CLK (rise edge)
                                  0.000000    0.000000   clock source latency
     1    0.018921    0.142429    0.101889    0.101889 ^ CLK (in)
                                                         CLK (net)
                      0.142439    0.000000    0.101889 ^ clkbuf_0_CLK/A (sky130_fd_sc_hd__clkbuf_16)
    16    0.102249    0.179542    0.368269    0.470158 ^ clkbuf_0_CLK/X (sky130_fd_sc_hd__clkbuf_16)
                                                         clknet_0_CLK (net)
                      0.179569    0.002376    0.472534 ^ clkbuf_4_7_0_CLK/A (sky130_fd_sc_hd__clkbuf_8)
     6    0.014960    0.072059    0.288402    0.760936 ^ clkbuf_4_7_0_CLK/X (sky130_fd_sc_hd__clkbuf_8)
                                                         clknet_4_7_0_CLK (net)
                      0.072061    0.000186    0.761122 ^ _1447_/CLK (sky130_fd_sc_hd__dfrtp_2)
                                  0.250000    1.011122   clock uncertainty
                                  0.000000    1.011122   clock reconvergence pessimism
                                 -0.097384    0.913737   library hold time
                                              0.913737   data required time
---------------------------------------------------------------------------------------------
                                              0.913737   data required time
                                             -4.451149   data arrival time
---------------------------------------------------------------------------------------------
                                              3.537412   slack (MET)


Startpoint: DUTY[9] (input port clocked by CLK)
Endpoint: _1451_ (rising edge-triggered flip-flop clocked by CLK)
Path Group: CLK
Path Type: min

Fanout         Cap        Slew       Delay        Time   Description
---------------------------------------------------------------------------------------------
                                  0.000000    0.000000   clock CLK (rise edge)
                                  0.000000    0.000000   clock network delay (propagated)
                                  4.000000    4.000000 v input external delay
     1    0.004642    0.025701    0.014285    4.014285 v DUTY[9] (in)
                                                         DUTY[9] (net)
                      0.025701    0.000000    4.014285 v input12/A (sky130_fd_sc_hd__clkdlybuf4s25_1)
     1    0.004783    0.097932    0.436463    4.450748 v input12/X (sky130_fd_sc_hd__clkdlybuf4s25_1)
                                                         net12 (net)
                      0.097932    0.000087    4.450835 v _1451_/D (sky130_fd_sc_hd__dfrtp_2)
                                              4.450835   data arrival time

                                  0.000000    0.000000   clock CLK (rise edge)
                                  0.000000    0.000000   clock source latency
     1    0.018921    0.142429    0.101889    0.101889 ^ CLK (in)
                                                         CLK (net)
                      0.142439    0.000000    0.101889 ^ clkbuf_0_CLK/A (sky130_fd_sc_hd__clkbuf_16)
    16    0.102249    0.179542    0.368269    0.470158 ^ clkbuf_0_CLK/X (sky130_fd_sc_hd__clkbuf_16)
                                                         clknet_0_CLK (net)
                      0.179553    0.001736    0.471895 ^ clkbuf_4_15_0_CLK/A (sky130_fd_sc_hd__clkbuf_8)
     6    0.015079    0.072320    0.288684    0.760579 ^ clkbuf_4_15_0_CLK/X (sky130_fd_sc_hd__clkbuf_8)
                                                         clknet_4_15_0_CLK (net)
                      0.072320    0.000134    0.760712 ^ _1451_/CLK (sky130_fd_sc_hd__dfrtp_2)
                                  0.250000    1.010712   clock uncertainty
                                  0.000000    1.010712   clock reconvergence pessimism
                                 -0.099316    0.911397   library hold time
                                              0.911397   data required time
---------------------------------------------------------------------------------------------
                                              0.911397   data required time
                                             -4.450835   data arrival time
---------------------------------------------------------------------------------------------
                                              3.539438   slack (MET)


Startpoint: DUTY[2] (input port clocked by CLK)
Endpoint: _1444_ (rising edge-triggered flip-flop clocked by CLK)
Path Group: CLK
Path Type: min

Fanout         Cap        Slew       Delay        Time   Description
---------------------------------------------------------------------------------------------
                                  0.000000    0.000000   clock CLK (rise edge)
                                  0.000000    0.000000   clock network delay (propagated)
                                  4.000000    4.000000 v input external delay
     1    0.006617    0.033588    0.020117    4.020117 v DUTY[2] (in)
                                                         DUTY[2] (net)
                      0.033589    0.000000    4.020117 v input5/A (sky130_fd_sc_hd__clkdlybuf4s25_1)
     1    0.004823    0.098404    0.440203    4.460320 v input5/X (sky130_fd_sc_hd__clkdlybuf4s25_1)
                                                         net5 (net)
                      0.098404    0.000077    4.460397 v _1444_/D (sky130_fd_sc_hd__dfrtp_2)
                                              4.460397   data arrival time

                                  0.000000    0.000000   clock CLK (rise edge)
                                  0.000000    0.000000   clock source latency
     1    0.018921    0.142429    0.101889    0.101889 ^ CLK (in)
                                                         CLK (net)
                      0.142439    0.000000    0.101889 ^ clkbuf_0_CLK/A (sky130_fd_sc_hd__clkbuf_16)
    16    0.102249    0.179542    0.368269    0.470158 ^ clkbuf_0_CLK/X (sky130_fd_sc_hd__clkbuf_16)
                                                         clknet_0_CLK (net)
                      0.179569    0.002369    0.472527 ^ clkbuf_4_1_0_CLK/A (sky130_fd_sc_hd__clkbuf_8)
     6    0.016941    0.076434    0.293128    0.765655 ^ clkbuf_4_1_0_CLK/X (sky130_fd_sc_hd__clkbuf_8)
                                                         clknet_4_1_0_CLK (net)
                      0.076434    0.000123    0.765778 ^ _1444_/CLK (sky130_fd_sc_hd__dfrtp_2)
                                  0.250000    1.015778   clock uncertainty
                                  0.000000    1.015778   clock reconvergence pessimism
                                 -0.098492    0.917286   library hold time
                                              0.917286   data required time
---------------------------------------------------------------------------------------------
                                              0.917286   data required time
                                             -4.460397   data arrival time
---------------------------------------------------------------------------------------------
                                              3.543111   slack (MET)


Startpoint: DUTY[3] (input port clocked by CLK)
Endpoint: _1445_ (rising edge-triggered flip-flop clocked by CLK)
Path Group: CLK
Path Type: min

Fanout         Cap        Slew       Delay        Time   Description
---------------------------------------------------------------------------------------------
                                  0.000000    0.000000   clock CLK (rise edge)
                                  0.000000    0.000000   clock network delay (propagated)
                                  4.000000    4.000000 v input external delay
     1    0.006378    0.032618    0.019414    4.019414 v DUTY[3] (in)
                                                         DUTY[3] (net)
                      0.032619    0.000000    4.019414 v input6/A (sky130_fd_sc_hd__clkdlybuf4s25_1)
     1    0.005075    0.101310    0.442297    4.461711 v input6/X (sky130_fd_sc_hd__clkdlybuf4s25_1)
                                                         net6 (net)
                      0.101310    0.000091    4.461802 v _1445_/D (sky130_fd_sc_hd__dfrtp_2)
                                              4.461802   data arrival time

                                  0.000000    0.000000   clock CLK (rise edge)
                                  0.000000    0.000000   clock source latency
     1    0.018921    0.142429    0.101889    0.101889 ^ CLK (in)
                                                         CLK (net)
                      0.142439    0.000000    0.101889 ^ clkbuf_0_CLK/A (sky130_fd_sc_hd__clkbuf_16)
    16    0.102249    0.179542    0.368269    0.470158 ^ clkbuf_0_CLK/X (sky130_fd_sc_hd__clkbuf_16)
                                                         clknet_0_CLK (net)
                      0.179569    0.002369    0.472527 ^ clkbuf_4_1_0_CLK/A (sky130_fd_sc_hd__clkbuf_8)
     6    0.016941    0.076434    0.293128    0.765655 ^ clkbuf_4_1_0_CLK/X (sky130_fd_sc_hd__clkbuf_8)
                                                         clknet_4_1_0_CLK (net)
                      0.076434    0.000173    0.765828 ^ _1445_/CLK (sky130_fd_sc_hd__dfrtp_2)
                                  0.250000    1.015828   clock uncertainty
                                  0.000000    1.015828   clock reconvergence pessimism
                                 -0.099556    0.916273   library hold time
                                              0.916273   data required time
---------------------------------------------------------------------------------------------
                                              0.916273   data required time
                                             -4.461802   data arrival time
---------------------------------------------------------------------------------------------
                                              3.545530   slack (MET)


Startpoint: HALL_A (input port clocked by CLK)
Endpoint: _1463_ (rising edge-triggered flip-flop clocked by CLK)
Path Group: CLK
Path Type: min

Fanout         Cap        Slew       Delay        Time   Description
---------------------------------------------------------------------------------------------
                                  0.000000    0.000000   clock CLK (rise edge)
                                  0.000000    0.000000   clock network delay (propagated)
                                  4.000000    4.000000 v input external delay
     1    0.004902    0.026725    0.015068    4.015068 v HALL_A (in)
                                                         HALL_A (net)
                      0.026726    0.000000    4.015068 v input14/A (sky130_fd_sc_hd__clkdlybuf4s25_1)
     1    0.007099    0.125230    0.459953    4.475021 v input14/X (sky130_fd_sc_hd__clkdlybuf4s25_1)
                                                         net14 (net)
                      0.125230    0.000216    4.475238 v _1463_/D (sky130_fd_sc_hd__dfrtp_2)
                                              4.475238   data arrival time

                                  0.000000    0.000000   clock CLK (rise edge)
                                  0.000000    0.000000   clock source latency
     1    0.018921    0.142429    0.101889    0.101889 ^ CLK (in)
                                                         CLK (net)
                      0.142439    0.000000    0.101889 ^ clkbuf_0_CLK/A (sky130_fd_sc_hd__clkbuf_16)
    16    0.102249    0.179542    0.368269    0.470158 ^ clkbuf_0_CLK/X (sky130_fd_sc_hd__clkbuf_16)
                                                         clknet_0_CLK (net)
                      0.179569    0.002366    0.472524 ^ clkbuf_4_0_0_CLK/A (sky130_fd_sc_hd__clkbuf_8)
     6    0.021496    0.086978    0.304022    0.776546 ^ clkbuf_4_0_0_CLK/X (sky130_fd_sc_hd__clkbuf_8)
                                                         clknet_4_0_0_CLK (net)
                      0.086978    0.000275    0.776821 ^ _1463_/CLK (sky130_fd_sc_hd__dfrtp_2)
                                  0.250000    1.026821   clock uncertainty
                                  0.000000    1.026821   clock reconvergence pessimism
                                 -0.105761    0.921060   library hold time
                                              0.921060   data required time
---------------------------------------------------------------------------------------------
                                              0.921060   data required time
                                             -4.475238   data arrival time
---------------------------------------------------------------------------------------------
                                              3.554178   slack (MET)


Startpoint: DUTY[1] (input port clocked by CLK)
Endpoint: _1443_ (rising edge-triggered flip-flop clocked by CLK)
Path Group: CLK
Path Type: min

Fanout         Cap        Slew       Delay        Time   Description
---------------------------------------------------------------------------------------------
                                  0.000000    0.000000   clock CLK (rise edge)
                                  0.000000    0.000000   clock network delay (propagated)
                                  4.000000    4.000000 v input external delay
     1    0.006284    0.032240    0.019141    4.019141 v DUTY[1] (in)
                                                         DUTY[1] (net)
                      0.032241    0.000000    4.019141 v input4/A (sky130_fd_sc_hd__clkdlybuf4s25_1)
     1    0.005682    0.108365    0.448166    4.467307 v input4/X (sky130_fd_sc_hd__clkdlybuf4s25_1)
                                                         net4 (net)
                      0.108365    0.000151    4.467457 v _1443_/D (sky130_fd_sc_hd__dfrtp_2)
                                              4.467457   data arrival time

                                  0.000000    0.000000   clock CLK (rise edge)
                                  0.000000    0.000000   clock source latency
     1    0.018921    0.142429    0.101889    0.101889 ^ CLK (in)
                                                         CLK (net)
                      0.142439    0.000000    0.101889 ^ clkbuf_0_CLK/A (sky130_fd_sc_hd__clkbuf_16)
    16    0.102249    0.179542    0.368269    0.470158 ^ clkbuf_0_CLK/X (sky130_fd_sc_hd__clkbuf_16)
                                                         clknet_0_CLK (net)
                      0.179569    0.002376    0.472534 ^ clkbuf_4_7_0_CLK/A (sky130_fd_sc_hd__clkbuf_8)
     6    0.014960    0.072059    0.288402    0.760936 ^ clkbuf_4_7_0_CLK/X (sky130_fd_sc_hd__clkbuf_8)
                                                         clknet_4_7_0_CLK (net)
                      0.072061    0.000193    0.761128 ^ _1443_/CLK (sky130_fd_sc_hd__dfrtp_2)
                                  0.250000    1.011128   clock uncertainty
                                  0.000000    1.011128   clock reconvergence pessimism
                                 -0.103199    0.907930   library hold time
                                              0.907930   data required time
---------------------------------------------------------------------------------------------
                                              0.907930   data required time
                                             -4.467457   data arrival time
---------------------------------------------------------------------------------------------
                                              3.559528   slack (MET)


Startpoint: DUTY[4] (input port clocked by CLK)
Endpoint: _1446_ (rising edge-triggered flip-flop clocked by CLK)
Path Group: CLK
Path Type: min

Fanout         Cap        Slew       Delay        Time   Description
---------------------------------------------------------------------------------------------
                                  0.000000    0.000000   clock CLK (rise edge)
                                  0.000000    0.000000   clock network delay (propagated)
                                  4.000000    4.000000 v input external delay
     1    0.009213    0.044120    0.027518    4.027518 v DUTY[4] (in)
                                                         DUTY[4] (net)
                      0.044121    0.000000    4.027518 v input7/A (sky130_fd_sc_hd__clkdlybuf4s25_1)
     1    0.006370    0.116391    0.460174    4.487692 v input7/X (sky130_fd_sc_hd__clkdlybuf4s25_1)
                                                         net7 (net)
                      0.116391    0.000158    4.487850 v _1446_/D (sky130_fd_sc_hd__dfrtp_2)
                                              4.487850   data arrival time

                                  0.000000    0.000000   clock CLK (rise edge)
                                  0.000000    0.000000   clock source latency
     1    0.018921    0.142429    0.101889    0.101889 ^ CLK (in)
                                                         CLK (net)
                      0.142439    0.000000    0.101889 ^ clkbuf_0_CLK/A (sky130_fd_sc_hd__clkbuf_16)
    16    0.102249    0.179542    0.368269    0.470158 ^ clkbuf_0_CLK/X (sky130_fd_sc_hd__clkbuf_16)
                                                         clknet_0_CLK (net)
                      0.179570    0.002396    0.472555 ^ clkbuf_4_4_0_CLK/A (sky130_fd_sc_hd__clkbuf_8)
     6    0.017565    0.077862    0.294639    0.767194 ^ clkbuf_4_4_0_CLK/X (sky130_fd_sc_hd__clkbuf_8)
                                                         clknet_4_4_0_CLK (net)
                      0.077862    0.000162    0.767356 ^ _1446_/CLK (sky130_fd_sc_hd__dfrtp_2)
                                  0.250000    1.017356   clock uncertainty
                                  0.000000    1.017356   clock reconvergence pessimism
                                 -0.104732    0.912624   library hold time
                                              0.912624   data required time
---------------------------------------------------------------------------------------------
                                              0.912624   data required time
                                             -4.487850   data arrival time
---------------------------------------------------------------------------------------------
                                              3.575226   slack (MET)


Startpoint: DUTY[6] (input port clocked by CLK)
Endpoint: _1448_ (rising edge-triggered flip-flop clocked by CLK)
Path Group: CLK
Path Type: min

Fanout         Cap        Slew       Delay        Time   Description
---------------------------------------------------------------------------------------------
                                  0.000000    0.000000   clock CLK (rise edge)
                                  0.000000    0.000000   clock network delay (propagated)
                                  4.000000    4.000000 v input external delay
     1    0.009651    0.045932    0.028855    4.028855 v DUTY[6] (in)
                                                         DUTY[6] (net)
                      0.045935    0.000000    4.028855 v input9/A (sky130_fd_sc_hd__clkdlybuf4s25_1)
     1    0.007293    0.127443    0.470189    4.499044 v input9/X (sky130_fd_sc_hd__clkdlybuf4s25_1)
                                                         net9 (net)
                      0.127443    0.000110    4.499155 v _1448_/D (sky130_fd_sc_hd__dfrtp_2)
                                              4.499155   data arrival time

                                  0.000000    0.000000   clock CLK (rise edge)
                                  0.000000    0.000000   clock source latency
     1    0.018921    0.142429    0.101889    0.101889 ^ CLK (in)
                                                         CLK (net)
                      0.142439    0.000000    0.101889 ^ clkbuf_0_CLK/A (sky130_fd_sc_hd__clkbuf_16)
    16    0.102249    0.179542    0.368269    0.470158 ^ clkbuf_0_CLK/X (sky130_fd_sc_hd__clkbuf_16)
                                                         clknet_0_CLK (net)
                      0.179570    0.002396    0.472555 ^ clkbuf_4_4_0_CLK/A (sky130_fd_sc_hd__clkbuf_8)
     6    0.017565    0.077862    0.294639    0.767194 ^ clkbuf_4_4_0_CLK/X (sky130_fd_sc_hd__clkbuf_8)
                                                         clknet_4_4_0_CLK (net)
                      0.077862    0.000159    0.767353 ^ _1448_/CLK (sky130_fd_sc_hd__dfrtp_2)
                                  0.250000    1.017353   clock uncertainty
                                  0.000000    1.017353   clock reconvergence pessimism
                                 -0.108780    0.908573   library hold time
                                              0.908573   data required time
---------------------------------------------------------------------------------------------
                                              0.908573   data required time
                                             -4.499155   data arrival time
---------------------------------------------------------------------------------------------
                                              3.590582   slack (MET)


Startpoint: DUTY[7] (input port clocked by CLK)
Endpoint: _1449_ (rising edge-triggered flip-flop clocked by CLK)
Path Group: CLK
Path Type: min

Fanout         Cap        Slew       Delay        Time   Description
---------------------------------------------------------------------------------------------
                                  0.000000    0.000000   clock CLK (rise edge)
                                  0.000000    0.000000   clock network delay (propagated)
                                  4.000000    4.000000 v input external delay
     1    0.009036    0.043433    0.027127    4.027127 v DUTY[7] (in)
                                                         DUTY[7] (net)
                      0.043438    0.000000    4.027127 v input10/A (sky130_fd_sc_hd__clkdlybuf4s25_1)
     1    0.007928    0.135169    0.475406    4.502532 v input10/X (sky130_fd_sc_hd__clkdlybuf4s25_1)
                                                         net10 (net)
                      0.135169    0.000219    4.502752 v _1449_/D (sky130_fd_sc_hd__dfrtp_2)
                                              4.502752   data arrival time

                                  0.000000    0.000000   clock CLK (rise edge)
                                  0.000000    0.000000   clock source latency
     1    0.018921    0.142429    0.101889    0.101889 ^ CLK (in)
                                                         CLK (net)
                      0.142439    0.000000    0.101889 ^ clkbuf_0_CLK/A (sky130_fd_sc_hd__clkbuf_16)
    16    0.102249    0.179542    0.368269    0.470158 ^ clkbuf_0_CLK/X (sky130_fd_sc_hd__clkbuf_16)
                                                         clknet_0_CLK (net)
                      0.179571    0.002443    0.472601 ^ clkbuf_4_5_0_CLK/A (sky130_fd_sc_hd__clkbuf_8)
     6    0.016758    0.076022    0.292736    0.765337 ^ clkbuf_4_5_0_CLK/X (sky130_fd_sc_hd__clkbuf_8)
                                                         clknet_4_5_0_CLK (net)
                      0.076022    0.000057    0.765394 ^ _1449_/CLK (sky130_fd_sc_hd__dfrtp_2)
                                  0.250000    1.015394   clock uncertainty
                                  0.000000    1.015394   clock reconvergence pessimism
                                 -0.112055    0.903340   library hold time
                                              0.903340   data required time
---------------------------------------------------------------------------------------------
                                              0.903340   data required time
                                             -4.502752   data arrival time
---------------------------------------------------------------------------------------------
                                              3.599413   slack (MET)


Startpoint: DUTY[0] (input port clocked by CLK)
Endpoint: _1442_ (rising edge-triggered flip-flop clocked by CLK)
Path Group: CLK
Path Type: min

Fanout         Cap        Slew       Delay        Time   Description
---------------------------------------------------------------------------------------------
                                  0.000000    0.000000   clock CLK (rise edge)
                                  0.000000    0.000000   clock network delay (propagated)
                                  4.000000    4.000000 v input external delay
     1    0.010538    0.049532    0.031332    4.031332 v DUTY[0] (in)
                                                         DUTY[0] (net)
                      0.049532    0.000000    4.031332 v input3/A (sky130_fd_sc_hd__clkdlybuf4s25_1)
     1    0.008738    0.145061    0.486083    4.517415 v input3/X (sky130_fd_sc_hd__clkdlybuf4s25_1)
                                                         net3 (net)
                      0.145061    0.000282    4.517696 v _1442_/D (sky130_fd_sc_hd__dfrtp_2)
                                              4.517696   data arrival time

                                  0.000000    0.000000   clock CLK (rise edge)
                                  0.000000    0.000000   clock source latency
     1    0.018921    0.142429    0.101889    0.101889 ^ CLK (in)
                                                         CLK (net)
                      0.142439    0.000000    0.101889 ^ clkbuf_0_CLK/A (sky130_fd_sc_hd__clkbuf_16)
    16    0.102249    0.179542    0.368269    0.470158 ^ clkbuf_0_CLK/X (sky130_fd_sc_hd__clkbuf_16)
                                                         clknet_0_CLK (net)
                      0.179571    0.002443    0.472601 ^ clkbuf_4_5_0_CLK/A (sky130_fd_sc_hd__clkbuf_8)
     6    0.016758    0.076022    0.292736    0.765337 ^ clkbuf_4_5_0_CLK/X (sky130_fd_sc_hd__clkbuf_8)
                                                         clknet_4_5_0_CLK (net)
                      0.076022    0.000127    0.765464 ^ _1442_/CLK (sky130_fd_sc_hd__dfrtp_2)
                                  0.250000    1.015464   clock uncertainty
                                  0.000000    1.015464   clock reconvergence pessimism
                                 -0.115677    0.899787   library hold time
                                              0.899787   data required time
---------------------------------------------------------------------------------------------
                                              0.899787   data required time
                                             -4.517696   data arrival time
---------------------------------------------------------------------------------------------
                                              3.617910   slack (MET)


Startpoint: _1441_ (rising edge-triggered flip-flop clocked by CLK)
Endpoint: _1429_ (removal check against rising-edge clock CLK)
Path Group: asynchronous
Path Type: min

Fanout         Cap        Slew       Delay        Time   Description
---------------------------------------------------------------------------------------------
                                  0.000000    0.000000   clock CLK (rise edge)
                                  0.000000    0.000000   clock source latency
     1    0.018921    0.142429    0.092186    0.092186 ^ CLK (in)
                                                         CLK (net)
                      0.142439    0.000000    0.092186 ^ clkbuf_0_CLK/A (sky130_fd_sc_hd__clkbuf_16)
    16    0.102249    0.179542    0.333196    0.425381 ^ clkbuf_0_CLK/X (sky130_fd_sc_hd__clkbuf_16)
                                                         clknet_0_CLK (net)
                      0.179557    0.001728    0.427110 ^ clkbuf_4_10_0_CLK/A (sky130_fd_sc_hd__clkbuf_8)
     6    0.017324    0.077315    0.266059    0.693168 ^ clkbuf_4_10_0_CLK/X (sky130_fd_sc_hd__clkbuf_8)
                                                         clknet_4_10_0_CLK (net)
                      0.077315    0.000101    0.693270 ^ _1441_/CLK (sky130_fd_sc_hd__dfrtp_2)
     1    0.001730    0.063384    0.632162    1.325431 ^ _1441_/Q (sky130_fd_sc_hd__dfrtp_2)
                                                         control.reset_n (net)
                      0.063384    0.000006    1.325438 ^ hold143/A (sky130_fd_sc_hd__dlygate4sd3_1)
     2    0.009671    0.184754    1.069371    2.394808 ^ hold143/X (sky130_fd_sc_hd__dlygate4sd3_1)
                                                         net142 (net)
                      0.184754    0.000256    2.395064 ^ fanout72/A (sky130_fd_sc_hd__clkdlybuf4s25_1)
     8    0.036718    0.591714    0.845389    3.240453 ^ fanout72/X (sky130_fd_sc_hd__clkdlybuf4s25_1)
                                                         net72 (net)
                      0.591714    0.000350    3.240802 ^ fanout69/A (sky130_fd_sc_hd__clkdlybuf4s25_1)
     8    0.037104    0.598221    0.990317    4.231120 ^ fanout69/X (sky130_fd_sc_hd__clkdlybuf4s25_1)
                                                         net69 (net)
                      0.598221    0.000836    4.231956 ^ fanout67/A (sky130_fd_sc_hd__clkdlybuf4s25_1)
     3    0.015342    0.261191    0.764246    4.996202 ^ fanout67/X (sky130_fd_sc_hd__clkdlybuf4s25_1)
                                                         net67 (net)
                      0.261191    0.000421    4.996623 ^ load_slew68/A (sky130_fd_sc_hd__clkbuf_4)
     8    0.032517    0.172306    0.390123    5.386745 ^ load_slew68/X (sky130_fd_sc_hd__clkbuf_4)
                                                         net68 (net)
                      0.172306    0.000093    5.386838 ^ _1429_/RESET_B (sky130_fd_sc_hd__dfrtp_2)
                                              5.386838   data arrival time

                                  0.000000    0.000000   clock CLK (rise edge)
                                  0.000000    0.000000   clock source latency
     1    0.018921    0.142429    0.101889    0.101889 ^ CLK (in)
                                                         CLK (net)
                      0.142439    0.000000    0.101889 ^ clkbuf_0_CLK/A (sky130_fd_sc_hd__clkbuf_16)
    16    0.102249    0.179542    0.368269    0.470158 ^ clkbuf_0_CLK/X (sky130_fd_sc_hd__clkbuf_16)
                                                         clknet_0_CLK (net)
                      0.179570    0.002396    0.472555 ^ clkbuf_4_4_0_CLK/A (sky130_fd_sc_hd__clkbuf_8)
     6    0.017565    0.077862    0.294639    0.767194 ^ clkbuf_4_4_0_CLK/X (sky130_fd_sc_hd__clkbuf_8)
                                                         clknet_4_4_0_CLK (net)
                      0.077862    0.000156    0.767350 ^ _1429_/CLK (sky130_fd_sc_hd__dfrtp_2)
                                  0.250000    1.017350   clock uncertainty
                                 -0.044777    0.972573   clock reconvergence pessimism
                                  0.691144    1.663718   library removal time
                                              1.663718   data required time
---------------------------------------------------------------------------------------------
                                              1.663718   data required time
                                             -5.386838   data arrival time
---------------------------------------------------------------------------------------------
                                              3.723121   slack (MET)


Startpoint: _1441_ (rising edge-triggered flip-flop clocked by CLK)
Endpoint: _1446_ (removal check against rising-edge clock CLK)
Path Group: asynchronous
Path Type: min

Fanout         Cap        Slew       Delay        Time   Description
---------------------------------------------------------------------------------------------
                                  0.000000    0.000000   clock CLK (rise edge)
                                  0.000000    0.000000   clock source latency
     1    0.018921    0.142429    0.092186    0.092186 ^ CLK (in)
                                                         CLK (net)
                      0.142439    0.000000    0.092186 ^ clkbuf_0_CLK/A (sky130_fd_sc_hd__clkbuf_16)
    16    0.102249    0.179542    0.333196    0.425381 ^ clkbuf_0_CLK/X (sky130_fd_sc_hd__clkbuf_16)
                                                         clknet_0_CLK (net)
                      0.179557    0.001728    0.427110 ^ clkbuf_4_10_0_CLK/A (sky130_fd_sc_hd__clkbuf_8)
     6    0.017324    0.077315    0.266059    0.693168 ^ clkbuf_4_10_0_CLK/X (sky130_fd_sc_hd__clkbuf_8)
                                                         clknet_4_10_0_CLK (net)
                      0.077315    0.000101    0.693270 ^ _1441_/CLK (sky130_fd_sc_hd__dfrtp_2)
     1    0.001730    0.063384    0.632162    1.325431 ^ _1441_/Q (sky130_fd_sc_hd__dfrtp_2)
                                                         control.reset_n (net)
                      0.063384    0.000006    1.325438 ^ hold143/A (sky130_fd_sc_hd__dlygate4sd3_1)
     2    0.009671    0.184754    1.069371    2.394808 ^ hold143/X (sky130_fd_sc_hd__dlygate4sd3_1)
                                                         net142 (net)
                      0.184754    0.000256    2.395064 ^ fanout72/A (sky130_fd_sc_hd__clkdlybuf4s25_1)
     8    0.036718    0.591714    0.845389    3.240453 ^ fanout72/X (sky130_fd_sc_hd__clkdlybuf4s25_1)
                                                         net72 (net)
                      0.591714    0.000350    3.240802 ^ fanout69/A (sky130_fd_sc_hd__clkdlybuf4s25_1)
     8    0.037104    0.598221    0.990317    4.231120 ^ fanout69/X (sky130_fd_sc_hd__clkdlybuf4s25_1)
                                                         net69 (net)
                      0.598221    0.000836    4.231956 ^ fanout67/A (sky130_fd_sc_hd__clkdlybuf4s25_1)
     3    0.015342    0.261191    0.764246    4.996202 ^ fanout67/X (sky130_fd_sc_hd__clkdlybuf4s25_1)
                                                         net67 (net)
                      0.261191    0.000421    4.996623 ^ load_slew68/A (sky130_fd_sc_hd__clkbuf_4)
     8    0.032517    0.172306    0.390123    5.386745 ^ load_slew68/X (sky130_fd_sc_hd__clkbuf_4)
                                                         net68 (net)
                      0.172306    0.000130    5.386876 ^ _1446_/RESET_B (sky130_fd_sc_hd__dfrtp_2)
                                              5.386876   data arrival time

                                  0.000000    0.000000   clock CLK (rise edge)
                                  0.000000    0.000000   clock source latency
     1    0.018921    0.142429    0.101889    0.101889 ^ CLK (in)
                                                         CLK (net)
                      0.142439    0.000000    0.101889 ^ clkbuf_0_CLK/A (sky130_fd_sc_hd__clkbuf_16)
    16    0.102249    0.179542    0.368269    0.470158 ^ clkbuf_0_CLK/X (sky130_fd_sc_hd__clkbuf_16)
                                                         clknet_0_CLK (net)
                      0.179570    0.002396    0.472555 ^ clkbuf_4_4_0_CLK/A (sky130_fd_sc_hd__clkbuf_8)
     6    0.017565    0.077862    0.294639    0.767194 ^ clkbuf_4_4_0_CLK/X (sky130_fd_sc_hd__clkbuf_8)
                                                         clknet_4_4_0_CLK (net)
                      0.077862    0.000162    0.767356 ^ _1446_/CLK (sky130_fd_sc_hd__dfrtp_2)
                                  0.250000    1.017356   clock uncertainty
                                 -0.044777    0.972579   clock reconvergence pessimism
                                  0.691144    1.663724   library removal time
                                              1.663724   data required time
---------------------------------------------------------------------------------------------
                                              1.663724   data required time
                                             -5.386876   data arrival time
---------------------------------------------------------------------------------------------
                                              3.723152   slack (MET)


Startpoint: _1441_ (rising edge-triggered flip-flop clocked by CLK)
Endpoint: _1448_ (removal check against rising-edge clock CLK)
Path Group: asynchronous
Path Type: min

Fanout         Cap        Slew       Delay        Time   Description
---------------------------------------------------------------------------------------------
                                  0.000000    0.000000   clock CLK (rise edge)
                                  0.000000    0.000000   clock source latency
     1    0.018921    0.142429    0.092186    0.092186 ^ CLK (in)
                                                         CLK (net)
                      0.142439    0.000000    0.092186 ^ clkbuf_0_CLK/A (sky130_fd_sc_hd__clkbuf_16)
    16    0.102249    0.179542    0.333196    0.425381 ^ clkbuf_0_CLK/X (sky130_fd_sc_hd__clkbuf_16)
                                                         clknet_0_CLK (net)
                      0.179557    0.001728    0.427110 ^ clkbuf_4_10_0_CLK/A (sky130_fd_sc_hd__clkbuf_8)
     6    0.017324    0.077315    0.266059    0.693168 ^ clkbuf_4_10_0_CLK/X (sky130_fd_sc_hd__clkbuf_8)
                                                         clknet_4_10_0_CLK (net)
                      0.077315    0.000101    0.693270 ^ _1441_/CLK (sky130_fd_sc_hd__dfrtp_2)
     1    0.001730    0.063384    0.632162    1.325431 ^ _1441_/Q (sky130_fd_sc_hd__dfrtp_2)
                                                         control.reset_n (net)
                      0.063384    0.000006    1.325438 ^ hold143/A (sky130_fd_sc_hd__dlygate4sd3_1)
     2    0.009671    0.184754    1.069371    2.394808 ^ hold143/X (sky130_fd_sc_hd__dlygate4sd3_1)
                                                         net142 (net)
                      0.184754    0.000256    2.395064 ^ fanout72/A (sky130_fd_sc_hd__clkdlybuf4s25_1)
     8    0.036718    0.591714    0.845389    3.240453 ^ fanout72/X (sky130_fd_sc_hd__clkdlybuf4s25_1)
                                                         net72 (net)
                      0.591714    0.000350    3.240802 ^ fanout69/A (sky130_fd_sc_hd__clkdlybuf4s25_1)
     8    0.037104    0.598221    0.990317    4.231120 ^ fanout69/X (sky130_fd_sc_hd__clkdlybuf4s25_1)
                                                         net69 (net)
                      0.598221    0.000836    4.231956 ^ fanout67/A (sky130_fd_sc_hd__clkdlybuf4s25_1)
     3    0.015342    0.261191    0.764246    4.996202 ^ fanout67/X (sky130_fd_sc_hd__clkdlybuf4s25_1)
                                                         net67 (net)
                      0.261191    0.000421    4.996623 ^ load_slew68/A (sky130_fd_sc_hd__clkbuf_4)
     8    0.032517    0.172306    0.390123    5.386745 ^ load_slew68/X (sky130_fd_sc_hd__clkbuf_4)
                                                         net68 (net)
                      0.172306    0.000216    5.386961 ^ _1448_/RESET_B (sky130_fd_sc_hd__dfrtp_2)
                                              5.386961   data arrival time

                                  0.000000    0.000000   clock CLK (rise edge)
                                  0.000000    0.000000   clock source latency
     1    0.018921    0.142429    0.101889    0.101889 ^ CLK (in)
                                                         CLK (net)
                      0.142439    0.000000    0.101889 ^ clkbuf_0_CLK/A (sky130_fd_sc_hd__clkbuf_16)
    16    0.102249    0.179542    0.368269    0.470158 ^ clkbuf_0_CLK/X (sky130_fd_sc_hd__clkbuf_16)
                                                         clknet_0_CLK (net)
                      0.179570    0.002396    0.472555 ^ clkbuf_4_4_0_CLK/A (sky130_fd_sc_hd__clkbuf_8)
     6    0.017565    0.077862    0.294639    0.767194 ^ clkbuf_4_4_0_CLK/X (sky130_fd_sc_hd__clkbuf_8)
                                                         clknet_4_4_0_CLK (net)
                      0.077862    0.000159    0.767353 ^ _1448_/CLK (sky130_fd_sc_hd__dfrtp_2)
                                  0.250000    1.017353   clock uncertainty
                                 -0.044777    0.972576   clock reconvergence pessimism
                                  0.691144    1.663720   library removal time
                                              1.663720   data required time
---------------------------------------------------------------------------------------------
                                              1.663720   data required time
                                             -5.386961   data arrival time
---------------------------------------------------------------------------------------------
                                              3.723242   slack (MET)


Startpoint: _1441_ (rising edge-triggered flip-flop clocked by CLK)
Endpoint: _1442_ (removal check against rising-edge clock CLK)
Path Group: asynchronous
Path Type: min

Fanout         Cap        Slew       Delay        Time   Description
---------------------------------------------------------------------------------------------
                                  0.000000    0.000000   clock CLK (rise edge)
                                  0.000000    0.000000   clock source latency
     1    0.018921    0.142429    0.092186    0.092186 ^ CLK (in)
                                                         CLK (net)
                      0.142439    0.000000    0.092186 ^ clkbuf_0_CLK/A (sky130_fd_sc_hd__clkbuf_16)
    16    0.102249    0.179542    0.333196    0.425381 ^ clkbuf_0_CLK/X (sky130_fd_sc_hd__clkbuf_16)
                                                         clknet_0_CLK (net)
                      0.179557    0.001728    0.427110 ^ clkbuf_4_10_0_CLK/A (sky130_fd_sc_hd__clkbuf_8)
     6    0.017324    0.077315    0.266059    0.693168 ^ clkbuf_4_10_0_CLK/X (sky130_fd_sc_hd__clkbuf_8)
                                                         clknet_4_10_0_CLK (net)
                      0.077315    0.000101    0.693270 ^ _1441_/CLK (sky130_fd_sc_hd__dfrtp_2)
     1    0.001730    0.063384    0.632162    1.325431 ^ _1441_/Q (sky130_fd_sc_hd__dfrtp_2)
                                                         control.reset_n (net)
                      0.063384    0.000006    1.325438 ^ hold143/A (sky130_fd_sc_hd__dlygate4sd3_1)
     2    0.009671    0.184754    1.069371    2.394808 ^ hold143/X (sky130_fd_sc_hd__dlygate4sd3_1)
                                                         net142 (net)
                      0.184754    0.000256    2.395064 ^ fanout72/A (sky130_fd_sc_hd__clkdlybuf4s25_1)
     8    0.036718    0.591714    0.845389    3.240453 ^ fanout72/X (sky130_fd_sc_hd__clkdlybuf4s25_1)
                                                         net72 (net)
                      0.591714    0.000350    3.240802 ^ fanout69/A (sky130_fd_sc_hd__clkdlybuf4s25_1)
     8    0.037104    0.598221    0.990317    4.231120 ^ fanout69/X (sky130_fd_sc_hd__clkdlybuf4s25_1)
                                                         net69 (net)
                      0.598221    0.000836    4.231956 ^ fanout67/A (sky130_fd_sc_hd__clkdlybuf4s25_1)
     3    0.015342    0.261191    0.764246    4.996202 ^ fanout67/X (sky130_fd_sc_hd__clkdlybuf4s25_1)
                                                         net67 (net)
                      0.261191    0.000421    4.996623 ^ load_slew68/A (sky130_fd_sc_hd__clkbuf_4)
     8    0.032517    0.172306    0.390123    5.386745 ^ load_slew68/X (sky130_fd_sc_hd__clkbuf_4)
                                                         net68 (net)
                      0.172306    0.000149    5.386894 ^ _1442_/RESET_B (sky130_fd_sc_hd__dfrtp_2)
                                              5.386894   data arrival time

                                  0.000000    0.000000   clock CLK (rise edge)
                                  0.000000    0.000000   clock source latency
     1    0.018921    0.142429    0.101889    0.101889 ^ CLK (in)
                                                         CLK (net)
                      0.142439    0.000000    0.101889 ^ clkbuf_0_CLK/A (sky130_fd_sc_hd__clkbuf_16)
    16    0.102249    0.179542    0.368269    0.470158 ^ clkbuf_0_CLK/X (sky130_fd_sc_hd__clkbuf_16)
                                                         clknet_0_CLK (net)
                      0.179571    0.002443    0.472601 ^ clkbuf_4_5_0_CLK/A (sky130_fd_sc_hd__clkbuf_8)
     6    0.016758    0.076022    0.292736    0.765337 ^ clkbuf_4_5_0_CLK/X (sky130_fd_sc_hd__clkbuf_8)
                                                         clknet_4_5_0_CLK (net)
                      0.076022    0.000127    0.765464 ^ _1442_/CLK (sky130_fd_sc_hd__dfrtp_2)
                                  0.250000    1.015464   clock uncertainty
                                 -0.044777    0.970687   clock reconvergence pessimism
                                  0.690590    1.661277   library removal time
                                              1.661277   data required time
---------------------------------------------------------------------------------------------
                                              1.661277   data required time
                                             -5.386894   data arrival time
---------------------------------------------------------------------------------------------
                                              3.725617   slack (MET)


Startpoint: _1441_ (rising edge-triggered flip-flop clocked by CLK)
Endpoint: _1430_ (removal check against rising-edge clock CLK)
Path Group: asynchronous
Path Type: min

Fanout         Cap        Slew       Delay        Time   Description
---------------------------------------------------------------------------------------------
                                  0.000000    0.000000   clock CLK (rise edge)
                                  0.000000    0.000000   clock source latency
     1    0.018921    0.142429    0.092186    0.092186 ^ CLK (in)
                                                         CLK (net)
                      0.142439    0.000000    0.092186 ^ clkbuf_0_CLK/A (sky130_fd_sc_hd__clkbuf_16)
    16    0.102249    0.179542    0.333196    0.425381 ^ clkbuf_0_CLK/X (sky130_fd_sc_hd__clkbuf_16)
                                                         clknet_0_CLK (net)
                      0.179557    0.001728    0.427110 ^ clkbuf_4_10_0_CLK/A (sky130_fd_sc_hd__clkbuf_8)
     6    0.017324    0.077315    0.266059    0.693168 ^ clkbuf_4_10_0_CLK/X (sky130_fd_sc_hd__clkbuf_8)
                                                         clknet_4_10_0_CLK (net)
                      0.077315    0.000101    0.693270 ^ _1441_/CLK (sky130_fd_sc_hd__dfrtp_2)
     1    0.001730    0.063384    0.632162    1.325431 ^ _1441_/Q (sky130_fd_sc_hd__dfrtp_2)
                                                         control.reset_n (net)
                      0.063384    0.000006    1.325438 ^ hold143/A (sky130_fd_sc_hd__dlygate4sd3_1)
     2    0.009671    0.184754    1.069371    2.394808 ^ hold143/X (sky130_fd_sc_hd__dlygate4sd3_1)
                                                         net142 (net)
                      0.184754    0.000256    2.395064 ^ fanout72/A (sky130_fd_sc_hd__clkdlybuf4s25_1)
     8    0.036718    0.591714    0.845389    3.240453 ^ fanout72/X (sky130_fd_sc_hd__clkdlybuf4s25_1)
                                                         net72 (net)
                      0.591714    0.000350    3.240802 ^ fanout69/A (sky130_fd_sc_hd__clkdlybuf4s25_1)
     8    0.037104    0.598221    0.990317    4.231120 ^ fanout69/X (sky130_fd_sc_hd__clkdlybuf4s25_1)
                                                         net69 (net)
                      0.598221    0.000836    4.231956 ^ fanout67/A (sky130_fd_sc_hd__clkdlybuf4s25_1)
     3    0.015342    0.261191    0.764246    4.996202 ^ fanout67/X (sky130_fd_sc_hd__clkdlybuf4s25_1)
                                                         net67 (net)
                      0.261191    0.000421    4.996623 ^ load_slew68/A (sky130_fd_sc_hd__clkbuf_4)
     8    0.032517    0.172306    0.390123    5.386745 ^ load_slew68/X (sky130_fd_sc_hd__clkbuf_4)
                                                         net68 (net)
                      0.172306    0.000159    5.386905 ^ _1430_/RESET_B (sky130_fd_sc_hd__dfrtp_2)
                                              5.386905   data arrival time

                                  0.000000    0.000000   clock CLK (rise edge)
                                  0.000000    0.000000   clock source latency
     1    0.018921    0.142429    0.101889    0.101889 ^ CLK (in)
                                                         CLK (net)
                      0.142439    0.000000    0.101889 ^ clkbuf_0_CLK/A (sky130_fd_sc_hd__clkbuf_16)
    16    0.102249    0.179542    0.368269    0.470158 ^ clkbuf_0_CLK/X (sky130_fd_sc_hd__clkbuf_16)
                                                         clknet_0_CLK (net)
                      0.179571    0.002443    0.472601 ^ clkbuf_4_5_0_CLK/A (sky130_fd_sc_hd__clkbuf_8)
     6    0.016758    0.076022    0.292736    0.765337 ^ clkbuf_4_5_0_CLK/X (sky130_fd_sc_hd__clkbuf_8)
                                                         clknet_4_5_0_CLK (net)
                      0.076022    0.000093    0.765430 ^ _1430_/CLK (sky130_fd_sc_hd__dfrtp_2)
                                  0.250000    1.015430   clock uncertainty
                                 -0.044777    0.970653   clock reconvergence pessimism
                                  0.690590    1.661243   library removal time
                                              1.661243   data required time
---------------------------------------------------------------------------------------------
                                              1.661243   data required time
                                             -5.386905   data arrival time
---------------------------------------------------------------------------------------------
                                              3.725662   slack (MET)


Startpoint: _1441_ (rising edge-triggered flip-flop clocked by CLK)
Endpoint: _1427_ (removal check against rising-edge clock CLK)
Path Group: asynchronous
Path Type: min

Fanout         Cap        Slew       Delay        Time   Description
---------------------------------------------------------------------------------------------
                                  0.000000    0.000000   clock CLK (rise edge)
                                  0.000000    0.000000   clock source latency
     1    0.018921    0.142429    0.092186    0.092186 ^ CLK (in)
                                                         CLK (net)
                      0.142439    0.000000    0.092186 ^ clkbuf_0_CLK/A (sky130_fd_sc_hd__clkbuf_16)
    16    0.102249    0.179542    0.333196    0.425381 ^ clkbuf_0_CLK/X (sky130_fd_sc_hd__clkbuf_16)
                                                         clknet_0_CLK (net)
                      0.179557    0.001728    0.427110 ^ clkbuf_4_10_0_CLK/A (sky130_fd_sc_hd__clkbuf_8)
     6    0.017324    0.077315    0.266059    0.693168 ^ clkbuf_4_10_0_CLK/X (sky130_fd_sc_hd__clkbuf_8)
                                                         clknet_4_10_0_CLK (net)
                      0.077315    0.000101    0.693270 ^ _1441_/CLK (sky130_fd_sc_hd__dfrtp_2)
     1    0.001730    0.063384    0.632162    1.325431 ^ _1441_/Q (sky130_fd_sc_hd__dfrtp_2)
                                                         control.reset_n (net)
                      0.063384    0.000006    1.325438 ^ hold143/A (sky130_fd_sc_hd__dlygate4sd3_1)
     2    0.009671    0.184754    1.069371    2.394808 ^ hold143/X (sky130_fd_sc_hd__dlygate4sd3_1)
                                                         net142 (net)
                      0.184754    0.000256    2.395064 ^ fanout72/A (sky130_fd_sc_hd__clkdlybuf4s25_1)
     8    0.036718    0.591714    0.845389    3.240453 ^ fanout72/X (sky130_fd_sc_hd__clkdlybuf4s25_1)
                                                         net72 (net)
                      0.591714    0.000350    3.240802 ^ fanout69/A (sky130_fd_sc_hd__clkdlybuf4s25_1)
     8    0.037104    0.598221    0.990317    4.231120 ^ fanout69/X (sky130_fd_sc_hd__clkdlybuf4s25_1)
                                                         net69 (net)
                      0.598221    0.000836    4.231956 ^ fanout67/A (sky130_fd_sc_hd__clkdlybuf4s25_1)
     3    0.015342    0.261191    0.764246    4.996202 ^ fanout67/X (sky130_fd_sc_hd__clkdlybuf4s25_1)
                                                         net67 (net)
                      0.261191    0.000421    4.996623 ^ load_slew68/A (sky130_fd_sc_hd__clkbuf_4)
     8    0.032517    0.172306    0.390123    5.386745 ^ load_slew68/X (sky130_fd_sc_hd__clkbuf_4)
                                                         net68 (net)
                      0.172306    0.000350    5.387096 ^ _1427_/RESET_B (sky130_fd_sc_hd__dfrtp_2)
                                              5.387096   data arrival time

                                  0.000000    0.000000   clock CLK (rise edge)
                                  0.000000    0.000000   clock source latency
     1    0.018921    0.142429    0.101889    0.101889 ^ CLK (in)
                                                         CLK (net)
                      0.142439    0.000000    0.101889 ^ clkbuf_0_CLK/A (sky130_fd_sc_hd__clkbuf_16)
    16    0.102249    0.179542    0.368269    0.470158 ^ clkbuf_0_CLK/X (sky130_fd_sc_hd__clkbuf_16)
                                                         clknet_0_CLK (net)
                      0.179571    0.002443    0.472601 ^ clkbuf_4_5_0_CLK/A (sky130_fd_sc_hd__clkbuf_8)
     6    0.016758    0.076022    0.292736    0.765337 ^ clkbuf_4_5_0_CLK/X (sky130_fd_sc_hd__clkbuf_8)
                                                         clknet_4_5_0_CLK (net)
                      0.076022    0.000121    0.765458 ^ _1427_/CLK (sky130_fd_sc_hd__dfrtp_2)
                                  0.250000    1.015458   clock uncertainty
                                 -0.044777    0.970681   clock reconvergence pessimism
                                  0.690590    1.661271   library removal time
                                              1.661271   data required time
---------------------------------------------------------------------------------------------
                                              1.661271   data required time
                                             -5.387096   data arrival time
---------------------------------------------------------------------------------------------
                                              3.725825   slack (MET)


Startpoint: _1441_ (rising edge-triggered flip-flop clocked by CLK)
Endpoint: _1426_ (removal check against rising-edge clock CLK)
Path Group: asynchronous
Path Type: min

Fanout         Cap        Slew       Delay        Time   Description
---------------------------------------------------------------------------------------------
                                  0.000000    0.000000   clock CLK (rise edge)
                                  0.000000    0.000000   clock source latency
     1    0.018921    0.142429    0.092186    0.092186 ^ CLK (in)
                                                         CLK (net)
                      0.142439    0.000000    0.092186 ^ clkbuf_0_CLK/A (sky130_fd_sc_hd__clkbuf_16)
    16    0.102249    0.179542    0.333196    0.425381 ^ clkbuf_0_CLK/X (sky130_fd_sc_hd__clkbuf_16)
                                                         clknet_0_CLK (net)
                      0.179557    0.001728    0.427110 ^ clkbuf_4_10_0_CLK/A (sky130_fd_sc_hd__clkbuf_8)
     6    0.017324    0.077315    0.266059    0.693168 ^ clkbuf_4_10_0_CLK/X (sky130_fd_sc_hd__clkbuf_8)
                                                         clknet_4_10_0_CLK (net)
                      0.077315    0.000101    0.693270 ^ _1441_/CLK (sky130_fd_sc_hd__dfrtp_2)
     1    0.001730    0.063384    0.632162    1.325431 ^ _1441_/Q (sky130_fd_sc_hd__dfrtp_2)
                                                         control.reset_n (net)
                      0.063384    0.000006    1.325438 ^ hold143/A (sky130_fd_sc_hd__dlygate4sd3_1)
     2    0.009671    0.184754    1.069371    2.394808 ^ hold143/X (sky130_fd_sc_hd__dlygate4sd3_1)
                                                         net142 (net)
                      0.184754    0.000256    2.395064 ^ fanout72/A (sky130_fd_sc_hd__clkdlybuf4s25_1)
     8    0.036718    0.591714    0.845389    3.240453 ^ fanout72/X (sky130_fd_sc_hd__clkdlybuf4s25_1)
                                                         net72 (net)
                      0.591714    0.000350    3.240802 ^ fanout69/A (sky130_fd_sc_hd__clkdlybuf4s25_1)
     8    0.037104    0.598221    0.990317    4.231120 ^ fanout69/X (sky130_fd_sc_hd__clkdlybuf4s25_1)
                                                         net69 (net)
                      0.598221    0.000836    4.231956 ^ fanout67/A (sky130_fd_sc_hd__clkdlybuf4s25_1)
     3    0.015342    0.261191    0.764246    4.996202 ^ fanout67/X (sky130_fd_sc_hd__clkdlybuf4s25_1)
                                                         net67 (net)
                      0.261191    0.000421    4.996623 ^ load_slew68/A (sky130_fd_sc_hd__clkbuf_4)
     8    0.032517    0.172306    0.390123    5.386745 ^ load_slew68/X (sky130_fd_sc_hd__clkbuf_4)
                                                         net68 (net)
                      0.172306    0.000306    5.387051 ^ _1426_/RESET_B (sky130_fd_sc_hd__dfrtp_2)
                                              5.387051   data arrival time

                                  0.000000    0.000000   clock CLK (rise edge)
                                  0.000000    0.000000   clock source latency
     1    0.018921    0.142429    0.101889    0.101889 ^ CLK (in)
                                                         CLK (net)
                      0.142439    0.000000    0.101889 ^ clkbuf_0_CLK/A (sky130_fd_sc_hd__clkbuf_16)
    16    0.102249    0.179542    0.368269    0.470158 ^ clkbuf_0_CLK/X (sky130_fd_sc_hd__clkbuf_16)
                                                         clknet_0_CLK (net)
                      0.179569    0.002376    0.472534 ^ clkbuf_4_7_0_CLK/A (sky130_fd_sc_hd__clkbuf_8)
     6    0.014960    0.072059    0.288402    0.760936 ^ clkbuf_4_7_0_CLK/X (sky130_fd_sc_hd__clkbuf_8)
                                                         clknet_4_7_0_CLK (net)
                      0.072060    0.000166    0.761102 ^ _1426_/CLK (sky130_fd_sc_hd__dfrtp_2)
                                  0.250000    1.011102   clock uncertainty
                                 -0.044777    0.966325   clock reconvergence pessimism
                                  0.689396    1.655721   library removal time
                                              1.655721   data required time
---------------------------------------------------------------------------------------------
                                              1.655721   data required time
                                             -5.387051   data arrival time
---------------------------------------------------------------------------------------------
                                              3.731330   slack (MET)


Startpoint: _1441_ (rising edge-triggered flip-flop clocked by CLK)
Endpoint: _1431_ (removal check against rising-edge clock CLK)
Path Group: asynchronous
Path Type: min

Fanout         Cap        Slew       Delay        Time   Description
---------------------------------------------------------------------------------------------
                                  0.000000    0.000000   clock CLK (rise edge)
                                  0.000000    0.000000   clock source latency
     1    0.018921    0.142429    0.092186    0.092186 ^ CLK (in)
                                                         CLK (net)
                      0.142439    0.000000    0.092186 ^ clkbuf_0_CLK/A (sky130_fd_sc_hd__clkbuf_16)
    16    0.102249    0.179542    0.333196    0.425381 ^ clkbuf_0_CLK/X (sky130_fd_sc_hd__clkbuf_16)
                                                         clknet_0_CLK (net)
                      0.179557    0.001728    0.427110 ^ clkbuf_4_10_0_CLK/A (sky130_fd_sc_hd__clkbuf_8)
     6    0.017324    0.077315    0.266059    0.693168 ^ clkbuf_4_10_0_CLK/X (sky130_fd_sc_hd__clkbuf_8)
                                                         clknet_4_10_0_CLK (net)
                      0.077315    0.000101    0.693270 ^ _1441_/CLK (sky130_fd_sc_hd__dfrtp_2)
     1    0.001730    0.063384    0.632162    1.325431 ^ _1441_/Q (sky130_fd_sc_hd__dfrtp_2)
                                                         control.reset_n (net)
                      0.063384    0.000006    1.325438 ^ hold143/A (sky130_fd_sc_hd__dlygate4sd3_1)
     2    0.009671    0.184754    1.069371    2.394808 ^ hold143/X (sky130_fd_sc_hd__dlygate4sd3_1)
                                                         net142 (net)
                      0.184754    0.000256    2.395064 ^ fanout72/A (sky130_fd_sc_hd__clkdlybuf4s25_1)
     8    0.036718    0.591714    0.845389    3.240453 ^ fanout72/X (sky130_fd_sc_hd__clkdlybuf4s25_1)
                                                         net72 (net)
                      0.591714    0.000350    3.240802 ^ fanout69/A (sky130_fd_sc_hd__clkdlybuf4s25_1)
     8    0.037104    0.598221    0.990317    4.231120 ^ fanout69/X (sky130_fd_sc_hd__clkdlybuf4s25_1)
                                                         net69 (net)
                      0.598221    0.000836    4.231956 ^ fanout67/A (sky130_fd_sc_hd__clkdlybuf4s25_1)
     3    0.015342    0.261191    0.764246    4.996202 ^ fanout67/X (sky130_fd_sc_hd__clkdlybuf4s25_1)
                                                         net67 (net)
                      0.261191    0.000421    4.996623 ^ load_slew68/A (sky130_fd_sc_hd__clkbuf_4)
     8    0.032517    0.172306    0.390123    5.386745 ^ load_slew68/X (sky130_fd_sc_hd__clkbuf_4)
                                                         net68 (net)
                      0.172306    0.000338    5.387083 ^ _1431_/RESET_B (sky130_fd_sc_hd__dfrtp_2)
                                              5.387083   data arrival time

                                  0.000000    0.000000   clock CLK (rise edge)
                                  0.000000    0.000000   clock source latency
     1    0.018921    0.142429    0.101889    0.101889 ^ CLK (in)
                                                         CLK (net)
                      0.142439    0.000000    0.101889 ^ clkbuf_0_CLK/A (sky130_fd_sc_hd__clkbuf_16)
    16    0.102249    0.179542    0.368269    0.470158 ^ clkbuf_0_CLK/X (sky130_fd_sc_hd__clkbuf_16)
                                                         clknet_0_CLK (net)
                      0.179569    0.002376    0.472534 ^ clkbuf_4_7_0_CLK/A (sky130_fd_sc_hd__clkbuf_8)
     6    0.014960    0.072059    0.288402    0.760936 ^ clkbuf_4_7_0_CLK/X (sky130_fd_sc_hd__clkbuf_8)
                                                         clknet_4_7_0_CLK (net)
                      0.072060    0.000176    0.761112 ^ _1431_/CLK (sky130_fd_sc_hd__dfrtp_2)
                                  0.250000    1.011112   clock uncertainty
                                 -0.044777    0.966335   clock reconvergence pessimism
                                  0.689396    1.655731   library removal time
                                              1.655731   data required time
---------------------------------------------------------------------------------------------
                                              1.655731   data required time
                                             -5.387083   data arrival time
---------------------------------------------------------------------------------------------
                                              3.731352   slack (MET)


Startpoint: _1396_ (rising edge-triggered flip-flop clocked by CLK)
Endpoint: FAULT (output port clocked by CLK)
Path Group: CLK
Path Type: min

Fanout         Cap        Slew       Delay        Time   Description
---------------------------------------------------------------------------------------------
                                  0.000000    0.000000   clock CLK (rise edge)
                                  0.000000    0.000000   clock source latency
     1    0.018921    0.142429    0.092186    0.092186 ^ CLK (in)
                                                         CLK (net)
                      0.142439    0.000000    0.092186 ^ clkbuf_0_CLK/A (sky130_fd_sc_hd__clkbuf_16)
    16    0.102249    0.179542    0.333196    0.425381 ^ clkbuf_0_CLK/X (sky130_fd_sc_hd__clkbuf_16)
                                                         clknet_0_CLK (net)
                      0.179543    0.000934    0.426316 ^ clkbuf_4_8_0_CLK/A (sky130_fd_sc_hd__clkbuf_8)
     5    0.013699    0.069341    0.258194    0.684509 ^ clkbuf_4_8_0_CLK/X (sky130_fd_sc_hd__clkbuf_8)
                                                         clknet_4_8_0_CLK (net)
                      0.069341    0.000076    0.684585 ^ _1396_/CLK (sky130_fd_sc_hd__dfrtp_2)
     4    0.010381    0.120777    0.696291    1.380876 ^ _1396_/Q (sky130_fd_sc_hd__dfrtp_2)
                                                         net21 (net)
                      0.120777    0.000063    1.380939 ^ output21/A (sky130_fd_sc_hd__clkdlybuf4s25_1)
     1    0.034544    0.557428    0.795463    2.176403 ^ output21/X (sky130_fd_sc_hd__clkdlybuf4s25_1)
                                                         FAULT (net)
                      0.557428    0.000269    2.176671 ^ FAULT (out)
                                              2.176671   data arrival time

                                  0.000000    0.000000   clock CLK (rise edge)
                                  0.000000    0.000000   clock network delay (propagated)
                                  0.250000    0.250000   clock uncertainty
                                  0.000000    0.250000   clock reconvergence pessimism
                                 -4.000000   -3.750000   output external delay
                                             -3.750000   data required time
---------------------------------------------------------------------------------------------
                                             -3.750000   data required time
                                             -2.176671   data arrival time
---------------------------------------------------------------------------------------------
                                              5.926672   slack (MET)


Startpoint: _1471_ (rising edge-triggered flip-flop clocked by CLK)
Endpoint: GL_C (output port clocked by CLK)
Path Group: CLK
Path Type: min

Fanout         Cap        Slew       Delay        Time   Description
---------------------------------------------------------------------------------------------
                                  0.000000    0.000000   clock CLK (rise edge)
                                  0.000000    0.000000   clock source latency
     1    0.018921    0.142429    0.092186    0.092186 ^ CLK (in)
                                                         CLK (net)
                      0.142439    0.000000    0.092186 ^ clkbuf_0_CLK/A (sky130_fd_sc_hd__clkbuf_16)
    16    0.102249    0.179542    0.333196    0.425381 ^ clkbuf_0_CLK/X (sky130_fd_sc_hd__clkbuf_16)
                                                         clknet_0_CLK (net)
                      0.179543    0.000934    0.426316 ^ clkbuf_4_8_0_CLK/A (sky130_fd_sc_hd__clkbuf_8)
     5    0.013699    0.069341    0.258194    0.684509 ^ clkbuf_4_8_0_CLK/X (sky130_fd_sc_hd__clkbuf_8)
                                                         clknet_4_8_0_CLK (net)
                      0.069341    0.000079    0.684589 ^ _1471_/CLK (sky130_fd_sc_hd__dfrtp_2)
     2    0.007249    0.100091    0.675879    1.360468 ^ _1471_/Q (sky130_fd_sc_hd__dfrtp_2)
                                                         gates.gl_c (net)
                      0.100091    0.000083    1.360551 ^ _0720_/B (sky130_fd_sc_hd__and3_2)
     1    0.002676    0.078273    0.331860    1.692411 ^ _0720_/X (sky130_fd_sc_hd__and3_2)
                                                         net27 (net)
                      0.078273    0.000024    1.692434 ^ output27/A (sky130_fd_sc_hd__clkdlybuf4s25_1)
     1    0.034306    0.553598    0.774843    2.467278 ^ output27/X (sky130_fd_sc_hd__clkdlybuf4s25_1)
                                                         GL_C (net)
                      0.553598    0.000315    2.467592 ^ GL_C (out)
                                              2.467592   data arrival time

                                  0.000000    0.000000   clock CLK (rise edge)
                                  0.000000    0.000000   clock network delay (propagated)
                                  0.250000    0.250000   clock uncertainty
                                  0.000000    0.250000   clock reconvergence pessimism
                                 -4.000000   -3.750000   output external delay
                                             -3.750000   data required time
---------------------------------------------------------------------------------------------
                                             -3.750000   data required time
                                             -2.467592   data arrival time
---------------------------------------------------------------------------------------------
                                              6.217592   slack (MET)


Startpoint: _1470_ (rising edge-triggered flip-flop clocked by CLK)
Endpoint: GH_C (output port clocked by CLK)
Path Group: CLK
Path Type: min

Fanout         Cap        Slew       Delay        Time   Description
---------------------------------------------------------------------------------------------
                                  0.000000    0.000000   clock CLK (rise edge)
                                  0.000000    0.000000   clock source latency
     1    0.018921    0.142429    0.092186    0.092186 ^ CLK (in)
                                                         CLK (net)
                      0.142439    0.000000    0.092186 ^ clkbuf_0_CLK/A (sky130_fd_sc_hd__clkbuf_16)
    16    0.102249    0.179542    0.333196    0.425381 ^ clkbuf_0_CLK/X (sky130_fd_sc_hd__clkbuf_16)
                                                         clknet_0_CLK (net)
                      0.179543    0.000934    0.426316 ^ clkbuf_4_8_0_CLK/A (sky130_fd_sc_hd__clkbuf_8)
     5    0.013699    0.069341    0.258194    0.684509 ^ clkbuf_4_8_0_CLK/X (sky130_fd_sc_hd__clkbuf_8)
                                                         clknet_4_8_0_CLK (net)
                      0.069341    0.000086    0.684595 ^ _1470_/CLK (sky130_fd_sc_hd__dfrtp_2)
     2    0.007097    0.099139    0.674924    1.359519 ^ _1470_/Q (sky130_fd_sc_hd__dfrtp_2)
                                                         gates.gh_c (net)
                      0.099139    0.000007    1.359526 ^ _0719_/B (sky130_fd_sc_hd__and3_2)
     1    0.002754    0.078843    0.332338    1.691864 ^ _0719_/X (sky130_fd_sc_hd__and3_2)
                                                         net24 (net)
                      0.078843    0.000025    1.691889 ^ output24/A (sky130_fd_sc_hd__clkdlybuf4s25_1)
     1    0.034382    0.559977    0.776106    2.467996 ^ output24/X (sky130_fd_sc_hd__clkdlybuf4s25_1)
                                                         GH_C (net)
                      0.559977    0.000234    2.468230 ^ GH_C (out)
                                              2.468230   data arrival time

                                  0.000000    0.000000   clock CLK (rise edge)
                                  0.000000    0.000000   clock network delay (propagated)
                                  0.250000    0.250000   clock uncertainty
                                  0.000000    0.250000   clock reconvergence pessimism
                                 -4.000000   -3.750000   output external delay
                                             -3.750000   data required time
---------------------------------------------------------------------------------------------
                                             -3.750000   data required time
                                             -2.468230   data arrival time
---------------------------------------------------------------------------------------------
                                              6.218230   slack (MET)


Startpoint: _1437_ (rising edge-triggered flip-flop clocked by CLK)
Endpoint: RUN (output port clocked by CLK)
Path Group: CLK
Path Type: min

Fanout         Cap        Slew       Delay        Time   Description
---------------------------------------------------------------------------------------------
                                  0.000000    0.000000   clock CLK (rise edge)
                                  0.000000    0.000000   clock source latency
     1    0.018921    0.142429    0.092186    0.092186 ^ CLK (in)
                                                         CLK (net)
                      0.142439    0.000000    0.092186 ^ clkbuf_0_CLK/A (sky130_fd_sc_hd__clkbuf_16)
    16    0.102249    0.179542    0.333196    0.425381 ^ clkbuf_0_CLK/X (sky130_fd_sc_hd__clkbuf_16)
                                                         clknet_0_CLK (net)
                      0.179543    0.000934    0.426316 ^ clkbuf_4_8_0_CLK/A (sky130_fd_sc_hd__clkbuf_8)
     5    0.013699    0.069341    0.258194    0.684509 ^ clkbuf_4_8_0_CLK/X (sky130_fd_sc_hd__clkbuf_8)
                                                         clknet_4_8_0_CLK (net)
                      0.069341    0.000130    0.684639 ^ _1437_/CLK (sky130_fd_sc_hd__dfrtp_2)
     6    0.015592    0.157980    0.730133    1.414773 ^ _1437_/Q (sky130_fd_sc_hd__dfrtp_2)
                                                         control.state[2] (net)
                      0.157980    0.000137    1.414909 ^ _0721_/A (sky130_fd_sc_hd__and2_2)
     1    0.003671    0.073005    0.278958    1.693868 ^ _0721_/X (sky130_fd_sc_hd__and2_2)
                                                         net28 (net)
                      0.073005    0.000041    1.693909 ^ output28/A (sky130_fd_sc_hd__clkdlybuf4s25_1)
     1    0.034933    0.563271    0.779261    2.473170 ^ output28/X (sky130_fd_sc_hd__clkdlybuf4s25_1)
                                                         RUN (net)
                      0.563271    0.000324    2.473494 ^ RUN (out)
                                              2.473494   data arrival time

                                  0.000000    0.000000   clock CLK (rise edge)
                                  0.000000    0.000000   clock network delay (propagated)
                                  0.250000    0.250000   clock uncertainty
                                  0.000000    0.250000   clock reconvergence pessimism
                                 -4.000000   -3.750000   output external delay
                                             -3.750000   data required time
---------------------------------------------------------------------------------------------
                                             -3.750000   data required time
                                             -2.473494   data arrival time
---------------------------------------------------------------------------------------------
                                              6.223494   slack (MET)


Startpoint: _1473_ (rising edge-triggered flip-flop clocked by CLK)
Endpoint: GL_B (output port clocked by CLK)
Path Group: CLK
Path Type: min

Fanout         Cap        Slew       Delay        Time   Description
---------------------------------------------------------------------------------------------
                                  0.000000    0.000000   clock CLK (rise edge)
                                  0.000000    0.000000   clock source latency
     1    0.018921    0.142429    0.092186    0.092186 ^ CLK (in)
                                                         CLK (net)
                      0.142439    0.000000    0.092186 ^ clkbuf_0_CLK/A (sky130_fd_sc_hd__clkbuf_16)
    16    0.102249    0.179542    0.333196    0.425381 ^ clkbuf_0_CLK/X (sky130_fd_sc_hd__clkbuf_16)
                                                         clknet_0_CLK (net)
                      0.179557    0.001728    0.427110 ^ clkbuf_4_10_0_CLK/A (sky130_fd_sc_hd__clkbuf_8)
     6    0.017324    0.077315    0.266059    0.693168 ^ clkbuf_4_10_0_CLK/X (sky130_fd_sc_hd__clkbuf_8)
                                                         clknet_4_10_0_CLK (net)
                      0.077315    0.000099    0.693267 ^ _1473_/CLK (sky130_fd_sc_hd__dfrtp_2)
     2    0.007119    0.099261    0.678516    1.371783 ^ _1473_/Q (sky130_fd_sc_hd__dfrtp_2)
                                                         gates.gl_b (net)
                      0.099261    0.000069    1.371852 ^ _0718_/B (sky130_fd_sc_hd__and3_2)
     1    0.002739    0.078733    0.332224    1.704077 ^ _0718_/X (sky130_fd_sc_hd__and3_2)
                                                         net26 (net)
                      0.078733    0.000023    1.704100 ^ output26/A (sky130_fd_sc_hd__clkdlybuf4s25_1)
     1    0.035630    0.574068    0.788872    2.492972 ^ output26/X (sky130_fd_sc_hd__clkdlybuf4s25_1)
                                                         GL_B (net)
                      0.574068    0.000384    2.493356 ^ GL_B (out)
                                              2.493356   data arrival time

                                  0.000000    0.000000   clock CLK (rise edge)
                                  0.000000    0.000000   clock network delay (propagated)
                                  0.250000    0.250000   clock uncertainty
                                  0.000000    0.250000   clock reconvergence pessimism
                                 -4.000000   -3.750000   output external delay
                                             -3.750000   data required time
---------------------------------------------------------------------------------------------
                                             -3.750000   data required time
                                             -2.493356   data arrival time
---------------------------------------------------------------------------------------------
                                              6.243356   slack (MET)


Startpoint: _1475_ (rising edge-triggered flip-flop clocked by CLK)
Endpoint: GL_A (output port clocked by CLK)
Path Group: CLK
Path Type: min

Fanout         Cap        Slew       Delay        Time   Description
---------------------------------------------------------------------------------------------
                                  0.000000    0.000000   clock CLK (rise edge)
                                  0.000000    0.000000   clock source latency
     1    0.018921    0.142429    0.092186    0.092186 ^ CLK (in)
                                                         CLK (net)
                      0.142439    0.000000    0.092186 ^ clkbuf_0_CLK/A (sky130_fd_sc_hd__clkbuf_16)
    16    0.102249    0.179542    0.333196    0.425381 ^ clkbuf_0_CLK/X (sky130_fd_sc_hd__clkbuf_16)
                                                         clknet_0_CLK (net)
                      0.179556    0.001701    0.427083 ^ clkbuf_4_11_0_CLK/A (sky130_fd_sc_hd__clkbuf_8)
     6    0.015998    0.074334    0.263176    0.690258 ^ clkbuf_4_11_0_CLK/X (sky130_fd_sc_hd__clkbuf_8)
                                                         clknet_4_11_0_CLK (net)
                      0.074334    0.000094    0.690353 ^ _1475_/CLK (sky130_fd_sc_hd__dfrtp_2)
     2    0.008462    0.107901    0.685964    1.376317 ^ _1475_/Q (sky130_fd_sc_hd__dfrtp_2)
                                                         gates.gl_a (net)
                      0.107901    0.000129    1.376446 ^ _0716_/B (sky130_fd_sc_hd__and3_2)
     1    0.004509    0.092183    0.353602    1.730048 ^ _0716_/X (sky130_fd_sc_hd__and3_2)
                                                         net25 (net)
                      0.092183    0.000072    1.730120 ^ output25/A (sky130_fd_sc_hd__clkdlybuf4s25_1)
     1    0.035549    0.572865    0.793731    2.523851 ^ output25/X (sky130_fd_sc_hd__clkdlybuf4s25_1)
                                                         GL_A (net)
                      0.572865    0.000393    2.524245 ^ GL_A (out)
                                              2.524245   data arrival time

                                  0.000000    0.000000   clock CLK (rise edge)
                                  0.000000    0.000000   clock network delay (propagated)
                                  0.250000    0.250000   clock uncertainty
                                  0.000000    0.250000   clock reconvergence pessimism
                                 -4.000000   -3.750000   output external delay
                                             -3.750000   data required time
---------------------------------------------------------------------------------------------
                                             -3.750000   data required time
                                             -2.524245   data arrival time
---------------------------------------------------------------------------------------------
                                              6.274244   slack (MET)


Startpoint: _1472_ (rising edge-triggered flip-flop clocked by CLK)
Endpoint: GH_B (output port clocked by CLK)
Path Group: CLK
Path Type: min

Fanout         Cap        Slew       Delay        Time   Description
---------------------------------------------------------------------------------------------
                                  0.000000    0.000000   clock CLK (rise edge)
                                  0.000000    0.000000   clock source latency
     1    0.018921    0.142429    0.092186    0.092186 ^ CLK (in)
                                                         CLK (net)
                      0.142439    0.000000    0.092186 ^ clkbuf_0_CLK/A (sky130_fd_sc_hd__clkbuf_16)
    16    0.102249    0.179542    0.333196    0.425381 ^ clkbuf_0_CLK/X (sky130_fd_sc_hd__clkbuf_16)
                                                         clknet_0_CLK (net)
                      0.179557    0.001728    0.427110 ^ clkbuf_4_10_0_CLK/A (sky130_fd_sc_hd__clkbuf_8)
     6    0.017324    0.077315    0.266059    0.693168 ^ clkbuf_4_10_0_CLK/X (sky130_fd_sc_hd__clkbuf_8)
                                                         clknet_4_10_0_CLK (net)
                      0.077315    0.000114    0.693282 ^ _1472_/CLK (sky130_fd_sc_hd__dfrtp_2)
     2    0.007627    0.102491    0.681810    1.375092 ^ _1472_/Q (sky130_fd_sc_hd__dfrtp_2)
                                                         gates.gh_b (net)
                      0.102491    0.000110    1.375202 ^ _0717_/B (sky130_fd_sc_hd__and3_2)
     1    0.005623    0.102000    0.362834    1.738036 ^ _0717_/X (sky130_fd_sc_hd__and3_2)
                                                         net23 (net)
                      0.102000    0.000121    1.738157 ^ output23/A (sky130_fd_sc_hd__clkdlybuf4s25_1)
     1    0.035382    0.570333    0.796151    2.534308 ^ output23/X (sky130_fd_sc_hd__clkdlybuf4s25_1)
                                                         GH_B (net)
                      0.570333    0.000409    2.534717 ^ GH_B (out)
                                              2.534717   data arrival time

                                  0.000000    0.000000   clock CLK (rise edge)
                                  0.000000    0.000000   clock network delay (propagated)
                                  0.250000    0.250000   clock uncertainty
                                  0.000000    0.250000   clock reconvergence pessimism
                                 -4.000000   -3.750000   output external delay
                                             -3.750000   data required time
---------------------------------------------------------------------------------------------
                                             -3.750000   data required time
                                             -2.534717   data arrival time
---------------------------------------------------------------------------------------------
                                              6.284717   slack (MET)


Startpoint: _1474_ (rising edge-triggered flip-flop clocked by CLK)
Endpoint: GH_A (output port clocked by CLK)
Path Group: CLK
Path Type: min

Fanout         Cap        Slew       Delay        Time   Description
---------------------------------------------------------------------------------------------
                                  0.000000    0.000000   clock CLK (rise edge)
                                  0.000000    0.000000   clock source latency
     1    0.018921    0.142429    0.092186    0.092186 ^ CLK (in)
                                                         CLK (net)
                      0.142439    0.000000    0.092186 ^ clkbuf_0_CLK/A (sky130_fd_sc_hd__clkbuf_16)
    16    0.102249    0.179542    0.333196    0.425381 ^ clkbuf_0_CLK/X (sky130_fd_sc_hd__clkbuf_16)
                                                         clknet_0_CLK (net)
                      0.179545    0.001120    0.426502 ^ clkbuf_4_13_0_CLK/A (sky130_fd_sc_hd__clkbuf_8)
     6    0.016133    0.074633    0.263469    0.689970 ^ clkbuf_4_13_0_CLK/X (sky130_fd_sc_hd__clkbuf_8)
                                                         clknet_4_13_0_CLK (net)
                      0.074633    0.000155    0.690125 ^ _1474_/CLK (sky130_fd_sc_hd__dfrtp_2)
     2    0.008942    0.111078    0.689205    1.379330 ^ _1474_/Q (sky130_fd_sc_hd__dfrtp_2)
                                                         gates.gh_a (net)
                      0.111078    0.000134    1.379464 ^ _0715_/B (sky130_fd_sc_hd__and3_2)
     1    0.010206    0.132731    0.398071    1.777534 ^ _0715_/X (sky130_fd_sc_hd__and3_2)
                                                         net22 (net)
                      0.132731    0.000391    1.777925 ^ output22/A (sky130_fd_sc_hd__clkdlybuf4s25_1)
     1    0.034816    0.561726    0.803249    2.581174 ^ output22/X (sky130_fd_sc_hd__clkdlybuf4s25_1)
                                                         GH_A (net)
                      0.561726    0.000481    2.581655 ^ GH_A (out)
                                              2.581655   data arrival time

                                  0.000000    0.000000   clock CLK (rise edge)
                                  0.000000    0.000000   clock network delay (propagated)
                                  0.250000    0.250000   clock uncertainty
                                  0.000000    0.250000   clock reconvergence pessimism
                                 -4.000000   -3.750000   output external delay
                                             -3.750000   data required time
---------------------------------------------------------------------------------------------
                                             -3.750000   data required time
                                             -2.581655   data arrival time
---------------------------------------------------------------------------------------------
                                              6.331655   slack (MET)



