
===========================================================================
report_checks -path_delay max (Setup)
============================================================================
======================= max_ff_n40C_1v95 Corner ===================================

Startpoint: UV_FAULT (input port clocked by CLK)
Endpoint: GH_B (output port clocked by CLK)
Path Group: CLK
Path Type: max

Fanout         Cap        Slew       Delay        Time   Description
---------------------------------------------------------------------------------------------
                                  0.000000    0.000000   clock CLK (rise edge)
                                  0.000000    0.000000   clock network delay (propagated)
                                  4.000000    4.000000 v input external delay
     1    0.003891    0.006325    0.003458    4.003458 v UV_FAULT (in)
                                                         UV_FAULT (net)
                      0.006334    0.000000    4.003458 v input20/A (sky130_fd_sc_hd__clkdlybuf4s25_1)
     1    0.002649    0.026558    0.154038    4.157496 v input20/X (sky130_fd_sc_hd__clkdlybuf4s25_1)
                                                         net20 (net)
                      0.026558    0.000168    4.157664 v _370_/A (sky130_fd_sc_hd__or3_2)
     1    0.005837    0.057855    0.290331    4.447995 v _370_/X (sky130_fd_sc_hd__or3_2)
                                                         _071_ (net)
                      0.057855    0.000287    4.448282 v _371_/C (sky130_fd_sc_hd__nor3_2)
     3    0.011816    0.173803    0.149875    4.598156 ^ _371_/Y (sky130_fd_sc_hd__nor3_2)
                                                         _072_ (net)
                      0.173860    0.000603    4.598759 ^ fanout33/A (sky130_fd_sc_hd__clkdlybuf4s25_1)
    10    0.042918    0.322945    0.404940    5.003699 ^ fanout33/X (sky130_fd_sc_hd__clkdlybuf4s25_1)
                                                         net33 (net)
                      0.322956    0.002347    5.006047 ^ _375_/C (sky130_fd_sc_hd__and3_2)
     1    0.006082    0.042663    0.150238    5.156285 ^ _375_/X (sky130_fd_sc_hd__and3_2)
                                                         net23 (net)
                      0.042664    0.000474    5.156759 ^ output23/A (sky130_fd_sc_hd__clkdlybuf4s25_1)
     1    0.035655    0.269652    0.344196    5.500956 ^ output23/X (sky130_fd_sc_hd__clkdlybuf4s25_1)
                                                         GH_B (net)
                      0.269662    0.002011    5.502967 ^ GH_B (out)
                                              5.502967   data arrival time

                                 20.000000   20.000000   clock CLK (rise edge)
                                  0.000000   20.000000   clock network delay (propagated)
                                 -0.250000   19.750002   clock uncertainty
                                  0.000000   19.750002   clock reconvergence pessimism
                                 -4.000000   15.750001   output external delay
                                             15.750001   data required time
---------------------------------------------------------------------------------------------
                                             15.750001   data required time
                                             -5.502967   data arrival time
---------------------------------------------------------------------------------------------
                                             10.247034   slack (MET)


Startpoint: UV_FAULT (input port clocked by CLK)
Endpoint: GH_C (output port clocked by CLK)
Path Group: CLK
Path Type: max

Fanout         Cap        Slew       Delay        Time   Description
---------------------------------------------------------------------------------------------
                                  0.000000    0.000000   clock CLK (rise edge)
                                  0.000000    0.000000   clock network delay (propagated)
                                  4.000000    4.000000 v input external delay
     1    0.003891    0.006325    0.003458    4.003458 v UV_FAULT (in)
                                                         UV_FAULT (net)
                      0.006334    0.000000    4.003458 v input20/A (sky130_fd_sc_hd__clkdlybuf4s25_1)
     1    0.002649    0.026558    0.154038    4.157496 v input20/X (sky130_fd_sc_hd__clkdlybuf4s25_1)
                                                         net20 (net)
                      0.026558    0.000168    4.157664 v _370_/A (sky130_fd_sc_hd__or3_2)
     1    0.005837    0.057855    0.290331    4.447995 v _370_/X (sky130_fd_sc_hd__or3_2)
                                                         _071_ (net)
                      0.057855    0.000287    4.448282 v _371_/C (sky130_fd_sc_hd__nor3_2)
     3    0.011816    0.173803    0.149875    4.598156 ^ _371_/Y (sky130_fd_sc_hd__nor3_2)
                                                         _072_ (net)
                      0.173860    0.000603    4.598759 ^ fanout33/A (sky130_fd_sc_hd__clkdlybuf4s25_1)
    10    0.042918    0.322945    0.404940    5.003699 ^ fanout33/X (sky130_fd_sc_hd__clkdlybuf4s25_1)
                                                         net33 (net)
                      0.323065    0.002827    5.006526 ^ _377_/C (sky130_fd_sc_hd__and3_2)
     1    0.006693    0.044491    0.152328    5.158855 ^ _377_/X (sky130_fd_sc_hd__and3_2)
                                                         net24 (net)
                      0.044498    0.000419    5.159274 ^ output24/A (sky130_fd_sc_hd__clkdlybuf4s25_1)
     1    0.035049    0.265177    0.341552    5.500825 ^ output24/X (sky130_fd_sc_hd__clkdlybuf4s25_1)
                                                         GH_C (net)
                      0.265186    0.001943    5.502768 ^ GH_C (out)
                                              5.502768   data arrival time

                                 20.000000   20.000000   clock CLK (rise edge)
                                  0.000000   20.000000   clock network delay (propagated)
                                 -0.250000   19.750002   clock uncertainty
                                  0.000000   19.750002   clock reconvergence pessimism
                                 -4.000000   15.750001   output external delay
                                             15.750001   data required time
---------------------------------------------------------------------------------------------
                                             15.750001   data required time
                                             -5.502768   data arrival time
---------------------------------------------------------------------------------------------
                                             10.247232   slack (MET)


Startpoint: UV_FAULT (input port clocked by CLK)
Endpoint: GL_B (output port clocked by CLK)
Path Group: CLK
Path Type: max

Fanout         Cap        Slew       Delay        Time   Description
---------------------------------------------------------------------------------------------
                                  0.000000    0.000000   clock CLK (rise edge)
                                  0.000000    0.000000   clock network delay (propagated)
                                  4.000000    4.000000 v input external delay
     1    0.003891    0.006325    0.003458    4.003458 v UV_FAULT (in)
                                                         UV_FAULT (net)
                      0.006334    0.000000    4.003458 v input20/A (sky130_fd_sc_hd__clkdlybuf4s25_1)
     1    0.002649    0.026558    0.154038    4.157496 v input20/X (sky130_fd_sc_hd__clkdlybuf4s25_1)
                                                         net20 (net)
                      0.026558    0.000168    4.157664 v _370_/A (sky130_fd_sc_hd__or3_2)
     1    0.005837    0.057855    0.290331    4.447995 v _370_/X (sky130_fd_sc_hd__or3_2)
                                                         _071_ (net)
                      0.057855    0.000287    4.448282 v _371_/C (sky130_fd_sc_hd__nor3_2)
     3    0.011816    0.173803    0.149875    4.598156 ^ _371_/Y (sky130_fd_sc_hd__nor3_2)
                                                         _072_ (net)
                      0.173860    0.000603    4.598759 ^ fanout33/A (sky130_fd_sc_hd__clkdlybuf4s25_1)
    10    0.042918    0.322945    0.404940    5.003699 ^ fanout33/X (sky130_fd_sc_hd__clkdlybuf4s25_1)
                                                         net33 (net)
                      0.323058    0.002518    5.006217 ^ _376_/C (sky130_fd_sc_hd__and3_2)
     1    0.005160    0.039935    0.147177    5.153393 ^ _376_/X (sky130_fd_sc_hd__and3_2)
                                                         net26 (net)
                      0.039935    0.000410    5.153804 ^ output26/A (sky130_fd_sc_hd__clkdlybuf4s25_1)
     1    0.035606    0.269333    0.343069    5.496873 ^ output26/X (sky130_fd_sc_hd__clkdlybuf4s25_1)
                                                         GL_B (net)
                      0.269344    0.002069    5.498942 ^ GL_B (out)
                                              5.498942   data arrival time

                                 20.000000   20.000000   clock CLK (rise edge)
                                  0.000000   20.000000   clock network delay (propagated)
                                 -0.250000   19.750002   clock uncertainty
                                  0.000000   19.750002   clock reconvergence pessimism
                                 -4.000000   15.750001   output external delay
                                             15.750001   data required time
---------------------------------------------------------------------------------------------
                                             15.750001   data required time
                                             -5.498942   data arrival time
---------------------------------------------------------------------------------------------
                                             10.251059   slack (MET)


Startpoint: UV_FAULT (input port clocked by CLK)
Endpoint: GH_A (output port clocked by CLK)
Path Group: CLK
Path Type: max

Fanout         Cap        Slew       Delay        Time   Description
---------------------------------------------------------------------------------------------
                                  0.000000    0.000000   clock CLK (rise edge)
                                  0.000000    0.000000   clock network delay (propagated)
                                  4.000000    4.000000 v input external delay
     1    0.003891    0.006325    0.003458    4.003458 v UV_FAULT (in)
                                                         UV_FAULT (net)
                      0.006334    0.000000    4.003458 v input20/A (sky130_fd_sc_hd__clkdlybuf4s25_1)
     1    0.002649    0.026558    0.154038    4.157496 v input20/X (sky130_fd_sc_hd__clkdlybuf4s25_1)
                                                         net20 (net)
                      0.026558    0.000168    4.157664 v _370_/A (sky130_fd_sc_hd__or3_2)
     1    0.005837    0.057855    0.290331    4.447995 v _370_/X (sky130_fd_sc_hd__or3_2)
                                                         _071_ (net)
                      0.057855    0.000287    4.448282 v _371_/C (sky130_fd_sc_hd__nor3_2)
     3    0.011816    0.173803    0.149875    4.598156 ^ _371_/Y (sky130_fd_sc_hd__nor3_2)
                                                         _072_ (net)
                      0.173860    0.000603    4.598759 ^ fanout33/A (sky130_fd_sc_hd__clkdlybuf4s25_1)
    10    0.042918    0.322945    0.404940    5.003699 ^ fanout33/X (sky130_fd_sc_hd__clkdlybuf4s25_1)
                                                         net33 (net)
                      0.322955    0.002329    5.006029 ^ _373_/C (sky130_fd_sc_hd__and3_2)
     1    0.004940    0.039284    0.146426    5.152455 ^ _373_/X (sky130_fd_sc_hd__and3_2)
                                                         net22 (net)
                      0.039284    0.000442    5.152897 ^ output22/A (sky130_fd_sc_hd__clkdlybuf4s25_1)
     1    0.035431    0.268078    0.341833    5.494730 ^ output22/X (sky130_fd_sc_hd__clkdlybuf4s25_1)
                                                         GH_A (net)
                      0.268177    0.002205    5.496935 ^ GH_A (out)
                                              5.496935   data arrival time

                                 20.000000   20.000000   clock CLK (rise edge)
                                  0.000000   20.000000   clock network delay (propagated)
                                 -0.250000   19.750002   clock uncertainty
                                  0.000000   19.750002   clock reconvergence pessimism
                                 -4.000000   15.750001   output external delay
                                             15.750001   data required time
---------------------------------------------------------------------------------------------
                                             15.750001   data required time
                                             -5.496935   data arrival time
---------------------------------------------------------------------------------------------
                                             10.253066   slack (MET)


Startpoint: UV_FAULT (input port clocked by CLK)
Endpoint: GL_A (output port clocked by CLK)
Path Group: CLK
Path Type: max

Fanout         Cap        Slew       Delay        Time   Description
---------------------------------------------------------------------------------------------
                                  0.000000    0.000000   clock CLK (rise edge)
                                  0.000000    0.000000   clock network delay (propagated)
                                  4.000000    4.000000 v input external delay
     1    0.003891    0.006325    0.003458    4.003458 v UV_FAULT (in)
                                                         UV_FAULT (net)
                      0.006334    0.000000    4.003458 v input20/A (sky130_fd_sc_hd__clkdlybuf4s25_1)
     1    0.002649    0.026558    0.154038    4.157496 v input20/X (sky130_fd_sc_hd__clkdlybuf4s25_1)
                                                         net20 (net)
                      0.026558    0.000168    4.157664 v _370_/A (sky130_fd_sc_hd__or3_2)
     1    0.005837    0.057855    0.290331    4.447995 v _370_/X (sky130_fd_sc_hd__or3_2)
                                                         _071_ (net)
                      0.057855    0.000287    4.448282 v _371_/C (sky130_fd_sc_hd__nor3_2)
     3    0.011816    0.173803    0.149875    4.598156 ^ _371_/Y (sky130_fd_sc_hd__nor3_2)
                                                         _072_ (net)
                      0.173860    0.000603    4.598759 ^ fanout33/A (sky130_fd_sc_hd__clkdlybuf4s25_1)
    10    0.042918    0.322945    0.404940    5.003699 ^ fanout33/X (sky130_fd_sc_hd__clkdlybuf4s25_1)
                                                         net33 (net)
                      0.323057    0.002442    5.006141 ^ _374_/C (sky130_fd_sc_hd__and3_2)
     1    0.004183    0.036503    0.143316    5.149457 ^ _374_/X (sky130_fd_sc_hd__and3_2)
                                                         net25 (net)
                      0.036513    0.000280    5.149738 ^ output25/A (sky130_fd_sc_hd__clkdlybuf4s25_1)
     1    0.035560    0.269041    0.341765    5.491503 ^ output25/X (sky130_fd_sc_hd__clkdlybuf4s25_1)
                                                         GL_A (net)
                      0.269052    0.002074    5.493577 ^ GL_A (out)
                                              5.493577   data arrival time

                                 20.000000   20.000000   clock CLK (rise edge)
                                  0.000000   20.000000   clock network delay (propagated)
                                 -0.250000   19.750002   clock uncertainty
                                  0.000000   19.750002   clock reconvergence pessimism
                                 -4.000000   15.750001   output external delay
                                             15.750001   data required time
---------------------------------------------------------------------------------------------
                                             15.750001   data required time
                                             -5.493577   data arrival time
---------------------------------------------------------------------------------------------
                                             10.256424   slack (MET)


Startpoint: UV_FAULT (input port clocked by CLK)
Endpoint: GL_C (output port clocked by CLK)
Path Group: CLK
Path Type: max

Fanout         Cap        Slew       Delay        Time   Description
---------------------------------------------------------------------------------------------
                                  0.000000    0.000000   clock CLK (rise edge)
                                  0.000000    0.000000   clock network delay (propagated)
                                  4.000000    4.000000 v input external delay
     1    0.003891    0.006325    0.003458    4.003458 v UV_FAULT (in)
                                                         UV_FAULT (net)
                      0.006334    0.000000    4.003458 v input20/A (sky130_fd_sc_hd__clkdlybuf4s25_1)
     1    0.002649    0.026558    0.154038    4.157496 v input20/X (sky130_fd_sc_hd__clkdlybuf4s25_1)
                                                         net20 (net)
                      0.026558    0.000168    4.157664 v _370_/A (sky130_fd_sc_hd__or3_2)
     1    0.005837    0.057855    0.290331    4.447995 v _370_/X (sky130_fd_sc_hd__or3_2)
                                                         _071_ (net)
                      0.057855    0.000287    4.448282 v _371_/C (sky130_fd_sc_hd__nor3_2)
     3    0.011816    0.173803    0.149875    4.598156 ^ _371_/Y (sky130_fd_sc_hd__nor3_2)
                                                         _072_ (net)
                      0.173861    0.000657    4.598814 ^ _378_/C (sky130_fd_sc_hd__and3_2)
     1    0.007903    0.047411    0.142528    4.741342 ^ _378_/X (sky130_fd_sc_hd__and3_2)
                                                         net27 (net)
                      0.047422    0.000703    4.742045 ^ output27/A (sky130_fd_sc_hd__clkdlybuf4s25_1)
     1    0.037702    0.284641    0.355340    5.097385 ^ output27/X (sky130_fd_sc_hd__clkdlybuf4s25_1)
                                                         GL_C (net)
                      0.284792    0.003872    5.101256 ^ GL_C (out)
                                              5.101256   data arrival time

                                 20.000000   20.000000   clock CLK (rise edge)
                                  0.000000   20.000000   clock network delay (propagated)
                                 -0.250000   19.750002   clock uncertainty
                                  0.000000   19.750002   clock reconvergence pessimism
                                 -4.000000   15.750001   output external delay
                                             15.750001   data required time
---------------------------------------------------------------------------------------------
                                             15.750001   data required time
                                             -5.101256   data arrival time
---------------------------------------------------------------------------------------------
                                             10.648745   slack (MET)


Startpoint: UV_FAULT (input port clocked by CLK)
Endpoint: RUN (output port clocked by CLK)
Path Group: CLK
Path Type: max

Fanout         Cap        Slew       Delay        Time   Description
---------------------------------------------------------------------------------------------
                                  0.000000    0.000000   clock CLK (rise edge)
                                  0.000000    0.000000   clock network delay (propagated)
                                  4.000000    4.000000 v input external delay
     1    0.003891    0.006325    0.003458    4.003458 v UV_FAULT (in)
                                                         UV_FAULT (net)
                      0.006334    0.000000    4.003458 v input20/A (sky130_fd_sc_hd__clkdlybuf4s25_1)
     1    0.002649    0.026558    0.154038    4.157496 v input20/X (sky130_fd_sc_hd__clkdlybuf4s25_1)
                                                         net20 (net)
                      0.026558    0.000168    4.157664 v _370_/A (sky130_fd_sc_hd__or3_2)
     1    0.005837    0.057855    0.290331    4.447995 v _370_/X (sky130_fd_sc_hd__or3_2)
                                                         _071_ (net)
                      0.057855    0.000287    4.448282 v _371_/C (sky130_fd_sc_hd__nor3_2)
     3    0.011816    0.173803    0.149875    4.598156 ^ _371_/Y (sky130_fd_sc_hd__nor3_2)
                                                         _072_ (net)
                      0.173861    0.000701    4.598857 ^ _379_/B (sky130_fd_sc_hd__and2_2)
     1    0.007319    0.041591    0.124139    4.722996 ^ _379_/X (sky130_fd_sc_hd__and2_2)
                                                         net28 (net)
                      0.041601    0.000618    4.723615 ^ output28/A (sky130_fd_sc_hd__clkdlybuf4s25_1)
     1    0.036552    0.276116    0.348477    5.072092 ^ output28/X (sky130_fd_sc_hd__clkdlybuf4s25_1)
                                                         RUN (net)
                      0.276218    0.002316    5.074408 ^ RUN (out)
                                              5.074408   data arrival time

                                 20.000000   20.000000   clock CLK (rise edge)
                                  0.000000   20.000000   clock network delay (propagated)
                                 -0.250000   19.750002   clock uncertainty
                                  0.000000   19.750002   clock reconvergence pessimism
                                 -4.000000   15.750001   output external delay
                                             15.750001   data required time
---------------------------------------------------------------------------------------------
                                             15.750001   data required time
                                             -5.074408   data arrival time
---------------------------------------------------------------------------------------------
                                             10.675592   slack (MET)


Startpoint: UV_FAULT (input port clocked by CLK)
Endpoint: _800_ (rising edge-triggered flip-flop clocked by CLK)
Path Group: CLK
Path Type: max

Fanout         Cap        Slew       Delay        Time   Description
---------------------------------------------------------------------------------------------
                                  0.000000    0.000000   clock CLK (rise edge)
                                  0.000000    0.000000   clock network delay (propagated)
                                  4.000000    4.000000 v input external delay
     1    0.003891    0.006325    0.003458    4.003458 v UV_FAULT (in)
                                                         UV_FAULT (net)
                      0.006334    0.000000    4.003458 v input20/A (sky130_fd_sc_hd__clkdlybuf4s25_1)
     1    0.002649    0.026558    0.154038    4.157496 v input20/X (sky130_fd_sc_hd__clkdlybuf4s25_1)
                                                         net20 (net)
                      0.026558    0.000168    4.157664 v _370_/A (sky130_fd_sc_hd__or3_2)
     1    0.005837    0.057855    0.290331    4.447995 v _370_/X (sky130_fd_sc_hd__or3_2)
                                                         _071_ (net)
                      0.057855    0.000287    4.448282 v _371_/C (sky130_fd_sc_hd__nor3_2)
     3    0.011816    0.173803    0.149875    4.598156 ^ _371_/Y (sky130_fd_sc_hd__nor3_2)
                                                         _072_ (net)
                      0.173860    0.000603    4.598759 ^ fanout33/A (sky130_fd_sc_hd__clkdlybuf4s25_1)
    10    0.042918    0.322945    0.404940    5.003699 ^ fanout33/X (sky130_fd_sc_hd__clkdlybuf4s25_1)
                                                         net33 (net)
                      0.323064    0.002788    5.006487 ^ _399_/B1 (sky130_fd_sc_hd__o311a_2)
     1    0.002508    0.027874    0.098291    5.104778 ^ _399_/X (sky130_fd_sc_hd__o311a_2)
                                                         _000_ (net)
                      0.027874    0.000189    5.104966 ^ hold100/A (sky130_fd_sc_hd__dlygate4sd3_1)
     1    0.003348    0.041328    0.392246    5.497212 ^ hold100/X (sky130_fd_sc_hd__dlygate4sd3_1)
                                                         net99 (net)
                      0.041328    0.000238    5.497450 ^ _800_/D (sky130_fd_sc_hd__dfstp_2)
                                              5.497450   data arrival time

                                 20.000000   20.000000   clock CLK (rise edge)
                                  0.000000   20.000000   clock source latency
     1    0.022474    0.079693    0.052589   20.052589 ^ CLK (in)
                                                         CLK (net)
                      0.079747    0.000000   20.052589 ^ clkbuf_0_CLK/A (sky130_fd_sc_hd__clkbuf_16)
    16    0.098607    0.089152    0.128139   20.180729 ^ clkbuf_0_CLK/X (sky130_fd_sc_hd__clkbuf_16)
                                                         clknet_0_CLK (net)
                      0.092289    0.012397   20.193127 ^ clkbuf_4_7_0_CLK/A (sky130_fd_sc_hd__clkbuf_8)
     5    0.016928    0.034781    0.096318   20.289444 ^ clkbuf_4_7_0_CLK/X (sky130_fd_sc_hd__clkbuf_8)
                                                         clknet_4_7_0_CLK (net)
                      0.034814    0.000874   20.290318 ^ _800_/CLK (sky130_fd_sc_hd__dfstp_2)
                                 -0.250000   20.040318   clock uncertainty
                                  0.000000   20.040318   clock reconvergence pessimism
                                 -0.033485   20.006834   library setup time
                                             20.006834   data required time
---------------------------------------------------------------------------------------------
                                             20.006834   data required time
                                             -5.497450   data arrival time
---------------------------------------------------------------------------------------------
                                             14.509384   slack (MET)


Startpoint: UV_FAULT (input port clocked by CLK)
Endpoint: _801_ (rising edge-triggered flip-flop clocked by CLK)
Path Group: CLK
Path Type: max

Fanout         Cap        Slew       Delay        Time   Description
---------------------------------------------------------------------------------------------
                                  0.000000    0.000000   clock CLK (rise edge)
                                  0.000000    0.000000   clock network delay (propagated)
                                  4.000000    4.000000 v input external delay
     1    0.003891    0.006325    0.003458    4.003458 v UV_FAULT (in)
                                                         UV_FAULT (net)
                      0.006334    0.000000    4.003458 v input20/A (sky130_fd_sc_hd__clkdlybuf4s25_1)
     1    0.002649    0.026558    0.154038    4.157496 v input20/X (sky130_fd_sc_hd__clkdlybuf4s25_1)
                                                         net20 (net)
                      0.026558    0.000168    4.157664 v _370_/A (sky130_fd_sc_hd__or3_2)
     1    0.005837    0.057855    0.290331    4.447995 v _370_/X (sky130_fd_sc_hd__or3_2)
                                                         _071_ (net)
                      0.057855    0.000287    4.448282 v _371_/C (sky130_fd_sc_hd__nor3_2)
     3    0.011816    0.173803    0.149875    4.598156 ^ _371_/Y (sky130_fd_sc_hd__nor3_2)
                                                         _072_ (net)
                      0.173860    0.000603    4.598759 ^ fanout33/A (sky130_fd_sc_hd__clkdlybuf4s25_1)
    10    0.042918    0.322945    0.404940    5.003699 ^ fanout33/X (sky130_fd_sc_hd__clkdlybuf4s25_1)
                                                         net33 (net)
                      0.323064    0.002777    5.006477 ^ _380_/B1 (sky130_fd_sc_hd__o211a_2)
     2    0.008692    0.052951    0.142266    5.148743 ^ _380_/X (sky130_fd_sc_hd__o211a_2)
                                                         _073_ (net)
                      0.052953    0.000415    5.149157 ^ _398_/B1 (sky130_fd_sc_hd__o211a_2)
     1    0.002732    0.027661    0.088882    5.238039 ^ _398_/X (sky130_fd_sc_hd__o211a_2)
                                                         _001_ (net)
                      0.027661    0.000197    5.238236 ^ _801_/D (sky130_fd_sc_hd__dfrtp_2)
                                              5.238236   data arrival time

                                 20.000000   20.000000   clock CLK (rise edge)
                                  0.000000   20.000000   clock source latency
     1    0.022474    0.079693    0.052589   20.052589 ^ CLK (in)
                                                         CLK (net)
                      0.079747    0.000000   20.052589 ^ clkbuf_0_CLK/A (sky130_fd_sc_hd__clkbuf_16)
    16    0.098607    0.089152    0.128139   20.180729 ^ clkbuf_0_CLK/X (sky130_fd_sc_hd__clkbuf_16)
                                                         clknet_0_CLK (net)
                      0.092289    0.012397   20.193127 ^ clkbuf_4_7_0_CLK/A (sky130_fd_sc_hd__clkbuf_8)
     5    0.016928    0.034781    0.096318   20.289444 ^ clkbuf_4_7_0_CLK/X (sky130_fd_sc_hd__clkbuf_8)
                                                         clknet_4_7_0_CLK (net)
                      0.034812    0.000853   20.290297 ^ _801_/CLK (sky130_fd_sc_hd__dfrtp_2)
                                 -0.250000   20.040297   clock uncertainty
                                  0.000000   20.040297   clock reconvergence pessimism
                                 -0.035864   20.004433   library setup time
                                             20.004433   data required time
---------------------------------------------------------------------------------------------
                                             20.004433   data required time
                                             -5.238236   data arrival time
---------------------------------------------------------------------------------------------
                                             14.766196   slack (MET)


Startpoint: UV_FAULT (input port clocked by CLK)
Endpoint: _803_ (rising edge-triggered flip-flop clocked by CLK)
Path Group: CLK
Path Type: max

Fanout         Cap        Slew       Delay        Time   Description
---------------------------------------------------------------------------------------------
                                  0.000000    0.000000   clock CLK (rise edge)
                                  0.000000    0.000000   clock network delay (propagated)
                                  4.000000    4.000000 v input external delay
     1    0.003891    0.006325    0.003458    4.003458 v UV_FAULT (in)
                                                         UV_FAULT (net)
                      0.006334    0.000000    4.003458 v input20/A (sky130_fd_sc_hd__clkdlybuf4s25_1)
     1    0.002649    0.026558    0.154038    4.157496 v input20/X (sky130_fd_sc_hd__clkdlybuf4s25_1)
                                                         net20 (net)
                      0.026558    0.000168    4.157664 v _370_/A (sky130_fd_sc_hd__or3_2)
     1    0.005837    0.057855    0.290331    4.447995 v _370_/X (sky130_fd_sc_hd__or3_2)
                                                         _071_ (net)
                      0.057855    0.000287    4.448282 v _371_/C (sky130_fd_sc_hd__nor3_2)
     3    0.011816    0.173803    0.149875    4.598156 ^ _371_/Y (sky130_fd_sc_hd__nor3_2)
                                                         _072_ (net)
                      0.173860    0.000603    4.598759 ^ fanout33/A (sky130_fd_sc_hd__clkdlybuf4s25_1)
    10    0.042918    0.322945    0.404940    5.003699 ^ fanout33/X (sky130_fd_sc_hd__clkdlybuf4s25_1)
                                                         net33 (net)
                      0.323064    0.002777    5.006477 ^ _380_/B1 (sky130_fd_sc_hd__o211a_2)
     2    0.008692    0.052951    0.142266    5.148743 ^ _380_/X (sky130_fd_sc_hd__o211a_2)
                                                         _073_ (net)
                      0.052952    0.000330    5.149073 ^ _381_/B1 (sky130_fd_sc_hd__a21oi_2)
     1    0.005320    0.061519    0.023617    5.172689 v _381_/Y (sky130_fd_sc_hd__a21oi_2)
                                                         _074_ (net)
                      0.061519    0.000398    5.173088 v _382_/B (sky130_fd_sc_hd__nor2_2)
     1    0.002402    0.043373    0.058643    5.231731 ^ _382_/Y (sky130_fd_sc_hd__nor2_2)
                                                         _003_ (net)
                      0.043373    0.000119    5.231850 ^ _803_/D (sky130_fd_sc_hd__dfrtp_2)
                                              5.231850   data arrival time

                                 20.000000   20.000000   clock CLK (rise edge)
                                  0.000000   20.000000   clock source latency
     1    0.022474    0.079693    0.052589   20.052589 ^ CLK (in)
                                                         CLK (net)
                      0.079747    0.000000   20.052589 ^ clkbuf_0_CLK/A (sky130_fd_sc_hd__clkbuf_16)
    16    0.098607    0.089152    0.128139   20.180729 ^ clkbuf_0_CLK/X (sky130_fd_sc_hd__clkbuf_16)
                                                         clknet_0_CLK (net)
                      0.092289    0.012397   20.193127 ^ clkbuf_4_7_0_CLK/A (sky130_fd_sc_hd__clkbuf_8)
     5    0.016928    0.034781    0.096318   20.289444 ^ clkbuf_4_7_0_CLK/X (sky130_fd_sc_hd__clkbuf_8)
                                                         clknet_4_7_0_CLK (net)
                      0.034808    0.000799   20.290243 ^ _803_/CLK (sky130_fd_sc_hd__dfrtp_2)
                                 -0.250000   20.040243   clock uncertainty
                                  0.000000   20.040243   clock reconvergence pessimism
                                 -0.037467   20.002777   library setup time
                                             20.002777   data required time
---------------------------------------------------------------------------------------------
                                             20.002777   data required time
                                             -5.231850   data arrival time
---------------------------------------------------------------------------------------------
                                             14.770927   slack (MET)


Startpoint: _760_ (rising edge-triggered flip-flop clocked by CLK)
Endpoint: FAULT (output port clocked by CLK)
Path Group: CLK
Path Type: max

Fanout         Cap        Slew       Delay        Time   Description
---------------------------------------------------------------------------------------------
                                  0.000000    0.000000   clock CLK (rise edge)
                                  0.000000    0.000000   clock source latency
     1    0.022474    0.079693    0.058125    0.058125 ^ CLK (in)
                                                         CLK (net)
                      0.079747    0.000000    0.058125 ^ clkbuf_0_CLK/A (sky130_fd_sc_hd__clkbuf_16)
    16    0.098607    0.089152    0.141628    0.199752 ^ clkbuf_0_CLK/X (sky130_fd_sc_hd__clkbuf_16)
                                                         clknet_0_CLK (net)
                      0.091856    0.012742    0.212494 ^ clkbuf_4_13_0_CLK/A (sky130_fd_sc_hd__clkbuf_8)
     6    0.018460    0.036503    0.107893    0.320387 ^ clkbuf_4_13_0_CLK/X (sky130_fd_sc_hd__clkbuf_8)
                                                         clknet_4_13_0_CLK (net)
                      0.036566    0.001369    0.321757 ^ _760_/CLK (sky130_fd_sc_hd__dfrtp_2)
     3    0.014089    0.061481    0.253920    0.575676 ^ _760_/Q (sky130_fd_sc_hd__dfrtp_2)
                                                         net21 (net)
                      0.061484    0.000534    0.576210 ^ output21/A (sky130_fd_sc_hd__clkdlybuf4s25_1)
     1    0.036692    0.277174    0.354425    0.930636 ^ output21/X (sky130_fd_sc_hd__clkdlybuf4s25_1)
                                                         FAULT (net)
                      0.277278    0.002394    0.933029 ^ FAULT (out)
                                              0.933029   data arrival time

                                 20.000000   20.000000   clock CLK (rise edge)
                                  0.000000   20.000000   clock network delay (propagated)
                                 -0.250000   19.750002   clock uncertainty
                                  0.000000   19.750002   clock reconvergence pessimism
                                 -4.000000   15.750001   output external delay
                                             15.750001   data required time
---------------------------------------------------------------------------------------------
                                             15.750001   data required time
                                             -0.933029   data arrival time
---------------------------------------------------------------------------------------------
                                             14.816971   slack (MET)


Startpoint: DIR (input port clocked by CLK)
Endpoint: _788_ (rising edge-triggered flip-flop clocked by CLK)
Path Group: CLK
Path Type: max

Fanout         Cap        Slew       Delay        Time   Description
---------------------------------------------------------------------------------------------
                                  0.000000    0.000000   clock CLK (rise edge)
                                  0.000000    0.000000   clock network delay (propagated)
                                  4.000000    4.000000 ^ input external delay
     1    0.003211    0.015391    0.008781    4.008781 ^ DIR (in)
                                                         DIR (net)
                      0.015393    0.000000    4.008781 ^ input2/A (sky130_fd_sc_hd__clkdlybuf4s25_1)
     4    0.019656    0.152799    0.251014    4.259795 ^ input2/X (sky130_fd_sc_hd__clkdlybuf4s25_1)
                                                         net2 (net)
                      0.152806    0.001321    4.261117 ^ _367_/A (sky130_fd_sc_hd__inv_2)
     2    0.005756    0.034364    0.021905    4.283021 v _367_/Y (sky130_fd_sc_hd__inv_2)
                                                         _068_ (net)
                      0.034365    0.000339    4.283360 v _440_/B2 (sky130_fd_sc_hd__a2bb2o_2)
     1    0.004356    0.034036    0.149704    4.433064 v _440_/X (sky130_fd_sc_hd__a2bb2o_2)
                                                         _119_ (net)
                      0.034036    0.000286    4.433351 v _441_/A3 (sky130_fd_sc_hd__o31a_2)
     1    0.004196    0.039373    0.178026    4.611377 v _441_/X (sky130_fd_sc_hd__o31a_2)
                                                         _120_ (net)
                      0.039373    0.000179    4.611556 v _444_/B1 (sky130_fd_sc_hd__o32a_2)
     1    0.005617    0.043506    0.127190    4.738747 v _444_/X (sky130_fd_sc_hd__o32a_2)
                                                         _123_ (net)
                      0.043506    0.000432    4.739178 v _448_/B1 (sky130_fd_sc_hd__a311oi_2)
     4    0.017511    0.293483    0.193848    4.933026 ^ _448_/Y (sky130_fd_sc_hd__a311oi_2)
                                                         _127_ (net)
                      0.293483    0.000870    4.933895 ^ _711_/S (sky130_fd_sc_hd__mux2_1)
     1    0.002998    0.038626    0.203572    5.137467 v _711_/X (sky130_fd_sc_hd__mux2_1)
                                                         _050_ (net)
                      0.038626    0.000207    5.137674 v _788_/D (sky130_fd_sc_hd__dfrtp_2)
                                              5.137674   data arrival time

                                 20.000000   20.000000   clock CLK (rise edge)
                                  0.000000   20.000000   clock source latency
     1    0.022474    0.079693    0.052589   20.052589 ^ CLK (in)
                                                         CLK (net)
                      0.079747    0.000000   20.052589 ^ clkbuf_0_CLK/A (sky130_fd_sc_hd__clkbuf_16)
    16    0.098607    0.089152    0.128139   20.180729 ^ clkbuf_0_CLK/X (sky130_fd_sc_hd__clkbuf_16)
                                                         clknet_0_CLK (net)
                      0.092289    0.012397   20.193127 ^ clkbuf_4_7_0_CLK/A (sky130_fd_sc_hd__clkbuf_8)
     5    0.016928    0.034781    0.096318   20.289444 ^ clkbuf_4_7_0_CLK/X (sky130_fd_sc_hd__clkbuf_8)
                                                         clknet_4_7_0_CLK (net)
                      0.034788    0.000460   20.289904 ^ _788_/CLK (sky130_fd_sc_hd__dfrtp_2)
                                 -0.250000   20.039904   clock uncertainty
                                  0.000000   20.039904   clock reconvergence pessimism
                                 -0.075763   19.964142   library setup time
                                             19.964142   data required time
---------------------------------------------------------------------------------------------
                                             19.964142   data required time
                                             -5.137674   data arrival time
---------------------------------------------------------------------------------------------
                                             14.826468   slack (MET)


Startpoint: DIR (input port clocked by CLK)
Endpoint: _787_ (rising edge-triggered flip-flop clocked by CLK)
Path Group: CLK
Path Type: max

Fanout         Cap        Slew       Delay        Time   Description
---------------------------------------------------------------------------------------------
                                  0.000000    0.000000   clock CLK (rise edge)
                                  0.000000    0.000000   clock network delay (propagated)
                                  4.000000    4.000000 ^ input external delay
     1    0.003211    0.015391    0.008781    4.008781 ^ DIR (in)
                                                         DIR (net)
                      0.015393    0.000000    4.008781 ^ input2/A (sky130_fd_sc_hd__clkdlybuf4s25_1)
     4    0.019656    0.152799    0.251014    4.259795 ^ input2/X (sky130_fd_sc_hd__clkdlybuf4s25_1)
                                                         net2 (net)
                      0.152806    0.001321    4.261117 ^ _367_/A (sky130_fd_sc_hd__inv_2)
     2    0.005756    0.034364    0.021905    4.283021 v _367_/Y (sky130_fd_sc_hd__inv_2)
                                                         _068_ (net)
                      0.034365    0.000339    4.283360 v _440_/B2 (sky130_fd_sc_hd__a2bb2o_2)
     1    0.004356    0.034036    0.149704    4.433064 v _440_/X (sky130_fd_sc_hd__a2bb2o_2)
                                                         _119_ (net)
                      0.034036    0.000286    4.433351 v _441_/A3 (sky130_fd_sc_hd__o31a_2)
     1    0.004196    0.039373    0.178026    4.611377 v _441_/X (sky130_fd_sc_hd__o31a_2)
                                                         _120_ (net)
                      0.039373    0.000179    4.611556 v _444_/B1 (sky130_fd_sc_hd__o32a_2)
     1    0.005617    0.043506    0.127190    4.738747 v _444_/X (sky130_fd_sc_hd__o32a_2)
                                                         _123_ (net)
                      0.043506    0.000432    4.739178 v _448_/B1 (sky130_fd_sc_hd__a311oi_2)
     4    0.017511    0.293483    0.193848    4.933026 ^ _448_/Y (sky130_fd_sc_hd__a311oi_2)
                                                         _127_ (net)
                      0.293586    0.001778    4.934804 ^ _710_/S (sky130_fd_sc_hd__mux2_1)
     1    0.004062    0.043206    0.210029    5.144833 v _710_/X (sky130_fd_sc_hd__mux2_1)
                                                         _049_ (net)
                      0.043206    0.000272    5.145105 v _787_/D (sky130_fd_sc_hd__dfrtp_2)
                                              5.145105   data arrival time

                                 20.000000   20.000000   clock CLK (rise edge)
                                  0.000000   20.000000   clock source latency
     1    0.022474    0.079693    0.052589   20.052589 ^ CLK (in)
                                                         CLK (net)
                      0.079747    0.000000   20.052589 ^ clkbuf_0_CLK/A (sky130_fd_sc_hd__clkbuf_16)
    16    0.098607    0.089152    0.128139   20.180729 ^ clkbuf_0_CLK/X (sky130_fd_sc_hd__clkbuf_16)
                                                         clknet_0_CLK (net)
                      0.093986    0.015373   20.196102 ^ clkbuf_4_4_0_CLK/A (sky130_fd_sc_hd__clkbuf_8)
     6    0.023705    0.042367    0.103419   20.299520 ^ clkbuf_4_4_0_CLK/X (sky130_fd_sc_hd__clkbuf_8)
                                                         clknet_4_4_0_CLK (net)
                      0.042397    0.000963   20.300484 ^ _787_/CLK (sky130_fd_sc_hd__dfrtp_2)
                                 -0.250000   20.050484   clock uncertainty
                                  0.000000   20.050484   clock reconvergence pessimism
                                 -0.076665   19.973818   library setup time
                                             19.973818   data required time
---------------------------------------------------------------------------------------------
                                             19.973818   data required time
                                             -5.145105   data arrival time
---------------------------------------------------------------------------------------------
                                             14.828712   slack (MET)


Startpoint: DIR (input port clocked by CLK)
Endpoint: _786_ (rising edge-triggered flip-flop clocked by CLK)
Path Group: CLK
Path Type: max

Fanout         Cap        Slew       Delay        Time   Description
---------------------------------------------------------------------------------------------
                                  0.000000    0.000000   clock CLK (rise edge)
                                  0.000000    0.000000   clock network delay (propagated)
                                  4.000000    4.000000 ^ input external delay
     1    0.003211    0.015391    0.008781    4.008781 ^ DIR (in)
                                                         DIR (net)
                      0.015393    0.000000    4.008781 ^ input2/A (sky130_fd_sc_hd__clkdlybuf4s25_1)
     4    0.019656    0.152799    0.251014    4.259795 ^ input2/X (sky130_fd_sc_hd__clkdlybuf4s25_1)
                                                         net2 (net)
                      0.152806    0.001321    4.261117 ^ _367_/A (sky130_fd_sc_hd__inv_2)
     2    0.005756    0.034364    0.021905    4.283021 v _367_/Y (sky130_fd_sc_hd__inv_2)
                                                         _068_ (net)
                      0.034365    0.000339    4.283360 v _440_/B2 (sky130_fd_sc_hd__a2bb2o_2)
     1    0.004356    0.034036    0.149704    4.433064 v _440_/X (sky130_fd_sc_hd__a2bb2o_2)
                                                         _119_ (net)
                      0.034036    0.000286    4.433351 v _441_/A3 (sky130_fd_sc_hd__o31a_2)
     1    0.004196    0.039373    0.178026    4.611377 v _441_/X (sky130_fd_sc_hd__o31a_2)
                                                         _120_ (net)
                      0.039373    0.000179    4.611556 v _444_/B1 (sky130_fd_sc_hd__o32a_2)
     1    0.005617    0.043506    0.127190    4.738747 v _444_/X (sky130_fd_sc_hd__o32a_2)
                                                         _123_ (net)
                      0.043506    0.000432    4.739178 v _448_/B1 (sky130_fd_sc_hd__a311oi_2)
     4    0.017511    0.293483    0.193848    4.933026 ^ _448_/Y (sky130_fd_sc_hd__a311oi_2)
                                                         _127_ (net)
                      0.293589    0.001911    4.934937 ^ _709_/S (sky130_fd_sc_hd__mux2_1)
     1    0.002676    0.037318    0.201504    5.136441 v _709_/X (sky130_fd_sc_hd__mux2_1)
                                                         _048_ (net)
                      0.037318    0.000193    5.136634 v _786_/D (sky130_fd_sc_hd__dfrtp_2)
                                              5.136634   data arrival time

                                 20.000000   20.000000   clock CLK (rise edge)
                                  0.000000   20.000000   clock source latency
     1    0.022474    0.079693    0.052589   20.052589 ^ CLK (in)
                                                         CLK (net)
                      0.079747    0.000000   20.052589 ^ clkbuf_0_CLK/A (sky130_fd_sc_hd__clkbuf_16)
    16    0.098607    0.089152    0.128139   20.180729 ^ clkbuf_0_CLK/X (sky130_fd_sc_hd__clkbuf_16)
                                                         clknet_0_CLK (net)
                      0.093986    0.015373   20.196102 ^ clkbuf_4_4_0_CLK/A (sky130_fd_sc_hd__clkbuf_8)
     6    0.023705    0.042367    0.103419   20.299520 ^ clkbuf_4_4_0_CLK/X (sky130_fd_sc_hd__clkbuf_8)
                                                         clknet_4_4_0_CLK (net)
                      0.042398    0.000968   20.300489 ^ _786_/CLK (sky130_fd_sc_hd__dfrtp_2)
                                 -0.250000   20.050489   clock uncertainty
                                  0.000000   20.050489   clock reconvergence pessimism
                                 -0.074563   19.975927   library setup time
                                             19.975927   data required time
---------------------------------------------------------------------------------------------
                                             19.975927   data required time
                                             -5.136634   data arrival time
---------------------------------------------------------------------------------------------
                                             14.839293   slack (MET)


Startpoint: UV_FAULT (input port clocked by CLK)
Endpoint: _802_ (rising edge-triggered flip-flop clocked by CLK)
Path Group: CLK
Path Type: max

Fanout         Cap        Slew       Delay        Time   Description
---------------------------------------------------------------------------------------------
                                  0.000000    0.000000   clock CLK (rise edge)
                                  0.000000    0.000000   clock network delay (propagated)
                                  4.000000    4.000000 v input external delay
     1    0.003891    0.006325    0.003458    4.003458 v UV_FAULT (in)
                                                         UV_FAULT (net)
                      0.006334    0.000000    4.003458 v input20/A (sky130_fd_sc_hd__clkdlybuf4s25_1)
     1    0.002649    0.026558    0.154038    4.157496 v input20/X (sky130_fd_sc_hd__clkdlybuf4s25_1)
                                                         net20 (net)
                      0.026558    0.000168    4.157664 v _370_/A (sky130_fd_sc_hd__or3_2)
     1    0.005837    0.057855    0.290331    4.447995 v _370_/X (sky130_fd_sc_hd__or3_2)
                                                         _071_ (net)
                      0.057855    0.000287    4.448282 v _371_/C (sky130_fd_sc_hd__nor3_2)
     3    0.011816    0.173803    0.149875    4.598156 ^ _371_/Y (sky130_fd_sc_hd__nor3_2)
                                                         _072_ (net)
                      0.173860    0.000603    4.598759 ^ fanout33/A (sky130_fd_sc_hd__clkdlybuf4s25_1)
    10    0.042918    0.322945    0.404940    5.003699 ^ fanout33/X (sky130_fd_sc_hd__clkdlybuf4s25_1)
                                                         net33 (net)
                      0.323062    0.002705    5.006404 ^ _397_/C1 (sky130_fd_sc_hd__o211a_2)
     1    0.004321    0.037781    0.122335    5.128739 ^ _397_/X (sky130_fd_sc_hd__o211a_2)
                                                         _002_ (net)
                      0.037781    0.000341    5.129080 ^ _802_/D (sky130_fd_sc_hd__dfrtp_2)
                                              5.129080   data arrival time

                                 20.000000   20.000000   clock CLK (rise edge)
                                  0.000000   20.000000   clock source latency
     1    0.022474    0.079693    0.052589   20.052589 ^ CLK (in)
                                                         CLK (net)
                      0.079747    0.000000   20.052589 ^ clkbuf_0_CLK/A (sky130_fd_sc_hd__clkbuf_16)
    16    0.098607    0.089152    0.128139   20.180729 ^ clkbuf_0_CLK/X (sky130_fd_sc_hd__clkbuf_16)
                                                         clknet_0_CLK (net)
                      0.093986    0.015373   20.196102 ^ clkbuf_4_4_0_CLK/A (sky130_fd_sc_hd__clkbuf_8)
     6    0.023705    0.042367    0.103419   20.299520 ^ clkbuf_4_4_0_CLK/X (sky130_fd_sc_hd__clkbuf_8)
                                                         clknet_4_4_0_CLK (net)
                      0.042403    0.001037   20.300558 ^ _802_/CLK (sky130_fd_sc_hd__dfrtp_2)
                                 -0.250000   20.050560   clock uncertainty
                                  0.000000   20.050560   clock reconvergence pessimism
                                 -0.036610   20.013948   library setup time
                                             20.013948   data required time
---------------------------------------------------------------------------------------------
                                             20.013948   data required time
                                             -5.129080   data arrival time
---------------------------------------------------------------------------------------------
                                             14.884868   slack (MET)


Startpoint: UV_FAULT (input port clocked by CLK)
Endpoint: _760_ (rising edge-triggered flip-flop clocked by CLK)
Path Group: CLK
Path Type: max

Fanout         Cap        Slew       Delay        Time   Description
---------------------------------------------------------------------------------------------
                                  0.000000    0.000000   clock CLK (rise edge)
                                  0.000000    0.000000   clock network delay (propagated)
                                  4.000000    4.000000 v input external delay
     1    0.003891    0.006325    0.003458    4.003458 v UV_FAULT (in)
                                                         UV_FAULT (net)
                      0.006334    0.000000    4.003458 v input20/A (sky130_fd_sc_hd__clkdlybuf4s25_1)
     1    0.002649    0.026558    0.154038    4.157496 v input20/X (sky130_fd_sc_hd__clkdlybuf4s25_1)
                                                         net20 (net)
                      0.026558    0.000168    4.157664 v _370_/A (sky130_fd_sc_hd__or3_2)
     1    0.005837    0.057855    0.290331    4.447995 v _370_/X (sky130_fd_sc_hd__or3_2)
                                                         _071_ (net)
                      0.057855    0.000287    4.448282 v _371_/C (sky130_fd_sc_hd__nor3_2)
     3    0.011816    0.173803    0.149875    4.598156 ^ _371_/Y (sky130_fd_sc_hd__nor3_2)
                                                         _072_ (net)
                      0.173860    0.000603    4.598759 ^ fanout33/A (sky130_fd_sc_hd__clkdlybuf4s25_1)
    10    0.042918    0.322945    0.404940    5.003699 ^ fanout33/X (sky130_fd_sc_hd__clkdlybuf4s25_1)
                                                         net33 (net)
                      0.323063    0.002748    5.006448 ^ _372_/A (sky130_fd_sc_hd__inv_2)
     1    0.003219    0.045870   -0.001373    5.005075 v _372_/Y (sky130_fd_sc_hd__inv_2)
                                                         _022_ (net)
                      0.045870    0.000248    5.005323 v _760_/D (sky130_fd_sc_hd__dfrtp_2)
                                              5.005323   data arrival time

                                 20.000000   20.000000   clock CLK (rise edge)
                                  0.000000   20.000000   clock source latency
     1    0.022474    0.079693    0.052589   20.052589 ^ CLK (in)
                                                         CLK (net)
                      0.079747    0.000000   20.052589 ^ clkbuf_0_CLK/A (sky130_fd_sc_hd__clkbuf_16)
    16    0.098607    0.089152    0.128139   20.180729 ^ clkbuf_0_CLK/X (sky130_fd_sc_hd__clkbuf_16)
                                                         clknet_0_CLK (net)
                      0.091856    0.011529   20.192257 ^ clkbuf_4_13_0_CLK/A (sky130_fd_sc_hd__clkbuf_8)
     6    0.018460    0.036503    0.097618   20.289875 ^ clkbuf_4_13_0_CLK/X (sky130_fd_sc_hd__clkbuf_8)
                                                         clknet_4_13_0_CLK (net)
                      0.036566    0.001238   20.291113 ^ _760_/CLK (sky130_fd_sc_hd__dfrtp_2)
                                 -0.250000   20.041115   clock uncertainty
                                  0.000000   20.041115   clock reconvergence pessimism
                                 -0.078178   19.962934   library setup time
                                             19.962934   data required time
---------------------------------------------------------------------------------------------
                                             19.962934   data required time
                                             -5.005323   data arrival time
---------------------------------------------------------------------------------------------
                                             14.957611   slack (MET)


Startpoint: DIR (input port clocked by CLK)
Endpoint: _749_ (rising edge-triggered flip-flop clocked by CLK)
Path Group: CLK
Path Type: max

Fanout         Cap        Slew       Delay        Time   Description
---------------------------------------------------------------------------------------------
                                  0.000000    0.000000   clock CLK (rise edge)
                                  0.000000    0.000000   clock network delay (propagated)
                                  4.000000    4.000000 ^ input external delay
     1    0.003211    0.015391    0.008781    4.008781 ^ DIR (in)
                                                         DIR (net)
                      0.015393    0.000000    4.008781 ^ input2/A (sky130_fd_sc_hd__clkdlybuf4s25_1)
     4    0.019656    0.152799    0.251014    4.259795 ^ input2/X (sky130_fd_sc_hd__clkdlybuf4s25_1)
                                                         net2 (net)
                      0.152806    0.001321    4.261117 ^ _367_/A (sky130_fd_sc_hd__inv_2)
     2    0.005756    0.034364    0.021905    4.283021 v _367_/Y (sky130_fd_sc_hd__inv_2)
                                                         _068_ (net)
                      0.034365    0.000339    4.283360 v _440_/B2 (sky130_fd_sc_hd__a2bb2o_2)
     1    0.004356    0.034036    0.149704    4.433064 v _440_/X (sky130_fd_sc_hd__a2bb2o_2)
                                                         _119_ (net)
                      0.034036    0.000286    4.433351 v _441_/A3 (sky130_fd_sc_hd__o31a_2)
     1    0.004196    0.039373    0.178026    4.611377 v _441_/X (sky130_fd_sc_hd__o31a_2)
                                                         _120_ (net)
                      0.039373    0.000179    4.611556 v _444_/B1 (sky130_fd_sc_hd__o32a_2)
     1    0.005617    0.043506    0.127190    4.738747 v _444_/X (sky130_fd_sc_hd__o32a_2)
                                                         _123_ (net)
                      0.043506    0.000432    4.739178 v _448_/B1 (sky130_fd_sc_hd__a311oi_2)
     4    0.017511    0.293483    0.193848    4.933026 ^ _448_/Y (sky130_fd_sc_hd__a311oi_2)
                                                         _127_ (net)
                      0.293486    0.001458    4.934484 ^ _449_/A0 (sky130_fd_sc_hd__mux2_1)
     1    0.002511    0.032306    0.107472    5.041955 ^ _449_/X (sky130_fd_sc_hd__mux2_1)
                                                         _010_ (net)
                      0.032307    0.000194    5.042150 ^ _749_/D (sky130_fd_sc_hd__dfrtp_2)
                                              5.042150   data arrival time

                                 20.000000   20.000000   clock CLK (rise edge)
                                  0.000000   20.000000   clock source latency
     1    0.022474    0.079693    0.052589   20.052589 ^ CLK (in)
                                                         CLK (net)
                      0.079747    0.000000   20.052589 ^ clkbuf_0_CLK/A (sky130_fd_sc_hd__clkbuf_16)
    16    0.098607    0.089152    0.128139   20.180729 ^ clkbuf_0_CLK/X (sky130_fd_sc_hd__clkbuf_16)
                                                         clknet_0_CLK (net)
                      0.093297    0.014229   20.194958 ^ clkbuf_4_6_0_CLK/A (sky130_fd_sc_hd__clkbuf_8)
     6    0.019999    0.038272    0.099625   20.294582 ^ clkbuf_4_6_0_CLK/X (sky130_fd_sc_hd__clkbuf_8)
                                                         clknet_4_6_0_CLK (net)
                      0.038299    0.000853   20.295435 ^ _749_/CLK (sky130_fd_sc_hd__dfrtp_2)
                                 -0.250000   20.045437   clock uncertainty
                                  0.000000   20.045437   clock reconvergence pessimism
                                 -0.036208   20.009228   library setup time
                                             20.009228   data required time
---------------------------------------------------------------------------------------------
                                             20.009228   data required time
                                             -5.042150   data arrival time
---------------------------------------------------------------------------------------------
                                             14.967078   slack (MET)


Startpoint: _796_ (rising edge-triggered flip-flop clocked by CLK)
Endpoint: _767_ (rising edge-triggered flip-flop clocked by CLK)
Path Group: CLK
Path Type: max

Fanout         Cap        Slew       Delay        Time   Description
---------------------------------------------------------------------------------------------
                                  0.000000    0.000000   clock CLK (rise edge)
                                  0.000000    0.000000   clock source latency
     1    0.022474    0.079693    0.058125    0.058125 ^ CLK (in)
                                                         CLK (net)
                      0.079747    0.000000    0.058125 ^ clkbuf_0_CLK/A (sky130_fd_sc_hd__clkbuf_16)
    16    0.098607    0.089152    0.141628    0.199752 ^ clkbuf_0_CLK/X (sky130_fd_sc_hd__clkbuf_16)
                                                         clknet_0_CLK (net)
                      0.094235    0.017425    0.217178 ^ clkbuf_4_2_0_CLK/A (sky130_fd_sc_hd__clkbuf_8)
     6    0.020284    0.038630    0.110534    0.327712 ^ clkbuf_4_2_0_CLK/X (sky130_fd_sc_hd__clkbuf_8)
                                                         clknet_4_2_0_CLK (net)
                      0.038659    0.001014    0.328726 ^ _796_/CLK (sky130_fd_sc_hd__dfrtp_2)
     3    0.011959    0.045572    0.274691    0.603418 v _796_/Q (sky130_fd_sc_hd__dfrtp_2)
                                                         duty_active[6] (net)
                      0.045603    0.001132    0.604550 v fanout52/A (sky130_fd_sc_hd__clkdlybuf4s25_1)
    10    0.065573    0.329186    0.409252    1.013802 v fanout52/X (sky130_fd_sc_hd__clkdlybuf4s25_1)
                                                         net52 (net)
                      0.329593    0.009228    1.023030 v _464_/B (sky130_fd_sc_hd__xor2_2)
     2    0.013907    0.124843    0.217123    1.240153 v _464_/X (sky130_fd_sc_hd__xor2_2)
                                                         _142_ (net)
                      0.124854    0.000934    1.241088 v _472_/B (sky130_fd_sc_hd__xnor2_2)
     2    0.011392    0.096744    0.138065    1.379153 v _472_/Y (sky130_fd_sc_hd__xnor2_2)
                                                         _150_ (net)
                      0.096748    0.001202    1.380355 v _477_/A (sky130_fd_sc_hd__xor2_2)
     3    0.011981    0.063097    0.152957    1.533312 v _477_/X (sky130_fd_sc_hd__xor2_2)
                                                         _155_ (net)
                      0.063100    0.000822    1.534134 v _480_/B (sky130_fd_sc_hd__or2_2)
     1    0.004336    0.041796    0.179572    1.713706 v _480_/X (sky130_fd_sc_hd__or2_2)
                                                         _158_ (net)
                      0.041796    0.000212    1.713917 v _481_/B (sky130_fd_sc_hd__nand2_2)
     2    0.011552    0.060513    0.070112    1.784029 ^ _481_/Y (sky130_fd_sc_hd__nand2_2)
                                                         _159_ (net)
                      0.060516    0.000531    1.784561 ^ _505_/A (sky130_fd_sc_hd__xor2_2)
     2    0.012335    0.142815    0.136219    1.920780 ^ _505_/X (sky130_fd_sc_hd__xor2_2)
                                                         _183_ (net)
                      0.142817    0.000877    1.921656 ^ _506_/B (sky130_fd_sc_hd__xnor2_2)
     2    0.010788    0.050348    0.061925    1.983582 v _506_/Y (sky130_fd_sc_hd__xnor2_2)
                                                         _184_ (net)
                      0.050370    0.000382    1.983963 v _559_/A (sky130_fd_sc_hd__or4_2)
     3    0.010559    0.083977    0.424377    2.408341 v _559_/X (sky130_fd_sc_hd__or4_2)
                                                         _237_ (net)
                      0.083993    0.000930    2.409271 v _563_/B (sky130_fd_sc_hd__and3_2)
     4    0.012496    0.045165    0.169207    2.578478 v _563_/X (sky130_fd_sc_hd__and3_2)
                                                         _241_ (net)
                      0.045176    0.000721    2.579199 v _614_/A (sky130_fd_sc_hd__or4_2)
     4    0.014975    0.095593    0.439669    3.018867 v _614_/X (sky130_fd_sc_hd__or4_2)
                                                         _292_ (net)
                      0.095593    0.001466    3.020334 v _620_/A1 (sky130_fd_sc_hd__a21oi_2)
     3    0.014624    0.145394    0.174475    3.194809 ^ _620_/Y (sky130_fd_sc_hd__a21oi_2)
                                                         _298_ (net)
                      0.145402    0.000915    3.195724 ^ _629_/C1 (sky130_fd_sc_hd__a211oi_2)
     3    0.008470    0.066110    0.035477    3.231200 v _629_/Y (sky130_fd_sc_hd__a211oi_2)
                                                         _307_ (net)
                      0.066111    0.000441    3.231641 v _631_/C (sky130_fd_sc_hd__or3_2)
     1    0.002764    0.049724    0.246589    3.478230 v _631_/X (sky130_fd_sc_hd__or3_2)
                                                         _309_ (net)
                      0.049724    0.000203    3.478433 v _635_/A2 (sky130_fd_sc_hd__a2111o_2)
     3    0.012388    0.063689    0.327721    3.806154 v _635_/X (sky130_fd_sc_hd__a2111o_2)
                                                         _313_ (net)
                      0.063698    0.000799    3.806953 v _637_/A (sky130_fd_sc_hd__nand2_2)
     5    0.021168    0.092355    0.098503    3.905457 ^ _637_/Y (sky130_fd_sc_hd__nand2_2)
                                                         _315_ (net)
                      0.092396    0.001623    3.907079 ^ _683_/A2 (sky130_fd_sc_hd__a311oi_2)
     2    0.008056    0.067427    0.076816    3.983896 v _683_/Y (sky130_fd_sc_hd__a311oi_2)
                                                         _348_ (net)
                      0.067428    0.000508    3.984404 v _684_/B (sky130_fd_sc_hd__nor2_2)
     1    0.003477    0.051022    0.067101    4.051504 ^ _684_/Y (sky130_fd_sc_hd__nor2_2)
                                                         _029_ (net)
                      0.051022    0.000256    4.051760 ^ hold82/A (sky130_fd_sc_hd__dlygate4sd3_1)
     1    0.002963    0.038332    0.394876    4.446636 ^ hold82/X (sky130_fd_sc_hd__dlygate4sd3_1)
                                                         net81 (net)
                      0.038332    0.000203    4.446838 ^ _767_/D (sky130_fd_sc_hd__dfrtp_2)
                                              4.446838   data arrival time

                                 20.000000   20.000000   clock CLK (rise edge)
                                  0.000000   20.000000   clock source latency
     1    0.022474    0.079693    0.052589   20.052589 ^ CLK (in)
                                                         CLK (net)
                      0.079747    0.000000   20.052589 ^ clkbuf_0_CLK/A (sky130_fd_sc_hd__clkbuf_16)
    16    0.098607    0.089152    0.128139   20.180729 ^ clkbuf_0_CLK/X (sky130_fd_sc_hd__clkbuf_16)
                                                         clknet_0_CLK (net)
                      0.090843    0.009207   20.189936 ^ clkbuf_4_15_0_CLK/A (sky130_fd_sc_hd__clkbuf_8)
     6    0.019405    0.037571    0.098273   20.288210 ^ clkbuf_4_15_0_CLK/X (sky130_fd_sc_hd__clkbuf_8)
                                                         clknet_4_15_0_CLK (net)
                      0.037599    0.000876   20.289085 ^ _767_/CLK (sky130_fd_sc_hd__dfrtp_2)
                                 -0.250000   20.039085   clock uncertainty
                                  0.019024   20.058111   clock reconvergence pessimism
                                 -0.036847   20.021263   library setup time
                                             20.021263   data required time
---------------------------------------------------------------------------------------------
                                             20.021263   data required time
                                             -4.446838   data arrival time
---------------------------------------------------------------------------------------------
                                             15.574426   slack (MET)


Startpoint: _796_ (rising edge-triggered flip-flop clocked by CLK)
Endpoint: _764_ (rising edge-triggered flip-flop clocked by CLK)
Path Group: CLK
Path Type: max

Fanout         Cap        Slew       Delay        Time   Description
---------------------------------------------------------------------------------------------
                                  0.000000    0.000000   clock CLK (rise edge)
                                  0.000000    0.000000   clock source latency
     1    0.022474    0.079693    0.058125    0.058125 ^ CLK (in)
                                                         CLK (net)
                      0.079747    0.000000    0.058125 ^ clkbuf_0_CLK/A (sky130_fd_sc_hd__clkbuf_16)
    16    0.098607    0.089152    0.141628    0.199752 ^ clkbuf_0_CLK/X (sky130_fd_sc_hd__clkbuf_16)
                                                         clknet_0_CLK (net)
                      0.094235    0.017425    0.217178 ^ clkbuf_4_2_0_CLK/A (sky130_fd_sc_hd__clkbuf_8)
     6    0.020284    0.038630    0.110534    0.327712 ^ clkbuf_4_2_0_CLK/X (sky130_fd_sc_hd__clkbuf_8)
                                                         clknet_4_2_0_CLK (net)
                      0.038659    0.001014    0.328726 ^ _796_/CLK (sky130_fd_sc_hd__dfrtp_2)
     3    0.011959    0.045572    0.274691    0.603418 v _796_/Q (sky130_fd_sc_hd__dfrtp_2)
                                                         duty_active[6] (net)
                      0.045603    0.001132    0.604550 v fanout52/A (sky130_fd_sc_hd__clkdlybuf4s25_1)
    10    0.065573    0.329186    0.409252    1.013802 v fanout52/X (sky130_fd_sc_hd__clkdlybuf4s25_1)
                                                         net52 (net)
                      0.329593    0.009228    1.023030 v _464_/B (sky130_fd_sc_hd__xor2_2)
     2    0.013907    0.124843    0.217123    1.240153 v _464_/X (sky130_fd_sc_hd__xor2_2)
                                                         _142_ (net)
                      0.124854    0.000934    1.241088 v _472_/B (sky130_fd_sc_hd__xnor2_2)
     2    0.011392    0.096744    0.138065    1.379153 v _472_/Y (sky130_fd_sc_hd__xnor2_2)
                                                         _150_ (net)
                      0.096748    0.001202    1.380355 v _477_/A (sky130_fd_sc_hd__xor2_2)
     3    0.011981    0.063097    0.152957    1.533312 v _477_/X (sky130_fd_sc_hd__xor2_2)
                                                         _155_ (net)
                      0.063100    0.000822    1.534134 v _480_/B (sky130_fd_sc_hd__or2_2)
     1    0.004336    0.041796    0.179572    1.713706 v _480_/X (sky130_fd_sc_hd__or2_2)
                                                         _158_ (net)
                      0.041796    0.000212    1.713917 v _481_/B (sky130_fd_sc_hd__nand2_2)
     2    0.011552    0.060513    0.070112    1.784029 ^ _481_/Y (sky130_fd_sc_hd__nand2_2)
                                                         _159_ (net)
                      0.060516    0.000531    1.784561 ^ _505_/A (sky130_fd_sc_hd__xor2_2)
     2    0.012335    0.142815    0.136219    1.920780 ^ _505_/X (sky130_fd_sc_hd__xor2_2)
                                                         _183_ (net)
                      0.142817    0.000877    1.921656 ^ _506_/B (sky130_fd_sc_hd__xnor2_2)
     2    0.010788    0.050348    0.061925    1.983582 v _506_/Y (sky130_fd_sc_hd__xnor2_2)
                                                         _184_ (net)
                      0.050370    0.000382    1.983963 v _559_/A (sky130_fd_sc_hd__or4_2)
     3    0.010559    0.083977    0.424377    2.408341 v _559_/X (sky130_fd_sc_hd__or4_2)
                                                         _237_ (net)
                      0.083993    0.000930    2.409271 v _563_/B (sky130_fd_sc_hd__and3_2)
     4    0.012496    0.045165    0.169207    2.578478 v _563_/X (sky130_fd_sc_hd__and3_2)
                                                         _241_ (net)
                      0.045176    0.000721    2.579199 v _614_/A (sky130_fd_sc_hd__or4_2)
     4    0.014975    0.095593    0.439669    3.018867 v _614_/X (sky130_fd_sc_hd__or4_2)
                                                         _292_ (net)
                      0.095593    0.001466    3.020334 v _620_/A1 (sky130_fd_sc_hd__a21oi_2)
     3    0.014624    0.145394    0.174475    3.194809 ^ _620_/Y (sky130_fd_sc_hd__a21oi_2)
                                                         _298_ (net)
                      0.145402    0.000915    3.195724 ^ _629_/C1 (sky130_fd_sc_hd__a211oi_2)
     3    0.008470    0.066110    0.035477    3.231200 v _629_/Y (sky130_fd_sc_hd__a211oi_2)
                                                         _307_ (net)
                      0.066111    0.000441    3.231641 v _631_/C (sky130_fd_sc_hd__or3_2)
     1    0.002764    0.049724    0.246589    3.478230 v _631_/X (sky130_fd_sc_hd__or3_2)
                                                         _309_ (net)
                      0.049724    0.000203    3.478433 v _635_/A2 (sky130_fd_sc_hd__a2111o_2)
     3    0.012388    0.063689    0.327721    3.806154 v _635_/X (sky130_fd_sc_hd__a2111o_2)
                                                         _313_ (net)
                      0.063698    0.000805    3.806959 v _662_/A1 (sky130_fd_sc_hd__a2111o_2)
     2    0.007807    0.053558    0.286062    4.093021 v _662_/X (sky130_fd_sc_hd__a2111o_2)
                                                         _335_ (net)
                      0.053558    0.000521    4.093543 v _676_/A1 (sky130_fd_sc_hd__a31o_2)
     1    0.008857    0.038798    0.151001    4.244544 v _676_/X (sky130_fd_sc_hd__a31o_2)
                                                         _344_ (net)
                      0.038811    0.000711    4.245254 v _677_/B (sky130_fd_sc_hd__xnor2_2)
     1    0.003016    0.031682    0.083496    4.328750 v _677_/Y (sky130_fd_sc_hd__xnor2_2)
                                                         _026_ (net)
                      0.031682    0.000217    4.328967 v _764_/D (sky130_fd_sc_hd__dfrtp_2)
                                              4.328967   data arrival time

                                 20.000000   20.000000   clock CLK (rise edge)
                                  0.000000   20.000000   clock source latency
     1    0.022474    0.079693    0.052589   20.052589 ^ CLK (in)
                                                         CLK (net)
                      0.079747    0.000000   20.052589 ^ clkbuf_0_CLK/A (sky130_fd_sc_hd__clkbuf_16)
    16    0.098607    0.089152    0.128139   20.180729 ^ clkbuf_0_CLK/X (sky130_fd_sc_hd__clkbuf_16)
                                                         clknet_0_CLK (net)
                      0.090564    0.008457   20.189186 ^ clkbuf_4_9_0_CLK/A (sky130_fd_sc_hd__clkbuf_8)
     6    0.017807    0.035742    0.096689   20.285875 ^ clkbuf_4_9_0_CLK/X (sky130_fd_sc_hd__clkbuf_8)
                                                         clknet_4_9_0_CLK (net)
                      0.035785    0.001009   20.286884 ^ _764_/CLK (sky130_fd_sc_hd__dfrtp_2)
                                 -0.250000   20.036884   clock uncertainty
                                  0.019024   20.055910   clock reconvergence pessimism
                                 -0.073188   19.982721   library setup time
                                             19.982721   data required time
---------------------------------------------------------------------------------------------
                                             19.982721   data required time
                                             -4.328967   data arrival time
---------------------------------------------------------------------------------------------
                                             15.653754   slack (MET)


Startpoint: _796_ (rising edge-triggered flip-flop clocked by CLK)
Endpoint: _773_ (rising edge-triggered flip-flop clocked by CLK)
Path Group: CLK
Path Type: max

Fanout         Cap        Slew       Delay        Time   Description
---------------------------------------------------------------------------------------------
                                  0.000000    0.000000   clock CLK (rise edge)
                                  0.000000    0.000000   clock source latency
     1    0.022474    0.079693    0.058125    0.058125 ^ CLK (in)
                                                         CLK (net)
                      0.079747    0.000000    0.058125 ^ clkbuf_0_CLK/A (sky130_fd_sc_hd__clkbuf_16)
    16    0.098607    0.089152    0.141628    0.199752 ^ clkbuf_0_CLK/X (sky130_fd_sc_hd__clkbuf_16)
                                                         clknet_0_CLK (net)
                      0.094235    0.017425    0.217178 ^ clkbuf_4_2_0_CLK/A (sky130_fd_sc_hd__clkbuf_8)
     6    0.020284    0.038630    0.110534    0.327712 ^ clkbuf_4_2_0_CLK/X (sky130_fd_sc_hd__clkbuf_8)
                                                         clknet_4_2_0_CLK (net)
                      0.038659    0.001014    0.328726 ^ _796_/CLK (sky130_fd_sc_hd__dfrtp_2)
     3    0.011959    0.045572    0.274691    0.603418 v _796_/Q (sky130_fd_sc_hd__dfrtp_2)
                                                         duty_active[6] (net)
                      0.045603    0.001132    0.604550 v fanout52/A (sky130_fd_sc_hd__clkdlybuf4s25_1)
    10    0.065573    0.329186    0.409252    1.013802 v fanout52/X (sky130_fd_sc_hd__clkdlybuf4s25_1)
                                                         net52 (net)
                      0.329593    0.009228    1.023030 v _464_/B (sky130_fd_sc_hd__xor2_2)
     2    0.013907    0.124843    0.217123    1.240153 v _464_/X (sky130_fd_sc_hd__xor2_2)
                                                         _142_ (net)
                      0.124854    0.000934    1.241088 v _472_/B (sky130_fd_sc_hd__xnor2_2)
     2    0.011392    0.096744    0.138065    1.379153 v _472_/Y (sky130_fd_sc_hd__xnor2_2)
                                                         _150_ (net)
                      0.096748    0.001202    1.380355 v _477_/A (sky130_fd_sc_hd__xor2_2)
     3    0.011981    0.063097    0.152957    1.533312 v _477_/X (sky130_fd_sc_hd__xor2_2)
                                                         _155_ (net)
                      0.063100    0.000822    1.534134 v _480_/B (sky130_fd_sc_hd__or2_2)
     1    0.004336    0.041796    0.179572    1.713706 v _480_/X (sky130_fd_sc_hd__or2_2)
                                                         _158_ (net)
                      0.041796    0.000212    1.713917 v _481_/B (sky130_fd_sc_hd__nand2_2)
     2    0.011552    0.060513    0.070112    1.784029 ^ _481_/Y (sky130_fd_sc_hd__nand2_2)
                                                         _159_ (net)
                      0.060516    0.000531    1.784561 ^ _505_/A (sky130_fd_sc_hd__xor2_2)
     2    0.012335    0.142815    0.136219    1.920780 ^ _505_/X (sky130_fd_sc_hd__xor2_2)
                                                         _183_ (net)
                      0.142817    0.000877    1.921656 ^ _506_/B (sky130_fd_sc_hd__xnor2_2)
     2    0.010788    0.050348    0.061925    1.983582 v _506_/Y (sky130_fd_sc_hd__xnor2_2)
                                                         _184_ (net)
                      0.050370    0.000382    1.983963 v _559_/A (sky130_fd_sc_hd__or4_2)
     3    0.010559    0.083977    0.424377    2.408341 v _559_/X (sky130_fd_sc_hd__or4_2)
                                                         _237_ (net)
                      0.083993    0.000930    2.409271 v _563_/B (sky130_fd_sc_hd__and3_2)
     4    0.012496    0.045165    0.169207    2.578478 v _563_/X (sky130_fd_sc_hd__and3_2)
                                                         _241_ (net)
                      0.045176    0.000721    2.579199 v _614_/A (sky130_fd_sc_hd__or4_2)
     4    0.014975    0.095593    0.439669    3.018867 v _614_/X (sky130_fd_sc_hd__or4_2)
                                                         _292_ (net)
                      0.095593    0.001466    3.020334 v _620_/A1 (sky130_fd_sc_hd__a21oi_2)
     3    0.014624    0.145394    0.174475    3.194809 ^ _620_/Y (sky130_fd_sc_hd__a21oi_2)
                                                         _298_ (net)
                      0.145402    0.000915    3.195724 ^ _629_/C1 (sky130_fd_sc_hd__a211oi_2)
     3    0.008470    0.066110    0.035477    3.231200 v _629_/Y (sky130_fd_sc_hd__a211oi_2)
                                                         _307_ (net)
                      0.066111    0.000441    3.231641 v _631_/C (sky130_fd_sc_hd__or3_2)
     1    0.002764    0.049724    0.246589    3.478230 v _631_/X (sky130_fd_sc_hd__or3_2)
                                                         _309_ (net)
                      0.049724    0.000203    3.478433 v _635_/A2 (sky130_fd_sc_hd__a2111o_2)
     3    0.012388    0.063689    0.327721    3.806154 v _635_/X (sky130_fd_sc_hd__a2111o_2)
                                                         _313_ (net)
                      0.063701    0.000907    3.807061 v _640_/A1 (sky130_fd_sc_hd__a2111o_2)
     2    0.007537    0.053068    0.285225    4.092287 v _640_/X (sky130_fd_sc_hd__a2111o_2)
                                                         _318_ (net)
                      0.053068    0.000596    4.092882 v _645_/C_N (sky130_fd_sc_hd__or4bb_2)
     4    0.020345    0.080534    0.180167    4.273049 ^ _645_/X (sky130_fd_sc_hd__or4bb_2)
                                                         _323_ (net)
                      0.080607    0.002069    4.275118 ^ _646_/B (sky130_fd_sc_hd__and2_2)
     1    0.002670    0.024832    0.093696    4.368814 ^ _646_/X (sky130_fd_sc_hd__and2_2)
                                                         _035_ (net)
                      0.024832    0.000191    4.369006 ^ _773_/D (sky130_fd_sc_hd__dfrtp_2)
                                              4.369006   data arrival time

                                 20.000000   20.000000   clock CLK (rise edge)
                                  0.000000   20.000000   clock source latency
     1    0.022474    0.079693    0.052589   20.052589 ^ CLK (in)
                                                         CLK (net)
                      0.079747    0.000000   20.052589 ^ clkbuf_0_CLK/A (sky130_fd_sc_hd__clkbuf_16)
    16    0.098607    0.089152    0.128139   20.180729 ^ clkbuf_0_CLK/X (sky130_fd_sc_hd__clkbuf_16)
                                                         clknet_0_CLK (net)
                      0.090936    0.009443   20.190172 ^ clkbuf_4_12_0_CLK/A (sky130_fd_sc_hd__clkbuf_8)
     6    0.019498    0.037679    0.098380   20.288551 ^ clkbuf_4_12_0_CLK/X (sky130_fd_sc_hd__clkbuf_8)
                                                         clknet_4_12_0_CLK (net)
                      0.037711    0.000931   20.289482 ^ _773_/CLK (sky130_fd_sc_hd__dfrtp_2)
                                 -0.250000   20.039484   clock uncertainty
                                  0.019024   20.058508   clock reconvergence pessimism
                                 -0.035469   20.023039   library setup time
                                             20.023039   data required time
---------------------------------------------------------------------------------------------
                                             20.023039   data required time
                                             -4.369006   data arrival time
---------------------------------------------------------------------------------------------
                                             15.654035   slack (MET)


Startpoint: _796_ (rising edge-triggered flip-flop clocked by CLK)
Endpoint: _761_ (rising edge-triggered flip-flop clocked by CLK)
Path Group: CLK
Path Type: max

Fanout         Cap        Slew       Delay        Time   Description
---------------------------------------------------------------------------------------------
                                  0.000000    0.000000   clock CLK (rise edge)
                                  0.000000    0.000000   clock source latency
     1    0.022474    0.079693    0.058125    0.058125 ^ CLK (in)
                                                         CLK (net)
                      0.079747    0.000000    0.058125 ^ clkbuf_0_CLK/A (sky130_fd_sc_hd__clkbuf_16)
    16    0.098607    0.089152    0.141628    0.199752 ^ clkbuf_0_CLK/X (sky130_fd_sc_hd__clkbuf_16)
                                                         clknet_0_CLK (net)
                      0.094235    0.017425    0.217178 ^ clkbuf_4_2_0_CLK/A (sky130_fd_sc_hd__clkbuf_8)
     6    0.020284    0.038630    0.110534    0.327712 ^ clkbuf_4_2_0_CLK/X (sky130_fd_sc_hd__clkbuf_8)
                                                         clknet_4_2_0_CLK (net)
                      0.038659    0.001014    0.328726 ^ _796_/CLK (sky130_fd_sc_hd__dfrtp_2)
     3    0.011959    0.045572    0.274691    0.603418 v _796_/Q (sky130_fd_sc_hd__dfrtp_2)
                                                         duty_active[6] (net)
                      0.045603    0.001132    0.604550 v fanout52/A (sky130_fd_sc_hd__clkdlybuf4s25_1)
    10    0.065573    0.329186    0.409252    1.013802 v fanout52/X (sky130_fd_sc_hd__clkdlybuf4s25_1)
                                                         net52 (net)
                      0.329593    0.009228    1.023030 v _464_/B (sky130_fd_sc_hd__xor2_2)
     2    0.013907    0.124843    0.217123    1.240153 v _464_/X (sky130_fd_sc_hd__xor2_2)
                                                         _142_ (net)
                      0.124854    0.000934    1.241088 v _472_/B (sky130_fd_sc_hd__xnor2_2)
     2    0.011392    0.096744    0.138065    1.379153 v _472_/Y (sky130_fd_sc_hd__xnor2_2)
                                                         _150_ (net)
                      0.096748    0.001202    1.380355 v _477_/A (sky130_fd_sc_hd__xor2_2)
     3    0.011981    0.063097    0.152957    1.533312 v _477_/X (sky130_fd_sc_hd__xor2_2)
                                                         _155_ (net)
                      0.063100    0.000822    1.534134 v _480_/B (sky130_fd_sc_hd__or2_2)
     1    0.004336    0.041796    0.179572    1.713706 v _480_/X (sky130_fd_sc_hd__or2_2)
                                                         _158_ (net)
                      0.041796    0.000212    1.713917 v _481_/B (sky130_fd_sc_hd__nand2_2)
     2    0.011552    0.060513    0.070112    1.784029 ^ _481_/Y (sky130_fd_sc_hd__nand2_2)
                                                         _159_ (net)
                      0.060516    0.000531    1.784561 ^ _505_/A (sky130_fd_sc_hd__xor2_2)
     2    0.012335    0.142815    0.136219    1.920780 ^ _505_/X (sky130_fd_sc_hd__xor2_2)
                                                         _183_ (net)
                      0.142817    0.000877    1.921656 ^ _506_/B (sky130_fd_sc_hd__xnor2_2)
     2    0.010788    0.050348    0.061925    1.983582 v _506_/Y (sky130_fd_sc_hd__xnor2_2)
                                                         _184_ (net)
                      0.050370    0.000382    1.983963 v _559_/A (sky130_fd_sc_hd__or4_2)
     3    0.010559    0.083977    0.424377    2.408341 v _559_/X (sky130_fd_sc_hd__or4_2)
                                                         _237_ (net)
                      0.083993    0.000930    2.409271 v _563_/B (sky130_fd_sc_hd__and3_2)
     4    0.012496    0.045165    0.169207    2.578478 v _563_/X (sky130_fd_sc_hd__and3_2)
                                                         _241_ (net)
                      0.045176    0.000721    2.579199 v _614_/A (sky130_fd_sc_hd__or4_2)
     4    0.014975    0.095593    0.439669    3.018867 v _614_/X (sky130_fd_sc_hd__or4_2)
                                                         _292_ (net)
                      0.095593    0.001466    3.020334 v _620_/A1 (sky130_fd_sc_hd__a21oi_2)
     3    0.014624    0.145394    0.174475    3.194809 ^ _620_/Y (sky130_fd_sc_hd__a21oi_2)
                                                         _298_ (net)
                      0.145402    0.000915    3.195724 ^ _629_/C1 (sky130_fd_sc_hd__a211oi_2)
     3    0.008470    0.066110    0.035477    3.231200 v _629_/Y (sky130_fd_sc_hd__a211oi_2)
                                                         _307_ (net)
                      0.066111    0.000441    3.231641 v _631_/C (sky130_fd_sc_hd__or3_2)
     1    0.002764    0.049724    0.246589    3.478230 v _631_/X (sky130_fd_sc_hd__or3_2)
                                                         _309_ (net)
                      0.049724    0.000203    3.478433 v _635_/A2 (sky130_fd_sc_hd__a2111o_2)
     3    0.012388    0.063689    0.327721    3.806154 v _635_/X (sky130_fd_sc_hd__a2111o_2)
                                                         _313_ (net)
                      0.063698    0.000805    3.806959 v _662_/A1 (sky130_fd_sc_hd__a2111o_2)
     2    0.007807    0.053558    0.286062    4.093021 v _662_/X (sky130_fd_sc_hd__a2111o_2)
                                                         _335_ (net)
                      0.053558    0.000441    4.093462 v _667_/C_N (sky130_fd_sc_hd__or4bb_2)
     4    0.018636    0.074464    0.176219    4.269681 ^ _667_/X (sky130_fd_sc_hd__or4bb_2)
                                                         _340_ (net)
                      0.074513    0.001062    4.270743 ^ _668_/B (sky130_fd_sc_hd__and2_2)
     1    0.002585    0.024472    0.092038    4.362781 ^ _668_/X (sky130_fd_sc_hd__and2_2)
                                                         _023_ (net)
                      0.024472    0.000187    4.362968 ^ _761_/D (sky130_fd_sc_hd__dfrtp_2)
                                              4.362968   data arrival time

                                 20.000000   20.000000   clock CLK (rise edge)
                                  0.000000   20.000000   clock source latency
     1    0.022474    0.079693    0.052589   20.052589 ^ CLK (in)
                                                         CLK (net)
                      0.079747    0.000000   20.052589 ^ clkbuf_0_CLK/A (sky130_fd_sc_hd__clkbuf_16)
    16    0.098607    0.089152    0.128139   20.180729 ^ clkbuf_0_CLK/X (sky130_fd_sc_hd__clkbuf_16)
                                                         clknet_0_CLK (net)
                      0.090837    0.009191   20.189920 ^ clkbuf_4_14_0_CLK/A (sky130_fd_sc_hd__clkbuf_8)
     6    0.018503    0.036525    0.097534   20.287455 ^ clkbuf_4_14_0_CLK/X (sky130_fd_sc_hd__clkbuf_8)
                                                         clknet_4_14_0_CLK (net)
                      0.036535    0.000545   20.288000 ^ _761_/CLK (sky130_fd_sc_hd__dfrtp_2)
                                 -0.250000   20.038000   clock uncertainty
                                  0.019024   20.057026   clock reconvergence pessimism
                                 -0.035475   20.021549   library setup time
                                             20.021549   data required time
---------------------------------------------------------------------------------------------
                                             20.021549   data required time
                                             -4.362968   data arrival time
---------------------------------------------------------------------------------------------
                                             15.658581   slack (MET)


Startpoint: _796_ (rising edge-triggered flip-flop clocked by CLK)
Endpoint: _776_ (rising edge-triggered flip-flop clocked by CLK)
Path Group: CLK
Path Type: max

Fanout         Cap        Slew       Delay        Time   Description
---------------------------------------------------------------------------------------------
                                  0.000000    0.000000   clock CLK (rise edge)
                                  0.000000    0.000000   clock source latency
     1    0.022474    0.079693    0.058125    0.058125 ^ CLK (in)
                                                         CLK (net)
                      0.079747    0.000000    0.058125 ^ clkbuf_0_CLK/A (sky130_fd_sc_hd__clkbuf_16)
    16    0.098607    0.089152    0.141628    0.199752 ^ clkbuf_0_CLK/X (sky130_fd_sc_hd__clkbuf_16)
                                                         clknet_0_CLK (net)
                      0.094235    0.017425    0.217178 ^ clkbuf_4_2_0_CLK/A (sky130_fd_sc_hd__clkbuf_8)
     6    0.020284    0.038630    0.110534    0.327712 ^ clkbuf_4_2_0_CLK/X (sky130_fd_sc_hd__clkbuf_8)
                                                         clknet_4_2_0_CLK (net)
                      0.038659    0.001014    0.328726 ^ _796_/CLK (sky130_fd_sc_hd__dfrtp_2)
     3    0.011959    0.045572    0.274691    0.603418 v _796_/Q (sky130_fd_sc_hd__dfrtp_2)
                                                         duty_active[6] (net)
                      0.045603    0.001132    0.604550 v fanout52/A (sky130_fd_sc_hd__clkdlybuf4s25_1)
    10    0.065573    0.329186    0.409252    1.013802 v fanout52/X (sky130_fd_sc_hd__clkdlybuf4s25_1)
                                                         net52 (net)
                      0.329593    0.009228    1.023030 v _464_/B (sky130_fd_sc_hd__xor2_2)
     2    0.013907    0.124843    0.217123    1.240153 v _464_/X (sky130_fd_sc_hd__xor2_2)
                                                         _142_ (net)
                      0.124854    0.000934    1.241088 v _472_/B (sky130_fd_sc_hd__xnor2_2)
     2    0.011392    0.096744    0.138065    1.379153 v _472_/Y (sky130_fd_sc_hd__xnor2_2)
                                                         _150_ (net)
                      0.096748    0.001202    1.380355 v _477_/A (sky130_fd_sc_hd__xor2_2)
     3    0.011981    0.063097    0.152957    1.533312 v _477_/X (sky130_fd_sc_hd__xor2_2)
                                                         _155_ (net)
                      0.063100    0.000822    1.534134 v _480_/B (sky130_fd_sc_hd__or2_2)
     1    0.004336    0.041796    0.179572    1.713706 v _480_/X (sky130_fd_sc_hd__or2_2)
                                                         _158_ (net)
                      0.041796    0.000212    1.713917 v _481_/B (sky130_fd_sc_hd__nand2_2)
     2    0.011552    0.060513    0.070112    1.784029 ^ _481_/Y (sky130_fd_sc_hd__nand2_2)
                                                         _159_ (net)
                      0.060516    0.000531    1.784561 ^ _505_/A (sky130_fd_sc_hd__xor2_2)
     2    0.012335    0.142815    0.136219    1.920780 ^ _505_/X (sky130_fd_sc_hd__xor2_2)
                                                         _183_ (net)
                      0.142817    0.000877    1.921656 ^ _506_/B (sky130_fd_sc_hd__xnor2_2)
     2    0.010788    0.050348    0.061925    1.983582 v _506_/Y (sky130_fd_sc_hd__xnor2_2)
                                                         _184_ (net)
                      0.050370    0.000382    1.983963 v _559_/A (sky130_fd_sc_hd__or4_2)
     3    0.010559    0.083977    0.424377    2.408341 v _559_/X (sky130_fd_sc_hd__or4_2)
                                                         _237_ (net)
                      0.083993    0.000930    2.409271 v _563_/B (sky130_fd_sc_hd__and3_2)
     4    0.012496    0.045165    0.169207    2.578478 v _563_/X (sky130_fd_sc_hd__and3_2)
                                                         _241_ (net)
                      0.045176    0.000721    2.579199 v _614_/A (sky130_fd_sc_hd__or4_2)
     4    0.014975    0.095593    0.439669    3.018867 v _614_/X (sky130_fd_sc_hd__or4_2)
                                                         _292_ (net)
                      0.095593    0.001466    3.020334 v _620_/A1 (sky130_fd_sc_hd__a21oi_2)
     3    0.014624    0.145394    0.174475    3.194809 ^ _620_/Y (sky130_fd_sc_hd__a21oi_2)
                                                         _298_ (net)
                      0.145402    0.000915    3.195724 ^ _629_/C1 (sky130_fd_sc_hd__a211oi_2)
     3    0.008470    0.066110    0.035477    3.231200 v _629_/Y (sky130_fd_sc_hd__a211oi_2)
                                                         _307_ (net)
                      0.066111    0.000441    3.231641 v _631_/C (sky130_fd_sc_hd__or3_2)
     1    0.002764    0.049724    0.246589    3.478230 v _631_/X (sky130_fd_sc_hd__or3_2)
                                                         _309_ (net)
                      0.049724    0.000203    3.478433 v _635_/A2 (sky130_fd_sc_hd__a2111o_2)
     3    0.012388    0.063689    0.327721    3.806154 v _635_/X (sky130_fd_sc_hd__a2111o_2)
                                                         _313_ (net)
                      0.063701    0.000907    3.807061 v _640_/A1 (sky130_fd_sc_hd__a2111o_2)
     2    0.007537    0.053068    0.285225    4.092287 v _640_/X (sky130_fd_sc_hd__a2111o_2)
                                                         _318_ (net)
                      0.053068    0.000559    4.092846 v _699_/A1 (sky130_fd_sc_hd__a31o_2)
     1    0.008597    0.038254    0.150336    4.243182 v _699_/X (sky130_fd_sc_hd__a31o_2)
                                                         _356_ (net)
                      0.038258    0.000440    4.243621 v _700_/B (sky130_fd_sc_hd__xnor2_2)
     1    0.002592    0.030068    0.082153    4.325775 v _700_/Y (sky130_fd_sc_hd__xnor2_2)
                                                         _038_ (net)
                      0.030068    0.000189    4.325963 v _776_/D (sky130_fd_sc_hd__dfrtp_2)
                                              4.325963   data arrival time

                                 20.000000   20.000000   clock CLK (rise edge)
                                  0.000000   20.000000   clock source latency
     1    0.022474    0.079693    0.052589   20.052589 ^ CLK (in)
                                                         CLK (net)
                      0.079747    0.000000   20.052589 ^ clkbuf_0_CLK/A (sky130_fd_sc_hd__clkbuf_16)
    16    0.098607    0.089152    0.128139   20.180729 ^ clkbuf_0_CLK/X (sky130_fd_sc_hd__clkbuf_16)
                                                         clknet_0_CLK (net)
                      0.090936    0.009443   20.190172 ^ clkbuf_4_12_0_CLK/A (sky130_fd_sc_hd__clkbuf_8)
     6    0.019498    0.037679    0.098380   20.288551 ^ clkbuf_4_12_0_CLK/X (sky130_fd_sc_hd__clkbuf_8)
                                                         clknet_4_12_0_CLK (net)
                      0.037732    0.001160   20.289711 ^ _776_/CLK (sky130_fd_sc_hd__dfrtp_2)
                                 -0.250000   20.039713   clock uncertainty
                                  0.019024   20.058737   clock reconvergence pessimism
                                 -0.072424   19.986313   library setup time
                                             19.986313   data required time
---------------------------------------------------------------------------------------------
                                             19.986313   data required time
                                             -4.325963   data arrival time
---------------------------------------------------------------------------------------------
                                             15.660350   slack (MET)


Startpoint: _796_ (rising edge-triggered flip-flop clocked by CLK)
Endpoint: _755_ (rising edge-triggered flip-flop clocked by CLK)
Path Group: CLK
Path Type: max

Fanout         Cap        Slew       Delay        Time   Description
---------------------------------------------------------------------------------------------
                                  0.000000    0.000000   clock CLK (rise edge)
                                  0.000000    0.000000   clock source latency
     1    0.022474    0.079693    0.058125    0.058125 ^ CLK (in)
                                                         CLK (net)
                      0.079747    0.000000    0.058125 ^ clkbuf_0_CLK/A (sky130_fd_sc_hd__clkbuf_16)
    16    0.098607    0.089152    0.141628    0.199752 ^ clkbuf_0_CLK/X (sky130_fd_sc_hd__clkbuf_16)
                                                         clknet_0_CLK (net)
                      0.094235    0.017425    0.217178 ^ clkbuf_4_2_0_CLK/A (sky130_fd_sc_hd__clkbuf_8)
     6    0.020284    0.038630    0.110534    0.327712 ^ clkbuf_4_2_0_CLK/X (sky130_fd_sc_hd__clkbuf_8)
                                                         clknet_4_2_0_CLK (net)
                      0.038659    0.001014    0.328726 ^ _796_/CLK (sky130_fd_sc_hd__dfrtp_2)
     3    0.011959    0.045572    0.274691    0.603418 v _796_/Q (sky130_fd_sc_hd__dfrtp_2)
                                                         duty_active[6] (net)
                      0.045603    0.001132    0.604550 v fanout52/A (sky130_fd_sc_hd__clkdlybuf4s25_1)
    10    0.065573    0.329186    0.409252    1.013802 v fanout52/X (sky130_fd_sc_hd__clkdlybuf4s25_1)
                                                         net52 (net)
                      0.329593    0.009228    1.023030 v _464_/B (sky130_fd_sc_hd__xor2_2)
     2    0.013907    0.124843    0.217123    1.240153 v _464_/X (sky130_fd_sc_hd__xor2_2)
                                                         _142_ (net)
                      0.124854    0.000934    1.241088 v _472_/B (sky130_fd_sc_hd__xnor2_2)
     2    0.011392    0.096744    0.138065    1.379153 v _472_/Y (sky130_fd_sc_hd__xnor2_2)
                                                         _150_ (net)
                      0.096748    0.001202    1.380355 v _477_/A (sky130_fd_sc_hd__xor2_2)
     3    0.011981    0.063097    0.152957    1.533312 v _477_/X (sky130_fd_sc_hd__xor2_2)
                                                         _155_ (net)
                      0.063100    0.000822    1.534134 v _480_/B (sky130_fd_sc_hd__or2_2)
     1    0.004336    0.041796    0.179572    1.713706 v _480_/X (sky130_fd_sc_hd__or2_2)
                                                         _158_ (net)
                      0.041796    0.000212    1.713917 v _481_/B (sky130_fd_sc_hd__nand2_2)
     2    0.011552    0.060513    0.070112    1.784029 ^ _481_/Y (sky130_fd_sc_hd__nand2_2)
                                                         _159_ (net)
                      0.060516    0.000531    1.784561 ^ _505_/A (sky130_fd_sc_hd__xor2_2)
     2    0.012335    0.142815    0.136219    1.920780 ^ _505_/X (sky130_fd_sc_hd__xor2_2)
                                                         _183_ (net)
                      0.142817    0.000877    1.921656 ^ _506_/B (sky130_fd_sc_hd__xnor2_2)
     2    0.010788    0.050348    0.061925    1.983582 v _506_/Y (sky130_fd_sc_hd__xnor2_2)
                                                         _184_ (net)
                      0.050370    0.000382    1.983963 v _559_/A (sky130_fd_sc_hd__or4_2)
     3    0.010559    0.083977    0.424377    2.408341 v _559_/X (sky130_fd_sc_hd__or4_2)
                                                         _237_ (net)
                      0.083993    0.000930    2.409271 v _563_/B (sky130_fd_sc_hd__and3_2)
     4    0.012496    0.045165    0.169207    2.578478 v _563_/X (sky130_fd_sc_hd__and3_2)
                                                         _241_ (net)
                      0.045176    0.000721    2.579199 v _614_/A (sky130_fd_sc_hd__or4_2)
     4    0.014975    0.095593    0.439669    3.018867 v _614_/X (sky130_fd_sc_hd__or4_2)
                                                         _292_ (net)
                      0.095593    0.001466    3.020334 v _620_/A1 (sky130_fd_sc_hd__a21oi_2)
     3    0.014624    0.145394    0.174475    3.194809 ^ _620_/Y (sky130_fd_sc_hd__a21oi_2)
                                                         _298_ (net)
                      0.145402    0.000915    3.195724 ^ _629_/C1 (sky130_fd_sc_hd__a211oi_2)
     3    0.008470    0.066110    0.035477    3.231200 v _629_/Y (sky130_fd_sc_hd__a211oi_2)
                                                         _307_ (net)
                      0.066111    0.000441    3.231641 v _631_/C (sky130_fd_sc_hd__or3_2)
     1    0.002764    0.049724    0.246589    3.478230 v _631_/X (sky130_fd_sc_hd__or3_2)
                                                         _309_ (net)
                      0.049724    0.000203    3.478433 v _635_/A2 (sky130_fd_sc_hd__a2111o_2)
     3    0.012388    0.063689    0.327721    3.806154 v _635_/X (sky130_fd_sc_hd__a2111o_2)
                                                         _313_ (net)
                      0.063701    0.000907    3.807061 v _640_/A1 (sky130_fd_sc_hd__a2111o_2)
     2    0.007537    0.053068    0.285225    4.092287 v _640_/X (sky130_fd_sc_hd__a2111o_2)
                                                         _318_ (net)
                      0.053068    0.000596    4.092882 v _645_/C_N (sky130_fd_sc_hd__or4bb_2)
     4    0.020345    0.080534    0.180167    4.273049 ^ _645_/X (sky130_fd_sc_hd__or4bb_2)
                                                         _323_ (net)
                      0.080613    0.002148    4.275197 ^ _648_/A2 (sky130_fd_sc_hd__a2111oi_2)
     1    0.002845    0.038670    0.045877    4.321074 v _648_/Y (sky130_fd_sc_hd__a2111oi_2)
                                                         _009_ (net)
                      0.038670    0.000201    4.321275 v _755_/D (sky130_fd_sc_hd__dfrtp_2)
                                              4.321275   data arrival time

                                 20.000000   20.000000   clock CLK (rise edge)
                                  0.000000   20.000000   clock source latency
     1    0.022474    0.079693    0.052589   20.052589 ^ CLK (in)
                                                         CLK (net)
                      0.079747    0.000000   20.052589 ^ clkbuf_0_CLK/A (sky130_fd_sc_hd__clkbuf_16)
    16    0.098607    0.089152    0.128139   20.180729 ^ clkbuf_0_CLK/X (sky130_fd_sc_hd__clkbuf_16)
                                                         clknet_0_CLK (net)
                      0.090936    0.009443   20.190172 ^ clkbuf_4_12_0_CLK/A (sky130_fd_sc_hd__clkbuf_8)
     6    0.019498    0.037679    0.098380   20.288551 ^ clkbuf_4_12_0_CLK/X (sky130_fd_sc_hd__clkbuf_8)
                                                         clknet_4_12_0_CLK (net)
                      0.037705    0.000849   20.289400 ^ _755_/CLK (sky130_fd_sc_hd__dfrtp_2)
                                 -0.250000   20.039402   clock uncertainty
                                  0.019024   20.058426   clock reconvergence pessimism
                                 -0.075498   19.982929   library setup time
                                             19.982929   data required time
---------------------------------------------------------------------------------------------
                                             19.982929   data required time
                                             -4.321275   data arrival time
---------------------------------------------------------------------------------------------
                                             15.661655   slack (MET)


Startpoint: _796_ (rising edge-triggered flip-flop clocked by CLK)
Endpoint: _759_ (rising edge-triggered flip-flop clocked by CLK)
Path Group: CLK
Path Type: max

Fanout         Cap        Slew       Delay        Time   Description
---------------------------------------------------------------------------------------------
                                  0.000000    0.000000   clock CLK (rise edge)
                                  0.000000    0.000000   clock source latency
     1    0.022474    0.079693    0.058125    0.058125 ^ CLK (in)
                                                         CLK (net)
                      0.079747    0.000000    0.058125 ^ clkbuf_0_CLK/A (sky130_fd_sc_hd__clkbuf_16)
    16    0.098607    0.089152    0.141628    0.199752 ^ clkbuf_0_CLK/X (sky130_fd_sc_hd__clkbuf_16)
                                                         clknet_0_CLK (net)
                      0.094235    0.017425    0.217178 ^ clkbuf_4_2_0_CLK/A (sky130_fd_sc_hd__clkbuf_8)
     6    0.020284    0.038630    0.110534    0.327712 ^ clkbuf_4_2_0_CLK/X (sky130_fd_sc_hd__clkbuf_8)
                                                         clknet_4_2_0_CLK (net)
                      0.038659    0.001014    0.328726 ^ _796_/CLK (sky130_fd_sc_hd__dfrtp_2)
     3    0.011959    0.045572    0.274691    0.603418 v _796_/Q (sky130_fd_sc_hd__dfrtp_2)
                                                         duty_active[6] (net)
                      0.045603    0.001132    0.604550 v fanout52/A (sky130_fd_sc_hd__clkdlybuf4s25_1)
    10    0.065573    0.329186    0.409252    1.013802 v fanout52/X (sky130_fd_sc_hd__clkdlybuf4s25_1)
                                                         net52 (net)
                      0.329593    0.009228    1.023030 v _464_/B (sky130_fd_sc_hd__xor2_2)
     2    0.013907    0.124843    0.217123    1.240153 v _464_/X (sky130_fd_sc_hd__xor2_2)
                                                         _142_ (net)
                      0.124854    0.000934    1.241088 v _472_/B (sky130_fd_sc_hd__xnor2_2)
     2    0.011392    0.096744    0.138065    1.379153 v _472_/Y (sky130_fd_sc_hd__xnor2_2)
                                                         _150_ (net)
                      0.096748    0.001202    1.380355 v _477_/A (sky130_fd_sc_hd__xor2_2)
     3    0.011981    0.063097    0.152957    1.533312 v _477_/X (sky130_fd_sc_hd__xor2_2)
                                                         _155_ (net)
                      0.063100    0.000822    1.534134 v _480_/B (sky130_fd_sc_hd__or2_2)
     1    0.004336    0.041796    0.179572    1.713706 v _480_/X (sky130_fd_sc_hd__or2_2)
                                                         _158_ (net)
                      0.041796    0.000212    1.713917 v _481_/B (sky130_fd_sc_hd__nand2_2)
     2    0.011552    0.060513    0.070112    1.784029 ^ _481_/Y (sky130_fd_sc_hd__nand2_2)
                                                         _159_ (net)
                      0.060516    0.000531    1.784561 ^ _505_/A (sky130_fd_sc_hd__xor2_2)
     2    0.012335    0.142815    0.136219    1.920780 ^ _505_/X (sky130_fd_sc_hd__xor2_2)
                                                         _183_ (net)
                      0.142817    0.000877    1.921656 ^ _506_/B (sky130_fd_sc_hd__xnor2_2)
     2    0.010788    0.050348    0.061925    1.983582 v _506_/Y (sky130_fd_sc_hd__xnor2_2)
                                                         _184_ (net)
                      0.050370    0.000382    1.983963 v _559_/A (sky130_fd_sc_hd__or4_2)
     3    0.010559    0.083977    0.424377    2.408341 v _559_/X (sky130_fd_sc_hd__or4_2)
                                                         _237_ (net)
                      0.083993    0.000930    2.409271 v _563_/B (sky130_fd_sc_hd__and3_2)
     4    0.012496    0.045165    0.169207    2.578478 v _563_/X (sky130_fd_sc_hd__and3_2)
                                                         _241_ (net)
                      0.045176    0.000721    2.579199 v _614_/A (sky130_fd_sc_hd__or4_2)
     4    0.014975    0.095593    0.439669    3.018867 v _614_/X (sky130_fd_sc_hd__or4_2)
                                                         _292_ (net)
                      0.095593    0.001466    3.020334 v _620_/A1 (sky130_fd_sc_hd__a21oi_2)
     3    0.014624    0.145394    0.174475    3.194809 ^ _620_/Y (sky130_fd_sc_hd__a21oi_2)
                                                         _298_ (net)
                      0.145402    0.000915    3.195724 ^ _629_/C1 (sky130_fd_sc_hd__a211oi_2)
     3    0.008470    0.066110    0.035477    3.231200 v _629_/Y (sky130_fd_sc_hd__a211oi_2)
                                                         _307_ (net)
                      0.066111    0.000441    3.231641 v _631_/C (sky130_fd_sc_hd__or3_2)
     1    0.002764    0.049724    0.246589    3.478230 v _631_/X (sky130_fd_sc_hd__or3_2)
                                                         _309_ (net)
                      0.049724    0.000203    3.478433 v _635_/A2 (sky130_fd_sc_hd__a2111o_2)
     3    0.012388    0.063689    0.327721    3.806154 v _635_/X (sky130_fd_sc_hd__a2111o_2)
                                                         _313_ (net)
                      0.063698    0.000805    3.806959 v _662_/A1 (sky130_fd_sc_hd__a2111o_2)
     2    0.007807    0.053558    0.286062    4.093021 v _662_/X (sky130_fd_sc_hd__a2111o_2)
                                                         _335_ (net)
                      0.053558    0.000441    4.093462 v _667_/C_N (sky130_fd_sc_hd__or4bb_2)
     4    0.018636    0.074464    0.176219    4.269681 ^ _667_/X (sky130_fd_sc_hd__or4bb_2)
                                                         _340_ (net)
                      0.074527    0.001361    4.271042 ^ _670_/A2 (sky130_fd_sc_hd__a2111oi_2)
     1    0.002859    0.037487    0.044938    4.315979 v _670_/Y (sky130_fd_sc_hd__a2111oi_2)
                                                         _005_ (net)
                      0.037487    0.000198    4.316177 v _759_/D (sky130_fd_sc_hd__dfrtp_2)
                                              4.316177   data arrival time

                                 20.000000   20.000000   clock CLK (rise edge)
                                  0.000000   20.000000   clock source latency
     1    0.022474    0.079693    0.052589   20.052589 ^ CLK (in)
                                                         CLK (net)
                      0.079747    0.000000   20.052589 ^ clkbuf_0_CLK/A (sky130_fd_sc_hd__clkbuf_16)
    16    0.098607    0.089152    0.128139   20.180729 ^ clkbuf_0_CLK/X (sky130_fd_sc_hd__clkbuf_16)
                                                         clknet_0_CLK (net)
                      0.090564    0.008457   20.189186 ^ clkbuf_4_9_0_CLK/A (sky130_fd_sc_hd__clkbuf_8)
     6    0.017807    0.035742    0.096689   20.285875 ^ clkbuf_4_9_0_CLK/X (sky130_fd_sc_hd__clkbuf_8)
                                                         clknet_4_9_0_CLK (net)
                      0.035767    0.000794   20.286669 ^ _759_/CLK (sky130_fd_sc_hd__dfrtp_2)
                                 -0.250000   20.036671   clock uncertainty
                                  0.019024   20.055695   clock reconvergence pessimism
                                 -0.075262   19.980433   library setup time
                                             19.980433   data required time
---------------------------------------------------------------------------------------------
                                             19.980433   data required time
                                             -4.316177   data arrival time
---------------------------------------------------------------------------------------------
                                             15.664254   slack (MET)


Startpoint: _796_ (rising edge-triggered flip-flop clocked by CLK)
Endpoint: _754_ (rising edge-triggered flip-flop clocked by CLK)
Path Group: CLK
Path Type: max

Fanout         Cap        Slew       Delay        Time   Description
---------------------------------------------------------------------------------------------
                                  0.000000    0.000000   clock CLK (rise edge)
                                  0.000000    0.000000   clock source latency
     1    0.022474    0.079693    0.058125    0.058125 ^ CLK (in)
                                                         CLK (net)
                      0.079747    0.000000    0.058125 ^ clkbuf_0_CLK/A (sky130_fd_sc_hd__clkbuf_16)
    16    0.098607    0.089152    0.141628    0.199752 ^ clkbuf_0_CLK/X (sky130_fd_sc_hd__clkbuf_16)
                                                         clknet_0_CLK (net)
                      0.094235    0.017425    0.217178 ^ clkbuf_4_2_0_CLK/A (sky130_fd_sc_hd__clkbuf_8)
     6    0.020284    0.038630    0.110534    0.327712 ^ clkbuf_4_2_0_CLK/X (sky130_fd_sc_hd__clkbuf_8)
                                                         clknet_4_2_0_CLK (net)
                      0.038659    0.001014    0.328726 ^ _796_/CLK (sky130_fd_sc_hd__dfrtp_2)
     3    0.011959    0.045572    0.274691    0.603418 v _796_/Q (sky130_fd_sc_hd__dfrtp_2)
                                                         duty_active[6] (net)
                      0.045603    0.001132    0.604550 v fanout52/A (sky130_fd_sc_hd__clkdlybuf4s25_1)
    10    0.065573    0.329186    0.409252    1.013802 v fanout52/X (sky130_fd_sc_hd__clkdlybuf4s25_1)
                                                         net52 (net)
                      0.329593    0.009228    1.023030 v _464_/B (sky130_fd_sc_hd__xor2_2)
     2    0.013907    0.124843    0.217123    1.240153 v _464_/X (sky130_fd_sc_hd__xor2_2)
                                                         _142_ (net)
                      0.124854    0.000934    1.241088 v _472_/B (sky130_fd_sc_hd__xnor2_2)
     2    0.011392    0.096744    0.138065    1.379153 v _472_/Y (sky130_fd_sc_hd__xnor2_2)
                                                         _150_ (net)
                      0.096748    0.001202    1.380355 v _477_/A (sky130_fd_sc_hd__xor2_2)
     3    0.011981    0.063097    0.152957    1.533312 v _477_/X (sky130_fd_sc_hd__xor2_2)
                                                         _155_ (net)
                      0.063100    0.000822    1.534134 v _480_/B (sky130_fd_sc_hd__or2_2)
     1    0.004336    0.041796    0.179572    1.713706 v _480_/X (sky130_fd_sc_hd__or2_2)
                                                         _158_ (net)
                      0.041796    0.000212    1.713917 v _481_/B (sky130_fd_sc_hd__nand2_2)
     2    0.011552    0.060513    0.070112    1.784029 ^ _481_/Y (sky130_fd_sc_hd__nand2_2)
                                                         _159_ (net)
                      0.060516    0.000531    1.784561 ^ _505_/A (sky130_fd_sc_hd__xor2_2)
     2    0.012335    0.142815    0.136219    1.920780 ^ _505_/X (sky130_fd_sc_hd__xor2_2)
                                                         _183_ (net)
                      0.142817    0.000877    1.921656 ^ _506_/B (sky130_fd_sc_hd__xnor2_2)
     2    0.010788    0.050348    0.061925    1.983582 v _506_/Y (sky130_fd_sc_hd__xnor2_2)
                                                         _184_ (net)
                      0.050370    0.000382    1.983963 v _559_/A (sky130_fd_sc_hd__or4_2)
     3    0.010559    0.083977    0.424377    2.408341 v _559_/X (sky130_fd_sc_hd__or4_2)
                                                         _237_ (net)
                      0.083993    0.000930    2.409271 v _563_/B (sky130_fd_sc_hd__and3_2)
     4    0.012496    0.045165    0.169207    2.578478 v _563_/X (sky130_fd_sc_hd__and3_2)
                                                         _241_ (net)
                      0.045176    0.000721    2.579199 v _614_/A (sky130_fd_sc_hd__or4_2)
     4    0.014975    0.095593    0.439669    3.018867 v _614_/X (sky130_fd_sc_hd__or4_2)
                                                         _292_ (net)
                      0.095593    0.001466    3.020334 v _620_/A1 (sky130_fd_sc_hd__a21oi_2)
     3    0.014624    0.145394    0.174475    3.194809 ^ _620_/Y (sky130_fd_sc_hd__a21oi_2)
                                                         _298_ (net)
                      0.145402    0.000915    3.195724 ^ _629_/C1 (sky130_fd_sc_hd__a211oi_2)
     3    0.008470    0.066110    0.035477    3.231200 v _629_/Y (sky130_fd_sc_hd__a211oi_2)
                                                         _307_ (net)
                      0.066111    0.000441    3.231641 v _631_/C (sky130_fd_sc_hd__or3_2)
     1    0.002764    0.049724    0.246589    3.478230 v _631_/X (sky130_fd_sc_hd__or3_2)
                                                         _309_ (net)
                      0.049724    0.000203    3.478433 v _635_/A2 (sky130_fd_sc_hd__a2111o_2)
     3    0.012388    0.063689    0.327721    3.806154 v _635_/X (sky130_fd_sc_hd__a2111o_2)
                                                         _313_ (net)
                      0.063701    0.000907    3.807061 v _640_/A1 (sky130_fd_sc_hd__a2111o_2)
     2    0.007537    0.053068    0.285225    4.092287 v _640_/X (sky130_fd_sc_hd__a2111o_2)
                                                         _318_ (net)
                      0.053068    0.000596    4.092882 v _645_/C_N (sky130_fd_sc_hd__or4bb_2)
     4    0.020345    0.080534    0.180167    4.273049 ^ _645_/X (sky130_fd_sc_hd__or4bb_2)
                                                         _323_ (net)
                      0.080573    0.001520    4.274569 ^ _649_/A2 (sky130_fd_sc_hd__a211oi_2)
     1    0.002724    0.034244    0.044761    4.319330 v _649_/Y (sky130_fd_sc_hd__a211oi_2)
                                                         _008_ (net)
                      0.034244    0.000191    4.319520 v _754_/D (sky130_fd_sc_hd__dfrtp_2)
                                              4.319520   data arrival time

                                 20.000000   20.000000   clock CLK (rise edge)
                                  0.000000   20.000000   clock source latency
     1    0.022474    0.079693    0.052589   20.052589 ^ CLK (in)
                                                         CLK (net)
                      0.079747    0.000000   20.052589 ^ clkbuf_0_CLK/A (sky130_fd_sc_hd__clkbuf_16)
    16    0.098607    0.089152    0.128139   20.180729 ^ clkbuf_0_CLK/X (sky130_fd_sc_hd__clkbuf_16)
                                                         clknet_0_CLK (net)
                      0.090936    0.009443   20.190172 ^ clkbuf_4_12_0_CLK/A (sky130_fd_sc_hd__clkbuf_8)
     6    0.019498    0.037679    0.098380   20.288551 ^ clkbuf_4_12_0_CLK/X (sky130_fd_sc_hd__clkbuf_8)
                                                         clknet_4_12_0_CLK (net)
                      0.037705    0.000854   20.289406 ^ _754_/CLK (sky130_fd_sc_hd__dfrtp_2)
                                 -0.250000   20.039408   clock uncertainty
                                  0.019024   20.058432   clock reconvergence pessimism
                                 -0.073918   19.984514   library setup time
                                             19.984514   data required time
---------------------------------------------------------------------------------------------
                                             19.984514   data required time
                                             -4.319520   data arrival time
---------------------------------------------------------------------------------------------
                                             15.664993   slack (MET)


Startpoint: _796_ (rising edge-triggered flip-flop clocked by CLK)
Endpoint: _758_ (rising edge-triggered flip-flop clocked by CLK)
Path Group: CLK
Path Type: max

Fanout         Cap        Slew       Delay        Time   Description
---------------------------------------------------------------------------------------------
                                  0.000000    0.000000   clock CLK (rise edge)
                                  0.000000    0.000000   clock source latency
     1    0.022474    0.079693    0.058125    0.058125 ^ CLK (in)
                                                         CLK (net)
                      0.079747    0.000000    0.058125 ^ clkbuf_0_CLK/A (sky130_fd_sc_hd__clkbuf_16)
    16    0.098607    0.089152    0.141628    0.199752 ^ clkbuf_0_CLK/X (sky130_fd_sc_hd__clkbuf_16)
                                                         clknet_0_CLK (net)
                      0.094235    0.017425    0.217178 ^ clkbuf_4_2_0_CLK/A (sky130_fd_sc_hd__clkbuf_8)
     6    0.020284    0.038630    0.110534    0.327712 ^ clkbuf_4_2_0_CLK/X (sky130_fd_sc_hd__clkbuf_8)
                                                         clknet_4_2_0_CLK (net)
                      0.038659    0.001014    0.328726 ^ _796_/CLK (sky130_fd_sc_hd__dfrtp_2)
     3    0.011959    0.045572    0.274691    0.603418 v _796_/Q (sky130_fd_sc_hd__dfrtp_2)
                                                         duty_active[6] (net)
                      0.045603    0.001132    0.604550 v fanout52/A (sky130_fd_sc_hd__clkdlybuf4s25_1)
    10    0.065573    0.329186    0.409252    1.013802 v fanout52/X (sky130_fd_sc_hd__clkdlybuf4s25_1)
                                                         net52 (net)
                      0.329593    0.009228    1.023030 v _464_/B (sky130_fd_sc_hd__xor2_2)
     2    0.013907    0.124843    0.217123    1.240153 v _464_/X (sky130_fd_sc_hd__xor2_2)
                                                         _142_ (net)
                      0.124854    0.000934    1.241088 v _472_/B (sky130_fd_sc_hd__xnor2_2)
     2    0.011392    0.096744    0.138065    1.379153 v _472_/Y (sky130_fd_sc_hd__xnor2_2)
                                                         _150_ (net)
                      0.096748    0.001202    1.380355 v _477_/A (sky130_fd_sc_hd__xor2_2)
     3    0.011981    0.063097    0.152957    1.533312 v _477_/X (sky130_fd_sc_hd__xor2_2)
                                                         _155_ (net)
                      0.063100    0.000822    1.534134 v _480_/B (sky130_fd_sc_hd__or2_2)
     1    0.004336    0.041796    0.179572    1.713706 v _480_/X (sky130_fd_sc_hd__or2_2)
                                                         _158_ (net)
                      0.041796    0.000212    1.713917 v _481_/B (sky130_fd_sc_hd__nand2_2)
     2    0.011552    0.060513    0.070112    1.784029 ^ _481_/Y (sky130_fd_sc_hd__nand2_2)
                                                         _159_ (net)
                      0.060516    0.000531    1.784561 ^ _505_/A (sky130_fd_sc_hd__xor2_2)
     2    0.012335    0.142815    0.136219    1.920780 ^ _505_/X (sky130_fd_sc_hd__xor2_2)
                                                         _183_ (net)
                      0.142817    0.000877    1.921656 ^ _506_/B (sky130_fd_sc_hd__xnor2_2)
     2    0.010788    0.050348    0.061925    1.983582 v _506_/Y (sky130_fd_sc_hd__xnor2_2)
                                                         _184_ (net)
                      0.050370    0.000382    1.983963 v _559_/A (sky130_fd_sc_hd__or4_2)
     3    0.010559    0.083977    0.424377    2.408341 v _559_/X (sky130_fd_sc_hd__or4_2)
                                                         _237_ (net)
                      0.083993    0.000930    2.409271 v _563_/B (sky130_fd_sc_hd__and3_2)
     4    0.012496    0.045165    0.169207    2.578478 v _563_/X (sky130_fd_sc_hd__and3_2)
                                                         _241_ (net)
                      0.045176    0.000721    2.579199 v _614_/A (sky130_fd_sc_hd__or4_2)
     4    0.014975    0.095593    0.439669    3.018867 v _614_/X (sky130_fd_sc_hd__or4_2)
                                                         _292_ (net)
                      0.095593    0.001466    3.020334 v _620_/A1 (sky130_fd_sc_hd__a21oi_2)
     3    0.014624    0.145394    0.174475    3.194809 ^ _620_/Y (sky130_fd_sc_hd__a21oi_2)
                                                         _298_ (net)
                      0.145402    0.000915    3.195724 ^ _629_/C1 (sky130_fd_sc_hd__a211oi_2)
     3    0.008470    0.066110    0.035477    3.231200 v _629_/Y (sky130_fd_sc_hd__a211oi_2)
                                                         _307_ (net)
                      0.066111    0.000441    3.231641 v _631_/C (sky130_fd_sc_hd__or3_2)
     1    0.002764    0.049724    0.246589    3.478230 v _631_/X (sky130_fd_sc_hd__or3_2)
                                                         _309_ (net)
                      0.049724    0.000203    3.478433 v _635_/A2 (sky130_fd_sc_hd__a2111o_2)
     3    0.012388    0.063689    0.327721    3.806154 v _635_/X (sky130_fd_sc_hd__a2111o_2)
                                                         _313_ (net)
                      0.063698    0.000805    3.806959 v _662_/A1 (sky130_fd_sc_hd__a2111o_2)
     2    0.007807    0.053558    0.286062    4.093021 v _662_/X (sky130_fd_sc_hd__a2111o_2)
                                                         _335_ (net)
                      0.053558    0.000441    4.093462 v _667_/C_N (sky130_fd_sc_hd__or4bb_2)
     4    0.018636    0.074464    0.176219    4.269681 ^ _667_/X (sky130_fd_sc_hd__or4bb_2)
                                                         _340_ (net)
                      0.074513    0.001064    4.270745 ^ _671_/A2 (sky130_fd_sc_hd__a211oi_2)
     1    0.003218    0.034261    0.045287    4.316031 v _671_/Y (sky130_fd_sc_hd__a211oi_2)
                                                         _004_ (net)
                      0.034262    0.000227    4.316259 v _758_/D (sky130_fd_sc_hd__dfrtp_2)
                                              4.316259   data arrival time

                                 20.000000   20.000000   clock CLK (rise edge)
                                  0.000000   20.000000   clock source latency
     1    0.022474    0.079693    0.052589   20.052589 ^ CLK (in)
                                                         CLK (net)
                      0.079747    0.000000   20.052589 ^ clkbuf_0_CLK/A (sky130_fd_sc_hd__clkbuf_16)
    16    0.098607    0.089152    0.128139   20.180729 ^ clkbuf_0_CLK/X (sky130_fd_sc_hd__clkbuf_16)
                                                         clknet_0_CLK (net)
                      0.090564    0.008457   20.189186 ^ clkbuf_4_9_0_CLK/A (sky130_fd_sc_hd__clkbuf_8)
     6    0.017807    0.035742    0.096689   20.285875 ^ clkbuf_4_9_0_CLK/X (sky130_fd_sc_hd__clkbuf_8)
                                                         clknet_4_9_0_CLK (net)
                      0.035766    0.000783   20.286657 ^ _758_/CLK (sky130_fd_sc_hd__dfrtp_2)
                                 -0.250000   20.036659   clock uncertainty
                                  0.019024   20.055683   clock reconvergence pessimism
                                 -0.074111   19.981573   library setup time
                                             19.981573   data required time
---------------------------------------------------------------------------------------------
                                             19.981573   data required time
                                             -4.316259   data arrival time
---------------------------------------------------------------------------------------------
                                             15.665313   slack (MET)


Startpoint: _796_ (rising edge-triggered flip-flop clocked by CLK)
Endpoint: _777_ (rising edge-triggered flip-flop clocked by CLK)
Path Group: CLK
Path Type: max

Fanout         Cap        Slew       Delay        Time   Description
---------------------------------------------------------------------------------------------
                                  0.000000    0.000000   clock CLK (rise edge)
                                  0.000000    0.000000   clock source latency
     1    0.022474    0.079693    0.058125    0.058125 ^ CLK (in)
                                                         CLK (net)
                      0.079747    0.000000    0.058125 ^ clkbuf_0_CLK/A (sky130_fd_sc_hd__clkbuf_16)
    16    0.098607    0.089152    0.141628    0.199752 ^ clkbuf_0_CLK/X (sky130_fd_sc_hd__clkbuf_16)
                                                         clknet_0_CLK (net)
                      0.094235    0.017425    0.217178 ^ clkbuf_4_2_0_CLK/A (sky130_fd_sc_hd__clkbuf_8)
     6    0.020284    0.038630    0.110534    0.327712 ^ clkbuf_4_2_0_CLK/X (sky130_fd_sc_hd__clkbuf_8)
                                                         clknet_4_2_0_CLK (net)
                      0.038659    0.001014    0.328726 ^ _796_/CLK (sky130_fd_sc_hd__dfrtp_2)
     3    0.011959    0.045572    0.274691    0.603418 v _796_/Q (sky130_fd_sc_hd__dfrtp_2)
                                                         duty_active[6] (net)
                      0.045603    0.001132    0.604550 v fanout52/A (sky130_fd_sc_hd__clkdlybuf4s25_1)
    10    0.065573    0.329186    0.409252    1.013802 v fanout52/X (sky130_fd_sc_hd__clkdlybuf4s25_1)
                                                         net52 (net)
                      0.329593    0.009228    1.023030 v _464_/B (sky130_fd_sc_hd__xor2_2)
     2    0.013907    0.124843    0.217123    1.240153 v _464_/X (sky130_fd_sc_hd__xor2_2)
                                                         _142_ (net)
                      0.124854    0.000934    1.241088 v _472_/B (sky130_fd_sc_hd__xnor2_2)
     2    0.011392    0.096744    0.138065    1.379153 v _472_/Y (sky130_fd_sc_hd__xnor2_2)
                                                         _150_ (net)
                      0.096748    0.001202    1.380355 v _477_/A (sky130_fd_sc_hd__xor2_2)
     3    0.011981    0.063097    0.152957    1.533312 v _477_/X (sky130_fd_sc_hd__xor2_2)
                                                         _155_ (net)
                      0.063100    0.000822    1.534134 v _480_/B (sky130_fd_sc_hd__or2_2)
     1    0.004336    0.041796    0.179572    1.713706 v _480_/X (sky130_fd_sc_hd__or2_2)
                                                         _158_ (net)
                      0.041796    0.000212    1.713917 v _481_/B (sky130_fd_sc_hd__nand2_2)
     2    0.011552    0.060513    0.070112    1.784029 ^ _481_/Y (sky130_fd_sc_hd__nand2_2)
                                                         _159_ (net)
                      0.060516    0.000531    1.784561 ^ _505_/A (sky130_fd_sc_hd__xor2_2)
     2    0.012335    0.142815    0.136219    1.920780 ^ _505_/X (sky130_fd_sc_hd__xor2_2)
                                                         _183_ (net)
                      0.142817    0.000877    1.921656 ^ _506_/B (sky130_fd_sc_hd__xnor2_2)
     2    0.010788    0.050348    0.061925    1.983582 v _506_/Y (sky130_fd_sc_hd__xnor2_2)
                                                         _184_ (net)
                      0.050370    0.000382    1.983963 v _559_/A (sky130_fd_sc_hd__or4_2)
     3    0.010559    0.083977    0.424377    2.408341 v _559_/X (sky130_fd_sc_hd__or4_2)
                                                         _237_ (net)
                      0.083993    0.000930    2.409271 v _563_/B (sky130_fd_sc_hd__and3_2)
     4    0.012496    0.045165    0.169207    2.578478 v _563_/X (sky130_fd_sc_hd__and3_2)
                                                         _241_ (net)
                      0.045176    0.000721    2.579199 v _614_/A (sky130_fd_sc_hd__or4_2)
     4    0.014975    0.095593    0.439669    3.018867 v _614_/X (sky130_fd_sc_hd__or4_2)
                                                         _292_ (net)
                      0.095593    0.001466    3.020334 v _620_/A1 (sky130_fd_sc_hd__a21oi_2)
     3    0.014624    0.145394    0.174475    3.194809 ^ _620_/Y (sky130_fd_sc_hd__a21oi_2)
                                                         _298_ (net)
                      0.145402    0.000915    3.195724 ^ _629_/C1 (sky130_fd_sc_hd__a211oi_2)
     3    0.008470    0.066110    0.035477    3.231200 v _629_/Y (sky130_fd_sc_hd__a211oi_2)
                                                         _307_ (net)
                      0.066111    0.000441    3.231641 v _631_/C (sky130_fd_sc_hd__or3_2)
     1    0.002764    0.049724    0.246589    3.478230 v _631_/X (sky130_fd_sc_hd__or3_2)
                                                         _309_ (net)
                      0.049724    0.000203    3.478433 v _635_/A2 (sky130_fd_sc_hd__a2111o_2)
     3    0.012388    0.063689    0.327721    3.806154 v _635_/X (sky130_fd_sc_hd__a2111o_2)
                                                         _313_ (net)
                      0.063701    0.000907    3.807061 v _640_/A1 (sky130_fd_sc_hd__a2111o_2)
     2    0.007537    0.053068    0.285225    4.092287 v _640_/X (sky130_fd_sc_hd__a2111o_2)
                                                         _318_ (net)
                      0.053068    0.000596    4.092882 v _645_/C_N (sky130_fd_sc_hd__or4bb_2)
     4    0.020345    0.080534    0.180167    4.273049 ^ _645_/X (sky130_fd_sc_hd__or4bb_2)
                                                         _323_ (net)
                      0.080551    0.001009    4.274058 ^ _703_/B1 (sky130_fd_sc_hd__o21a_2)
     1    0.003192    0.023763    0.069147    4.343204 ^ _703_/X (sky130_fd_sc_hd__o21a_2)
                                                         _039_ (net)
                      0.023770    0.000214    4.343418 ^ _777_/D (sky130_fd_sc_hd__dfrtp_2)
                                              4.343418   data arrival time

                                 20.000000   20.000000   clock CLK (rise edge)
                                  0.000000   20.000000   clock source latency
     1    0.022474    0.079693    0.052589   20.052589 ^ CLK (in)
                                                         CLK (net)
                      0.079747    0.000000   20.052589 ^ clkbuf_0_CLK/A (sky130_fd_sc_hd__clkbuf_16)
    16    0.098607    0.089152    0.128139   20.180729 ^ clkbuf_0_CLK/X (sky130_fd_sc_hd__clkbuf_16)
                                                         clknet_0_CLK (net)
                      0.090936    0.009443   20.190172 ^ clkbuf_4_12_0_CLK/A (sky130_fd_sc_hd__clkbuf_8)
     6    0.019498    0.037679    0.098380   20.288551 ^ clkbuf_4_12_0_CLK/X (sky130_fd_sc_hd__clkbuf_8)
                                                         clknet_4_12_0_CLK (net)
                      0.037743    0.001265   20.289816 ^ _777_/CLK (sky130_fd_sc_hd__dfrtp_2)
                                 -0.250000   20.039818   clock uncertainty
                                  0.019024   20.058842   clock reconvergence pessimism
                                 -0.035359   20.023481   library setup time
                                             20.023481   data required time
---------------------------------------------------------------------------------------------
                                             20.023481   data required time
                                             -4.343418   data arrival time
---------------------------------------------------------------------------------------------
                                             15.680064   slack (MET)


Startpoint: _796_ (rising edge-triggered flip-flop clocked by CLK)
Endpoint: _765_ (rising edge-triggered flip-flop clocked by CLK)
Path Group: CLK
Path Type: max

Fanout         Cap        Slew       Delay        Time   Description
---------------------------------------------------------------------------------------------
                                  0.000000    0.000000   clock CLK (rise edge)
                                  0.000000    0.000000   clock source latency
     1    0.022474    0.079693    0.058125    0.058125 ^ CLK (in)
                                                         CLK (net)
                      0.079747    0.000000    0.058125 ^ clkbuf_0_CLK/A (sky130_fd_sc_hd__clkbuf_16)
    16    0.098607    0.089152    0.141628    0.199752 ^ clkbuf_0_CLK/X (sky130_fd_sc_hd__clkbuf_16)
                                                         clknet_0_CLK (net)
                      0.094235    0.017425    0.217178 ^ clkbuf_4_2_0_CLK/A (sky130_fd_sc_hd__clkbuf_8)
     6    0.020284    0.038630    0.110534    0.327712 ^ clkbuf_4_2_0_CLK/X (sky130_fd_sc_hd__clkbuf_8)
                                                         clknet_4_2_0_CLK (net)
                      0.038659    0.001014    0.328726 ^ _796_/CLK (sky130_fd_sc_hd__dfrtp_2)
     3    0.011959    0.045572    0.274691    0.603418 v _796_/Q (sky130_fd_sc_hd__dfrtp_2)
                                                         duty_active[6] (net)
                      0.045603    0.001132    0.604550 v fanout52/A (sky130_fd_sc_hd__clkdlybuf4s25_1)
    10    0.065573    0.329186    0.409252    1.013802 v fanout52/X (sky130_fd_sc_hd__clkdlybuf4s25_1)
                                                         net52 (net)
                      0.329593    0.009228    1.023030 v _464_/B (sky130_fd_sc_hd__xor2_2)
     2    0.013907    0.124843    0.217123    1.240153 v _464_/X (sky130_fd_sc_hd__xor2_2)
                                                         _142_ (net)
                      0.124854    0.000934    1.241088 v _472_/B (sky130_fd_sc_hd__xnor2_2)
     2    0.011392    0.096744    0.138065    1.379153 v _472_/Y (sky130_fd_sc_hd__xnor2_2)
                                                         _150_ (net)
                      0.096748    0.001202    1.380355 v _477_/A (sky130_fd_sc_hd__xor2_2)
     3    0.011981    0.063097    0.152957    1.533312 v _477_/X (sky130_fd_sc_hd__xor2_2)
                                                         _155_ (net)
                      0.063100    0.000822    1.534134 v _480_/B (sky130_fd_sc_hd__or2_2)
     1    0.004336    0.041796    0.179572    1.713706 v _480_/X (sky130_fd_sc_hd__or2_2)
                                                         _158_ (net)
                      0.041796    0.000212    1.713917 v _481_/B (sky130_fd_sc_hd__nand2_2)
     2    0.011552    0.060513    0.070112    1.784029 ^ _481_/Y (sky130_fd_sc_hd__nand2_2)
                                                         _159_ (net)
                      0.060516    0.000531    1.784561 ^ _505_/A (sky130_fd_sc_hd__xor2_2)
     2    0.012335    0.142815    0.136219    1.920780 ^ _505_/X (sky130_fd_sc_hd__xor2_2)
                                                         _183_ (net)
                      0.142817    0.000877    1.921656 ^ _506_/B (sky130_fd_sc_hd__xnor2_2)
     2    0.010788    0.050348    0.061925    1.983582 v _506_/Y (sky130_fd_sc_hd__xnor2_2)
                                                         _184_ (net)
                      0.050370    0.000382    1.983963 v _559_/A (sky130_fd_sc_hd__or4_2)
     3    0.010559    0.083977    0.424377    2.408341 v _559_/X (sky130_fd_sc_hd__or4_2)
                                                         _237_ (net)
                      0.083993    0.000930    2.409271 v _563_/B (sky130_fd_sc_hd__and3_2)
     4    0.012496    0.045165    0.169207    2.578478 v _563_/X (sky130_fd_sc_hd__and3_2)
                                                         _241_ (net)
                      0.045176    0.000721    2.579199 v _614_/A (sky130_fd_sc_hd__or4_2)
     4    0.014975    0.095593    0.439669    3.018867 v _614_/X (sky130_fd_sc_hd__or4_2)
                                                         _292_ (net)
                      0.095593    0.001466    3.020334 v _620_/A1 (sky130_fd_sc_hd__a21oi_2)
     3    0.014624    0.145394    0.174475    3.194809 ^ _620_/Y (sky130_fd_sc_hd__a21oi_2)
                                                         _298_ (net)
                      0.145402    0.000915    3.195724 ^ _629_/C1 (sky130_fd_sc_hd__a211oi_2)
     3    0.008470    0.066110    0.035477    3.231200 v _629_/Y (sky130_fd_sc_hd__a211oi_2)
                                                         _307_ (net)
                      0.066111    0.000441    3.231641 v _631_/C (sky130_fd_sc_hd__or3_2)
     1    0.002764    0.049724    0.246589    3.478230 v _631_/X (sky130_fd_sc_hd__or3_2)
                                                         _309_ (net)
                      0.049724    0.000203    3.478433 v _635_/A2 (sky130_fd_sc_hd__a2111o_2)
     3    0.012388    0.063689    0.327721    3.806154 v _635_/X (sky130_fd_sc_hd__a2111o_2)
                                                         _313_ (net)
                      0.063698    0.000805    3.806959 v _662_/A1 (sky130_fd_sc_hd__a2111o_2)
     2    0.007807    0.053558    0.286062    4.093021 v _662_/X (sky130_fd_sc_hd__a2111o_2)
                                                         _335_ (net)
                      0.053558    0.000441    4.093462 v _667_/C_N (sky130_fd_sc_hd__or4bb_2)
     4    0.018636    0.074464    0.176219    4.269681 ^ _667_/X (sky130_fd_sc_hd__or4bb_2)
                                                         _340_ (net)
                      0.074509    0.000932    4.270613 ^ _680_/B1 (sky130_fd_sc_hd__o21a_2)
     1    0.002949    0.022992    0.067362    4.337975 ^ _680_/X (sky130_fd_sc_hd__o21a_2)
                                                         _027_ (net)
                      0.023000    0.000218    4.338193 ^ _765_/D (sky130_fd_sc_hd__dfrtp_2)
                                              4.338193   data arrival time

                                 20.000000   20.000000   clock CLK (rise edge)
                                  0.000000   20.000000   clock source latency
     1    0.022474    0.079693    0.052589   20.052589 ^ CLK (in)
                                                         CLK (net)
                      0.079747    0.000000   20.052589 ^ clkbuf_0_CLK/A (sky130_fd_sc_hd__clkbuf_16)
    16    0.098607    0.089152    0.128139   20.180729 ^ clkbuf_0_CLK/X (sky130_fd_sc_hd__clkbuf_16)
                                                         clknet_0_CLK (net)
                      0.089891    0.006272   20.187000 ^ clkbuf_4_8_0_CLK/A (sky130_fd_sc_hd__clkbuf_8)
     6    0.022610    0.041224    0.101352   20.288353 ^ clkbuf_4_8_0_CLK/X (sky130_fd_sc_hd__clkbuf_8)
                                                         clknet_4_8_0_CLK (net)
                      0.041227    0.000425   20.288778 ^ _765_/CLK (sky130_fd_sc_hd__dfrtp_2)
                                 -0.250000   20.038778   clock uncertainty
                                  0.019024   20.057802   clock reconvergence pessimism
                                 -0.035153   20.022652   library setup time
                                             20.022652   data required time
---------------------------------------------------------------------------------------------
                                             20.022652   data required time
                                             -4.338193   data arrival time
---------------------------------------------------------------------------------------------
                                             15.684457   slack (MET)


Startpoint: DUTY[8] (input port clocked by CLK)
Endpoint: _745_ (rising edge-triggered flip-flop clocked by CLK)
Path Group: CLK
Path Type: max

Fanout         Cap        Slew       Delay        Time   Description
---------------------------------------------------------------------------------------------
                                  0.000000    0.000000   clock CLK (rise edge)
                                  0.000000    0.000000   clock network delay (propagated)
                                  4.000000    4.000000 v input external delay
     1    0.006281    0.010262    0.006122    4.006122 v DUTY[8] (in)
                                                         DUTY[8] (net)
                      0.010274    0.000000    4.006122 v input11/A (sky130_fd_sc_hd__clkdlybuf4s25_1)
     1    0.008157    0.051636    0.179967    4.186089 v input11/X (sky130_fd_sc_hd__clkdlybuf4s25_1)
                                                         net11 (net)
                      0.051645    0.000726    4.186815 v _745_/D (sky130_fd_sc_hd__dfrtp_2)
                                              4.186815   data arrival time

                                 20.000000   20.000000   clock CLK (rise edge)
                                  0.000000   20.000000   clock source latency
     1    0.022474    0.079693    0.052589   20.052589 ^ CLK (in)
                                                         CLK (net)
                      0.079747    0.000000   20.052589 ^ clkbuf_0_CLK/A (sky130_fd_sc_hd__clkbuf_16)
    16    0.098607    0.089152    0.128139   20.180729 ^ clkbuf_0_CLK/X (sky130_fd_sc_hd__clkbuf_16)
                                                         clknet_0_CLK (net)
                      0.094235    0.015765   20.196493 ^ clkbuf_4_2_0_CLK/A (sky130_fd_sc_hd__clkbuf_8)
     6    0.020284    0.038630    0.100007   20.296501 ^ clkbuf_4_2_0_CLK/X (sky130_fd_sc_hd__clkbuf_8)
                                                         clknet_4_2_0_CLK (net)
                      0.038642    0.000652   20.297153 ^ _745_/CLK (sky130_fd_sc_hd__dfrtp_2)
                                 -0.250000   20.047153   clock uncertainty
                                  0.000000   20.047153   clock reconvergence pessimism
                                 -0.080040   19.967113   library setup time
                                             19.967113   data required time
---------------------------------------------------------------------------------------------
                                             19.967113   data required time
                                             -4.186815   data arrival time
---------------------------------------------------------------------------------------------
                                             15.780298   slack (MET)


Startpoint: DUTY[6] (input port clocked by CLK)
Endpoint: _743_ (rising edge-triggered flip-flop clocked by CLK)
Path Group: CLK
Path Type: max

Fanout         Cap        Slew       Delay        Time   Description
---------------------------------------------------------------------------------------------
                                  0.000000    0.000000   clock CLK (rise edge)
                                  0.000000    0.000000   clock network delay (propagated)
                                  4.000000    4.000000 v input external delay
     1    0.008528    0.013960    0.008779    4.008779 v DUTY[6] (in)
                                                         DUTY[6] (net)
                      0.013974    0.000000    4.008779 v input9/A (sky130_fd_sc_hd__clkdlybuf4s25_1)
     1    0.007664    0.049266    0.179403    4.188182 v input9/X (sky130_fd_sc_hd__clkdlybuf4s25_1)
                                                         net9 (net)
                      0.049272    0.000606    4.188788 v _743_/D (sky130_fd_sc_hd__dfrtp_2)
                                              4.188788   data arrival time

                                 20.000000   20.000000   clock CLK (rise edge)
                                  0.000000   20.000000   clock source latency
     1    0.022474    0.079693    0.052589   20.052589 ^ CLK (in)
                                                         CLK (net)
                      0.079747    0.000000   20.052589 ^ clkbuf_0_CLK/A (sky130_fd_sc_hd__clkbuf_16)
    16    0.098607    0.089152    0.128139   20.180729 ^ clkbuf_0_CLK/X (sky130_fd_sc_hd__clkbuf_16)
                                                         clknet_0_CLK (net)
                      0.094274    0.015827   20.196556 ^ clkbuf_4_1_0_CLK/A (sky130_fd_sc_hd__clkbuf_8)
     6    0.022912    0.041838    0.102501   20.299057 ^ clkbuf_4_1_0_CLK/X (sky130_fd_sc_hd__clkbuf_8)
                                                         clknet_4_1_0_CLK (net)
                      0.041879    0.001133   20.300190 ^ _743_/CLK (sky130_fd_sc_hd__dfrtp_2)
                                 -0.250000   20.050192   clock uncertainty
                                  0.000000   20.050192   clock reconvergence pessimism
                                 -0.078881   19.971310   library setup time
                                             19.971310   data required time
---------------------------------------------------------------------------------------------
                                             19.971310   data required time
                                             -4.188788   data arrival time
---------------------------------------------------------------------------------------------
                                             15.782522   slack (MET)


Startpoint: DUTY[4] (input port clocked by CLK)
Endpoint: _741_ (rising edge-triggered flip-flop clocked by CLK)
Path Group: CLK
Path Type: max

Fanout         Cap        Slew       Delay        Time   Description
---------------------------------------------------------------------------------------------
                                  0.000000    0.000000   clock CLK (rise edge)
                                  0.000000    0.000000   clock network delay (propagated)
                                  4.000000    4.000000 v input external delay
     1    0.009072    0.014850    0.009425    4.009425 v DUTY[4] (in)
                                                         DUTY[4] (net)
                      0.014865    0.000000    4.009425 v input7/A (sky130_fd_sc_hd__clkdlybuf4s25_1)
     1    0.006919    0.045806    0.176516    4.185941 v input7/X (sky130_fd_sc_hd__clkdlybuf4s25_1)
                                                         net7 (net)
                      0.045812    0.000587    4.186528 v _741_/D (sky130_fd_sc_hd__dfrtp_2)
                                              4.186528   data arrival time

                                 20.000000   20.000000   clock CLK (rise edge)
                                  0.000000   20.000000   clock source latency
     1    0.022474    0.079693    0.052589   20.052589 ^ CLK (in)
                                                         CLK (net)
                      0.079747    0.000000   20.052589 ^ clkbuf_0_CLK/A (sky130_fd_sc_hd__clkbuf_16)
    16    0.098607    0.089152    0.128139   20.180729 ^ clkbuf_0_CLK/X (sky130_fd_sc_hd__clkbuf_16)
                                                         clknet_0_CLK (net)
                      0.094235    0.015765   20.196493 ^ clkbuf_4_2_0_CLK/A (sky130_fd_sc_hd__clkbuf_8)
     6    0.020284    0.038630    0.100007   20.296501 ^ clkbuf_4_2_0_CLK/X (sky130_fd_sc_hd__clkbuf_8)
                                                         clknet_4_2_0_CLK (net)
                      0.038674    0.001094   20.297596 ^ _741_/CLK (sky130_fd_sc_hd__dfrtp_2)
                                 -0.250000   20.047596   clock uncertainty
                                  0.000000   20.047596   clock reconvergence pessimism
                                 -0.077955   19.969641   library setup time
                                             19.969641   data required time
---------------------------------------------------------------------------------------------
                                             19.969641   data required time
                                             -4.186528   data arrival time
---------------------------------------------------------------------------------------------
                                             15.783113   slack (MET)


Startpoint: DUTY[7] (input port clocked by CLK)
Endpoint: _744_ (rising edge-triggered flip-flop clocked by CLK)
Path Group: CLK
Path Type: max

Fanout         Cap        Slew       Delay        Time   Description
---------------------------------------------------------------------------------------------
                                  0.000000    0.000000   clock CLK (rise edge)
                                  0.000000    0.000000   clock network delay (propagated)
                                  4.000000    4.000000 v input external delay
     1    0.007266    0.011858    0.007263    4.007263 v DUTY[7] (in)
                                                         DUTY[7] (net)
                      0.011868    0.000000    4.007263 v input10/A (sky130_fd_sc_hd__clkdlybuf4s25_1)
     1    0.006315    0.042977    0.172839    4.180102 v input10/X (sky130_fd_sc_hd__clkdlybuf4s25_1)
                                                         net10 (net)
                      0.042982    0.000487    4.180589 v _744_/D (sky130_fd_sc_hd__dfrtp_2)
                                              4.180589   data arrival time

                                 20.000000   20.000000   clock CLK (rise edge)
                                  0.000000   20.000000   clock source latency
     1    0.022474    0.079693    0.052589   20.052589 ^ CLK (in)
                                                         CLK (net)
                      0.079747    0.000000   20.052589 ^ clkbuf_0_CLK/A (sky130_fd_sc_hd__clkbuf_16)
    16    0.098607    0.089152    0.128139   20.180729 ^ clkbuf_0_CLK/X (sky130_fd_sc_hd__clkbuf_16)
                                                         clknet_0_CLK (net)
                      0.094187    0.015691   20.196419 ^ clkbuf_4_3_0_CLK/A (sky130_fd_sc_hd__clkbuf_8)
     6    0.018034    0.036054    0.097931   20.294350 ^ clkbuf_4_3_0_CLK/X (sky130_fd_sc_hd__clkbuf_8)
                                                         clknet_4_3_0_CLK (net)
                      0.036080    0.000806   20.295156 ^ _744_/CLK (sky130_fd_sc_hd__dfrtp_2)
                                 -0.250000   20.045156   clock uncertainty
                                  0.000000   20.045156   clock reconvergence pessimism
                                 -0.077194   19.967964   library setup time
                                             19.967964   data required time
---------------------------------------------------------------------------------------------
                                             19.967964   data required time
                                             -4.180589   data arrival time
---------------------------------------------------------------------------------------------
                                             15.787375   slack (MET)


Startpoint: DUTY[5] (input port clocked by CLK)
Endpoint: _742_ (rising edge-triggered flip-flop clocked by CLK)
Path Group: CLK
Path Type: max

Fanout         Cap        Slew       Delay        Time   Description
---------------------------------------------------------------------------------------------
                                  0.000000    0.000000   clock CLK (rise edge)
                                  0.000000    0.000000   clock network delay (propagated)
                                  4.000000    4.000000 v input external delay
     1    0.006968    0.011425    0.006974    4.006974 v DUTY[5] (in)
                                                         DUTY[5] (net)
                      0.011443    0.000000    4.006974 v input8/A (sky130_fd_sc_hd__clkdlybuf4s25_1)
     1    0.006141    0.042153    0.171991    4.178965 v input8/X (sky130_fd_sc_hd__clkdlybuf4s25_1)
                                                         net8 (net)
                      0.042155    0.000368    4.179333 v _742_/D (sky130_fd_sc_hd__dfrtp_2)
                                              4.179333   data arrival time

                                 20.000000   20.000000   clock CLK (rise edge)
                                  0.000000   20.000000   clock source latency
     1    0.022474    0.079693    0.052589   20.052589 ^ CLK (in)
                                                         CLK (net)
                      0.079747    0.000000   20.052589 ^ clkbuf_0_CLK/A (sky130_fd_sc_hd__clkbuf_16)
    16    0.098607    0.089152    0.128139   20.180729 ^ clkbuf_0_CLK/X (sky130_fd_sc_hd__clkbuf_16)
                                                         clknet_0_CLK (net)
                      0.094235    0.015765   20.196493 ^ clkbuf_4_2_0_CLK/A (sky130_fd_sc_hd__clkbuf_8)
     6    0.020284    0.038630    0.100007   20.296501 ^ clkbuf_4_2_0_CLK/X (sky130_fd_sc_hd__clkbuf_8)
                                                         clknet_4_2_0_CLK (net)
                      0.038699    0.001338   20.297838 ^ _742_/CLK (sky130_fd_sc_hd__dfrtp_2)
                                 -0.250000   20.047840   clock uncertainty
                                  0.000000   20.047840   clock reconvergence pessimism
                                 -0.076647   19.971193   library setup time
                                             19.971193   data required time
---------------------------------------------------------------------------------------------
                                             19.971193   data required time
                                             -4.179333   data arrival time
---------------------------------------------------------------------------------------------
                                             15.791859   slack (MET)


Startpoint: DUTY[2] (input port clocked by CLK)
Endpoint: _739_ (rising edge-triggered flip-flop clocked by CLK)
Path Group: CLK
Path Type: max

Fanout         Cap        Slew       Delay        Time   Description
---------------------------------------------------------------------------------------------
                                  0.000000    0.000000   clock CLK (rise edge)
                                  0.000000    0.000000   clock network delay (propagated)
                                  4.000000    4.000000 v input external delay
     1    0.008424    0.013791    0.008654    4.008655 v DUTY[2] (in)
                                                         DUTY[2] (net)
                      0.013804    0.000000    4.008655 v input5/A (sky130_fd_sc_hd__clkdlybuf4s25_1)
     1    0.005953    0.041324    0.172015    4.180669 v input5/X (sky130_fd_sc_hd__clkdlybuf4s25_1)
                                                         net5 (net)
                      0.041328    0.000466    4.181136 v _739_/D (sky130_fd_sc_hd__dfrtp_2)
                                              4.181136   data arrival time

                                 20.000000   20.000000   clock CLK (rise edge)
                                  0.000000   20.000000   clock source latency
     1    0.022474    0.079693    0.052589   20.052589 ^ CLK (in)
                                                         CLK (net)
                      0.079747    0.000000   20.052589 ^ clkbuf_0_CLK/A (sky130_fd_sc_hd__clkbuf_16)
    16    0.098607    0.089152    0.128139   20.180729 ^ clkbuf_0_CLK/X (sky130_fd_sc_hd__clkbuf_16)
                                                         clknet_0_CLK (net)
                      0.094274    0.015827   20.196556 ^ clkbuf_4_1_0_CLK/A (sky130_fd_sc_hd__clkbuf_8)
     6    0.022912    0.041838    0.102501   20.299057 ^ clkbuf_4_1_0_CLK/X (sky130_fd_sc_hd__clkbuf_8)
                                                         clknet_4_1_0_CLK (net)
                      0.041847    0.000615   20.299671 ^ _739_/CLK (sky130_fd_sc_hd__dfrtp_2)
                                 -0.250000   20.049673   clock uncertainty
                                  0.000000   20.049673   clock reconvergence pessimism
                                 -0.076048   19.973625   library setup time
                                             19.973625   data required time
---------------------------------------------------------------------------------------------
                                             19.973625   data required time
                                             -4.181136   data arrival time
---------------------------------------------------------------------------------------------
                                             15.792490   slack (MET)


Startpoint: DUTY[3] (input port clocked by CLK)
Endpoint: _740_ (rising edge-triggered flip-flop clocked by CLK)
Path Group: CLK
Path Type: max

Fanout         Cap        Slew       Delay        Time   Description
---------------------------------------------------------------------------------------------
                                  0.000000    0.000000   clock CLK (rise edge)
                                  0.000000    0.000000   clock network delay (propagated)
                                  4.000000    4.000000 v input external delay
     1    0.008897    0.014561    0.009227    4.009227 v DUTY[3] (in)
                                                         DUTY[3] (net)
                      0.014576    0.000000    4.009227 v input6/A (sky130_fd_sc_hd__clkdlybuf4s25_1)
     1    0.005606    0.039688    0.170834    4.180062 v input6/X (sky130_fd_sc_hd__clkdlybuf4s25_1)
                                                         net6 (net)
                      0.039692    0.000453    4.180515 v _740_/D (sky130_fd_sc_hd__dfrtp_2)
                                              4.180515   data arrival time

                                 20.000000   20.000000   clock CLK (rise edge)
                                  0.000000   20.000000   clock source latency
     1    0.022474    0.079693    0.052589   20.052589 ^ CLK (in)
                                                         CLK (net)
                      0.079747    0.000000   20.052589 ^ clkbuf_0_CLK/A (sky130_fd_sc_hd__clkbuf_16)
    16    0.098607    0.089152    0.128139   20.180729 ^ clkbuf_0_CLK/X (sky130_fd_sc_hd__clkbuf_16)
                                                         clknet_0_CLK (net)
                      0.094256    0.015797   20.196526 ^ clkbuf_4_0_0_CLK/A (sky130_fd_sc_hd__clkbuf_8)
     6    0.022128    0.040969    0.101544   20.298069 ^ clkbuf_4_0_0_CLK/X (sky130_fd_sc_hd__clkbuf_8)
                                                         clknet_4_0_0_CLK (net)
                      0.041132    0.001766   20.299835 ^ _740_/CLK (sky130_fd_sc_hd__dfrtp_2)
                                 -0.250000   20.049835   clock uncertainty
                                  0.000000   20.049835   clock reconvergence pessimism
                                 -0.075533   19.974304   library setup time
                                             19.974304   data required time
---------------------------------------------------------------------------------------------
                                             19.974304   data required time
                                             -4.180515   data arrival time
---------------------------------------------------------------------------------------------
                                             15.793788   slack (MET)


Startpoint: RESET_N (input port clocked by CLK)
Endpoint: _804_ (recovery check against rising-edge clock CLK)
Path Group: asynchronous
Path Type: max

Fanout         Cap        Slew       Delay        Time   Description
---------------------------------------------------------------------------------------------
                                  0.000000    0.000000   clock CLK (rise edge)
                                  0.000000    0.000000   clock network delay (propagated)
                                  4.000000    4.000000 ^ input external delay
     1    0.004296    0.019263    0.011785    4.011785 ^ RESET_N (in)
                                                         RESET_N (net)
                      0.019266    0.000000    4.011785 ^ input19/A (sky130_fd_sc_hd__clkdlybuf4s25_1)
     8    0.030936    0.235340    0.311390    4.323176 ^ input19/X (sky130_fd_sc_hd__clkdlybuf4s25_1)
                                                         net19 (net)
                      0.235487    0.003574    4.326749 ^ _804_/RESET_B (sky130_fd_sc_hd__dfrtp_2)
                                              4.326749   data arrival time

                                 20.000000   20.000000   clock CLK (rise edge)
                                  0.000000   20.000000   clock source latency
     1    0.022474    0.079693    0.052589   20.052589 ^ CLK (in)
                                                         CLK (net)
                      0.079747    0.000000   20.052589 ^ clkbuf_0_CLK/A (sky130_fd_sc_hd__clkbuf_16)
    16    0.098607    0.089152    0.128139   20.180729 ^ clkbuf_0_CLK/X (sky130_fd_sc_hd__clkbuf_16)
                                                         clknet_0_CLK (net)
                      0.091856    0.011529   20.192257 ^ clkbuf_4_13_0_CLK/A (sky130_fd_sc_hd__clkbuf_8)
     6    0.018460    0.036503    0.097618   20.289875 ^ clkbuf_4_13_0_CLK/X (sky130_fd_sc_hd__clkbuf_8)
                                                         clknet_4_13_0_CLK (net)
                      0.036564    0.001222   20.291098 ^ _804_/CLK (sky130_fd_sc_hd__dfrtp_2)
                                 -0.250000   20.041098   clock uncertainty
                                  0.000000   20.041098   clock reconvergence pessimism
                                  0.082111   20.123209   library recovery time
                                             20.123209   data required time
---------------------------------------------------------------------------------------------
                                             20.123209   data required time
                                             -4.326749   data arrival time
---------------------------------------------------------------------------------------------
                                             15.796460   slack (MET)


Startpoint: RESET_N (input port clocked by CLK)
Endpoint: _805_ (recovery check against rising-edge clock CLK)
Path Group: asynchronous
Path Type: max

Fanout         Cap        Slew       Delay        Time   Description
---------------------------------------------------------------------------------------------
                                  0.000000    0.000000   clock CLK (rise edge)
                                  0.000000    0.000000   clock network delay (propagated)
                                  4.000000    4.000000 ^ input external delay
     1    0.004296    0.019263    0.011785    4.011785 ^ RESET_N (in)
                                                         RESET_N (net)
                      0.019266    0.000000    4.011785 ^ input19/A (sky130_fd_sc_hd__clkdlybuf4s25_1)
     8    0.030936    0.235340    0.311390    4.323176 ^ input19/X (sky130_fd_sc_hd__clkdlybuf4s25_1)
                                                         net19 (net)
                      0.235469    0.003107    4.326283 ^ _805_/RESET_B (sky130_fd_sc_hd__dfrtp_2)
                                              4.326283   data arrival time

                                 20.000000   20.000000   clock CLK (rise edge)
                                  0.000000   20.000000   clock source latency
     1    0.022474    0.079693    0.052589   20.052589 ^ CLK (in)
                                                         CLK (net)
                      0.079747    0.000000   20.052589 ^ clkbuf_0_CLK/A (sky130_fd_sc_hd__clkbuf_16)
    16    0.098607    0.089152    0.128139   20.180729 ^ clkbuf_0_CLK/X (sky130_fd_sc_hd__clkbuf_16)
                                                         clknet_0_CLK (net)
                      0.091856    0.011529   20.192257 ^ clkbuf_4_13_0_CLK/A (sky130_fd_sc_hd__clkbuf_8)
     6    0.018460    0.036503    0.097618   20.289875 ^ clkbuf_4_13_0_CLK/X (sky130_fd_sc_hd__clkbuf_8)
                                                         clknet_4_13_0_CLK (net)
                      0.036538    0.000963   20.290838 ^ _805_/CLK (sky130_fd_sc_hd__dfrtp_2)
                                 -0.250000   20.040838   clock uncertainty
                                  0.000000   20.040838   clock reconvergence pessimism
                                  0.082111   20.122952   library recovery time
                                             20.122952   data required time
---------------------------------------------------------------------------------------------
                                             20.122952   data required time
                                             -4.326283   data arrival time
---------------------------------------------------------------------------------------------
                                             15.796667   slack (MET)


Startpoint: HALL_B (input port clocked by CLK)
Endpoint: _750_ (rising edge-triggered flip-flop clocked by CLK)
Path Group: CLK
Path Type: max

Fanout         Cap        Slew       Delay        Time   Description
---------------------------------------------------------------------------------------------
                                  0.000000    0.000000   clock CLK (rise edge)
                                  0.000000    0.000000   clock network delay (propagated)
                                  4.000000    4.000000 v input external delay
     1    0.005589    0.009141    0.005247    4.005247 v HALL_B (in)
                                                         HALL_B (net)
                      0.009150    0.000000    4.005247 v input15/A (sky130_fd_sc_hd__clkdlybuf4s25_1)
     1    0.004696    0.035611    0.164852    4.170099 v input15/X (sky130_fd_sc_hd__clkdlybuf4s25_1)
                                                         net15 (net)
                      0.035614    0.000358    4.170457 v _750_/D (sky130_fd_sc_hd__dfrtp_2)
                                              4.170457   data arrival time

                                 20.000000   20.000000   clock CLK (rise edge)
                                  0.000000   20.000000   clock source latency
     1    0.022474    0.079693    0.052589   20.052589 ^ CLK (in)
                                                         CLK (net)
                      0.079747    0.000000   20.052589 ^ clkbuf_0_CLK/A (sky130_fd_sc_hd__clkbuf_16)
    16    0.098607    0.089152    0.128139   20.180729 ^ clkbuf_0_CLK/X (sky130_fd_sc_hd__clkbuf_16)
                                                         clknet_0_CLK (net)
                      0.094187    0.015691   20.196419 ^ clkbuf_4_3_0_CLK/A (sky130_fd_sc_hd__clkbuf_8)
     6    0.018034    0.036054    0.097931   20.294350 ^ clkbuf_4_3_0_CLK/X (sky130_fd_sc_hd__clkbuf_8)
                                                         clknet_4_3_0_CLK (net)
                      0.036066    0.000592   20.294941 ^ _750_/CLK (sky130_fd_sc_hd__dfrtp_2)
                                 -0.250000   20.044943   clock uncertainty
                                  0.000000   20.044943   clock reconvergence pessimism
                                 -0.074564   19.970377   library setup time
                                             19.970377   data required time
---------------------------------------------------------------------------------------------
                                             19.970377   data required time
                                             -4.170457   data arrival time
---------------------------------------------------------------------------------------------
                                             15.799920   slack (MET)


Startpoint: DUTY[9] (input port clocked by CLK)
Endpoint: _746_ (rising edge-triggered flip-flop clocked by CLK)
Path Group: CLK
Path Type: max

Fanout         Cap        Slew       Delay        Time   Description
---------------------------------------------------------------------------------------------
                                  0.000000    0.000000   clock CLK (rise edge)
                                  0.000000    0.000000   clock network delay (propagated)
                                  4.000000    4.000000 v input external delay
     1    0.003404    0.005599    0.003010    4.003010 v DUTY[9] (in)
                                                         DUTY[9] (net)
                      0.005609    0.000000    4.003010 v input12/A (sky130_fd_sc_hd__clkdlybuf4s25_1)
     1    0.005890    0.040991    0.168680    4.171690 v input12/X (sky130_fd_sc_hd__clkdlybuf4s25_1)
                                                         net12 (net)
                      0.040993    0.000319    4.172009 v _746_/D (sky130_fd_sc_hd__dfrtp_2)
                                              4.172009   data arrival time

                                 20.000000   20.000000   clock CLK (rise edge)
                                  0.000000   20.000000   clock source latency
     1    0.022474    0.079693    0.052589   20.052589 ^ CLK (in)
                                                         CLK (net)
                      0.079747    0.000000   20.052589 ^ clkbuf_0_CLK/A (sky130_fd_sc_hd__clkbuf_16)
    16    0.098607    0.089152    0.128139   20.180729 ^ clkbuf_0_CLK/X (sky130_fd_sc_hd__clkbuf_16)
                                                         clknet_0_CLK (net)
                      0.093986    0.015373   20.196102 ^ clkbuf_4_4_0_CLK/A (sky130_fd_sc_hd__clkbuf_8)
     6    0.023705    0.042367    0.103419   20.299520 ^ clkbuf_4_4_0_CLK/X (sky130_fd_sc_hd__clkbuf_8)
                                                         clknet_4_4_0_CLK (net)
                      0.042405    0.001060   20.300581 ^ _746_/CLK (sky130_fd_sc_hd__dfrtp_2)
                                 -0.250000   20.050583   clock uncertainty
                                  0.000000   20.050583   clock reconvergence pessimism
                                 -0.075874   19.974709   library setup time
                                             19.974709   data required time
---------------------------------------------------------------------------------------------
                                             19.974709   data required time
                                             -4.172009   data arrival time
---------------------------------------------------------------------------------------------
                                             15.802700   slack (MET)


Startpoint: DUTY[0] (input port clocked by CLK)
Endpoint: _737_ (rising edge-triggered flip-flop clocked by CLK)
Path Group: CLK
Path Type: max

Fanout         Cap        Slew       Delay        Time   Description
---------------------------------------------------------------------------------------------
                                  0.000000    0.000000   clock CLK (rise edge)
                                  0.000000    0.000000   clock network delay (propagated)
                                  4.000000    4.000000 v input external delay
     1    0.005982    0.009818    0.005698    4.005698 v DUTY[0] (in)
                                                         DUTY[0] (net)
                      0.009823    0.000000    4.005698 v input3/A (sky130_fd_sc_hd__clkdlybuf4s25_1)
     1    0.003978    0.032474    0.162101    4.167799 v input3/X (sky130_fd_sc_hd__clkdlybuf4s25_1)
                                                         net3 (net)
                      0.032492    0.000182    4.167980 v _737_/D (sky130_fd_sc_hd__dfrtp_2)
                                              4.167980   data arrival time

                                 20.000000   20.000000   clock CLK (rise edge)
                                  0.000000   20.000000   clock source latency
     1    0.022474    0.079693    0.052589   20.052589 ^ CLK (in)
                                                         CLK (net)
                      0.079747    0.000000   20.052589 ^ clkbuf_0_CLK/A (sky130_fd_sc_hd__clkbuf_16)
    16    0.098607    0.089152    0.128139   20.180729 ^ clkbuf_0_CLK/X (sky130_fd_sc_hd__clkbuf_16)
                                                         clknet_0_CLK (net)
                      0.094274    0.015827   20.196556 ^ clkbuf_4_1_0_CLK/A (sky130_fd_sc_hd__clkbuf_8)
     6    0.022912    0.041838    0.102501   20.299057 ^ clkbuf_4_1_0_CLK/X (sky130_fd_sc_hd__clkbuf_8)
                                                         clknet_4_1_0_CLK (net)
                      0.041933    0.001634   20.300692 ^ _737_/CLK (sky130_fd_sc_hd__dfrtp_2)
                                 -0.250000   20.050692   clock uncertainty
                                  0.000000   20.050692   clock reconvergence pessimism
                                 -0.072885   19.977806   library setup time
                                             19.977806   data required time
---------------------------------------------------------------------------------------------
                                             19.977806   data required time
                                             -4.167980   data arrival time
---------------------------------------------------------------------------------------------
                                             15.809827   slack (MET)


Startpoint: HALL_C (input port clocked by CLK)
Endpoint: _752_ (rising edge-triggered flip-flop clocked by CLK)
Path Group: CLK
Path Type: max

Fanout         Cap        Slew       Delay        Time   Description
---------------------------------------------------------------------------------------------
                                  0.000000    0.000000   clock CLK (rise edge)
                                  0.000000    0.000000   clock network delay (propagated)
                                  4.000000    4.000000 v input external delay
     1    0.005171    0.008466    0.004742    4.004742 v HALL_C (in)
                                                         HALL_C (net)
                      0.008473    0.000000    4.004742 v input16/A (sky130_fd_sc_hd__clkdlybuf4s25_1)
     1    0.002650    0.026569    0.154861    4.159604 v input16/X (sky130_fd_sc_hd__clkdlybuf4s25_1)
                                                         net16 (net)
                      0.026569    0.000188    4.159792 v _752_/D (sky130_fd_sc_hd__dfrtp_2)
                                              4.159792   data arrival time

                                 20.000000   20.000000   clock CLK (rise edge)
                                  0.000000   20.000000   clock source latency
     1    0.022474    0.079693    0.052589   20.052589 ^ CLK (in)
                                                         CLK (net)
                      0.079747    0.000000   20.052589 ^ clkbuf_0_CLK/A (sky130_fd_sc_hd__clkbuf_16)
    16    0.098607    0.089152    0.128139   20.180729 ^ clkbuf_0_CLK/X (sky130_fd_sc_hd__clkbuf_16)
                                                         clknet_0_CLK (net)
                      0.094187    0.015691   20.196419 ^ clkbuf_4_3_0_CLK/A (sky130_fd_sc_hd__clkbuf_8)
     6    0.018034    0.036054    0.097931   20.294350 ^ clkbuf_4_3_0_CLK/X (sky130_fd_sc_hd__clkbuf_8)
                                                         clknet_4_3_0_CLK (net)
                      0.036078    0.000785   20.295135 ^ _752_/CLK (sky130_fd_sc_hd__dfrtp_2)
                                 -0.250000   20.045135   clock uncertainty
                                  0.000000   20.045135   clock reconvergence pessimism
                                 -0.071334   19.973803   library setup time
                                             19.973803   data required time
---------------------------------------------------------------------------------------------
                                             19.973803   data required time
                                             -4.159792   data arrival time
---------------------------------------------------------------------------------------------
                                             15.814010   slack (MET)


Startpoint: DUTY[1] (input port clocked by CLK)
Endpoint: _738_ (rising edge-triggered flip-flop clocked by CLK)
Path Group: CLK
Path Type: max

Fanout         Cap        Slew       Delay        Time   Description
---------------------------------------------------------------------------------------------
                                  0.000000    0.000000   clock CLK (rise edge)
                                  0.000000    0.000000   clock network delay (propagated)
                                  4.000000    4.000000 v input external delay
     1    0.005578    0.009125    0.005236    4.005236 v DUTY[1] (in)
                                                         DUTY[1] (net)
                      0.009133    0.000000    4.005236 v input4/A (sky130_fd_sc_hd__clkdlybuf4s25_1)
     1    0.003031    0.028272    0.157085    4.162321 v input4/X (sky130_fd_sc_hd__clkdlybuf4s25_1)
                                                         net4 (net)
                      0.028272    0.000236    4.162557 v _738_/D (sky130_fd_sc_hd__dfrtp_2)
                                              4.162557   data arrival time

                                 20.000000   20.000000   clock CLK (rise edge)
                                  0.000000   20.000000   clock source latency
     1    0.022474    0.079693    0.052589   20.052589 ^ CLK (in)
                                                         CLK (net)
                      0.079747    0.000000   20.052589 ^ clkbuf_0_CLK/A (sky130_fd_sc_hd__clkbuf_16)
    16    0.098607    0.089152    0.128139   20.180729 ^ clkbuf_0_CLK/X (sky130_fd_sc_hd__clkbuf_16)
                                                         clknet_0_CLK (net)
                      0.094274    0.015827   20.196556 ^ clkbuf_4_1_0_CLK/A (sky130_fd_sc_hd__clkbuf_8)
     6    0.022912    0.041838    0.102501   20.299057 ^ clkbuf_4_1_0_CLK/X (sky130_fd_sc_hd__clkbuf_8)
                                                         clknet_4_1_0_CLK (net)
                      0.041912    0.001457   20.300514 ^ _738_/CLK (sky130_fd_sc_hd__dfrtp_2)
                                 -0.250000   20.050514   clock uncertainty
                                  0.000000   20.050514   clock reconvergence pessimism
                                 -0.071381   19.979134   library setup time
                                             19.979134   data required time
---------------------------------------------------------------------------------------------
                                             19.979134   data required time
                                             -4.162557   data arrival time
---------------------------------------------------------------------------------------------
                                             15.816577   slack (MET)


Startpoint: HALL_A (input port clocked by CLK)
Endpoint: _747_ (rising edge-triggered flip-flop clocked by CLK)
Path Group: CLK
Path Type: max

Fanout         Cap        Slew       Delay        Time   Description
---------------------------------------------------------------------------------------------
                                  0.000000    0.000000   clock CLK (rise edge)
                                  0.000000    0.000000   clock network delay (propagated)
                                  4.000000    4.000000 v input external delay
     1    0.003162    0.005245    0.002776    4.002777 v HALL_A (in)
                                                         HALL_A (net)
                      0.005254    0.000000    4.002777 v input14/A (sky130_fd_sc_hd__clkdlybuf4s25_1)
     1    0.002633    0.026491    0.153524    4.156301 v input14/X (sky130_fd_sc_hd__clkdlybuf4s25_1)
                                                         net14 (net)
                      0.026491    0.000188    4.156488 v _747_/D (sky130_fd_sc_hd__dfrtp_2)
                                              4.156488   data arrival time

                                 20.000000   20.000000   clock CLK (rise edge)
                                  0.000000   20.000000   clock source latency
     1    0.022474    0.079693    0.052589   20.052589 ^ CLK (in)
                                                         CLK (net)
                      0.079747    0.000000   20.052589 ^ clkbuf_0_CLK/A (sky130_fd_sc_hd__clkbuf_16)
    16    0.098607    0.089152    0.128139   20.180729 ^ clkbuf_0_CLK/X (sky130_fd_sc_hd__clkbuf_16)
                                                         clknet_0_CLK (net)
                      0.094007    0.015405   20.196133 ^ clkbuf_4_5_0_CLK/A (sky130_fd_sc_hd__clkbuf_8)
     6    0.020399    0.038735    0.100160   20.296293 ^ clkbuf_4_5_0_CLK/X (sky130_fd_sc_hd__clkbuf_8)
                                                         clknet_4_5_0_CLK (net)
                      0.038774    0.001044   20.297338 ^ _747_/CLK (sky130_fd_sc_hd__dfrtp_2)
                                 -0.250000   20.047338   clock uncertainty
                                  0.000000   20.047338   clock reconvergence pessimism
                                 -0.071047   19.976292   library setup time
                                             19.976292   data required time
---------------------------------------------------------------------------------------------
                                             19.976292   data required time
                                             -4.156488   data arrival time
---------------------------------------------------------------------------------------------
                                             15.819803   slack (MET)


Startpoint: _796_ (rising edge-triggered flip-flop clocked by CLK)
Endpoint: _757_ (rising edge-triggered flip-flop clocked by CLK)
Path Group: CLK
Path Type: max

Fanout         Cap        Slew       Delay        Time   Description
---------------------------------------------------------------------------------------------
                                  0.000000    0.000000   clock CLK (rise edge)
                                  0.000000    0.000000   clock source latency
     1    0.022474    0.079693    0.058125    0.058125 ^ CLK (in)
                                                         CLK (net)
                      0.079747    0.000000    0.058125 ^ clkbuf_0_CLK/A (sky130_fd_sc_hd__clkbuf_16)
    16    0.098607    0.089152    0.141628    0.199752 ^ clkbuf_0_CLK/X (sky130_fd_sc_hd__clkbuf_16)
                                                         clknet_0_CLK (net)
                      0.094235    0.017425    0.217178 ^ clkbuf_4_2_0_CLK/A (sky130_fd_sc_hd__clkbuf_8)
     6    0.020284    0.038630    0.110534    0.327712 ^ clkbuf_4_2_0_CLK/X (sky130_fd_sc_hd__clkbuf_8)
                                                         clknet_4_2_0_CLK (net)
                      0.038659    0.001014    0.328726 ^ _796_/CLK (sky130_fd_sc_hd__dfrtp_2)
     3    0.011959    0.045572    0.274691    0.603418 v _796_/Q (sky130_fd_sc_hd__dfrtp_2)
                                                         duty_active[6] (net)
                      0.045603    0.001132    0.604550 v fanout52/A (sky130_fd_sc_hd__clkdlybuf4s25_1)
    10    0.065573    0.329186    0.409252    1.013802 v fanout52/X (sky130_fd_sc_hd__clkdlybuf4s25_1)
                                                         net52 (net)
                      0.329593    0.009228    1.023030 v _464_/B (sky130_fd_sc_hd__xor2_2)
     2    0.013907    0.124843    0.217123    1.240153 v _464_/X (sky130_fd_sc_hd__xor2_2)
                                                         _142_ (net)
                      0.124854    0.000934    1.241088 v _472_/B (sky130_fd_sc_hd__xnor2_2)
     2    0.011392    0.096744    0.138065    1.379153 v _472_/Y (sky130_fd_sc_hd__xnor2_2)
                                                         _150_ (net)
                      0.096748    0.001202    1.380355 v _477_/A (sky130_fd_sc_hd__xor2_2)
     3    0.011981    0.063097    0.152957    1.533312 v _477_/X (sky130_fd_sc_hd__xor2_2)
                                                         _155_ (net)
                      0.063100    0.000822    1.534134 v _480_/B (sky130_fd_sc_hd__or2_2)
     1    0.004336    0.041796    0.179572    1.713706 v _480_/X (sky130_fd_sc_hd__or2_2)
                                                         _158_ (net)
                      0.041796    0.000212    1.713917 v _481_/B (sky130_fd_sc_hd__nand2_2)
     2    0.011552    0.060513    0.070112    1.784029 ^ _481_/Y (sky130_fd_sc_hd__nand2_2)
                                                         _159_ (net)
                      0.060516    0.000531    1.784561 ^ _505_/A (sky130_fd_sc_hd__xor2_2)
     2    0.012335    0.142815    0.136219    1.920780 ^ _505_/X (sky130_fd_sc_hd__xor2_2)
                                                         _183_ (net)
                      0.142817    0.000877    1.921656 ^ _506_/B (sky130_fd_sc_hd__xnor2_2)
     2    0.010788    0.050348    0.061925    1.983582 v _506_/Y (sky130_fd_sc_hd__xnor2_2)
                                                         _184_ (net)
                      0.050370    0.000382    1.983963 v _559_/A (sky130_fd_sc_hd__or4_2)
     3    0.010559    0.083977    0.424377    2.408341 v _559_/X (sky130_fd_sc_hd__or4_2)
                                                         _237_ (net)
                      0.083993    0.000930    2.409271 v _563_/B (sky130_fd_sc_hd__and3_2)
     4    0.012496    0.045165    0.169207    2.578478 v _563_/X (sky130_fd_sc_hd__and3_2)
                                                         _241_ (net)
                      0.045176    0.000721    2.579199 v _614_/A (sky130_fd_sc_hd__or4_2)
     4    0.014975    0.095593    0.439669    3.018867 v _614_/X (sky130_fd_sc_hd__or4_2)
                                                         _292_ (net)
                      0.095593    0.001466    3.020334 v _620_/A1 (sky130_fd_sc_hd__a21oi_2)
     3    0.014624    0.145394    0.174475    3.194809 ^ _620_/Y (sky130_fd_sc_hd__a21oi_2)
                                                         _298_ (net)
                      0.145402    0.000915    3.195724 ^ _629_/C1 (sky130_fd_sc_hd__a211oi_2)
     3    0.008470    0.066110    0.035477    3.231200 v _629_/Y (sky130_fd_sc_hd__a211oi_2)
                                                         _307_ (net)
                      0.066111    0.000441    3.231641 v _631_/C (sky130_fd_sc_hd__or3_2)
     1    0.002764    0.049724    0.246589    3.478230 v _631_/X (sky130_fd_sc_hd__or3_2)
                                                         _309_ (net)
                      0.049724    0.000203    3.478433 v _635_/A2 (sky130_fd_sc_hd__a2111o_2)
     3    0.012388    0.063689    0.327721    3.806154 v _635_/X (sky130_fd_sc_hd__a2111o_2)
                                                         _313_ (net)
                      0.063698    0.000799    3.806953 v _637_/A (sky130_fd_sc_hd__nand2_2)
     5    0.021168    0.092355    0.098503    3.905457 ^ _637_/Y (sky130_fd_sc_hd__nand2_2)
                                                         _315_ (net)
                      0.092383    0.001339    3.906796 ^ _654_/A2 (sky130_fd_sc_hd__a31oi_2)
     2    0.006291    0.052096    0.064782    3.971577 v _654_/Y (sky130_fd_sc_hd__a31oi_2)
                                                         _329_ (net)
                      0.052096    0.000405    3.971982 v _659_/A1 (sky130_fd_sc_hd__o211a_2)
     1    0.002853    0.030020    0.170323    4.142305 v _659_/X (sky130_fd_sc_hd__o211a_2)
                                                         _007_ (net)
                      0.030020    0.000219    4.142524 v _757_/D (sky130_fd_sc_hd__dfrtp_2)
                                              4.142524   data arrival time

                                 20.000000   20.000000   clock CLK (rise edge)
                                  0.000000   20.000000   clock source latency
     1    0.022474    0.079693    0.052589   20.052589 ^ CLK (in)
                                                         CLK (net)
                      0.079747    0.000000   20.052589 ^ clkbuf_0_CLK/A (sky130_fd_sc_hd__clkbuf_16)
    16    0.098607    0.089152    0.128139   20.180729 ^ clkbuf_0_CLK/X (sky130_fd_sc_hd__clkbuf_16)
                                                         clknet_0_CLK (net)
                      0.090843    0.009207   20.189936 ^ clkbuf_4_15_0_CLK/A (sky130_fd_sc_hd__clkbuf_8)
     6    0.019405    0.037571    0.098273   20.288210 ^ clkbuf_4_15_0_CLK/X (sky130_fd_sc_hd__clkbuf_8)
                                                         clknet_4_15_0_CLK (net)
                      0.037613    0.001048   20.289257 ^ _757_/CLK (sky130_fd_sc_hd__dfrtp_2)
                                 -0.250000   20.039257   clock uncertainty
                                  0.019024   20.058283   clock reconvergence pessimism
                                 -0.072418   19.985865   library setup time
                                             19.985865   data required time
---------------------------------------------------------------------------------------------
                                             19.985865   data required time
                                             -4.142524   data arrival time
---------------------------------------------------------------------------------------------
                                             15.843341   slack (MET)


Startpoint: _796_ (rising edge-triggered flip-flop clocked by CLK)
Endpoint: _756_ (rising edge-triggered flip-flop clocked by CLK)
Path Group: CLK
Path Type: max

Fanout         Cap        Slew       Delay        Time   Description
---------------------------------------------------------------------------------------------
                                  0.000000    0.000000   clock CLK (rise edge)
                                  0.000000    0.000000   clock source latency
     1    0.022474    0.079693    0.058125    0.058125 ^ CLK (in)
                                                         CLK (net)
                      0.079747    0.000000    0.058125 ^ clkbuf_0_CLK/A (sky130_fd_sc_hd__clkbuf_16)
    16    0.098607    0.089152    0.141628    0.199752 ^ clkbuf_0_CLK/X (sky130_fd_sc_hd__clkbuf_16)
                                                         clknet_0_CLK (net)
                      0.094235    0.017425    0.217178 ^ clkbuf_4_2_0_CLK/A (sky130_fd_sc_hd__clkbuf_8)
     6    0.020284    0.038630    0.110534    0.327712 ^ clkbuf_4_2_0_CLK/X (sky130_fd_sc_hd__clkbuf_8)
                                                         clknet_4_2_0_CLK (net)
                      0.038659    0.001014    0.328726 ^ _796_/CLK (sky130_fd_sc_hd__dfrtp_2)
     3    0.011959    0.045572    0.274691    0.603418 v _796_/Q (sky130_fd_sc_hd__dfrtp_2)
                                                         duty_active[6] (net)
                      0.045603    0.001132    0.604550 v fanout52/A (sky130_fd_sc_hd__clkdlybuf4s25_1)
    10    0.065573    0.329186    0.409252    1.013802 v fanout52/X (sky130_fd_sc_hd__clkdlybuf4s25_1)
                                                         net52 (net)
                      0.329593    0.009228    1.023030 v _464_/B (sky130_fd_sc_hd__xor2_2)
     2    0.013907    0.124843    0.217123    1.240153 v _464_/X (sky130_fd_sc_hd__xor2_2)
                                                         _142_ (net)
                      0.124854    0.000934    1.241088 v _472_/B (sky130_fd_sc_hd__xnor2_2)
     2    0.011392    0.096744    0.138065    1.379153 v _472_/Y (sky130_fd_sc_hd__xnor2_2)
                                                         _150_ (net)
                      0.096748    0.001202    1.380355 v _477_/A (sky130_fd_sc_hd__xor2_2)
     3    0.011981    0.063097    0.152957    1.533312 v _477_/X (sky130_fd_sc_hd__xor2_2)
                                                         _155_ (net)
                      0.063100    0.000822    1.534134 v _480_/B (sky130_fd_sc_hd__or2_2)
     1    0.004336    0.041796    0.179572    1.713706 v _480_/X (sky130_fd_sc_hd__or2_2)
                                                         _158_ (net)
                      0.041796    0.000212    1.713917 v _481_/B (sky130_fd_sc_hd__nand2_2)
     2    0.011552    0.060513    0.070112    1.784029 ^ _481_/Y (sky130_fd_sc_hd__nand2_2)
                                                         _159_ (net)
                      0.060516    0.000531    1.784561 ^ _505_/A (sky130_fd_sc_hd__xor2_2)
     2    0.012335    0.142815    0.136219    1.920780 ^ _505_/X (sky130_fd_sc_hd__xor2_2)
                                                         _183_ (net)
                      0.142817    0.000877    1.921656 ^ _506_/B (sky130_fd_sc_hd__xnor2_2)
     2    0.010788    0.050348    0.061925    1.983582 v _506_/Y (sky130_fd_sc_hd__xnor2_2)
                                                         _184_ (net)
                      0.050370    0.000382    1.983963 v _559_/A (sky130_fd_sc_hd__or4_2)
     3    0.010559    0.083977    0.424377    2.408341 v _559_/X (sky130_fd_sc_hd__or4_2)
                                                         _237_ (net)
                      0.083993    0.000930    2.409271 v _563_/B (sky130_fd_sc_hd__and3_2)
     4    0.012496    0.045165    0.169207    2.578478 v _563_/X (sky130_fd_sc_hd__and3_2)
                                                         _241_ (net)
                      0.045176    0.000721    2.579199 v _614_/A (sky130_fd_sc_hd__or4_2)
     4    0.014975    0.095593    0.439669    3.018867 v _614_/X (sky130_fd_sc_hd__or4_2)
                                                         _292_ (net)
                      0.095593    0.001466    3.020334 v _620_/A1 (sky130_fd_sc_hd__a21oi_2)
     3    0.014624    0.145394    0.174475    3.194809 ^ _620_/Y (sky130_fd_sc_hd__a21oi_2)
                                                         _298_ (net)
                      0.145402    0.000915    3.195724 ^ _629_/C1 (sky130_fd_sc_hd__a211oi_2)
     3    0.008470    0.066110    0.035477    3.231200 v _629_/Y (sky130_fd_sc_hd__a211oi_2)
                                                         _307_ (net)
                      0.066111    0.000441    3.231641 v _631_/C (sky130_fd_sc_hd__or3_2)
     1    0.002764    0.049724    0.246589    3.478230 v _631_/X (sky130_fd_sc_hd__or3_2)
                                                         _309_ (net)
                      0.049724    0.000203    3.478433 v _635_/A2 (sky130_fd_sc_hd__a2111o_2)
     3    0.012388    0.063689    0.327721    3.806154 v _635_/X (sky130_fd_sc_hd__a2111o_2)
                                                         _313_ (net)
                      0.063698    0.000799    3.806953 v _637_/A (sky130_fd_sc_hd__nand2_2)
     5    0.021168    0.092355    0.098503    3.905457 ^ _637_/Y (sky130_fd_sc_hd__nand2_2)
                                                         _315_ (net)
                      0.092383    0.001339    3.906796 ^ _654_/A2 (sky130_fd_sc_hd__a31oi_2)
     2    0.006291    0.052096    0.064782    3.971577 v _654_/Y (sky130_fd_sc_hd__a31oi_2)
                                                         _329_ (net)
                      0.052096    0.000366    3.971943 v _660_/A2 (sky130_fd_sc_hd__o2111a_2)
     1    0.003678    0.031207    0.165879    4.137822 v _660_/X (sky130_fd_sc_hd__o2111a_2)
                                                         _006_ (net)
                      0.031207    0.000286    4.138107 v _756_/D (sky130_fd_sc_hd__dfrtp_2)
                                              4.138107   data arrival time

                                 20.000000   20.000000   clock CLK (rise edge)
                                  0.000000   20.000000   clock source latency
     1    0.022474    0.079693    0.052589   20.052589 ^ CLK (in)
                                                         CLK (net)
                      0.079747    0.000000   20.052589 ^ clkbuf_0_CLK/A (sky130_fd_sc_hd__clkbuf_16)
    16    0.098607    0.089152    0.128139   20.180729 ^ clkbuf_0_CLK/X (sky130_fd_sc_hd__clkbuf_16)
                                                         clknet_0_CLK (net)
                      0.091856    0.011529   20.192257 ^ clkbuf_4_13_0_CLK/A (sky130_fd_sc_hd__clkbuf_8)
     6    0.018460    0.036503    0.097618   20.289875 ^ clkbuf_4_13_0_CLK/X (sky130_fd_sc_hd__clkbuf_8)
                                                         clknet_4_13_0_CLK (net)
                      0.036525    0.000798   20.290672 ^ _756_/CLK (sky130_fd_sc_hd__dfrtp_2)
                                 -0.250000   20.040674   clock uncertainty
                                  0.019024   20.059698   clock reconvergence pessimism
                                 -0.072947   19.986752   library setup time
                                             19.986752   data required time
---------------------------------------------------------------------------------------------
                                             19.986752   data required time
                                             -4.138107   data arrival time
---------------------------------------------------------------------------------------------
                                             15.848645   slack (MET)


Startpoint: _796_ (rising edge-triggered flip-flop clocked by CLK)
Endpoint: _771_ (rising edge-triggered flip-flop clocked by CLK)
Path Group: CLK
Path Type: max

Fanout         Cap        Slew       Delay        Time   Description
---------------------------------------------------------------------------------------------
                                  0.000000    0.000000   clock CLK (rise edge)
                                  0.000000    0.000000   clock source latency
     1    0.022474    0.079693    0.058125    0.058125 ^ CLK (in)
                                                         CLK (net)
                      0.079747    0.000000    0.058125 ^ clkbuf_0_CLK/A (sky130_fd_sc_hd__clkbuf_16)
    16    0.098607    0.089152    0.141628    0.199752 ^ clkbuf_0_CLK/X (sky130_fd_sc_hd__clkbuf_16)
                                                         clknet_0_CLK (net)
                      0.094235    0.017425    0.217178 ^ clkbuf_4_2_0_CLK/A (sky130_fd_sc_hd__clkbuf_8)
     6    0.020284    0.038630    0.110534    0.327712 ^ clkbuf_4_2_0_CLK/X (sky130_fd_sc_hd__clkbuf_8)
                                                         clknet_4_2_0_CLK (net)
                      0.038659    0.001014    0.328726 ^ _796_/CLK (sky130_fd_sc_hd__dfrtp_2)
     3    0.011959    0.045572    0.274691    0.603418 v _796_/Q (sky130_fd_sc_hd__dfrtp_2)
                                                         duty_active[6] (net)
                      0.045603    0.001132    0.604550 v fanout52/A (sky130_fd_sc_hd__clkdlybuf4s25_1)
    10    0.065573    0.329186    0.409252    1.013802 v fanout52/X (sky130_fd_sc_hd__clkdlybuf4s25_1)
                                                         net52 (net)
                      0.329593    0.009228    1.023030 v _464_/B (sky130_fd_sc_hd__xor2_2)
     2    0.013907    0.124843    0.217123    1.240153 v _464_/X (sky130_fd_sc_hd__xor2_2)
                                                         _142_ (net)
                      0.124854    0.000934    1.241088 v _472_/B (sky130_fd_sc_hd__xnor2_2)
     2    0.011392    0.096744    0.138065    1.379153 v _472_/Y (sky130_fd_sc_hd__xnor2_2)
                                                         _150_ (net)
                      0.096748    0.001202    1.380355 v _477_/A (sky130_fd_sc_hd__xor2_2)
     3    0.011981    0.063097    0.152957    1.533312 v _477_/X (sky130_fd_sc_hd__xor2_2)
                                                         _155_ (net)
                      0.063100    0.000822    1.534134 v _480_/B (sky130_fd_sc_hd__or2_2)
     1    0.004336    0.041796    0.179572    1.713706 v _480_/X (sky130_fd_sc_hd__or2_2)
                                                         _158_ (net)
                      0.041796    0.000212    1.713917 v _481_/B (sky130_fd_sc_hd__nand2_2)
     2    0.011552    0.060513    0.070112    1.784029 ^ _481_/Y (sky130_fd_sc_hd__nand2_2)
                                                         _159_ (net)
                      0.060516    0.000531    1.784561 ^ _505_/A (sky130_fd_sc_hd__xor2_2)
     2    0.012335    0.142815    0.136219    1.920780 ^ _505_/X (sky130_fd_sc_hd__xor2_2)
                                                         _183_ (net)
                      0.142817    0.000877    1.921656 ^ _506_/B (sky130_fd_sc_hd__xnor2_2)
     2    0.010788    0.050348    0.061925    1.983582 v _506_/Y (sky130_fd_sc_hd__xnor2_2)
                                                         _184_ (net)
                      0.050370    0.000382    1.983963 v _559_/A (sky130_fd_sc_hd__or4_2)
     3    0.010559    0.083977    0.424377    2.408341 v _559_/X (sky130_fd_sc_hd__or4_2)
                                                         _237_ (net)
                      0.083993    0.000930    2.409271 v _563_/B (sky130_fd_sc_hd__and3_2)
     4    0.012496    0.045165    0.169207    2.578478 v _563_/X (sky130_fd_sc_hd__and3_2)
                                                         _241_ (net)
                      0.045176    0.000721    2.579199 v _614_/A (sky130_fd_sc_hd__or4_2)
     4    0.014975    0.095593    0.439669    3.018867 v _614_/X (sky130_fd_sc_hd__or4_2)
                                                         _292_ (net)
                      0.095593    0.001466    3.020334 v _620_/A1 (sky130_fd_sc_hd__a21oi_2)
     3    0.014624    0.145394    0.174475    3.194809 ^ _620_/Y (sky130_fd_sc_hd__a21oi_2)
                                                         _298_ (net)
                      0.145402    0.000915    3.195724 ^ _629_/C1 (sky130_fd_sc_hd__a211oi_2)
     3    0.008470    0.066110    0.035477    3.231200 v _629_/Y (sky130_fd_sc_hd__a211oi_2)
                                                         _307_ (net)
                      0.066111    0.000441    3.231641 v _631_/C (sky130_fd_sc_hd__or3_2)
     1    0.002764    0.049724    0.246589    3.478230 v _631_/X (sky130_fd_sc_hd__or3_2)
                                                         _309_ (net)
                      0.049724    0.000203    3.478433 v _635_/A2 (sky130_fd_sc_hd__a2111o_2)
     3    0.012388    0.063689    0.327721    3.806154 v _635_/X (sky130_fd_sc_hd__a2111o_2)
                                                         _313_ (net)
                      0.063698    0.000799    3.806953 v _637_/A (sky130_fd_sc_hd__nand2_2)
     5    0.021168    0.092355    0.098503    3.905457 ^ _637_/Y (sky130_fd_sc_hd__nand2_2)
                                                         _315_ (net)
                      0.092396    0.001623    3.907079 ^ _683_/A2 (sky130_fd_sc_hd__a311oi_2)
     2    0.008056    0.067427    0.076816    3.983896 v _683_/Y (sky130_fd_sc_hd__a311oi_2)
                                                         _348_ (net)
                      0.067428    0.000489    3.984385 v max_cap29/A (sky130_fd_sc_hd__clkbuf_2)
     2    0.013037    0.040543    0.106697    4.091082 v max_cap29/X (sky130_fd_sc_hd__clkbuf_2)
                                                         net29 (net)
                      0.040580    0.001163    4.092245 v _693_/A (sky130_fd_sc_hd__nor2_2)
     1    0.003596    0.049184    0.073642    4.165886 ^ _693_/Y (sky130_fd_sc_hd__nor2_2)
                                                         _033_ (net)
                      0.049184    0.000269    4.166155 ^ _771_/D (sky130_fd_sc_hd__dfrtp_2)
                                              4.166155   data arrival time

                                 20.000000   20.000000   clock CLK (rise edge)
                                  0.000000   20.000000   clock source latency
     1    0.022474    0.079693    0.052589   20.052589 ^ CLK (in)
                                                         CLK (net)
                      0.079747    0.000000   20.052589 ^ clkbuf_0_CLK/A (sky130_fd_sc_hd__clkbuf_16)
    16    0.098607    0.089152    0.128139   20.180729 ^ clkbuf_0_CLK/X (sky130_fd_sc_hd__clkbuf_16)
                                                         clknet_0_CLK (net)
                      0.090837    0.009191   20.189920 ^ clkbuf_4_14_0_CLK/A (sky130_fd_sc_hd__clkbuf_8)
     6    0.018503    0.036525    0.097534   20.287455 ^ clkbuf_4_14_0_CLK/X (sky130_fd_sc_hd__clkbuf_8)
                                                         clknet_4_14_0_CLK (net)
                      0.036551    0.000815   20.288269 ^ _771_/CLK (sky130_fd_sc_hd__dfrtp_2)
                                 -0.250000   20.038271   clock uncertainty
                                  0.019024   20.057295   clock reconvergence pessimism
                                 -0.037993   20.019302   library setup time
                                             20.019302   data required time
---------------------------------------------------------------------------------------------
                                             20.019302   data required time
                                             -4.166155   data arrival time
---------------------------------------------------------------------------------------------
                                             15.853147   slack (MET)


Startpoint: _796_ (rising edge-triggered flip-flop clocked by CLK)
Endpoint: _770_ (rising edge-triggered flip-flop clocked by CLK)
Path Group: CLK
Path Type: max

Fanout         Cap        Slew       Delay        Time   Description
---------------------------------------------------------------------------------------------
                                  0.000000    0.000000   clock CLK (rise edge)
                                  0.000000    0.000000   clock source latency
     1    0.022474    0.079693    0.058125    0.058125 ^ CLK (in)
                                                         CLK (net)
                      0.079747    0.000000    0.058125 ^ clkbuf_0_CLK/A (sky130_fd_sc_hd__clkbuf_16)
    16    0.098607    0.089152    0.141628    0.199752 ^ clkbuf_0_CLK/X (sky130_fd_sc_hd__clkbuf_16)
                                                         clknet_0_CLK (net)
                      0.094235    0.017425    0.217178 ^ clkbuf_4_2_0_CLK/A (sky130_fd_sc_hd__clkbuf_8)
     6    0.020284    0.038630    0.110534    0.327712 ^ clkbuf_4_2_0_CLK/X (sky130_fd_sc_hd__clkbuf_8)
                                                         clknet_4_2_0_CLK (net)
                      0.038659    0.001014    0.328726 ^ _796_/CLK (sky130_fd_sc_hd__dfrtp_2)
     3    0.011959    0.045572    0.274691    0.603418 v _796_/Q (sky130_fd_sc_hd__dfrtp_2)
                                                         duty_active[6] (net)
                      0.045603    0.001132    0.604550 v fanout52/A (sky130_fd_sc_hd__clkdlybuf4s25_1)
    10    0.065573    0.329186    0.409252    1.013802 v fanout52/X (sky130_fd_sc_hd__clkdlybuf4s25_1)
                                                         net52 (net)
                      0.329593    0.009228    1.023030 v _464_/B (sky130_fd_sc_hd__xor2_2)
     2    0.013907    0.124843    0.217123    1.240153 v _464_/X (sky130_fd_sc_hd__xor2_2)
                                                         _142_ (net)
                      0.124854    0.000934    1.241088 v _472_/B (sky130_fd_sc_hd__xnor2_2)
     2    0.011392    0.096744    0.138065    1.379153 v _472_/Y (sky130_fd_sc_hd__xnor2_2)
                                                         _150_ (net)
                      0.096748    0.001202    1.380355 v _477_/A (sky130_fd_sc_hd__xor2_2)
     3    0.011981    0.063097    0.152957    1.533312 v _477_/X (sky130_fd_sc_hd__xor2_2)
                                                         _155_ (net)
                      0.063100    0.000822    1.534134 v _480_/B (sky130_fd_sc_hd__or2_2)
     1    0.004336    0.041796    0.179572    1.713706 v _480_/X (sky130_fd_sc_hd__or2_2)
                                                         _158_ (net)
                      0.041796    0.000212    1.713917 v _481_/B (sky130_fd_sc_hd__nand2_2)
     2    0.011552    0.060513    0.070112    1.784029 ^ _481_/Y (sky130_fd_sc_hd__nand2_2)
                                                         _159_ (net)
                      0.060516    0.000531    1.784561 ^ _505_/A (sky130_fd_sc_hd__xor2_2)
     2    0.012335    0.142815    0.136219    1.920780 ^ _505_/X (sky130_fd_sc_hd__xor2_2)
                                                         _183_ (net)
                      0.142817    0.000877    1.921656 ^ _506_/B (sky130_fd_sc_hd__xnor2_2)
     2    0.010788    0.050348    0.061925    1.983582 v _506_/Y (sky130_fd_sc_hd__xnor2_2)
                                                         _184_ (net)
                      0.050370    0.000382    1.983963 v _559_/A (sky130_fd_sc_hd__or4_2)
     3    0.010559    0.083977    0.424377    2.408341 v _559_/X (sky130_fd_sc_hd__or4_2)
                                                         _237_ (net)
                      0.083993    0.000930    2.409271 v _563_/B (sky130_fd_sc_hd__and3_2)
     4    0.012496    0.045165    0.169207    2.578478 v _563_/X (sky130_fd_sc_hd__and3_2)
                                                         _241_ (net)
                      0.045176    0.000721    2.579199 v _614_/A (sky130_fd_sc_hd__or4_2)
     4    0.014975    0.095593    0.439669    3.018867 v _614_/X (sky130_fd_sc_hd__or4_2)
                                                         _292_ (net)
                      0.095593    0.001466    3.020334 v _620_/A1 (sky130_fd_sc_hd__a21oi_2)
     3    0.014624    0.145394    0.174475    3.194809 ^ _620_/Y (sky130_fd_sc_hd__a21oi_2)
                                                         _298_ (net)
                      0.145402    0.000915    3.195724 ^ _629_/C1 (sky130_fd_sc_hd__a211oi_2)
     3    0.008470    0.066110    0.035477    3.231200 v _629_/Y (sky130_fd_sc_hd__a211oi_2)
                                                         _307_ (net)
                      0.066111    0.000441    3.231641 v _631_/C (sky130_fd_sc_hd__or3_2)
     1    0.002764    0.049724    0.246589    3.478230 v _631_/X (sky130_fd_sc_hd__or3_2)
                                                         _309_ (net)
                      0.049724    0.000203    3.478433 v _635_/A2 (sky130_fd_sc_hd__a2111o_2)
     3    0.012388    0.063689    0.327721    3.806154 v _635_/X (sky130_fd_sc_hd__a2111o_2)
                                                         _313_ (net)
                      0.063698    0.000799    3.806953 v _637_/A (sky130_fd_sc_hd__nand2_2)
     5    0.021168    0.092355    0.098503    3.905457 ^ _637_/Y (sky130_fd_sc_hd__nand2_2)
                                                         _315_ (net)
                      0.092396    0.001623    3.907079 ^ _683_/A2 (sky130_fd_sc_hd__a311oi_2)
     2    0.008056    0.067427    0.076816    3.983896 v _683_/Y (sky130_fd_sc_hd__a311oi_2)
                                                         _348_ (net)
                      0.067428    0.000489    3.984385 v max_cap29/A (sky130_fd_sc_hd__clkbuf_2)
     2    0.013037    0.040543    0.106697    4.091082 v max_cap29/X (sky130_fd_sc_hd__clkbuf_2)
                                                         net29 (net)
                      0.040576    0.001104    4.092185 v _691_/B1 (sky130_fd_sc_hd__a21oi_2)
     1    0.002520    0.056405    0.046455    4.138640 ^ _691_/Y (sky130_fd_sc_hd__a21oi_2)
                                                         _032_ (net)
                      0.056406    0.000187    4.138828 ^ _770_/D (sky130_fd_sc_hd__dfrtp_2)
                                              4.138828   data arrival time

                                 20.000000   20.000000   clock CLK (rise edge)
                                  0.000000   20.000000   clock source latency
     1    0.022474    0.079693    0.052589   20.052589 ^ CLK (in)
                                                         CLK (net)
                      0.079747    0.000000   20.052589 ^ clkbuf_0_CLK/A (sky130_fd_sc_hd__clkbuf_16)
    16    0.098607    0.089152    0.128139   20.180729 ^ clkbuf_0_CLK/X (sky130_fd_sc_hd__clkbuf_16)
                                                         clknet_0_CLK (net)
                      0.090837    0.009191   20.189920 ^ clkbuf_4_14_0_CLK/A (sky130_fd_sc_hd__clkbuf_8)
     6    0.018503    0.036525    0.097534   20.287455 ^ clkbuf_4_14_0_CLK/X (sky130_fd_sc_hd__clkbuf_8)
                                                         clknet_4_14_0_CLK (net)
                      0.036548    0.000776   20.288231 ^ _770_/CLK (sky130_fd_sc_hd__dfrtp_2)
                                 -0.250000   20.038231   clock uncertainty
                                  0.019024   20.057257   clock reconvergence pessimism
                                 -0.038728   20.018528   library setup time
                                             20.018528   data required time
---------------------------------------------------------------------------------------------
                                             20.018528   data required time
                                             -4.138828   data arrival time
---------------------------------------------------------------------------------------------
                                             15.879700   slack (MET)


Startpoint: _726_ (rising edge-triggered flip-flop clocked by CLK)
Endpoint: _796_ (rising edge-triggered flip-flop clocked by CLK)
Path Group: CLK
Path Type: max

Fanout         Cap        Slew       Delay        Time   Description
---------------------------------------------------------------------------------------------
                                  0.000000    0.000000   clock CLK (rise edge)
                                  0.000000    0.000000   clock source latency
     1    0.022474    0.079693    0.058125    0.058125 ^ CLK (in)
                                                         CLK (net)
                      0.079747    0.000000    0.058125 ^ clkbuf_0_CLK/A (sky130_fd_sc_hd__clkbuf_16)
    16    0.098607    0.089152    0.141628    0.199752 ^ clkbuf_0_CLK/X (sky130_fd_sc_hd__clkbuf_16)
                                                         clknet_0_CLK (net)
                      0.090845    0.010180    0.209933 ^ clkbuf_4_10_0_CLK/A (sky130_fd_sc_hd__clkbuf_8)
     6    0.022498    0.041346    0.111690    0.321623 ^ clkbuf_4_10_0_CLK/X (sky130_fd_sc_hd__clkbuf_8)
                                                         clknet_4_10_0_CLK (net)
                      0.041518    0.002015    0.323639 ^ _726_/CLK (sky130_fd_sc_hd__dfrtp_2)
     3    0.011382    0.053229    0.247188    0.570827 ^ _726_/Q (sky130_fd_sc_hd__dfrtp_2)
                                                         pwm.pwm_counter[0] (net)
                      0.053234    0.000602    0.571428 ^ hold86/A (sky130_fd_sc_hd__dlygate4sd3_1)
     2    0.010947    0.092731    0.441330    1.012759 ^ hold86/X (sky130_fd_sc_hd__dlygate4sd3_1)
                                                         net85 (net)
                      0.092731    0.000435    1.013194 ^ _362_/A (sky130_fd_sc_hd__inv_2)
     3    0.008737    0.030428    0.029688    1.042882 v _362_/Y (sky130_fd_sc_hd__inv_2)
                                                         _011_ (net)
                      0.030429    0.000080    1.042962 v _391_/B (sky130_fd_sc_hd__or2_2)
     2    0.009227    0.049227    0.182518    1.225479 v _391_/X (sky130_fd_sc_hd__or2_2)
                                                         _083_ (net)
                      0.049233    0.000551    1.226031 v _393_/C (sky130_fd_sc_hd__or4_2)
     1    0.002929    0.065102    0.356555    1.582585 v _393_/X (sky130_fd_sc_hd__or4_2)
                                                         _085_ (net)
                      0.065102    0.000207    1.582793 v fanout32/A (sky130_fd_sc_hd__clkdlybuf4s25_1)
     6    0.037627    0.191674    0.315325    1.898118 v fanout32/X (sky130_fd_sc_hd__clkdlybuf4s25_1)
                                                         net32 (net)
                      0.191729    0.003204    1.901322 v fanout30/A (sky130_fd_sc_hd__clkdlybuf4s25_1)
    10    0.055691    0.280240    0.425259    2.326581 v fanout30/X (sky130_fd_sc_hd__clkdlybuf4s25_1)
                                                         net30 (net)
                      0.280307    0.004280    2.330861 v _719_/S (sky130_fd_sc_hd__mux2_1)
     1    0.003451    0.041542    0.275443    2.606304 v _719_/X (sky130_fd_sc_hd__mux2_1)
                                                         _058_ (net)
                      0.041542    0.000145    2.606449 v hold71/A (sky130_fd_sc_hd__dlygate4sd3_1)
     1    0.002928    0.038554    0.382877    2.989326 v hold71/X (sky130_fd_sc_hd__dlygate4sd3_1)
                                                         net70 (net)
                      0.038554    0.000205    2.989531 v _796_/D (sky130_fd_sc_hd__dfrtp_2)
                                              2.989531   data arrival time

                                 20.000000   20.000000   clock CLK (rise edge)
                                  0.000000   20.000000   clock source latency
     1    0.022474    0.079693    0.052589   20.052589 ^ CLK (in)
                                                         CLK (net)
                      0.079747    0.000000   20.052589 ^ clkbuf_0_CLK/A (sky130_fd_sc_hd__clkbuf_16)
    16    0.098607    0.089152    0.128139   20.180729 ^ clkbuf_0_CLK/X (sky130_fd_sc_hd__clkbuf_16)
                                                         clknet_0_CLK (net)
                      0.094235    0.015765   20.196493 ^ clkbuf_4_2_0_CLK/A (sky130_fd_sc_hd__clkbuf_8)
     6    0.020284    0.038630    0.100007   20.296501 ^ clkbuf_4_2_0_CLK/X (sky130_fd_sc_hd__clkbuf_8)
                                                         clknet_4_2_0_CLK (net)
                      0.038659    0.000918   20.297419 ^ _796_/CLK (sky130_fd_sc_hd__dfrtp_2)
                                 -0.250000   20.047421   clock uncertainty
                                  0.019024   20.066444   clock reconvergence pessimism
                                 -0.075365   19.991079   library setup time
                                             19.991079   data required time
---------------------------------------------------------------------------------------------
                                             19.991079   data required time
                                             -2.989531   data arrival time
---------------------------------------------------------------------------------------------
                                             17.001549   slack (MET)


Startpoint: _726_ (rising edge-triggered flip-flop clocked by CLK)
Endpoint: _797_ (rising edge-triggered flip-flop clocked by CLK)
Path Group: CLK
Path Type: max

Fanout         Cap        Slew       Delay        Time   Description
---------------------------------------------------------------------------------------------
                                  0.000000    0.000000   clock CLK (rise edge)
                                  0.000000    0.000000   clock source latency
     1    0.022474    0.079693    0.058125    0.058125 ^ CLK (in)
                                                         CLK (net)
                      0.079747    0.000000    0.058125 ^ clkbuf_0_CLK/A (sky130_fd_sc_hd__clkbuf_16)
    16    0.098607    0.089152    0.141628    0.199752 ^ clkbuf_0_CLK/X (sky130_fd_sc_hd__clkbuf_16)
                                                         clknet_0_CLK (net)
                      0.090845    0.010180    0.209933 ^ clkbuf_4_10_0_CLK/A (sky130_fd_sc_hd__clkbuf_8)
     6    0.022498    0.041346    0.111690    0.321623 ^ clkbuf_4_10_0_CLK/X (sky130_fd_sc_hd__clkbuf_8)
                                                         clknet_4_10_0_CLK (net)
                      0.041518    0.002015    0.323639 ^ _726_/CLK (sky130_fd_sc_hd__dfrtp_2)
     3    0.011382    0.053229    0.247188    0.570827 ^ _726_/Q (sky130_fd_sc_hd__dfrtp_2)
                                                         pwm.pwm_counter[0] (net)
                      0.053234    0.000602    0.571428 ^ hold86/A (sky130_fd_sc_hd__dlygate4sd3_1)
     2    0.010947    0.092731    0.441330    1.012759 ^ hold86/X (sky130_fd_sc_hd__dlygate4sd3_1)
                                                         net85 (net)
                      0.092731    0.000435    1.013194 ^ _362_/A (sky130_fd_sc_hd__inv_2)
     3    0.008737    0.030428    0.029688    1.042882 v _362_/Y (sky130_fd_sc_hd__inv_2)
                                                         _011_ (net)
                      0.030429    0.000080    1.042962 v _391_/B (sky130_fd_sc_hd__or2_2)
     2    0.009227    0.049227    0.182518    1.225479 v _391_/X (sky130_fd_sc_hd__or2_2)
                                                         _083_ (net)
                      0.049233    0.000551    1.226031 v _393_/C (sky130_fd_sc_hd__or4_2)
     1    0.002929    0.065102    0.356555    1.582585 v _393_/X (sky130_fd_sc_hd__or4_2)
                                                         _085_ (net)
                      0.065102    0.000207    1.582793 v fanout32/A (sky130_fd_sc_hd__clkdlybuf4s25_1)
     6    0.037627    0.191674    0.315325    1.898118 v fanout32/X (sky130_fd_sc_hd__clkdlybuf4s25_1)
                                                         net32 (net)
                      0.191729    0.003204    1.901322 v fanout30/A (sky130_fd_sc_hd__clkdlybuf4s25_1)
    10    0.055691    0.280240    0.425259    2.326581 v fanout30/X (sky130_fd_sc_hd__clkdlybuf4s25_1)
                                                         net30 (net)
                      0.280296    0.003962    2.330542 v _720_/S (sky130_fd_sc_hd__mux2_1)
     1    0.002957    0.039406    0.272232    2.602775 v _720_/X (sky130_fd_sc_hd__mux2_1)
                                                         _059_ (net)
                      0.039406    0.000188    2.602962 v hold74/A (sky130_fd_sc_hd__dlygate4sd3_1)
     1    0.002653    0.037448    0.380295    2.983257 v hold74/X (sky130_fd_sc_hd__dlygate4sd3_1)
                                                         net73 (net)
                      0.037448    0.000187    2.983444 v _797_/D (sky130_fd_sc_hd__dfrtp_2)
                                              2.983444   data arrival time

                                 20.000000   20.000000   clock CLK (rise edge)
                                  0.000000   20.000000   clock source latency
     1    0.022474    0.079693    0.052589   20.052589 ^ CLK (in)
                                                         CLK (net)
                      0.079747    0.000000   20.052589 ^ clkbuf_0_CLK/A (sky130_fd_sc_hd__clkbuf_16)
    16    0.098607    0.089152    0.128139   20.180729 ^ clkbuf_0_CLK/X (sky130_fd_sc_hd__clkbuf_16)
                                                         clknet_0_CLK (net)
                      0.094187    0.015691   20.196419 ^ clkbuf_4_3_0_CLK/A (sky130_fd_sc_hd__clkbuf_8)
     6    0.018034    0.036054    0.097931   20.294350 ^ clkbuf_4_3_0_CLK/X (sky130_fd_sc_hd__clkbuf_8)
                                                         clknet_4_3_0_CLK (net)
                      0.036065    0.000563   20.294912 ^ _797_/CLK (sky130_fd_sc_hd__dfrtp_2)
                                 -0.250000   20.044914   clock uncertainty
                                  0.019024   20.063938   clock reconvergence pessimism
                                 -0.075219   19.988718   library setup time
                                             19.988718   data required time
---------------------------------------------------------------------------------------------
                                             19.988718   data required time
                                             -2.983444   data arrival time
---------------------------------------------------------------------------------------------
                                             17.005274   slack (MET)


Startpoint: _726_ (rising edge-triggered flip-flop clocked by CLK)
Endpoint: _798_ (rising edge-triggered flip-flop clocked by CLK)
Path Group: CLK
Path Type: max

Fanout         Cap        Slew       Delay        Time   Description
---------------------------------------------------------------------------------------------
                                  0.000000    0.000000   clock CLK (rise edge)
                                  0.000000    0.000000   clock source latency
     1    0.022474    0.079693    0.058125    0.058125 ^ CLK (in)
                                                         CLK (net)
                      0.079747    0.000000    0.058125 ^ clkbuf_0_CLK/A (sky130_fd_sc_hd__clkbuf_16)
    16    0.098607    0.089152    0.141628    0.199752 ^ clkbuf_0_CLK/X (sky130_fd_sc_hd__clkbuf_16)
                                                         clknet_0_CLK (net)
                      0.090845    0.010180    0.209933 ^ clkbuf_4_10_0_CLK/A (sky130_fd_sc_hd__clkbuf_8)
     6    0.022498    0.041346    0.111690    0.321623 ^ clkbuf_4_10_0_CLK/X (sky130_fd_sc_hd__clkbuf_8)
                                                         clknet_4_10_0_CLK (net)
                      0.041518    0.002015    0.323639 ^ _726_/CLK (sky130_fd_sc_hd__dfrtp_2)
     3    0.011382    0.053229    0.247188    0.570827 ^ _726_/Q (sky130_fd_sc_hd__dfrtp_2)
                                                         pwm.pwm_counter[0] (net)
                      0.053234    0.000602    0.571428 ^ hold86/A (sky130_fd_sc_hd__dlygate4sd3_1)
     2    0.010947    0.092731    0.441330    1.012759 ^ hold86/X (sky130_fd_sc_hd__dlygate4sd3_1)
                                                         net85 (net)
                      0.092731    0.000435    1.013194 ^ _362_/A (sky130_fd_sc_hd__inv_2)
     3    0.008737    0.030428    0.029688    1.042882 v _362_/Y (sky130_fd_sc_hd__inv_2)
                                                         _011_ (net)
                      0.030429    0.000080    1.042962 v _391_/B (sky130_fd_sc_hd__or2_2)
     2    0.009227    0.049227    0.182518    1.225479 v _391_/X (sky130_fd_sc_hd__or2_2)
                                                         _083_ (net)
                      0.049233    0.000551    1.226031 v _393_/C (sky130_fd_sc_hd__or4_2)
     1    0.002929    0.065102    0.356555    1.582585 v _393_/X (sky130_fd_sc_hd__or4_2)
                                                         _085_ (net)
                      0.065102    0.000207    1.582793 v fanout32/A (sky130_fd_sc_hd__clkdlybuf4s25_1)
     6    0.037627    0.191674    0.315325    1.898118 v fanout32/X (sky130_fd_sc_hd__clkdlybuf4s25_1)
                                                         net32 (net)
                      0.191729    0.003204    1.901322 v fanout30/A (sky130_fd_sc_hd__clkdlybuf4s25_1)
    10    0.055691    0.280240    0.425259    2.326581 v fanout30/X (sky130_fd_sc_hd__clkdlybuf4s25_1)
                                                         net30 (net)
                      0.280297    0.003991    2.330571 v _721_/S (sky130_fd_sc_hd__mux2_1)
     1    0.002395    0.037243    0.268599    2.599170 v _721_/X (sky130_fd_sc_hd__mux2_1)
                                                         _060_ (net)
                      0.037243    0.000182    2.599352 v _798_/D (sky130_fd_sc_hd__dfrtp_2)
                                              2.599352   data arrival time

                                 20.000000   20.000000   clock CLK (rise edge)
                                  0.000000   20.000000   clock source latency
     1    0.022474    0.079693    0.052589   20.052589 ^ CLK (in)
                                                         CLK (net)
                      0.079747    0.000000   20.052589 ^ clkbuf_0_CLK/A (sky130_fd_sc_hd__clkbuf_16)
    16    0.098607    0.089152    0.128139   20.180729 ^ clkbuf_0_CLK/X (sky130_fd_sc_hd__clkbuf_16)
                                                         clknet_0_CLK (net)
                      0.093297    0.014229   20.194958 ^ clkbuf_4_6_0_CLK/A (sky130_fd_sc_hd__clkbuf_8)
     6    0.019999    0.038272    0.099625   20.294582 ^ clkbuf_4_6_0_CLK/X (sky130_fd_sc_hd__clkbuf_8)
                                                         clknet_4_6_0_CLK (net)
                      0.038301    0.000881   20.295464 ^ _798_/CLK (sky130_fd_sc_hd__dfrtp_2)
                                 -0.250000   20.045465   clock uncertainty
                                  0.019024   20.064489   clock reconvergence pessimism
                                 -0.074931   19.989559   library setup time
                                             19.989559   data required time
---------------------------------------------------------------------------------------------
                                             19.989559   data required time
                                             -2.599352   data arrival time
---------------------------------------------------------------------------------------------
                                             17.390207   slack (MET)


Startpoint: _726_ (rising edge-triggered flip-flop clocked by CLK)
Endpoint: _789_ (rising edge-triggered flip-flop clocked by CLK)
Path Group: CLK
Path Type: max

Fanout         Cap        Slew       Delay        Time   Description
---------------------------------------------------------------------------------------------
                                  0.000000    0.000000   clock CLK (rise edge)
                                  0.000000    0.000000   clock source latency
     1    0.022474    0.079693    0.058125    0.058125 ^ CLK (in)
                                                         CLK (net)
                      0.079747    0.000000    0.058125 ^ clkbuf_0_CLK/A (sky130_fd_sc_hd__clkbuf_16)
    16    0.098607    0.089152    0.141628    0.199752 ^ clkbuf_0_CLK/X (sky130_fd_sc_hd__clkbuf_16)
                                                         clknet_0_CLK (net)
                      0.090845    0.010180    0.209933 ^ clkbuf_4_10_0_CLK/A (sky130_fd_sc_hd__clkbuf_8)
     6    0.022498    0.041346    0.111690    0.321623 ^ clkbuf_4_10_0_CLK/X (sky130_fd_sc_hd__clkbuf_8)
                                                         clknet_4_10_0_CLK (net)
                      0.041518    0.002015    0.323639 ^ _726_/CLK (sky130_fd_sc_hd__dfrtp_2)
     3    0.011382    0.053229    0.247188    0.570827 ^ _726_/Q (sky130_fd_sc_hd__dfrtp_2)
                                                         pwm.pwm_counter[0] (net)
                      0.053234    0.000602    0.571428 ^ hold86/A (sky130_fd_sc_hd__dlygate4sd3_1)
     2    0.010947    0.092731    0.441330    1.012759 ^ hold86/X (sky130_fd_sc_hd__dlygate4sd3_1)
                                                         net85 (net)
                      0.092731    0.000435    1.013194 ^ _362_/A (sky130_fd_sc_hd__inv_2)
     3    0.008737    0.030428    0.029688    1.042882 v _362_/Y (sky130_fd_sc_hd__inv_2)
                                                         _011_ (net)
                      0.030429    0.000080    1.042962 v _391_/B (sky130_fd_sc_hd__or2_2)
     2    0.009227    0.049227    0.182518    1.225479 v _391_/X (sky130_fd_sc_hd__or2_2)
                                                         _083_ (net)
                      0.049233    0.000551    1.226031 v _393_/C (sky130_fd_sc_hd__or4_2)
     1    0.002929    0.065102    0.356555    1.582585 v _393_/X (sky130_fd_sc_hd__or4_2)
                                                         _085_ (net)
                      0.065102    0.000207    1.582793 v fanout32/A (sky130_fd_sc_hd__clkdlybuf4s25_1)
     6    0.037627    0.191674    0.315325    1.898118 v fanout32/X (sky130_fd_sc_hd__clkdlybuf4s25_1)
                                                         net32 (net)
                      0.191729    0.003204    1.901322 v fanout30/A (sky130_fd_sc_hd__clkdlybuf4s25_1)
    10    0.055691    0.280240    0.425259    2.326581 v fanout30/X (sky130_fd_sc_hd__clkdlybuf4s25_1)
                                                         net30 (net)
                      0.280333    0.004961    2.331542 v _395_/B (sky130_fd_sc_hd__nor2_2)
     2    0.006044    0.098631    0.156382    2.487923 ^ _395_/Y (sky130_fd_sc_hd__nor2_2)
                                                         _087_ (net)
                      0.098631    0.000169    2.488093 ^ _712_/B1_N (sky130_fd_sc_hd__o21ba_2)
     1    0.002969    0.025603    0.108351    2.596444 v _712_/X (sky130_fd_sc_hd__o21ba_2)
                                                         _051_ (net)
                      0.025603    0.000221    2.596665 v _789_/D (sky130_fd_sc_hd__dfrtp_2)
                                              2.596665   data arrival time

                                 20.000000   20.000000   clock CLK (rise edge)
                                  0.000000   20.000000   clock source latency
     1    0.022474    0.079693    0.052589   20.052589 ^ CLK (in)
                                                         CLK (net)
                      0.079747    0.000000   20.052589 ^ clkbuf_0_CLK/A (sky130_fd_sc_hd__clkbuf_16)
    16    0.098607    0.089152    0.128139   20.180729 ^ clkbuf_0_CLK/X (sky130_fd_sc_hd__clkbuf_16)
                                                         clknet_0_CLK (net)
                      0.092289    0.012397   20.193127 ^ clkbuf_4_7_0_CLK/A (sky130_fd_sc_hd__clkbuf_8)
     5    0.016928    0.034781    0.096318   20.289444 ^ clkbuf_4_7_0_CLK/X (sky130_fd_sc_hd__clkbuf_8)
                                                         clknet_4_7_0_CLK (net)
                      0.034803    0.000734   20.290176 ^ _789_/CLK (sky130_fd_sc_hd__dfrtp_2)
                                 -0.250000   20.040178   clock uncertainty
                                  0.019024   20.059202   clock reconvergence pessimism
                                 -0.071111   19.988092   library setup time
                                             19.988092   data required time
---------------------------------------------------------------------------------------------
                                             19.988092   data required time
                                             -2.596665   data arrival time
---------------------------------------------------------------------------------------------
                                             17.391428   slack (MET)


Startpoint: _726_ (rising edge-triggered flip-flop clocked by CLK)
Endpoint: _794_ (rising edge-triggered flip-flop clocked by CLK)
Path Group: CLK
Path Type: max

Fanout         Cap        Slew       Delay        Time   Description
---------------------------------------------------------------------------------------------
                                  0.000000    0.000000   clock CLK (rise edge)
                                  0.000000    0.000000   clock source latency
     1    0.022474    0.079693    0.058125    0.058125 ^ CLK (in)
                                                         CLK (net)
                      0.079747    0.000000    0.058125 ^ clkbuf_0_CLK/A (sky130_fd_sc_hd__clkbuf_16)
    16    0.098607    0.089152    0.141628    0.199752 ^ clkbuf_0_CLK/X (sky130_fd_sc_hd__clkbuf_16)
                                                         clknet_0_CLK (net)
                      0.090845    0.010180    0.209933 ^ clkbuf_4_10_0_CLK/A (sky130_fd_sc_hd__clkbuf_8)
     6    0.022498    0.041346    0.111690    0.321623 ^ clkbuf_4_10_0_CLK/X (sky130_fd_sc_hd__clkbuf_8)
                                                         clknet_4_10_0_CLK (net)
                      0.041518    0.002015    0.323639 ^ _726_/CLK (sky130_fd_sc_hd__dfrtp_2)
     3    0.011382    0.053229    0.247188    0.570827 ^ _726_/Q (sky130_fd_sc_hd__dfrtp_2)
                                                         pwm.pwm_counter[0] (net)
                      0.053234    0.000602    0.571428 ^ hold86/A (sky130_fd_sc_hd__dlygate4sd3_1)
     2    0.010947    0.092731    0.441330    1.012759 ^ hold86/X (sky130_fd_sc_hd__dlygate4sd3_1)
                                                         net85 (net)
                      0.092731    0.000435    1.013194 ^ _362_/A (sky130_fd_sc_hd__inv_2)
     3    0.008737    0.030428    0.029688    1.042882 v _362_/Y (sky130_fd_sc_hd__inv_2)
                                                         _011_ (net)
                      0.030429    0.000080    1.042962 v _391_/B (sky130_fd_sc_hd__or2_2)
     2    0.009227    0.049227    0.182518    1.225479 v _391_/X (sky130_fd_sc_hd__or2_2)
                                                         _083_ (net)
                      0.049233    0.000551    1.226031 v _393_/C (sky130_fd_sc_hd__or4_2)
     1    0.002929    0.065102    0.356555    1.582585 v _393_/X (sky130_fd_sc_hd__or4_2)
                                                         _085_ (net)
                      0.065102    0.000207    1.582793 v fanout32/A (sky130_fd_sc_hd__clkdlybuf4s25_1)
     6    0.037627    0.191674    0.315325    1.898118 v fanout32/X (sky130_fd_sc_hd__clkdlybuf4s25_1)
                                                         net32 (net)
                      0.191729    0.003204    1.901322 v fanout30/A (sky130_fd_sc_hd__clkdlybuf4s25_1)
    10    0.055691    0.280240    0.425259    2.326581 v fanout30/X (sky130_fd_sc_hd__clkdlybuf4s25_1)
                                                         net30 (net)
                      0.280291    0.003797    2.330378 v _717_/S (sky130_fd_sc_hd__mux2_1)
     1    0.002693    0.038413    0.270524    2.600902 v _717_/X (sky130_fd_sc_hd__mux2_1)
                                                         _056_ (net)
                      0.038413    0.000191    2.601093 v _794_/D (sky130_fd_sc_hd__dfrtp_2)
                                              2.601093   data arrival time

                                 20.000000   20.000000   clock CLK (rise edge)
                                  0.000000   20.000000   clock source latency
     1    0.022474    0.079693    0.052589   20.052589 ^ CLK (in)
                                                         CLK (net)
                      0.079747    0.000000   20.052589 ^ clkbuf_0_CLK/A (sky130_fd_sc_hd__clkbuf_16)
    16    0.098607    0.089152    0.128139   20.180729 ^ clkbuf_0_CLK/X (sky130_fd_sc_hd__clkbuf_16)
                                                         clknet_0_CLK (net)
                      0.094256    0.015797   20.196526 ^ clkbuf_4_0_0_CLK/A (sky130_fd_sc_hd__clkbuf_8)
     6    0.022128    0.040969    0.101544   20.298069 ^ clkbuf_4_0_0_CLK/X (sky130_fd_sc_hd__clkbuf_8)
                                                         clknet_4_0_0_CLK (net)
                      0.041043    0.001458   20.299528 ^ _794_/CLK (sky130_fd_sc_hd__dfrtp_2)
                                 -0.250000   20.049528   clock uncertainty
                                  0.019024   20.068554   clock reconvergence pessimism
                                 -0.075085   19.993469   library setup time
                                             19.993469   data required time
---------------------------------------------------------------------------------------------
                                             19.993469   data required time
                                             -2.601093   data arrival time
---------------------------------------------------------------------------------------------
                                             17.392376   slack (MET)


Startpoint: _726_ (rising edge-triggered flip-flop clocked by CLK)
Endpoint: _795_ (rising edge-triggered flip-flop clocked by CLK)
Path Group: CLK
Path Type: max

Fanout         Cap        Slew       Delay        Time   Description
---------------------------------------------------------------------------------------------
                                  0.000000    0.000000   clock CLK (rise edge)
                                  0.000000    0.000000   clock source latency
     1    0.022474    0.079693    0.058125    0.058125 ^ CLK (in)
                                                         CLK (net)
                      0.079747    0.000000    0.058125 ^ clkbuf_0_CLK/A (sky130_fd_sc_hd__clkbuf_16)
    16    0.098607    0.089152    0.141628    0.199752 ^ clkbuf_0_CLK/X (sky130_fd_sc_hd__clkbuf_16)
                                                         clknet_0_CLK (net)
                      0.090845    0.010180    0.209933 ^ clkbuf_4_10_0_CLK/A (sky130_fd_sc_hd__clkbuf_8)
     6    0.022498    0.041346    0.111690    0.321623 ^ clkbuf_4_10_0_CLK/X (sky130_fd_sc_hd__clkbuf_8)
                                                         clknet_4_10_0_CLK (net)
                      0.041518    0.002015    0.323639 ^ _726_/CLK (sky130_fd_sc_hd__dfrtp_2)
     3    0.011382    0.053229    0.247188    0.570827 ^ _726_/Q (sky130_fd_sc_hd__dfrtp_2)
                                                         pwm.pwm_counter[0] (net)
                      0.053234    0.000602    0.571428 ^ hold86/A (sky130_fd_sc_hd__dlygate4sd3_1)
     2    0.010947    0.092731    0.441330    1.012759 ^ hold86/X (sky130_fd_sc_hd__dlygate4sd3_1)
                                                         net85 (net)
                      0.092731    0.000435    1.013194 ^ _362_/A (sky130_fd_sc_hd__inv_2)
     3    0.008737    0.030428    0.029688    1.042882 v _362_/Y (sky130_fd_sc_hd__inv_2)
                                                         _011_ (net)
                      0.030429    0.000080    1.042962 v _391_/B (sky130_fd_sc_hd__or2_2)
     2    0.009227    0.049227    0.182518    1.225479 v _391_/X (sky130_fd_sc_hd__or2_2)
                                                         _083_ (net)
                      0.049233    0.000551    1.226031 v _393_/C (sky130_fd_sc_hd__or4_2)
     1    0.002929    0.065102    0.356555    1.582585 v _393_/X (sky130_fd_sc_hd__or4_2)
                                                         _085_ (net)
                      0.065102    0.000207    1.582793 v fanout32/A (sky130_fd_sc_hd__clkdlybuf4s25_1)
     6    0.037627    0.191674    0.315325    1.898118 v fanout32/X (sky130_fd_sc_hd__clkdlybuf4s25_1)
                                                         net32 (net)
                      0.191729    0.003204    1.901322 v fanout30/A (sky130_fd_sc_hd__clkdlybuf4s25_1)
    10    0.055691    0.280240    0.425259    2.326581 v fanout30/X (sky130_fd_sc_hd__clkdlybuf4s25_1)
                                                         net30 (net)
                      0.280269    0.002993    2.329574 v _718_/S (sky130_fd_sc_hd__mux2_1)
     1    0.002731    0.038549    0.270753    2.600327 v _718_/X (sky130_fd_sc_hd__mux2_1)
                                                         _057_ (net)
                      0.038549    0.000204    2.600531 v _795_/D (sky130_fd_sc_hd__dfrtp_2)
                                              2.600531   data arrival time

                                 20.000000   20.000000   clock CLK (rise edge)
                                  0.000000   20.000000   clock source latency
     1    0.022474    0.079693    0.052589   20.052589 ^ CLK (in)
                                                         CLK (net)
                      0.079747    0.000000   20.052589 ^ clkbuf_0_CLK/A (sky130_fd_sc_hd__clkbuf_16)
    16    0.098607    0.089152    0.128139   20.180729 ^ clkbuf_0_CLK/X (sky130_fd_sc_hd__clkbuf_16)
                                                         clknet_0_CLK (net)
                      0.094256    0.015797   20.196526 ^ clkbuf_4_0_0_CLK/A (sky130_fd_sc_hd__clkbuf_8)
     6    0.022128    0.040969    0.101544   20.298069 ^ clkbuf_4_0_0_CLK/X (sky130_fd_sc_hd__clkbuf_8)
                                                         clknet_4_0_0_CLK (net)
                      0.041022    0.001265   20.299334 ^ _795_/CLK (sky130_fd_sc_hd__dfrtp_2)
                                 -0.250000   20.049335   clock uncertainty
                                  0.019024   20.068359   clock reconvergence pessimism
                                 -0.075135   19.993225   library setup time
                                             19.993225   data required time
---------------------------------------------------------------------------------------------
                                             19.993225   data required time
                                             -2.600531   data arrival time
---------------------------------------------------------------------------------------------
                                             17.392694   slack (MET)


Startpoint: _726_ (rising edge-triggered flip-flop clocked by CLK)
Endpoint: _790_ (rising edge-triggered flip-flop clocked by CLK)
Path Group: CLK
Path Type: max

Fanout         Cap        Slew       Delay        Time   Description
---------------------------------------------------------------------------------------------
                                  0.000000    0.000000   clock CLK (rise edge)
                                  0.000000    0.000000   clock source latency
     1    0.022474    0.079693    0.058125    0.058125 ^ CLK (in)
                                                         CLK (net)
                      0.079747    0.000000    0.058125 ^ clkbuf_0_CLK/A (sky130_fd_sc_hd__clkbuf_16)
    16    0.098607    0.089152    0.141628    0.199752 ^ clkbuf_0_CLK/X (sky130_fd_sc_hd__clkbuf_16)
                                                         clknet_0_CLK (net)
                      0.090845    0.010180    0.209933 ^ clkbuf_4_10_0_CLK/A (sky130_fd_sc_hd__clkbuf_8)
     6    0.022498    0.041346    0.111690    0.321623 ^ clkbuf_4_10_0_CLK/X (sky130_fd_sc_hd__clkbuf_8)
                                                         clknet_4_10_0_CLK (net)
                      0.041518    0.002015    0.323639 ^ _726_/CLK (sky130_fd_sc_hd__dfrtp_2)
     3    0.011382    0.053229    0.247188    0.570827 ^ _726_/Q (sky130_fd_sc_hd__dfrtp_2)
                                                         pwm.pwm_counter[0] (net)
                      0.053234    0.000602    0.571428 ^ hold86/A (sky130_fd_sc_hd__dlygate4sd3_1)
     2    0.010947    0.092731    0.441330    1.012759 ^ hold86/X (sky130_fd_sc_hd__dlygate4sd3_1)
                                                         net85 (net)
                      0.092731    0.000435    1.013194 ^ _362_/A (sky130_fd_sc_hd__inv_2)
     3    0.008737    0.030428    0.029688    1.042882 v _362_/Y (sky130_fd_sc_hd__inv_2)
                                                         _011_ (net)
                      0.030429    0.000080    1.042962 v _391_/B (sky130_fd_sc_hd__or2_2)
     2    0.009227    0.049227    0.182518    1.225479 v _391_/X (sky130_fd_sc_hd__or2_2)
                                                         _083_ (net)
                      0.049233    0.000551    1.226031 v _393_/C (sky130_fd_sc_hd__or4_2)
     1    0.002929    0.065102    0.356555    1.582585 v _393_/X (sky130_fd_sc_hd__or4_2)
                                                         _085_ (net)
                      0.065102    0.000207    1.582793 v fanout32/A (sky130_fd_sc_hd__clkdlybuf4s25_1)
     6    0.037627    0.191674    0.315325    1.898118 v fanout32/X (sky130_fd_sc_hd__clkdlybuf4s25_1)
                                                         net32 (net)
                      0.191729    0.003204    1.901322 v fanout30/A (sky130_fd_sc_hd__clkdlybuf4s25_1)
    10    0.055691    0.280240    0.425259    2.326581 v fanout30/X (sky130_fd_sc_hd__clkdlybuf4s25_1)
                                                         net30 (net)
                      0.280272    0.003111    2.329691 v _713_/S (sky130_fd_sc_hd__mux2_1)
     1    0.002831    0.038906    0.271389    2.601080 v _713_/X (sky130_fd_sc_hd__mux2_1)
                                                         _052_ (net)
                      0.038906    0.000218    2.601299 v _790_/D (sky130_fd_sc_hd__dfrtp_2)
                                              2.601299   data arrival time

                                 20.000000   20.000000   clock CLK (rise edge)
                                  0.000000   20.000000   clock source latency
     1    0.022474    0.079693    0.052589   20.052589 ^ CLK (in)
                                                         CLK (net)
                      0.079747    0.000000   20.052589 ^ clkbuf_0_CLK/A (sky130_fd_sc_hd__clkbuf_16)
    16    0.098607    0.089152    0.128139   20.180729 ^ clkbuf_0_CLK/X (sky130_fd_sc_hd__clkbuf_16)
                                                         clknet_0_CLK (net)
                      0.094274    0.015827   20.196556 ^ clkbuf_4_1_0_CLK/A (sky130_fd_sc_hd__clkbuf_8)
     6    0.022912    0.041838    0.102501   20.299057 ^ clkbuf_4_1_0_CLK/X (sky130_fd_sc_hd__clkbuf_8)
                                                         clknet_4_1_0_CLK (net)
                      0.041911    0.001457   20.300514 ^ _790_/CLK (sky130_fd_sc_hd__dfrtp_2)
                                 -0.250000   20.050514   clock uncertainty
                                  0.019024   20.069540   clock reconvergence pessimism
                                 -0.075177   19.994362   library setup time
                                             19.994362   data required time
---------------------------------------------------------------------------------------------
                                             19.994362   data required time
                                             -2.601299   data arrival time
---------------------------------------------------------------------------------------------
                                             17.393063   slack (MET)


Startpoint: _726_ (rising edge-triggered flip-flop clocked by CLK)
Endpoint: _792_ (rising edge-triggered flip-flop clocked by CLK)
Path Group: CLK
Path Type: max

Fanout         Cap        Slew       Delay        Time   Description
---------------------------------------------------------------------------------------------
                                  0.000000    0.000000   clock CLK (rise edge)
                                  0.000000    0.000000   clock source latency
     1    0.022474    0.079693    0.058125    0.058125 ^ CLK (in)
                                                         CLK (net)
                      0.079747    0.000000    0.058125 ^ clkbuf_0_CLK/A (sky130_fd_sc_hd__clkbuf_16)
    16    0.098607    0.089152    0.141628    0.199752 ^ clkbuf_0_CLK/X (sky130_fd_sc_hd__clkbuf_16)
                                                         clknet_0_CLK (net)
                      0.090845    0.010180    0.209933 ^ clkbuf_4_10_0_CLK/A (sky130_fd_sc_hd__clkbuf_8)
     6    0.022498    0.041346    0.111690    0.321623 ^ clkbuf_4_10_0_CLK/X (sky130_fd_sc_hd__clkbuf_8)
                                                         clknet_4_10_0_CLK (net)
                      0.041518    0.002015    0.323639 ^ _726_/CLK (sky130_fd_sc_hd__dfrtp_2)
     3    0.011382    0.053229    0.247188    0.570827 ^ _726_/Q (sky130_fd_sc_hd__dfrtp_2)
                                                         pwm.pwm_counter[0] (net)
                      0.053234    0.000602    0.571428 ^ hold86/A (sky130_fd_sc_hd__dlygate4sd3_1)
     2    0.010947    0.092731    0.441330    1.012759 ^ hold86/X (sky130_fd_sc_hd__dlygate4sd3_1)
                                                         net85 (net)
                      0.092731    0.000435    1.013194 ^ _362_/A (sky130_fd_sc_hd__inv_2)
     3    0.008737    0.030428    0.029688    1.042882 v _362_/Y (sky130_fd_sc_hd__inv_2)
                                                         _011_ (net)
                      0.030429    0.000080    1.042962 v _391_/B (sky130_fd_sc_hd__or2_2)
     2    0.009227    0.049227    0.182518    1.225479 v _391_/X (sky130_fd_sc_hd__or2_2)
                                                         _083_ (net)
                      0.049233    0.000551    1.226031 v _393_/C (sky130_fd_sc_hd__or4_2)
     1    0.002929    0.065102    0.356555    1.582585 v _393_/X (sky130_fd_sc_hd__or4_2)
                                                         _085_ (net)
                      0.065102    0.000207    1.582793 v fanout32/A (sky130_fd_sc_hd__clkdlybuf4s25_1)
     6    0.037627    0.191674    0.315325    1.898118 v fanout32/X (sky130_fd_sc_hd__clkdlybuf4s25_1)
                                                         net32 (net)
                      0.191729    0.003204    1.901322 v fanout30/A (sky130_fd_sc_hd__clkdlybuf4s25_1)
    10    0.055691    0.280240    0.425259    2.326581 v fanout30/X (sky130_fd_sc_hd__clkdlybuf4s25_1)
                                                         net30 (net)
                      0.280265    0.002798    2.329379 v _715_/S (sky130_fd_sc_hd__mux2_1)
     1    0.002412    0.037305    0.268720    2.598099 v _715_/X (sky130_fd_sc_hd__mux2_1)
                                                         _054_ (net)
                      0.037305    0.000116    2.598215 v _792_/D (sky130_fd_sc_hd__dfrtp_2)
                                              2.598215   data arrival time

                                 20.000000   20.000000   clock CLK (rise edge)
                                  0.000000   20.000000   clock source latency
     1    0.022474    0.079693    0.052589   20.052589 ^ CLK (in)
                                                         CLK (net)
                      0.079747    0.000000   20.052589 ^ clkbuf_0_CLK/A (sky130_fd_sc_hd__clkbuf_16)
    16    0.098607    0.089152    0.128139   20.180729 ^ clkbuf_0_CLK/X (sky130_fd_sc_hd__clkbuf_16)
                                                         clknet_0_CLK (net)
                      0.094235    0.015765   20.196493 ^ clkbuf_4_2_0_CLK/A (sky130_fd_sc_hd__clkbuf_8)
     6    0.020284    0.038630    0.100007   20.296501 ^ clkbuf_4_2_0_CLK/X (sky130_fd_sc_hd__clkbuf_8)
                                                         clknet_4_2_0_CLK (net)
                      0.038691    0.001268   20.297770 ^ _792_/CLK (sky130_fd_sc_hd__dfrtp_2)
                                 -0.250000   20.047770   clock uncertainty
                                  0.019024   20.066795   clock reconvergence pessimism
                                 -0.074916   19.991879   library setup time
                                             19.991879   data required time
---------------------------------------------------------------------------------------------
                                             19.991879   data required time
                                             -2.598215   data arrival time
---------------------------------------------------------------------------------------------
                                             17.393663   slack (MET)


Startpoint: _726_ (rising edge-triggered flip-flop clocked by CLK)
Endpoint: _791_ (rising edge-triggered flip-flop clocked by CLK)
Path Group: CLK
Path Type: max

Fanout         Cap        Slew       Delay        Time   Description
---------------------------------------------------------------------------------------------
                                  0.000000    0.000000   clock CLK (rise edge)
                                  0.000000    0.000000   clock source latency
     1    0.022474    0.079693    0.058125    0.058125 ^ CLK (in)
                                                         CLK (net)
                      0.079747    0.000000    0.058125 ^ clkbuf_0_CLK/A (sky130_fd_sc_hd__clkbuf_16)
    16    0.098607    0.089152    0.141628    0.199752 ^ clkbuf_0_CLK/X (sky130_fd_sc_hd__clkbuf_16)
                                                         clknet_0_CLK (net)
                      0.090845    0.010180    0.209933 ^ clkbuf_4_10_0_CLK/A (sky130_fd_sc_hd__clkbuf_8)
     6    0.022498    0.041346    0.111690    0.321623 ^ clkbuf_4_10_0_CLK/X (sky130_fd_sc_hd__clkbuf_8)
                                                         clknet_4_10_0_CLK (net)
                      0.041518    0.002015    0.323639 ^ _726_/CLK (sky130_fd_sc_hd__dfrtp_2)
     3    0.011382    0.053229    0.247188    0.570827 ^ _726_/Q (sky130_fd_sc_hd__dfrtp_2)
                                                         pwm.pwm_counter[0] (net)
                      0.053234    0.000602    0.571428 ^ hold86/A (sky130_fd_sc_hd__dlygate4sd3_1)
     2    0.010947    0.092731    0.441330    1.012759 ^ hold86/X (sky130_fd_sc_hd__dlygate4sd3_1)
                                                         net85 (net)
                      0.092731    0.000435    1.013194 ^ _362_/A (sky130_fd_sc_hd__inv_2)
     3    0.008737    0.030428    0.029688    1.042882 v _362_/Y (sky130_fd_sc_hd__inv_2)
                                                         _011_ (net)
                      0.030429    0.000080    1.042962 v _391_/B (sky130_fd_sc_hd__or2_2)
     2    0.009227    0.049227    0.182518    1.225479 v _391_/X (sky130_fd_sc_hd__or2_2)
                                                         _083_ (net)
                      0.049233    0.000551    1.226031 v _393_/C (sky130_fd_sc_hd__or4_2)
     1    0.002929    0.065102    0.356555    1.582585 v _393_/X (sky130_fd_sc_hd__or4_2)
                                                         _085_ (net)
                      0.065102    0.000207    1.582793 v fanout32/A (sky130_fd_sc_hd__clkdlybuf4s25_1)
     6    0.037627    0.191674    0.315325    1.898118 v fanout32/X (sky130_fd_sc_hd__clkdlybuf4s25_1)
                                                         net32 (net)
                      0.191729    0.003204    1.901322 v fanout30/A (sky130_fd_sc_hd__clkdlybuf4s25_1)
    10    0.055691    0.280240    0.425259    2.326581 v fanout30/X (sky130_fd_sc_hd__clkdlybuf4s25_1)
                                                         net30 (net)
                      0.280277    0.003310    2.329891 v _714_/S (sky130_fd_sc_hd__mux2_1)
     1    0.002587    0.038035    0.269825    2.599716 v _714_/X (sky130_fd_sc_hd__mux2_1)
                                                         _053_ (net)
                      0.038035    0.000197    2.599913 v _791_/D (sky130_fd_sc_hd__dfrtp_2)
                                              2.599913   data arrival time

                                 20.000000   20.000000   clock CLK (rise edge)
                                  0.000000   20.000000   clock source latency
     1    0.022474    0.079693    0.052589   20.052589 ^ CLK (in)
                                                         CLK (net)
                      0.079747    0.000000   20.052589 ^ clkbuf_0_CLK/A (sky130_fd_sc_hd__clkbuf_16)
    16    0.098607    0.089152    0.128139   20.180729 ^ clkbuf_0_CLK/X (sky130_fd_sc_hd__clkbuf_16)
                                                         clknet_0_CLK (net)
                      0.094256    0.015797   20.196526 ^ clkbuf_4_0_0_CLK/A (sky130_fd_sc_hd__clkbuf_8)
     6    0.022128    0.040969    0.101544   20.298069 ^ clkbuf_4_0_0_CLK/X (sky130_fd_sc_hd__clkbuf_8)
                                                         clknet_4_0_0_CLK (net)
                      0.041161    0.001943   20.300013 ^ _791_/CLK (sky130_fd_sc_hd__dfrtp_2)
                                 -0.250000   20.050014   clock uncertainty
                                  0.019024   20.069038   clock reconvergence pessimism
                                 -0.074938   19.994101   library setup time
                                             19.994101   data required time
---------------------------------------------------------------------------------------------
                                             19.994101   data required time
                                             -2.599913   data arrival time
---------------------------------------------------------------------------------------------
                                             17.394188   slack (MET)


Startpoint: _726_ (rising edge-triggered flip-flop clocked by CLK)
Endpoint: _793_ (rising edge-triggered flip-flop clocked by CLK)
Path Group: CLK
Path Type: max

Fanout         Cap        Slew       Delay        Time   Description
---------------------------------------------------------------------------------------------
                                  0.000000    0.000000   clock CLK (rise edge)
                                  0.000000    0.000000   clock source latency
     1    0.022474    0.079693    0.058125    0.058125 ^ CLK (in)
                                                         CLK (net)
                      0.079747    0.000000    0.058125 ^ clkbuf_0_CLK/A (sky130_fd_sc_hd__clkbuf_16)
    16    0.098607    0.089152    0.141628    0.199752 ^ clkbuf_0_CLK/X (sky130_fd_sc_hd__clkbuf_16)
                                                         clknet_0_CLK (net)
                      0.090845    0.010180    0.209933 ^ clkbuf_4_10_0_CLK/A (sky130_fd_sc_hd__clkbuf_8)
     6    0.022498    0.041346    0.111690    0.321623 ^ clkbuf_4_10_0_CLK/X (sky130_fd_sc_hd__clkbuf_8)
                                                         clknet_4_10_0_CLK (net)
                      0.041518    0.002015    0.323639 ^ _726_/CLK (sky130_fd_sc_hd__dfrtp_2)
     3    0.011382    0.053229    0.247188    0.570827 ^ _726_/Q (sky130_fd_sc_hd__dfrtp_2)
                                                         pwm.pwm_counter[0] (net)
                      0.053234    0.000602    0.571428 ^ hold86/A (sky130_fd_sc_hd__dlygate4sd3_1)
     2    0.010947    0.092731    0.441330    1.012759 ^ hold86/X (sky130_fd_sc_hd__dlygate4sd3_1)
                                                         net85 (net)
                      0.092731    0.000435    1.013194 ^ _362_/A (sky130_fd_sc_hd__inv_2)
     3    0.008737    0.030428    0.029688    1.042882 v _362_/Y (sky130_fd_sc_hd__inv_2)
                                                         _011_ (net)
                      0.030429    0.000080    1.042962 v _391_/B (sky130_fd_sc_hd__or2_2)
     2    0.009227    0.049227    0.182518    1.225479 v _391_/X (sky130_fd_sc_hd__or2_2)
                                                         _083_ (net)
                      0.049233    0.000551    1.226031 v _393_/C (sky130_fd_sc_hd__or4_2)
     1    0.002929    0.065102    0.356555    1.582585 v _393_/X (sky130_fd_sc_hd__or4_2)
                                                         _085_ (net)
                      0.065102    0.000207    1.582793 v fanout32/A (sky130_fd_sc_hd__clkdlybuf4s25_1)
     6    0.037627    0.191674    0.315325    1.898118 v fanout32/X (sky130_fd_sc_hd__clkdlybuf4s25_1)
                                                         net32 (net)
                      0.191729    0.003204    1.901322 v fanout30/A (sky130_fd_sc_hd__clkdlybuf4s25_1)
    10    0.055691    0.280240    0.425259    2.326581 v fanout30/X (sky130_fd_sc_hd__clkdlybuf4s25_1)
                                                         net30 (net)
                      0.280267    0.002887    2.329467 v _716_/S (sky130_fd_sc_hd__mux2_1)
     1    0.002430    0.037351    0.268833    2.598300 v _716_/X (sky130_fd_sc_hd__mux2_1)
                                                         _055_ (net)
                      0.037351    0.000118    2.598418 v _793_/D (sky130_fd_sc_hd__dfrtp_2)
                                              2.598418   data arrival time

                                 20.000000   20.000000   clock CLK (rise edge)
                                  0.000000   20.000000   clock source latency
     1    0.022474    0.079693    0.052589   20.052589 ^ CLK (in)
                                                         CLK (net)
                      0.079747    0.000000   20.052589 ^ clkbuf_0_CLK/A (sky130_fd_sc_hd__clkbuf_16)
    16    0.098607    0.089152    0.128139   20.180729 ^ clkbuf_0_CLK/X (sky130_fd_sc_hd__clkbuf_16)
                                                         clknet_0_CLK (net)
                      0.094256    0.015797   20.196526 ^ clkbuf_4_0_0_CLK/A (sky130_fd_sc_hd__clkbuf_8)
     6    0.022128    0.040969    0.101544   20.298069 ^ clkbuf_4_0_0_CLK/X (sky130_fd_sc_hd__clkbuf_8)
                                                         clknet_4_0_0_CLK (net)
                      0.041063    0.001615   20.299685 ^ _793_/CLK (sky130_fd_sc_hd__dfrtp_2)
                                 -0.250000   20.049685   clock uncertainty
                                  0.019024   20.068710   clock reconvergence pessimism
                                 -0.074704   19.994007   library setup time
                                             19.994007   data required time
---------------------------------------------------------------------------------------------
                                             19.994007   data required time
                                             -2.598418   data arrival time
---------------------------------------------------------------------------------------------
                                             17.395590   slack (MET)


Startpoint: _726_ (rising edge-triggered flip-flop clocked by CLK)
Endpoint: _779_ (rising edge-triggered flip-flop clocked by CLK)
Path Group: CLK
Path Type: max

Fanout         Cap        Slew       Delay        Time   Description
---------------------------------------------------------------------------------------------
                                  0.000000    0.000000   clock CLK (rise edge)
                                  0.000000    0.000000   clock source latency
     1    0.022474    0.079693    0.058125    0.058125 ^ CLK (in)
                                                         CLK (net)
                      0.079747    0.000000    0.058125 ^ clkbuf_0_CLK/A (sky130_fd_sc_hd__clkbuf_16)
    16    0.098607    0.089152    0.141628    0.199752 ^ clkbuf_0_CLK/X (sky130_fd_sc_hd__clkbuf_16)
                                                         clknet_0_CLK (net)
                      0.090845    0.010180    0.209933 ^ clkbuf_4_10_0_CLK/A (sky130_fd_sc_hd__clkbuf_8)
     6    0.022498    0.041346    0.111690    0.321623 ^ clkbuf_4_10_0_CLK/X (sky130_fd_sc_hd__clkbuf_8)
                                                         clknet_4_10_0_CLK (net)
                      0.041518    0.002015    0.323639 ^ _726_/CLK (sky130_fd_sc_hd__dfrtp_2)
     3    0.011382    0.053229    0.247188    0.570827 ^ _726_/Q (sky130_fd_sc_hd__dfrtp_2)
                                                         pwm.pwm_counter[0] (net)
                      0.053234    0.000602    0.571428 ^ hold86/A (sky130_fd_sc_hd__dlygate4sd3_1)
     2    0.010947    0.092731    0.441330    1.012759 ^ hold86/X (sky130_fd_sc_hd__dlygate4sd3_1)
                                                         net85 (net)
                      0.092731    0.000435    1.013194 ^ _362_/A (sky130_fd_sc_hd__inv_2)
     3    0.008737    0.030428    0.029688    1.042882 v _362_/Y (sky130_fd_sc_hd__inv_2)
                                                         _011_ (net)
                      0.030429    0.000080    1.042962 v _391_/B (sky130_fd_sc_hd__or2_2)
     2    0.009227    0.049227    0.182518    1.225479 v _391_/X (sky130_fd_sc_hd__or2_2)
                                                         _083_ (net)
                      0.049233    0.000551    1.226031 v _393_/C (sky130_fd_sc_hd__or4_2)
     1    0.002929    0.065102    0.356555    1.582585 v _393_/X (sky130_fd_sc_hd__or4_2)
                                                         _085_ (net)
                      0.065102    0.000207    1.582793 v fanout32/A (sky130_fd_sc_hd__clkdlybuf4s25_1)
     6    0.037627    0.191674    0.315325    1.898118 v fanout32/X (sky130_fd_sc_hd__clkdlybuf4s25_1)
                                                         net32 (net)
                      0.191750    0.003703    1.901821 v _394_/A (sky130_fd_sc_hd__inv_2)
     4    0.032248    0.128972    0.167786    2.069607 ^ _394_/Y (sky130_fd_sc_hd__inv_2)
                                                         _086_ (net)
                      0.129074    0.003124    2.072730 ^ _705_/A3 (sky130_fd_sc_hd__a31o_2)
     1    0.003113    0.028314    0.104668    2.177398 ^ _705_/X (sky130_fd_sc_hd__a31o_2)
                                                         _041_ (net)
                      0.028322    0.000220    2.177618 ^ hold69/A (sky130_fd_sc_hd__dlygate4sd3_1)
     1    0.003072    0.039509    0.390489    2.568107 ^ hold69/X (sky130_fd_sc_hd__dlygate4sd3_1)
                                                         net68 (net)
                      0.039509    0.000224    2.568331 ^ _779_/D (sky130_fd_sc_hd__dfrtp_2)
                                              2.568331   data arrival time

                                 20.000000   20.000000   clock CLK (rise edge)
                                  0.000000   20.000000   clock source latency
     1    0.022474    0.079693    0.052589   20.052589 ^ CLK (in)
                                                         CLK (net)
                      0.079747    0.000000   20.052589 ^ clkbuf_0_CLK/A (sky130_fd_sc_hd__clkbuf_16)
    16    0.098607    0.089152    0.128139   20.180729 ^ clkbuf_0_CLK/X (sky130_fd_sc_hd__clkbuf_16)
                                                         clknet_0_CLK (net)
                      0.091856    0.011529   20.192257 ^ clkbuf_4_13_0_CLK/A (sky130_fd_sc_hd__clkbuf_8)
     6    0.018460    0.036503    0.097618   20.289875 ^ clkbuf_4_13_0_CLK/X (sky130_fd_sc_hd__clkbuf_8)
                                                         clknet_4_13_0_CLK (net)
                      0.036547    0.001053   20.290928 ^ _779_/CLK (sky130_fd_sc_hd__dfrtp_2)
                                 -0.250000   20.040930   clock uncertainty
                                  0.019024   20.059954   clock reconvergence pessimism
                                 -0.037007   20.022947   library setup time
                                             20.022947   data required time
---------------------------------------------------------------------------------------------
                                             20.022947   data required time
                                             -2.568331   data arrival time
---------------------------------------------------------------------------------------------
                                             17.454617   slack (MET)


Startpoint: _726_ (rising edge-triggered flip-flop clocked by CLK)
Endpoint: _782_ (rising edge-triggered flip-flop clocked by CLK)
Path Group: CLK
Path Type: max

Fanout         Cap        Slew       Delay        Time   Description
---------------------------------------------------------------------------------------------
                                  0.000000    0.000000   clock CLK (rise edge)
                                  0.000000    0.000000   clock source latency
     1    0.022474    0.079693    0.058125    0.058125 ^ CLK (in)
                                                         CLK (net)
                      0.079747    0.000000    0.058125 ^ clkbuf_0_CLK/A (sky130_fd_sc_hd__clkbuf_16)
    16    0.098607    0.089152    0.141628    0.199752 ^ clkbuf_0_CLK/X (sky130_fd_sc_hd__clkbuf_16)
                                                         clknet_0_CLK (net)
                      0.090845    0.010180    0.209933 ^ clkbuf_4_10_0_CLK/A (sky130_fd_sc_hd__clkbuf_8)
     6    0.022498    0.041346    0.111690    0.321623 ^ clkbuf_4_10_0_CLK/X (sky130_fd_sc_hd__clkbuf_8)
                                                         clknet_4_10_0_CLK (net)
                      0.041518    0.002015    0.323639 ^ _726_/CLK (sky130_fd_sc_hd__dfrtp_2)
     3    0.011382    0.053229    0.247188    0.570827 ^ _726_/Q (sky130_fd_sc_hd__dfrtp_2)
                                                         pwm.pwm_counter[0] (net)
                      0.053234    0.000602    0.571428 ^ hold86/A (sky130_fd_sc_hd__dlygate4sd3_1)
     2    0.010947    0.092731    0.441330    1.012759 ^ hold86/X (sky130_fd_sc_hd__dlygate4sd3_1)
                                                         net85 (net)
                      0.092731    0.000435    1.013194 ^ _362_/A (sky130_fd_sc_hd__inv_2)
     3    0.008737    0.030428    0.029688    1.042882 v _362_/Y (sky130_fd_sc_hd__inv_2)
                                                         _011_ (net)
                      0.030429    0.000080    1.042962 v _391_/B (sky130_fd_sc_hd__or2_2)
     2    0.009227    0.049227    0.182518    1.225479 v _391_/X (sky130_fd_sc_hd__or2_2)
                                                         _083_ (net)
                      0.049233    0.000551    1.226031 v _393_/C (sky130_fd_sc_hd__or4_2)
     1    0.002929    0.065102    0.356555    1.582585 v _393_/X (sky130_fd_sc_hd__or4_2)
                                                         _085_ (net)
                      0.065102    0.000207    1.582793 v fanout32/A (sky130_fd_sc_hd__clkdlybuf4s25_1)
     6    0.037627    0.191674    0.315325    1.898118 v fanout32/X (sky130_fd_sc_hd__clkdlybuf4s25_1)
                                                         net32 (net)
                      0.191733    0.003316    1.901433 v fanout31/A (sky130_fd_sc_hd__clkdlybuf4s25_1)
     6    0.029337    0.152228    0.325181    2.226614 v fanout31/X (sky130_fd_sc_hd__clkdlybuf4s25_1)
                                                         net31 (net)
                      0.152298    0.003183    2.229798 v _708_/S (sky130_fd_sc_hd__mux2_1)
     1    0.003092    0.039097    0.229271    2.459069 v _708_/X (sky130_fd_sc_hd__mux2_1)
                                                         _044_ (net)
                      0.039097    0.000214    2.459283 v _782_/D (sky130_fd_sc_hd__dfrtp_2)
                                              2.459283   data arrival time

                                 20.000000   20.000000   clock CLK (rise edge)
                                  0.000000   20.000000   clock source latency
     1    0.022474    0.079693    0.052589   20.052589 ^ CLK (in)
                                                         CLK (net)
                      0.079747    0.000000   20.052589 ^ clkbuf_0_CLK/A (sky130_fd_sc_hd__clkbuf_16)
    16    0.098607    0.089152    0.128139   20.180729 ^ clkbuf_0_CLK/X (sky130_fd_sc_hd__clkbuf_16)
                                                         clknet_0_CLK (net)
                      0.093297    0.014229   20.194958 ^ clkbuf_4_6_0_CLK/A (sky130_fd_sc_hd__clkbuf_8)
     6    0.019999    0.038272    0.099625   20.294582 ^ clkbuf_4_6_0_CLK/X (sky130_fd_sc_hd__clkbuf_8)
                                                         clknet_4_6_0_CLK (net)
                      0.038286    0.000654   20.295237 ^ _782_/CLK (sky130_fd_sc_hd__dfrtp_2)
                                 -0.250000   20.045237   clock uncertainty
                                  0.019024   20.064262   clock reconvergence pessimism
                                 -0.075594   19.988667   library setup time
                                             19.988667   data required time
---------------------------------------------------------------------------------------------
                                             19.988667   data required time
                                             -2.459283   data arrival time
---------------------------------------------------------------------------------------------
                                             17.529385   slack (MET)


Startpoint: _726_ (rising edge-triggered flip-flop clocked by CLK)
Endpoint: _799_ (rising edge-triggered flip-flop clocked by CLK)
Path Group: CLK
Path Type: max

Fanout         Cap        Slew       Delay        Time   Description
---------------------------------------------------------------------------------------------
                                  0.000000    0.000000   clock CLK (rise edge)
                                  0.000000    0.000000   clock source latency
     1    0.022474    0.079693    0.058125    0.058125 ^ CLK (in)
                                                         CLK (net)
                      0.079747    0.000000    0.058125 ^ clkbuf_0_CLK/A (sky130_fd_sc_hd__clkbuf_16)
    16    0.098607    0.089152    0.141628    0.199752 ^ clkbuf_0_CLK/X (sky130_fd_sc_hd__clkbuf_16)
                                                         clknet_0_CLK (net)
                      0.090845    0.010180    0.209933 ^ clkbuf_4_10_0_CLK/A (sky130_fd_sc_hd__clkbuf_8)
     6    0.022498    0.041346    0.111690    0.321623 ^ clkbuf_4_10_0_CLK/X (sky130_fd_sc_hd__clkbuf_8)
                                                         clknet_4_10_0_CLK (net)
                      0.041518    0.002015    0.323639 ^ _726_/CLK (sky130_fd_sc_hd__dfrtp_2)
     3    0.011382    0.053229    0.247188    0.570827 ^ _726_/Q (sky130_fd_sc_hd__dfrtp_2)
                                                         pwm.pwm_counter[0] (net)
                      0.053234    0.000602    0.571428 ^ hold86/A (sky130_fd_sc_hd__dlygate4sd3_1)
     2    0.010947    0.092731    0.441330    1.012759 ^ hold86/X (sky130_fd_sc_hd__dlygate4sd3_1)
                                                         net85 (net)
                      0.092731    0.000435    1.013194 ^ _362_/A (sky130_fd_sc_hd__inv_2)
     3    0.008737    0.030428    0.029688    1.042882 v _362_/Y (sky130_fd_sc_hd__inv_2)
                                                         _011_ (net)
                      0.030429    0.000080    1.042962 v _391_/B (sky130_fd_sc_hd__or2_2)
     2    0.009227    0.049227    0.182518    1.225479 v _391_/X (sky130_fd_sc_hd__or2_2)
                                                         _083_ (net)
                      0.049233    0.000551    1.226031 v _393_/C (sky130_fd_sc_hd__or4_2)
     1    0.002929    0.065102    0.356555    1.582585 v _393_/X (sky130_fd_sc_hd__or4_2)
                                                         _085_ (net)
                      0.065102    0.000207    1.582793 v fanout32/A (sky130_fd_sc_hd__clkdlybuf4s25_1)
     6    0.037627    0.191674    0.315325    1.898118 v fanout32/X (sky130_fd_sc_hd__clkdlybuf4s25_1)
                                                         net32 (net)
                      0.191733    0.003316    1.901433 v fanout31/A (sky130_fd_sc_hd__clkdlybuf4s25_1)
     6    0.029337    0.152228    0.325181    2.226614 v fanout31/X (sky130_fd_sc_hd__clkdlybuf4s25_1)
                                                         net31 (net)
                      0.152231    0.000935    2.227550 v _722_/S (sky130_fd_sc_hd__mux2_1)
     1    0.002454    0.036552    0.225186    2.452736 v _722_/X (sky130_fd_sc_hd__mux2_1)
                                                         _061_ (net)
                      0.036552    0.000180    2.452915 v _799_/D (sky130_fd_sc_hd__dfrtp_2)
                                              2.452915   data arrival time

                                 20.000000   20.000000   clock CLK (rise edge)
                                  0.000000   20.000000   clock source latency
     1    0.022474    0.079693    0.052589   20.052589 ^ CLK (in)
                                                         CLK (net)
                      0.079747    0.000000   20.052589 ^ clkbuf_0_CLK/A (sky130_fd_sc_hd__clkbuf_16)
    16    0.098607    0.089152    0.128139   20.180729 ^ clkbuf_0_CLK/X (sky130_fd_sc_hd__clkbuf_16)
                                                         clknet_0_CLK (net)
                      0.089891    0.006272   20.187000 ^ clkbuf_4_8_0_CLK/A (sky130_fd_sc_hd__clkbuf_8)
     6    0.022610    0.041224    0.101352   20.288353 ^ clkbuf_4_8_0_CLK/X (sky130_fd_sc_hd__clkbuf_8)
                                                         clknet_4_8_0_CLK (net)
                      0.041280    0.001270   20.289623 ^ _799_/CLK (sky130_fd_sc_hd__dfrtp_2)
                                 -0.250000   20.039623   clock uncertainty
                                  0.019024   20.058649   clock reconvergence pessimism
                                 -0.074397   19.984251   library setup time
                                             19.984251   data required time
---------------------------------------------------------------------------------------------
                                             19.984251   data required time
                                             -2.452915   data arrival time
---------------------------------------------------------------------------------------------
                                             17.531336   slack (MET)


Startpoint: _726_ (rising edge-triggered flip-flop clocked by CLK)
Endpoint: _781_ (rising edge-triggered flip-flop clocked by CLK)
Path Group: CLK
Path Type: max

Fanout         Cap        Slew       Delay        Time   Description
---------------------------------------------------------------------------------------------
                                  0.000000    0.000000   clock CLK (rise edge)
                                  0.000000    0.000000   clock source latency
     1    0.022474    0.079693    0.058125    0.058125 ^ CLK (in)
                                                         CLK (net)
                      0.079747    0.000000    0.058125 ^ clkbuf_0_CLK/A (sky130_fd_sc_hd__clkbuf_16)
    16    0.098607    0.089152    0.141628    0.199752 ^ clkbuf_0_CLK/X (sky130_fd_sc_hd__clkbuf_16)
                                                         clknet_0_CLK (net)
                      0.090845    0.010180    0.209933 ^ clkbuf_4_10_0_CLK/A (sky130_fd_sc_hd__clkbuf_8)
     6    0.022498    0.041346    0.111690    0.321623 ^ clkbuf_4_10_0_CLK/X (sky130_fd_sc_hd__clkbuf_8)
                                                         clknet_4_10_0_CLK (net)
                      0.041518    0.002015    0.323639 ^ _726_/CLK (sky130_fd_sc_hd__dfrtp_2)
     3    0.011382    0.053229    0.247188    0.570827 ^ _726_/Q (sky130_fd_sc_hd__dfrtp_2)
                                                         pwm.pwm_counter[0] (net)
                      0.053234    0.000602    0.571428 ^ hold86/A (sky130_fd_sc_hd__dlygate4sd3_1)
     2    0.010947    0.092731    0.441330    1.012759 ^ hold86/X (sky130_fd_sc_hd__dlygate4sd3_1)
                                                         net85 (net)
                      0.092731    0.000435    1.013194 ^ _362_/A (sky130_fd_sc_hd__inv_2)
     3    0.008737    0.030428    0.029688    1.042882 v _362_/Y (sky130_fd_sc_hd__inv_2)
                                                         _011_ (net)
                      0.030429    0.000080    1.042962 v _391_/B (sky130_fd_sc_hd__or2_2)
     2    0.009227    0.049227    0.182518    1.225479 v _391_/X (sky130_fd_sc_hd__or2_2)
                                                         _083_ (net)
                      0.049233    0.000551    1.226031 v _393_/C (sky130_fd_sc_hd__or4_2)
     1    0.002929    0.065102    0.356555    1.582585 v _393_/X (sky130_fd_sc_hd__or4_2)
                                                         _085_ (net)
                      0.065102    0.000207    1.582793 v fanout32/A (sky130_fd_sc_hd__clkdlybuf4s25_1)
     6    0.037627    0.191674    0.315325    1.898118 v fanout32/X (sky130_fd_sc_hd__clkdlybuf4s25_1)
                                                         net32 (net)
                      0.191733    0.003316    1.901433 v fanout31/A (sky130_fd_sc_hd__clkdlybuf4s25_1)
     6    0.029337    0.152228    0.325181    2.226614 v fanout31/X (sky130_fd_sc_hd__clkdlybuf4s25_1)
                                                         net31 (net)
                      0.152272    0.002595    2.229210 v _707_/S (sky130_fd_sc_hd__mux2_1)
     1    0.002702    0.037480    0.226769    2.455979 v _707_/X (sky130_fd_sc_hd__mux2_1)
                                                         _043_ (net)
                      0.037480    0.000207    2.456186 v _781_/D (sky130_fd_sc_hd__dfrtp_2)
                                              2.456186   data arrival time

                                 20.000000   20.000000   clock CLK (rise edge)
                                  0.000000   20.000000   clock source latency
     1    0.022474    0.079693    0.052589   20.052589 ^ CLK (in)
                                                         CLK (net)
                      0.079747    0.000000   20.052589 ^ clkbuf_0_CLK/A (sky130_fd_sc_hd__clkbuf_16)
    16    0.098607    0.089152    0.128139   20.180729 ^ clkbuf_0_CLK/X (sky130_fd_sc_hd__clkbuf_16)
                                                         clknet_0_CLK (net)
                      0.093297    0.014229   20.194958 ^ clkbuf_4_6_0_CLK/A (sky130_fd_sc_hd__clkbuf_8)
     6    0.019999    0.038272    0.099625   20.294582 ^ clkbuf_4_6_0_CLK/X (sky130_fd_sc_hd__clkbuf_8)
                                                         clknet_4_6_0_CLK (net)
                      0.038296    0.000812   20.295395 ^ _781_/CLK (sky130_fd_sc_hd__dfrtp_2)
                                 -0.250000   20.045395   clock uncertainty
                                  0.019024   20.064421   clock reconvergence pessimism
                                 -0.075016   19.989405   library setup time
                                             19.989405   data required time
---------------------------------------------------------------------------------------------
                                             19.989405   data required time
                                             -2.456186   data arrival time
---------------------------------------------------------------------------------------------
                                             17.533218   slack (MET)


Startpoint: _726_ (rising edge-triggered flip-flop clocked by CLK)
Endpoint: _780_ (rising edge-triggered flip-flop clocked by CLK)
Path Group: CLK
Path Type: max

Fanout         Cap        Slew       Delay        Time   Description
---------------------------------------------------------------------------------------------
                                  0.000000    0.000000   clock CLK (rise edge)
                                  0.000000    0.000000   clock source latency
     1    0.022474    0.079693    0.058125    0.058125 ^ CLK (in)
                                                         CLK (net)
                      0.079747    0.000000    0.058125 ^ clkbuf_0_CLK/A (sky130_fd_sc_hd__clkbuf_16)
    16    0.098607    0.089152    0.141628    0.199752 ^ clkbuf_0_CLK/X (sky130_fd_sc_hd__clkbuf_16)
                                                         clknet_0_CLK (net)
                      0.090845    0.010180    0.209933 ^ clkbuf_4_10_0_CLK/A (sky130_fd_sc_hd__clkbuf_8)
     6    0.022498    0.041346    0.111690    0.321623 ^ clkbuf_4_10_0_CLK/X (sky130_fd_sc_hd__clkbuf_8)
                                                         clknet_4_10_0_CLK (net)
                      0.041518    0.002015    0.323639 ^ _726_/CLK (sky130_fd_sc_hd__dfrtp_2)
     3    0.011382    0.053229    0.247188    0.570827 ^ _726_/Q (sky130_fd_sc_hd__dfrtp_2)
                                                         pwm.pwm_counter[0] (net)
                      0.053234    0.000602    0.571428 ^ hold86/A (sky130_fd_sc_hd__dlygate4sd3_1)
     2    0.010947    0.092731    0.441330    1.012759 ^ hold86/X (sky130_fd_sc_hd__dlygate4sd3_1)
                                                         net85 (net)
                      0.092731    0.000435    1.013194 ^ _362_/A (sky130_fd_sc_hd__inv_2)
     3    0.008737    0.030428    0.029688    1.042882 v _362_/Y (sky130_fd_sc_hd__inv_2)
                                                         _011_ (net)
                      0.030429    0.000080    1.042962 v _391_/B (sky130_fd_sc_hd__or2_2)
     2    0.009227    0.049227    0.182518    1.225479 v _391_/X (sky130_fd_sc_hd__or2_2)
                                                         _083_ (net)
                      0.049233    0.000551    1.226031 v _393_/C (sky130_fd_sc_hd__or4_2)
     1    0.002929    0.065102    0.356555    1.582585 v _393_/X (sky130_fd_sc_hd__or4_2)
                                                         _085_ (net)
                      0.065102    0.000207    1.582793 v fanout32/A (sky130_fd_sc_hd__clkdlybuf4s25_1)
     6    0.037627    0.191674    0.315325    1.898118 v fanout32/X (sky130_fd_sc_hd__clkdlybuf4s25_1)
                                                         net32 (net)
                      0.191733    0.003316    1.901433 v fanout31/A (sky130_fd_sc_hd__clkdlybuf4s25_1)
     6    0.029337    0.152228    0.325181    2.226614 v fanout31/X (sky130_fd_sc_hd__clkdlybuf4s25_1)
                                                         net31 (net)
                      0.152281    0.002807    2.229421 v _706_/S (sky130_fd_sc_hd__mux2_1)
     1    0.002597    0.037084    0.226111    2.455533 v _706_/X (sky130_fd_sc_hd__mux2_1)
                                                         _042_ (net)
                      0.037084    0.000192    2.455724 v _780_/D (sky130_fd_sc_hd__dfrtp_2)
                                              2.455724   data arrival time

                                 20.000000   20.000000   clock CLK (rise edge)
                                  0.000000   20.000000   clock source latency
     1    0.022474    0.079693    0.052589   20.052589 ^ CLK (in)
                                                         CLK (net)
                      0.079747    0.000000   20.052589 ^ clkbuf_0_CLK/A (sky130_fd_sc_hd__clkbuf_16)
    16    0.098607    0.089152    0.128139   20.180729 ^ clkbuf_0_CLK/X (sky130_fd_sc_hd__clkbuf_16)
                                                         clknet_0_CLK (net)
                      0.093297    0.014229   20.194958 ^ clkbuf_4_6_0_CLK/A (sky130_fd_sc_hd__clkbuf_8)
     6    0.019999    0.038272    0.099625   20.294582 ^ clkbuf_4_6_0_CLK/X (sky130_fd_sc_hd__clkbuf_8)
                                                         clknet_4_6_0_CLK (net)
                      0.038286    0.000645   20.295227 ^ _780_/CLK (sky130_fd_sc_hd__dfrtp_2)
                                 -0.250000   20.045229   clock uncertainty
                                  0.019024   20.064253   clock reconvergence pessimism
                                 -0.074876   19.989378   library setup time
                                             19.989378   data required time
---------------------------------------------------------------------------------------------
                                             19.989378   data required time
                                             -2.455724   data arrival time
---------------------------------------------------------------------------------------------
                                             17.533653   slack (MET)


Startpoint: _726_ (rising edge-triggered flip-flop clocked by CLK)
Endpoint: _736_ (rising edge-triggered flip-flop clocked by CLK)
Path Group: CLK
Path Type: max

Fanout         Cap        Slew       Delay        Time   Description
---------------------------------------------------------------------------------------------
                                  0.000000    0.000000   clock CLK (rise edge)
                                  0.000000    0.000000   clock source latency
     1    0.022474    0.079693    0.058125    0.058125 ^ CLK (in)
                                                         CLK (net)
                      0.079747    0.000000    0.058125 ^ clkbuf_0_CLK/A (sky130_fd_sc_hd__clkbuf_16)
    16    0.098607    0.089152    0.141628    0.199752 ^ clkbuf_0_CLK/X (sky130_fd_sc_hd__clkbuf_16)
                                                         clknet_0_CLK (net)
                      0.090845    0.010180    0.209933 ^ clkbuf_4_10_0_CLK/A (sky130_fd_sc_hd__clkbuf_8)
     6    0.022498    0.041346    0.111690    0.321623 ^ clkbuf_4_10_0_CLK/X (sky130_fd_sc_hd__clkbuf_8)
                                                         clknet_4_10_0_CLK (net)
                      0.041518    0.002015    0.323639 ^ _726_/CLK (sky130_fd_sc_hd__dfrtp_2)
     3    0.011382    0.053229    0.247188    0.570827 ^ _726_/Q (sky130_fd_sc_hd__dfrtp_2)
                                                         pwm.pwm_counter[0] (net)
                      0.053234    0.000602    0.571428 ^ hold86/A (sky130_fd_sc_hd__dlygate4sd3_1)
     2    0.010947    0.092731    0.441330    1.012759 ^ hold86/X (sky130_fd_sc_hd__dlygate4sd3_1)
                                                         net85 (net)
                      0.092731    0.000435    1.013194 ^ _362_/A (sky130_fd_sc_hd__inv_2)
     3    0.008737    0.030428    0.029688    1.042882 v _362_/Y (sky130_fd_sc_hd__inv_2)
                                                         _011_ (net)
                      0.030429    0.000080    1.042962 v _391_/B (sky130_fd_sc_hd__or2_2)
     2    0.009227    0.049227    0.182518    1.225479 v _391_/X (sky130_fd_sc_hd__or2_2)
                                                         _083_ (net)
                      0.049233    0.000551    1.226031 v _393_/C (sky130_fd_sc_hd__or4_2)
     1    0.002929    0.065102    0.356555    1.582585 v _393_/X (sky130_fd_sc_hd__or4_2)
                                                         _085_ (net)
                      0.065102    0.000207    1.582793 v fanout32/A (sky130_fd_sc_hd__clkdlybuf4s25_1)
     6    0.037627    0.191674    0.315325    1.898118 v fanout32/X (sky130_fd_sc_hd__clkdlybuf4s25_1)
                                                         net32 (net)
                      0.191750    0.003703    1.901821 v _394_/A (sky130_fd_sc_hd__inv_2)
     4    0.032248    0.128972    0.167786    2.069607 ^ _394_/Y (sky130_fd_sc_hd__inv_2)
                                                         _086_ (net)
                      0.129057    0.002863    2.072470 ^ _425_/A (sky130_fd_sc_hd__nor2_2)
     1    0.003127    0.032293    0.027178    2.099648 v _425_/Y (sky130_fd_sc_hd__nor2_2)
                                                         _012_ (net)
                      0.032294    0.000210    2.099858 v _736_/D (sky130_fd_sc_hd__dfrtp_2)
                                              2.099858   data arrival time

                                 20.000000   20.000000   clock CLK (rise edge)
                                  0.000000   20.000000   clock source latency
     1    0.022474    0.079693    0.052589   20.052589 ^ CLK (in)
                                                         CLK (net)
                      0.079747    0.000000   20.052589 ^ clkbuf_0_CLK/A (sky130_fd_sc_hd__clkbuf_16)
    16    0.098607    0.089152    0.128139   20.180729 ^ clkbuf_0_CLK/X (sky130_fd_sc_hd__clkbuf_16)
                                                         clknet_0_CLK (net)
                      0.090564    0.008457   20.189186 ^ clkbuf_4_9_0_CLK/A (sky130_fd_sc_hd__clkbuf_8)
     6    0.017807    0.035742    0.096689   20.285875 ^ clkbuf_4_9_0_CLK/X (sky130_fd_sc_hd__clkbuf_8)
                                                         clknet_4_9_0_CLK (net)
                      0.035777    0.000917   20.286791 ^ _736_/CLK (sky130_fd_sc_hd__dfrtp_2)
                                 -0.250000   20.036793   clock uncertainty
                                  0.019024   20.055817   clock reconvergence pessimism
                                 -0.073407   19.982410   library setup time
                                             19.982410   data required time
---------------------------------------------------------------------------------------------
                                             19.982410   data required time
                                             -2.099858   data arrival time
---------------------------------------------------------------------------------------------
                                             17.882553   slack (MET)


Startpoint: _726_ (rising edge-triggered flip-flop clocked by CLK)
Endpoint: _732_ (rising edge-triggered flip-flop clocked by CLK)
Path Group: CLK
Path Type: max

Fanout         Cap        Slew       Delay        Time   Description
---------------------------------------------------------------------------------------------
                                  0.000000    0.000000   clock CLK (rise edge)
                                  0.000000    0.000000   clock source latency
     1    0.022474    0.079693    0.058125    0.058125 ^ CLK (in)
                                                         CLK (net)
                      0.079747    0.000000    0.058125 ^ clkbuf_0_CLK/A (sky130_fd_sc_hd__clkbuf_16)
    16    0.098607    0.089152    0.141628    0.199752 ^ clkbuf_0_CLK/X (sky130_fd_sc_hd__clkbuf_16)
                                                         clknet_0_CLK (net)
                      0.090845    0.010180    0.209933 ^ clkbuf_4_10_0_CLK/A (sky130_fd_sc_hd__clkbuf_8)
     6    0.022498    0.041346    0.111690    0.321623 ^ clkbuf_4_10_0_CLK/X (sky130_fd_sc_hd__clkbuf_8)
                                                         clknet_4_10_0_CLK (net)
                      0.041518    0.002015    0.323639 ^ _726_/CLK (sky130_fd_sc_hd__dfrtp_2)
     3    0.011382    0.053229    0.247188    0.570827 ^ _726_/Q (sky130_fd_sc_hd__dfrtp_2)
                                                         pwm.pwm_counter[0] (net)
                      0.053234    0.000602    0.571428 ^ hold86/A (sky130_fd_sc_hd__dlygate4sd3_1)
     2    0.010947    0.092731    0.441330    1.012759 ^ hold86/X (sky130_fd_sc_hd__dlygate4sd3_1)
                                                         net85 (net)
                      0.092731    0.000435    1.013194 ^ _362_/A (sky130_fd_sc_hd__inv_2)
     3    0.008737    0.030428    0.029688    1.042882 v _362_/Y (sky130_fd_sc_hd__inv_2)
                                                         _011_ (net)
                      0.030429    0.000080    1.042962 v _391_/B (sky130_fd_sc_hd__or2_2)
     2    0.009227    0.049227    0.182518    1.225479 v _391_/X (sky130_fd_sc_hd__or2_2)
                                                         _083_ (net)
                      0.049233    0.000551    1.226031 v _393_/C (sky130_fd_sc_hd__or4_2)
     1    0.002929    0.065102    0.356555    1.582585 v _393_/X (sky130_fd_sc_hd__or4_2)
                                                         _085_ (net)
                      0.065102    0.000207    1.582793 v fanout32/A (sky130_fd_sc_hd__clkdlybuf4s25_1)
     6    0.037627    0.191674    0.315325    1.898118 v fanout32/X (sky130_fd_sc_hd__clkdlybuf4s25_1)
                                                         net32 (net)
                      0.191722    0.003009    1.901127 v _415_/A (sky130_fd_sc_hd__and3_2)
     1    0.003165    0.028233    0.174813    2.075940 v _415_/X (sky130_fd_sc_hd__and3_2)
                                                         _018_ (net)
                      0.028233    0.000216    2.076156 v _732_/D (sky130_fd_sc_hd__dfrtp_2)
                                              2.076156   data arrival time

                                 20.000000   20.000000   clock CLK (rise edge)
                                  0.000000   20.000000   clock source latency
     1    0.022474    0.079693    0.052589   20.052589 ^ CLK (in)
                                                         CLK (net)
                      0.079747    0.000000   20.052589 ^ clkbuf_0_CLK/A (sky130_fd_sc_hd__clkbuf_16)
    16    0.098607    0.089152    0.128139   20.180729 ^ clkbuf_0_CLK/X (sky130_fd_sc_hd__clkbuf_16)
                                                         clknet_0_CLK (net)
                      0.090792    0.009075   20.189804 ^ clkbuf_4_11_0_CLK/A (sky130_fd_sc_hd__clkbuf_8)
     6    0.017331    0.035312    0.096041   20.285845 ^ clkbuf_4_11_0_CLK/X (sky130_fd_sc_hd__clkbuf_8)
                                                         clknet_4_11_0_CLK (net)
                      0.035426    0.001604   20.287449 ^ _732_/CLK (sky130_fd_sc_hd__dfrtp_2)
                                 -0.250000   20.037449   clock uncertainty
                                  0.019024   20.056475   clock reconvergence pessimism
                                 -0.071990   19.984484   library setup time
                                             19.984484   data required time
---------------------------------------------------------------------------------------------
                                             19.984484   data required time
                                             -2.076156   data arrival time
---------------------------------------------------------------------------------------------
                                             17.908327   slack (MET)


Startpoint: _726_ (rising edge-triggered flip-flop clocked by CLK)
Endpoint: _727_ (rising edge-triggered flip-flop clocked by CLK)
Path Group: CLK
Path Type: max

Fanout         Cap        Slew       Delay        Time   Description
---------------------------------------------------------------------------------------------
                                  0.000000    0.000000   clock CLK (rise edge)
                                  0.000000    0.000000   clock source latency
     1    0.022474    0.079693    0.058125    0.058125 ^ CLK (in)
                                                         CLK (net)
                      0.079747    0.000000    0.058125 ^ clkbuf_0_CLK/A (sky130_fd_sc_hd__clkbuf_16)
    16    0.098607    0.089152    0.141628    0.199752 ^ clkbuf_0_CLK/X (sky130_fd_sc_hd__clkbuf_16)
                                                         clknet_0_CLK (net)
                      0.090845    0.010180    0.209933 ^ clkbuf_4_10_0_CLK/A (sky130_fd_sc_hd__clkbuf_8)
     6    0.022498    0.041346    0.111690    0.321623 ^ clkbuf_4_10_0_CLK/X (sky130_fd_sc_hd__clkbuf_8)
                                                         clknet_4_10_0_CLK (net)
                      0.041518    0.002015    0.323639 ^ _726_/CLK (sky130_fd_sc_hd__dfrtp_2)
     3    0.011382    0.053229    0.247188    0.570827 ^ _726_/Q (sky130_fd_sc_hd__dfrtp_2)
                                                         pwm.pwm_counter[0] (net)
                      0.053234    0.000602    0.571428 ^ hold86/A (sky130_fd_sc_hd__dlygate4sd3_1)
     2    0.010947    0.092731    0.441330    1.012759 ^ hold86/X (sky130_fd_sc_hd__dlygate4sd3_1)
                                                         net85 (net)
                      0.092731    0.000435    1.013194 ^ _362_/A (sky130_fd_sc_hd__inv_2)
     3    0.008737    0.030428    0.029688    1.042882 v _362_/Y (sky130_fd_sc_hd__inv_2)
                                                         _011_ (net)
                      0.030429    0.000080    1.042962 v _391_/B (sky130_fd_sc_hd__or2_2)
     2    0.009227    0.049227    0.182518    1.225479 v _391_/X (sky130_fd_sc_hd__or2_2)
                                                         _083_ (net)
                      0.049233    0.000551    1.226031 v _393_/C (sky130_fd_sc_hd__or4_2)
     1    0.002929    0.065102    0.356555    1.582585 v _393_/X (sky130_fd_sc_hd__or4_2)
                                                         _085_ (net)
                      0.065102    0.000207    1.582793 v fanout32/A (sky130_fd_sc_hd__clkdlybuf4s25_1)
     6    0.037627    0.191674    0.315325    1.898118 v fanout32/X (sky130_fd_sc_hd__clkdlybuf4s25_1)
                                                         net32 (net)
                      0.191750    0.003703    1.901821 v _394_/A (sky130_fd_sc_hd__inv_2)
     4    0.032248    0.128972    0.167786    2.069607 ^ _394_/Y (sky130_fd_sc_hd__inv_2)
                                                         _086_ (net)
                      0.129083    0.003263    2.072869 ^ _401_/B1 (sky130_fd_sc_hd__a21oi_2)
     1    0.002616    0.026661    0.014349    2.087218 v _401_/Y (sky130_fd_sc_hd__a21oi_2)
                                                         _013_ (net)
                      0.026662    0.000191    2.087409 v _727_/D (sky130_fd_sc_hd__dfrtp_2)
                                              2.087409   data arrival time

                                 20.000000   20.000000   clock CLK (rise edge)
                                  0.000000   20.000000   clock source latency
     1    0.022474    0.079693    0.052589   20.052589 ^ CLK (in)
                                                         CLK (net)
                      0.079747    0.000000   20.052589 ^ clkbuf_0_CLK/A (sky130_fd_sc_hd__clkbuf_16)
    16    0.098607    0.089152    0.128139   20.180729 ^ clkbuf_0_CLK/X (sky130_fd_sc_hd__clkbuf_16)
                                                         clknet_0_CLK (net)
                      0.090845    0.009210   20.189939 ^ clkbuf_4_10_0_CLK/A (sky130_fd_sc_hd__clkbuf_8)
     6    0.022498    0.041346    0.101053   20.290993 ^ clkbuf_4_10_0_CLK/X (sky130_fd_sc_hd__clkbuf_8)
                                                         clknet_4_10_0_CLK (net)
                      0.041509    0.001769   20.292763 ^ _727_/CLK (sky130_fd_sc_hd__dfrtp_2)
                                 -0.250000   20.042763   clock uncertainty
                                  0.030631   20.073395   clock reconvergence pessimism
                                 -0.070845   20.002550   library setup time
                                             20.002550   data required time
---------------------------------------------------------------------------------------------
                                             20.002550   data required time
                                             -2.087409   data arrival time
---------------------------------------------------------------------------------------------
                                             17.915140   slack (MET)


Startpoint: _726_ (rising edge-triggered flip-flop clocked by CLK)
Endpoint: _731_ (rising edge-triggered flip-flop clocked by CLK)
Path Group: CLK
Path Type: max

Fanout         Cap        Slew       Delay        Time   Description
---------------------------------------------------------------------------------------------
                                  0.000000    0.000000   clock CLK (rise edge)
                                  0.000000    0.000000   clock source latency
     1    0.022474    0.079693    0.058125    0.058125 ^ CLK (in)
                                                         CLK (net)
                      0.079747    0.000000    0.058125 ^ clkbuf_0_CLK/A (sky130_fd_sc_hd__clkbuf_16)
    16    0.098607    0.089152    0.141628    0.199752 ^ clkbuf_0_CLK/X (sky130_fd_sc_hd__clkbuf_16)
                                                         clknet_0_CLK (net)
                      0.090845    0.010180    0.209933 ^ clkbuf_4_10_0_CLK/A (sky130_fd_sc_hd__clkbuf_8)
     6    0.022498    0.041346    0.111690    0.321623 ^ clkbuf_4_10_0_CLK/X (sky130_fd_sc_hd__clkbuf_8)
                                                         clknet_4_10_0_CLK (net)
                      0.041518    0.002015    0.323639 ^ _726_/CLK (sky130_fd_sc_hd__dfrtp_2)
     3    0.011382    0.053229    0.247188    0.570827 ^ _726_/Q (sky130_fd_sc_hd__dfrtp_2)
                                                         pwm.pwm_counter[0] (net)
                      0.053234    0.000602    0.571428 ^ hold86/A (sky130_fd_sc_hd__dlygate4sd3_1)
     2    0.010947    0.092731    0.441330    1.012759 ^ hold86/X (sky130_fd_sc_hd__dlygate4sd3_1)
                                                         net85 (net)
                      0.092731    0.000435    1.013194 ^ _362_/A (sky130_fd_sc_hd__inv_2)
     3    0.008737    0.030428    0.029688    1.042882 v _362_/Y (sky130_fd_sc_hd__inv_2)
                                                         _011_ (net)
                      0.030429    0.000080    1.042962 v _391_/B (sky130_fd_sc_hd__or2_2)
     2    0.009227    0.049227    0.182518    1.225479 v _391_/X (sky130_fd_sc_hd__or2_2)
                                                         _083_ (net)
                      0.049233    0.000551    1.226031 v _393_/C (sky130_fd_sc_hd__or4_2)
     1    0.002929    0.065102    0.356555    1.582585 v _393_/X (sky130_fd_sc_hd__or4_2)
                                                         _085_ (net)
                      0.065102    0.000207    1.582793 v fanout32/A (sky130_fd_sc_hd__clkdlybuf4s25_1)
     6    0.037627    0.191674    0.315325    1.898118 v fanout32/X (sky130_fd_sc_hd__clkdlybuf4s25_1)
                                                         net32 (net)
                      0.191703    0.002422    1.900540 v _412_/A (sky130_fd_sc_hd__and3_2)
     1    0.002453    0.026780    0.172410    2.072950 v _412_/X (sky130_fd_sc_hd__and3_2)
                                                         _017_ (net)
                      0.026780    0.000117    2.073067 v _731_/D (sky130_fd_sc_hd__dfrtp_2)
                                              2.073067   data arrival time

                                 20.000000   20.000000   clock CLK (rise edge)
                                  0.000000   20.000000   clock source latency
     1    0.022474    0.079693    0.052589   20.052589 ^ CLK (in)
                                                         CLK (net)
                      0.079747    0.000000   20.052589 ^ clkbuf_0_CLK/A (sky130_fd_sc_hd__clkbuf_16)
    16    0.098607    0.089152    0.128139   20.180729 ^ clkbuf_0_CLK/X (sky130_fd_sc_hd__clkbuf_16)
                                                         clknet_0_CLK (net)
                      0.090845    0.009210   20.189939 ^ clkbuf_4_10_0_CLK/A (sky130_fd_sc_hd__clkbuf_8)
     6    0.022498    0.041346    0.101053   20.290993 ^ clkbuf_4_10_0_CLK/X (sky130_fd_sc_hd__clkbuf_8)
                                                         clknet_4_10_0_CLK (net)
                      0.041491    0.001645   20.292637 ^ _731_/CLK (sky130_fd_sc_hd__dfrtp_2)
                                 -0.250000   20.042639   clock uncertainty
                                  0.030631   20.073269   clock reconvergence pessimism
                                 -0.070889   20.002380   library setup time
                                             20.002380   data required time
---------------------------------------------------------------------------------------------
                                             20.002380   data required time
                                             -2.073067   data arrival time
---------------------------------------------------------------------------------------------
                                             17.929314   slack (MET)


Startpoint: _726_ (rising edge-triggered flip-flop clocked by CLK)
Endpoint: _733_ (rising edge-triggered flip-flop clocked by CLK)
Path Group: CLK
Path Type: max

Fanout         Cap        Slew       Delay        Time   Description
---------------------------------------------------------------------------------------------
                                  0.000000    0.000000   clock CLK (rise edge)
                                  0.000000    0.000000   clock source latency
     1    0.022474    0.079693    0.058125    0.058125 ^ CLK (in)
                                                         CLK (net)
                      0.079747    0.000000    0.058125 ^ clkbuf_0_CLK/A (sky130_fd_sc_hd__clkbuf_16)
    16    0.098607    0.089152    0.141628    0.199752 ^ clkbuf_0_CLK/X (sky130_fd_sc_hd__clkbuf_16)
                                                         clknet_0_CLK (net)
                      0.090845    0.010180    0.209933 ^ clkbuf_4_10_0_CLK/A (sky130_fd_sc_hd__clkbuf_8)
     6    0.022498    0.041346    0.111690    0.321623 ^ clkbuf_4_10_0_CLK/X (sky130_fd_sc_hd__clkbuf_8)
                                                         clknet_4_10_0_CLK (net)
                      0.041518    0.002015    0.323639 ^ _726_/CLK (sky130_fd_sc_hd__dfrtp_2)
     3    0.011382    0.053229    0.247188    0.570827 ^ _726_/Q (sky130_fd_sc_hd__dfrtp_2)
                                                         pwm.pwm_counter[0] (net)
                      0.053234    0.000602    0.571428 ^ hold86/A (sky130_fd_sc_hd__dlygate4sd3_1)
     2    0.010947    0.092731    0.441330    1.012759 ^ hold86/X (sky130_fd_sc_hd__dlygate4sd3_1)
                                                         net85 (net)
                      0.092731    0.000435    1.013194 ^ _362_/A (sky130_fd_sc_hd__inv_2)
     3    0.008737    0.030428    0.029688    1.042882 v _362_/Y (sky130_fd_sc_hd__inv_2)
                                                         _011_ (net)
                      0.030429    0.000080    1.042962 v _391_/B (sky130_fd_sc_hd__or2_2)
     2    0.009227    0.049227    0.182518    1.225479 v _391_/X (sky130_fd_sc_hd__or2_2)
                                                         _083_ (net)
                      0.049233    0.000551    1.226031 v _393_/C (sky130_fd_sc_hd__or4_2)
     1    0.002929    0.065102    0.356555    1.582585 v _393_/X (sky130_fd_sc_hd__or4_2)
                                                         _085_ (net)
                      0.065102    0.000207    1.582793 v fanout32/A (sky130_fd_sc_hd__clkdlybuf4s25_1)
     6    0.037627    0.191674    0.315325    1.898118 v fanout32/X (sky130_fd_sc_hd__clkdlybuf4s25_1)
                                                         net32 (net)
                      0.191716    0.002846    1.900963 v _418_/C1 (sky130_fd_sc_hd__o211a_2)
     1    0.002883    0.030195    0.135882    2.036845 v _418_/X (sky130_fd_sc_hd__o211a_2)
                                                         _019_ (net)
                      0.030195    0.000203    2.037048 v _733_/D (sky130_fd_sc_hd__dfrtp_2)
                                              2.037048   data arrival time

                                 20.000000   20.000000   clock CLK (rise edge)
                                  0.000000   20.000000   clock source latency
     1    0.022474    0.079693    0.052589   20.052589 ^ CLK (in)
                                                         CLK (net)
                      0.079747    0.000000   20.052589 ^ clkbuf_0_CLK/A (sky130_fd_sc_hd__clkbuf_16)
    16    0.098607    0.089152    0.128139   20.180729 ^ clkbuf_0_CLK/X (sky130_fd_sc_hd__clkbuf_16)
                                                         clknet_0_CLK (net)
                      0.090845    0.009210   20.189939 ^ clkbuf_4_10_0_CLK/A (sky130_fd_sc_hd__clkbuf_8)
     6    0.022498    0.041346    0.101053   20.290993 ^ clkbuf_4_10_0_CLK/X (sky130_fd_sc_hd__clkbuf_8)
                                                         clknet_4_10_0_CLK (net)
                      0.041394    0.001208   20.292200 ^ _733_/CLK (sky130_fd_sc_hd__dfrtp_2)
                                 -0.250000   20.042202   clock uncertainty
                                  0.030631   20.072832   clock reconvergence pessimism
                                 -0.072117   20.000717   library setup time
                                             20.000717   data required time
---------------------------------------------------------------------------------------------
                                             20.000717   data required time
                                             -2.037048   data arrival time
---------------------------------------------------------------------------------------------
                                             17.963669   slack (MET)


Startpoint: _763_ (rising edge-triggered flip-flop clocked by CLK)
Endpoint: _762_ (rising edge-triggered flip-flop clocked by CLK)
Path Group: CLK
Path Type: max

Fanout         Cap        Slew       Delay        Time   Description
---------------------------------------------------------------------------------------------
                                  0.000000    0.000000   clock CLK (rise edge)
                                  0.000000    0.000000   clock source latency
     1    0.022474    0.079693    0.058125    0.058125 ^ CLK (in)
                                                         CLK (net)
                      0.079747    0.000000    0.058125 ^ clkbuf_0_CLK/A (sky130_fd_sc_hd__clkbuf_16)
    16    0.098607    0.089152    0.141628    0.199752 ^ clkbuf_0_CLK/X (sky130_fd_sc_hd__clkbuf_16)
                                                         clknet_0_CLK (net)
                      0.090837    0.010159    0.209912 ^ clkbuf_4_14_0_CLK/A (sky130_fd_sc_hd__clkbuf_8)
     6    0.018503    0.036525    0.107800    0.317712 ^ clkbuf_4_14_0_CLK/X (sky130_fd_sc_hd__clkbuf_8)
                                                         clknet_4_14_0_CLK (net)
                      0.036550    0.000881    0.318593 ^ _763_/CLK (sky130_fd_sc_hd__dfrtp_2)
     2    0.005150    0.032731    0.256941    0.575535 v _763_/Q (sky130_fd_sc_hd__dfrtp_2)
                                                         gates.phase_a.dead_count[2] (net)
                      0.032731    0.000141    0.575675 v hold78/A (sky130_fd_sc_hd__dlygate4sd3_1)
     2    0.008961    0.060112    0.408085    0.983761 v hold78/X (sky130_fd_sc_hd__dlygate4sd3_1)
                                                         net77 (net)
                      0.060196    0.000546    0.984307 v _669_/B (sky130_fd_sc_hd__or3_2)
     3    0.013781    0.074869    0.310806    1.295113 v _669_/X (sky130_fd_sc_hd__or3_2)
                                                         _341_ (net)
                      0.074869    0.000149    1.295261 v _672_/C_N (sky130_fd_sc_hd__or3b_2)
     1    0.002621    0.023024    0.144015    1.439276 ^ _672_/X (sky130_fd_sc_hd__or3b_2)
                                                         _342_ (net)
                      0.023024    0.000168    1.439444 ^ _673_/B1_N (sky130_fd_sc_hd__a21bo_2)
     1    0.002634    0.024979    0.100767    1.540211 v _673_/X (sky130_fd_sc_hd__a21bo_2)
                                                         _024_ (net)
                      0.024979    0.000172    1.540383 v hold102/A (sky130_fd_sc_hd__dlygate4sd3_1)
     1    0.003467    0.041262    0.379652    1.920035 v hold102/X (sky130_fd_sc_hd__dlygate4sd3_1)
                                                         net101 (net)
                      0.041262    0.000240    1.920275 v _762_/D (sky130_fd_sc_hd__dfrtp_2)
                                              1.920275   data arrival time

                                 20.000000   20.000000   clock CLK (rise edge)
                                  0.000000   20.000000   clock source latency
     1    0.022474    0.079693    0.052589   20.052589 ^ CLK (in)
                                                         CLK (net)
                      0.079747    0.000000   20.052589 ^ clkbuf_0_CLK/A (sky130_fd_sc_hd__clkbuf_16)
    16    0.098607    0.089152    0.128139   20.180729 ^ clkbuf_0_CLK/X (sky130_fd_sc_hd__clkbuf_16)
                                                         clknet_0_CLK (net)
                      0.090837    0.009191   20.189920 ^ clkbuf_4_14_0_CLK/A (sky130_fd_sc_hd__clkbuf_8)
     6    0.018503    0.036525    0.097534   20.287455 ^ clkbuf_4_14_0_CLK/X (sky130_fd_sc_hd__clkbuf_8)
                                                         clknet_4_14_0_CLK (net)
                      0.036547    0.000760   20.288214 ^ _762_/CLK (sky130_fd_sc_hd__dfrtp_2)
                                 -0.250000   20.038216   clock uncertainty
                                  0.030258   20.068474   clock reconvergence pessimism
                                 -0.076535   19.991940   library setup time
                                             19.991940   data required time
---------------------------------------------------------------------------------------------
                                             19.991940   data required time
                                             -1.920275   data arrival time
---------------------------------------------------------------------------------------------
                                             18.071663   slack (MET)


Startpoint: _775_ (rising edge-triggered flip-flop clocked by CLK)
Endpoint: _774_ (rising edge-triggered flip-flop clocked by CLK)
Path Group: CLK
Path Type: max

Fanout         Cap        Slew       Delay        Time   Description
---------------------------------------------------------------------------------------------
                                  0.000000    0.000000   clock CLK (rise edge)
                                  0.000000    0.000000   clock source latency
     1    0.022474    0.079693    0.058125    0.058125 ^ CLK (in)
                                                         CLK (net)
                      0.079747    0.000000    0.058125 ^ clkbuf_0_CLK/A (sky130_fd_sc_hd__clkbuf_16)
    16    0.098607    0.089152    0.141628    0.199752 ^ clkbuf_0_CLK/X (sky130_fd_sc_hd__clkbuf_16)
                                                         clknet_0_CLK (net)
                      0.089891    0.006933    0.206686 ^ clkbuf_4_8_0_CLK/A (sky130_fd_sc_hd__clkbuf_8)
     6    0.022610    0.041224    0.112019    0.318704 ^ clkbuf_4_8_0_CLK/X (sky130_fd_sc_hd__clkbuf_8)
                                                         clknet_4_8_0_CLK (net)
                      0.041255    0.001101    0.319805 ^ _775_/CLK (sky130_fd_sc_hd__dfrtp_2)
     2    0.004504    0.031381    0.256384    0.576189 v _775_/Q (sky130_fd_sc_hd__dfrtp_2)
                                                         gates.phase_c.dead_count[2] (net)
                      0.031381    0.000271    0.576459 v hold75/A (sky130_fd_sc_hd__dlygate4sd3_1)
     2    0.007590    0.054918    0.401435    0.977894 v hold75/X (sky130_fd_sc_hd__dlygate4sd3_1)
                                                         net74 (net)
                      0.054918    0.000339    0.978233 v _647_/B (sky130_fd_sc_hd__or3_2)
     3    0.012475    0.072251    0.304509    1.282743 v _647_/X (sky130_fd_sc_hd__or3_2)
                                                         _324_ (net)
                      0.072252    0.000449    1.283192 v _695_/C_N (sky130_fd_sc_hd__or3b_2)
     1    0.002374    0.022017    0.142011    1.425203 ^ _695_/X (sky130_fd_sc_hd__or3b_2)
                                                         _354_ (net)
                      0.022017    0.000154    1.425358 ^ _696_/B1_N (sky130_fd_sc_hd__a21bo_2)
     1    0.001961    0.023658    0.098523    1.523881 v _696_/X (sky130_fd_sc_hd__a21bo_2)
                                                         _036_ (net)
                      0.023658    0.000147    1.524028 v hold97/A (sky130_fd_sc_hd__dlygate4sd3_1)
     1    0.002647    0.037468    0.373950    1.897977 v hold97/X (sky130_fd_sc_hd__dlygate4sd3_1)
                                                         net96 (net)
                      0.037468    0.000204    1.898182 v _774_/D (sky130_fd_sc_hd__dfrtp_2)
                                              1.898182   data arrival time

                                 20.000000   20.000000   clock CLK (rise edge)
                                  0.000000   20.000000   clock source latency
     1    0.022474    0.079693    0.052589   20.052589 ^ CLK (in)
                                                         CLK (net)
                      0.079747    0.000000   20.052589 ^ clkbuf_0_CLK/A (sky130_fd_sc_hd__clkbuf_16)
    16    0.098607    0.089152    0.128139   20.180729 ^ clkbuf_0_CLK/X (sky130_fd_sc_hd__clkbuf_16)
                                                         clknet_0_CLK (net)
                      0.089891    0.006272   20.187000 ^ clkbuf_4_8_0_CLK/A (sky130_fd_sc_hd__clkbuf_8)
     6    0.022610    0.041224    0.101352   20.288353 ^ clkbuf_4_8_0_CLK/X (sky130_fd_sc_hd__clkbuf_8)
                                                         clknet_4_8_0_CLK (net)
                      0.041227    0.000423   20.288776 ^ _774_/CLK (sky130_fd_sc_hd__dfrtp_2)
                                 -0.250000   20.038776   clock uncertainty
                                  0.030353   20.069130   clock reconvergence pessimism
                                 -0.074729   19.994400   library setup time
                                             19.994400   data required time
---------------------------------------------------------------------------------------------
                                             19.994400   data required time
                                             -1.898182   data arrival time
---------------------------------------------------------------------------------------------
                                             18.096218   slack (MET)


Startpoint: _805_ (rising edge-triggered flip-flop clocked by CLK)
Endpoint: _735_ (recovery check against rising-edge clock CLK)
Path Group: asynchronous
Path Type: max

Fanout         Cap        Slew       Delay        Time   Description
---------------------------------------------------------------------------------------------
                                  0.000000    0.000000   clock CLK (rise edge)
                                  0.000000    0.000000   clock source latency
     1    0.022474    0.079693    0.058125    0.058125 ^ CLK (in)
                                                         CLK (net)
                      0.079747    0.000000    0.058125 ^ clkbuf_0_CLK/A (sky130_fd_sc_hd__clkbuf_16)
    16    0.098607    0.089152    0.141628    0.199752 ^ clkbuf_0_CLK/X (sky130_fd_sc_hd__clkbuf_16)
                                                         clknet_0_CLK (net)
                      0.091856    0.012742    0.212494 ^ clkbuf_4_13_0_CLK/A (sky130_fd_sc_hd__clkbuf_8)
     6    0.018460    0.036503    0.107893    0.320387 ^ clkbuf_4_13_0_CLK/X (sky130_fd_sc_hd__clkbuf_8)
                                                         clknet_4_13_0_CLK (net)
                      0.036538    0.001064    0.321452 ^ _805_/CLK (sky130_fd_sc_hd__dfrtp_2)
     1    0.002776    0.025641    0.217763    0.539215 ^ _805_/Q (sky130_fd_sc_hd__dfrtp_2)
                                                         control.reset_n (net)
                      0.025641    0.000187    0.539402 ^ hold58/A (sky130_fd_sc_hd__dlygate4sd3_1)
     3    0.017758    0.141864    0.471381    1.010783 ^ hold58/X (sky130_fd_sc_hd__dlygate4sd3_1)
                                                         net57 (net)
                      0.141864    0.000532    1.011315 ^ fanout48/A (sky130_fd_sc_hd__clkdlybuf4s25_1)
     2    0.015277    0.120828    0.255343    1.266658 ^ fanout48/X (sky130_fd_sc_hd__clkdlybuf4s25_1)
                                                         net48 (net)
                      0.120828    0.000459    1.267117 ^ fanout47/A (sky130_fd_sc_hd__clkdlybuf4s25_1)
     8    0.040366    0.304089    0.386057    1.653174 ^ fanout47/X (sky130_fd_sc_hd__clkdlybuf4s25_1)
                                                         net47 (net)
                      0.304202    0.002370    1.655544 ^ fanout44/A (sky130_fd_sc_hd__clkdlybuf4s25_1)
     2    0.006596    0.058255    0.222050    1.877594 ^ fanout44/X (sky130_fd_sc_hd__clkdlybuf4s25_1)
                                                         net44 (net)
                      0.058257    0.000430    1.878024 ^ load_slew45/A (sky130_fd_sc_hd__clkbuf_4)
     9    0.044036    0.105543    0.153740    2.031764 ^ load_slew45/X (sky130_fd_sc_hd__clkbuf_4)
                                                         net45 (net)
                      0.105858    0.004903    2.036667 ^ _735_/RESET_B (sky130_fd_sc_hd__dfrtp_2)
                                              2.036667   data arrival time

                                 20.000000   20.000000   clock CLK (rise edge)
                                  0.000000   20.000000   clock source latency
     1    0.022474    0.079693    0.052589   20.052589 ^ CLK (in)
                                                         CLK (net)
                      0.079747    0.000000   20.052589 ^ clkbuf_0_CLK/A (sky130_fd_sc_hd__clkbuf_16)
    16    0.098607    0.089152    0.128139   20.180729 ^ clkbuf_0_CLK/X (sky130_fd_sc_hd__clkbuf_16)
                                                         clknet_0_CLK (net)
                      0.090792    0.009075   20.189804 ^ clkbuf_4_11_0_CLK/A (sky130_fd_sc_hd__clkbuf_8)
     6    0.017331    0.035312    0.096041   20.285845 ^ clkbuf_4_11_0_CLK/X (sky130_fd_sc_hd__clkbuf_8)
                                                         clknet_4_11_0_CLK (net)
                      0.035325    0.000707   20.286552 ^ _735_/CLK (sky130_fd_sc_hd__dfrtp_2)
                                 -0.250000   20.036552   clock uncertainty
                                  0.019024   20.055578   clock reconvergence pessimism
                                  0.115165   20.170742   library recovery time
                                             20.170742   data required time
---------------------------------------------------------------------------------------------
                                             20.170742   data required time
                                             -2.036667   data arrival time
---------------------------------------------------------------------------------------------
                                             18.134075   slack (MET)


Startpoint: _805_ (rising edge-triggered flip-flop clocked by CLK)
Endpoint: _766_ (recovery check against rising-edge clock CLK)
Path Group: asynchronous
Path Type: max

Fanout         Cap        Slew       Delay        Time   Description
---------------------------------------------------------------------------------------------
                                  0.000000    0.000000   clock CLK (rise edge)
                                  0.000000    0.000000   clock source latency
     1    0.022474    0.079693    0.058125    0.058125 ^ CLK (in)
                                                         CLK (net)
                      0.079747    0.000000    0.058125 ^ clkbuf_0_CLK/A (sky130_fd_sc_hd__clkbuf_16)
    16    0.098607    0.089152    0.141628    0.199752 ^ clkbuf_0_CLK/X (sky130_fd_sc_hd__clkbuf_16)
                                                         clknet_0_CLK (net)
                      0.091856    0.012742    0.212494 ^ clkbuf_4_13_0_CLK/A (sky130_fd_sc_hd__clkbuf_8)
     6    0.018460    0.036503    0.107893    0.320387 ^ clkbuf_4_13_0_CLK/X (sky130_fd_sc_hd__clkbuf_8)
                                                         clknet_4_13_0_CLK (net)
                      0.036538    0.001064    0.321452 ^ _805_/CLK (sky130_fd_sc_hd__dfrtp_2)
     1    0.002776    0.025641    0.217763    0.539215 ^ _805_/Q (sky130_fd_sc_hd__dfrtp_2)
                                                         control.reset_n (net)
                      0.025641    0.000187    0.539402 ^ hold58/A (sky130_fd_sc_hd__dlygate4sd3_1)
     3    0.017758    0.141864    0.471381    1.010783 ^ hold58/X (sky130_fd_sc_hd__dlygate4sd3_1)
                                                         net57 (net)
                      0.141864    0.000532    1.011315 ^ fanout48/A (sky130_fd_sc_hd__clkdlybuf4s25_1)
     2    0.015277    0.120828    0.255343    1.266658 ^ fanout48/X (sky130_fd_sc_hd__clkdlybuf4s25_1)
                                                         net48 (net)
                      0.120828    0.000459    1.267117 ^ fanout47/A (sky130_fd_sc_hd__clkdlybuf4s25_1)
     8    0.040366    0.304089    0.386057    1.653174 ^ fanout47/X (sky130_fd_sc_hd__clkdlybuf4s25_1)
                                                         net47 (net)
                      0.304202    0.002370    1.655544 ^ fanout44/A (sky130_fd_sc_hd__clkdlybuf4s25_1)
     2    0.006596    0.058255    0.222050    1.877594 ^ fanout44/X (sky130_fd_sc_hd__clkdlybuf4s25_1)
                                                         net44 (net)
                      0.058257    0.000430    1.878024 ^ load_slew45/A (sky130_fd_sc_hd__clkbuf_4)
     9    0.044036    0.105543    0.153740    2.031764 ^ load_slew45/X (sky130_fd_sc_hd__clkbuf_4)
                                                         net45 (net)
                      0.105854    0.004875    2.036639 ^ _766_/RESET_B (sky130_fd_sc_hd__dfrtp_2)
                                              2.036639   data arrival time

                                 20.000000   20.000000   clock CLK (rise edge)
                                  0.000000   20.000000   clock source latency
     1    0.022474    0.079693    0.052589   20.052589 ^ CLK (in)
                                                         CLK (net)
                      0.079747    0.000000   20.052589 ^ clkbuf_0_CLK/A (sky130_fd_sc_hd__clkbuf_16)
    16    0.098607    0.089152    0.128139   20.180729 ^ clkbuf_0_CLK/X (sky130_fd_sc_hd__clkbuf_16)
                                                         clknet_0_CLK (net)
                      0.090564    0.008457   20.189186 ^ clkbuf_4_9_0_CLK/A (sky130_fd_sc_hd__clkbuf_8)
     6    0.017807    0.035742    0.096689   20.285875 ^ clkbuf_4_9_0_CLK/X (sky130_fd_sc_hd__clkbuf_8)
                                                         clknet_4_9_0_CLK (net)
                      0.035779    0.000945   20.286819 ^ _766_/CLK (sky130_fd_sc_hd__dfrtp_2)
                                 -0.250000   20.036821   clock uncertainty
                                  0.019024   20.055845   clock reconvergence pessimism
                                  0.115236   20.171082   library recovery time
                                             20.171082   data required time
---------------------------------------------------------------------------------------------
                                             20.171082   data required time
                                             -2.036639   data arrival time
---------------------------------------------------------------------------------------------
                                             18.134441   slack (MET)


Startpoint: _805_ (rising edge-triggered flip-flop clocked by CLK)
Endpoint: _764_ (recovery check against rising-edge clock CLK)
Path Group: asynchronous
Path Type: max

Fanout         Cap        Slew       Delay        Time   Description
---------------------------------------------------------------------------------------------
                                  0.000000    0.000000   clock CLK (rise edge)
                                  0.000000    0.000000   clock source latency
     1    0.022474    0.079693    0.058125    0.058125 ^ CLK (in)
                                                         CLK (net)
                      0.079747    0.000000    0.058125 ^ clkbuf_0_CLK/A (sky130_fd_sc_hd__clkbuf_16)
    16    0.098607    0.089152    0.141628    0.199752 ^ clkbuf_0_CLK/X (sky130_fd_sc_hd__clkbuf_16)
                                                         clknet_0_CLK (net)
                      0.091856    0.012742    0.212494 ^ clkbuf_4_13_0_CLK/A (sky130_fd_sc_hd__clkbuf_8)
     6    0.018460    0.036503    0.107893    0.320387 ^ clkbuf_4_13_0_CLK/X (sky130_fd_sc_hd__clkbuf_8)
                                                         clknet_4_13_0_CLK (net)
                      0.036538    0.001064    0.321452 ^ _805_/CLK (sky130_fd_sc_hd__dfrtp_2)
     1    0.002776    0.025641    0.217763    0.539215 ^ _805_/Q (sky130_fd_sc_hd__dfrtp_2)
                                                         control.reset_n (net)
                      0.025641    0.000187    0.539402 ^ hold58/A (sky130_fd_sc_hd__dlygate4sd3_1)
     3    0.017758    0.141864    0.471381    1.010783 ^ hold58/X (sky130_fd_sc_hd__dlygate4sd3_1)
                                                         net57 (net)
                      0.141864    0.000532    1.011315 ^ fanout48/A (sky130_fd_sc_hd__clkdlybuf4s25_1)
     2    0.015277    0.120828    0.255343    1.266658 ^ fanout48/X (sky130_fd_sc_hd__clkdlybuf4s25_1)
                                                         net48 (net)
                      0.120828    0.000459    1.267117 ^ fanout47/A (sky130_fd_sc_hd__clkdlybuf4s25_1)
     8    0.040366    0.304089    0.386057    1.653174 ^ fanout47/X (sky130_fd_sc_hd__clkdlybuf4s25_1)
                                                         net47 (net)
                      0.304202    0.002370    1.655544 ^ fanout44/A (sky130_fd_sc_hd__clkdlybuf4s25_1)
     2    0.006596    0.058255    0.222050    1.877594 ^ fanout44/X (sky130_fd_sc_hd__clkdlybuf4s25_1)
                                                         net44 (net)
                      0.058257    0.000430    1.878024 ^ load_slew45/A (sky130_fd_sc_hd__clkbuf_4)
     9    0.044036    0.105543    0.153740    2.031764 ^ load_slew45/X (sky130_fd_sc_hd__clkbuf_4)
                                                         net45 (net)
                      0.105825    0.004651    2.036415 ^ _764_/RESET_B (sky130_fd_sc_hd__dfrtp_2)
                                              2.036415   data arrival time

                                 20.000000   20.000000   clock CLK (rise edge)
                                  0.000000   20.000000   clock source latency
     1    0.022474    0.079693    0.052589   20.052589 ^ CLK (in)
                                                         CLK (net)
                      0.079747    0.000000   20.052589 ^ clkbuf_0_CLK/A (sky130_fd_sc_hd__clkbuf_16)
    16    0.098607    0.089152    0.128139   20.180729 ^ clkbuf_0_CLK/X (sky130_fd_sc_hd__clkbuf_16)
                                                         clknet_0_CLK (net)
                      0.090564    0.008457   20.189186 ^ clkbuf_4_9_0_CLK/A (sky130_fd_sc_hd__clkbuf_8)
     6    0.017807    0.035742    0.096689   20.285875 ^ clkbuf_4_9_0_CLK/X (sky130_fd_sc_hd__clkbuf_8)
                                                         clknet_4_9_0_CLK (net)
                      0.035785    0.001009   20.286884 ^ _764_/CLK (sky130_fd_sc_hd__dfrtp_2)
                                 -0.250000   20.036884   clock uncertainty
                                  0.019024   20.055910   clock reconvergence pessimism
                                  0.115245   20.171154   library recovery time
                                             20.171154   data required time
---------------------------------------------------------------------------------------------
                                             20.171154   data required time
                                             -2.036415   data arrival time
---------------------------------------------------------------------------------------------
                                             18.134739   slack (MET)


Startpoint: _805_ (rising edge-triggered flip-flop clocked by CLK)
Endpoint: _736_ (recovery check against rising-edge clock CLK)
Path Group: asynchronous
Path Type: max

Fanout         Cap        Slew       Delay        Time   Description
---------------------------------------------------------------------------------------------
                                  0.000000    0.000000   clock CLK (rise edge)
                                  0.000000    0.000000   clock source latency
     1    0.022474    0.079693    0.058125    0.058125 ^ CLK (in)
                                                         CLK (net)
                      0.079747    0.000000    0.058125 ^ clkbuf_0_CLK/A (sky130_fd_sc_hd__clkbuf_16)
    16    0.098607    0.089152    0.141628    0.199752 ^ clkbuf_0_CLK/X (sky130_fd_sc_hd__clkbuf_16)
                                                         clknet_0_CLK (net)
                      0.091856    0.012742    0.212494 ^ clkbuf_4_13_0_CLK/A (sky130_fd_sc_hd__clkbuf_8)
     6    0.018460    0.036503    0.107893    0.320387 ^ clkbuf_4_13_0_CLK/X (sky130_fd_sc_hd__clkbuf_8)
                                                         clknet_4_13_0_CLK (net)
                      0.036538    0.001064    0.321452 ^ _805_/CLK (sky130_fd_sc_hd__dfrtp_2)
     1    0.002776    0.025641    0.217763    0.539215 ^ _805_/Q (sky130_fd_sc_hd__dfrtp_2)
                                                         control.reset_n (net)
                      0.025641    0.000187    0.539402 ^ hold58/A (sky130_fd_sc_hd__dlygate4sd3_1)
     3    0.017758    0.141864    0.471381    1.010783 ^ hold58/X (sky130_fd_sc_hd__dlygate4sd3_1)
                                                         net57 (net)
                      0.141864    0.000532    1.011315 ^ fanout48/A (sky130_fd_sc_hd__clkdlybuf4s25_1)
     2    0.015277    0.120828    0.255343    1.266658 ^ fanout48/X (sky130_fd_sc_hd__clkdlybuf4s25_1)
                                                         net48 (net)
                      0.120828    0.000459    1.267117 ^ fanout47/A (sky130_fd_sc_hd__clkdlybuf4s25_1)
     8    0.040366    0.304089    0.386057    1.653174 ^ fanout47/X (sky130_fd_sc_hd__clkdlybuf4s25_1)
                                                         net47 (net)
                      0.304202    0.002370    1.655544 ^ fanout44/A (sky130_fd_sc_hd__clkdlybuf4s25_1)
     2    0.006596    0.058255    0.222050    1.877594 ^ fanout44/X (sky130_fd_sc_hd__clkdlybuf4s25_1)
                                                         net44 (net)
                      0.058257    0.000430    1.878024 ^ load_slew45/A (sky130_fd_sc_hd__clkbuf_4)
     9    0.044036    0.105543    0.153740    2.031764 ^ load_slew45/X (sky130_fd_sc_hd__clkbuf_4)
                                                         net45 (net)
                      0.105740    0.003906    2.035670 ^ _736_/RESET_B (sky130_fd_sc_hd__dfrtp_2)
                                              2.035670   data arrival time

                                 20.000000   20.000000   clock CLK (rise edge)
                                  0.000000   20.000000   clock source latency
     1    0.022474    0.079693    0.052589   20.052589 ^ CLK (in)
                                                         CLK (net)
                      0.079747    0.000000   20.052589 ^ clkbuf_0_CLK/A (sky130_fd_sc_hd__clkbuf_16)
    16    0.098607    0.089152    0.128139   20.180729 ^ clkbuf_0_CLK/X (sky130_fd_sc_hd__clkbuf_16)
                                                         clknet_0_CLK (net)
                      0.090564    0.008457   20.189186 ^ clkbuf_4_9_0_CLK/A (sky130_fd_sc_hd__clkbuf_8)
     6    0.017807    0.035742    0.096689   20.285875 ^ clkbuf_4_9_0_CLK/X (sky130_fd_sc_hd__clkbuf_8)
                                                         clknet_4_9_0_CLK (net)
                      0.035777    0.000917   20.286791 ^ _736_/CLK (sky130_fd_sc_hd__dfrtp_2)
                                 -0.250000   20.036793   clock uncertainty
                                  0.019024   20.055817   clock reconvergence pessimism
                                  0.115265   20.171083   library recovery time
                                             20.171083   data required time
---------------------------------------------------------------------------------------------
                                             20.171083   data required time
                                             -2.035670   data arrival time
---------------------------------------------------------------------------------------------
                                             18.135414   slack (MET)


Startpoint: _805_ (rising edge-triggered flip-flop clocked by CLK)
Endpoint: _758_ (recovery check against rising-edge clock CLK)
Path Group: asynchronous
Path Type: max

Fanout         Cap        Slew       Delay        Time   Description
---------------------------------------------------------------------------------------------
                                  0.000000    0.000000   clock CLK (rise edge)
                                  0.000000    0.000000   clock source latency
     1    0.022474    0.079693    0.058125    0.058125 ^ CLK (in)
                                                         CLK (net)
                      0.079747    0.000000    0.058125 ^ clkbuf_0_CLK/A (sky130_fd_sc_hd__clkbuf_16)
    16    0.098607    0.089152    0.141628    0.199752 ^ clkbuf_0_CLK/X (sky130_fd_sc_hd__clkbuf_16)
                                                         clknet_0_CLK (net)
                      0.091856    0.012742    0.212494 ^ clkbuf_4_13_0_CLK/A (sky130_fd_sc_hd__clkbuf_8)
     6    0.018460    0.036503    0.107893    0.320387 ^ clkbuf_4_13_0_CLK/X (sky130_fd_sc_hd__clkbuf_8)
                                                         clknet_4_13_0_CLK (net)
                      0.036538    0.001064    0.321452 ^ _805_/CLK (sky130_fd_sc_hd__dfrtp_2)
     1    0.002776    0.025641    0.217763    0.539215 ^ _805_/Q (sky130_fd_sc_hd__dfrtp_2)
                                                         control.reset_n (net)
                      0.025641    0.000187    0.539402 ^ hold58/A (sky130_fd_sc_hd__dlygate4sd3_1)
     3    0.017758    0.141864    0.471381    1.010783 ^ hold58/X (sky130_fd_sc_hd__dlygate4sd3_1)
                                                         net57 (net)
                      0.141864    0.000532    1.011315 ^ fanout48/A (sky130_fd_sc_hd__clkdlybuf4s25_1)
     2    0.015277    0.120828    0.255343    1.266658 ^ fanout48/X (sky130_fd_sc_hd__clkdlybuf4s25_1)
                                                         net48 (net)
                      0.120828    0.000459    1.267117 ^ fanout47/A (sky130_fd_sc_hd__clkdlybuf4s25_1)
     8    0.040366    0.304089    0.386057    1.653174 ^ fanout47/X (sky130_fd_sc_hd__clkdlybuf4s25_1)
                                                         net47 (net)
                      0.304202    0.002370    1.655544 ^ fanout44/A (sky130_fd_sc_hd__clkdlybuf4s25_1)
     2    0.006596    0.058255    0.222050    1.877594 ^ fanout44/X (sky130_fd_sc_hd__clkdlybuf4s25_1)
                                                         net44 (net)
                      0.058257    0.000430    1.878024 ^ load_slew45/A (sky130_fd_sc_hd__clkbuf_4)
     9    0.044036    0.105543    0.153740    2.031764 ^ load_slew45/X (sky130_fd_sc_hd__clkbuf_4)
                                                         net45 (net)
                      0.105725    0.003767    2.035531 ^ _758_/RESET_B (sky130_fd_sc_hd__dfrtp_2)
                                              2.035531   data arrival time

                                 20.000000   20.000000   clock CLK (rise edge)
                                  0.000000   20.000000   clock source latency
     1    0.022474    0.079693    0.052589   20.052589 ^ CLK (in)
                                                         CLK (net)
                      0.079747    0.000000   20.052589 ^ clkbuf_0_CLK/A (sky130_fd_sc_hd__clkbuf_16)
    16    0.098607    0.089152    0.128139   20.180729 ^ clkbuf_0_CLK/X (sky130_fd_sc_hd__clkbuf_16)
                                                         clknet_0_CLK (net)
                      0.090564    0.008457   20.189186 ^ clkbuf_4_9_0_CLK/A (sky130_fd_sc_hd__clkbuf_8)
     6    0.017807    0.035742    0.096689   20.285875 ^ clkbuf_4_9_0_CLK/X (sky130_fd_sc_hd__clkbuf_8)
                                                         clknet_4_9_0_CLK (net)
                      0.035766    0.000783   20.286657 ^ _758_/CLK (sky130_fd_sc_hd__dfrtp_2)
                                 -0.250000   20.036659   clock uncertainty
                                  0.019024   20.055683   clock reconvergence pessimism
                                  0.115267   20.170952   library recovery time
                                             20.170952   data required time
---------------------------------------------------------------------------------------------
                                             20.170952   data required time
                                             -2.035531   data arrival time
---------------------------------------------------------------------------------------------
                                             18.135420   slack (MET)


Startpoint: _805_ (rising edge-triggered flip-flop clocked by CLK)
Endpoint: _763_ (recovery check against rising-edge clock CLK)
Path Group: asynchronous
Path Type: max

Fanout         Cap        Slew       Delay        Time   Description
---------------------------------------------------------------------------------------------
                                  0.000000    0.000000   clock CLK (rise edge)
                                  0.000000    0.000000   clock source latency
     1    0.022474    0.079693    0.058125    0.058125 ^ CLK (in)
                                                         CLK (net)
                      0.079747    0.000000    0.058125 ^ clkbuf_0_CLK/A (sky130_fd_sc_hd__clkbuf_16)
    16    0.098607    0.089152    0.141628    0.199752 ^ clkbuf_0_CLK/X (sky130_fd_sc_hd__clkbuf_16)
                                                         clknet_0_CLK (net)
                      0.091856    0.012742    0.212494 ^ clkbuf_4_13_0_CLK/A (sky130_fd_sc_hd__clkbuf_8)
     6    0.018460    0.036503    0.107893    0.320387 ^ clkbuf_4_13_0_CLK/X (sky130_fd_sc_hd__clkbuf_8)
                                                         clknet_4_13_0_CLK (net)
                      0.036538    0.001064    0.321452 ^ _805_/CLK (sky130_fd_sc_hd__dfrtp_2)
     1    0.002776    0.025641    0.217763    0.539215 ^ _805_/Q (sky130_fd_sc_hd__dfrtp_2)
                                                         control.reset_n (net)
                      0.025641    0.000187    0.539402 ^ hold58/A (sky130_fd_sc_hd__dlygate4sd3_1)
     3    0.017758    0.141864    0.471381    1.010783 ^ hold58/X (sky130_fd_sc_hd__dlygate4sd3_1)
                                                         net57 (net)
                      0.141864    0.000532    1.011315 ^ fanout48/A (sky130_fd_sc_hd__clkdlybuf4s25_1)
     2    0.015277    0.120828    0.255343    1.266658 ^ fanout48/X (sky130_fd_sc_hd__clkdlybuf4s25_1)
                                                         net48 (net)
                      0.120828    0.000459    1.267117 ^ fanout47/A (sky130_fd_sc_hd__clkdlybuf4s25_1)
     8    0.040366    0.304089    0.386057    1.653174 ^ fanout47/X (sky130_fd_sc_hd__clkdlybuf4s25_1)
                                                         net47 (net)
                      0.304202    0.002370    1.655544 ^ fanout44/A (sky130_fd_sc_hd__clkdlybuf4s25_1)
     2    0.006596    0.058255    0.222050    1.877594 ^ fanout44/X (sky130_fd_sc_hd__clkdlybuf4s25_1)
                                                         net44 (net)
                      0.058257    0.000430    1.878024 ^ load_slew45/A (sky130_fd_sc_hd__clkbuf_4)
     9    0.044036    0.105543    0.153740    2.031764 ^ load_slew45/X (sky130_fd_sc_hd__clkbuf_4)
                                                         net45 (net)
                      0.105717    0.003681    2.035446 ^ _763_/RESET_B (sky130_fd_sc_hd__dfrtp_2)
                                              2.035446   data arrival time

                                 20.000000   20.000000   clock CLK (rise edge)
                                  0.000000   20.000000   clock source latency
     1    0.022474    0.079693    0.052589   20.052589 ^ CLK (in)
                                                         CLK (net)
                      0.079747    0.000000   20.052589 ^ clkbuf_0_CLK/A (sky130_fd_sc_hd__clkbuf_16)
    16    0.098607    0.089152    0.128139   20.180729 ^ clkbuf_0_CLK/X (sky130_fd_sc_hd__clkbuf_16)
                                                         clknet_0_CLK (net)
                      0.090837    0.009191   20.189920 ^ clkbuf_4_14_0_CLK/A (sky130_fd_sc_hd__clkbuf_8)
     6    0.018503    0.036525    0.097534   20.287455 ^ clkbuf_4_14_0_CLK/X (sky130_fd_sc_hd__clkbuf_8)
                                                         clknet_4_14_0_CLK (net)
                      0.036550    0.000798   20.288252 ^ _763_/CLK (sky130_fd_sc_hd__dfrtp_2)
                                 -0.250000   20.038252   clock uncertainty
                                  0.019024   20.057278   clock reconvergence pessimism
                                  0.115391   20.172670   library recovery time
                                             20.172670   data required time
---------------------------------------------------------------------------------------------
                                             20.172670   data required time
                                             -2.035446   data arrival time
---------------------------------------------------------------------------------------------
                                             18.137224   slack (MET)


Startpoint: _805_ (rising edge-triggered flip-flop clocked by CLK)
Endpoint: _761_ (recovery check against rising-edge clock CLK)
Path Group: asynchronous
Path Type: max

Fanout         Cap        Slew       Delay        Time   Description
---------------------------------------------------------------------------------------------
                                  0.000000    0.000000   clock CLK (rise edge)
                                  0.000000    0.000000   clock source latency
     1    0.022474    0.079693    0.058125    0.058125 ^ CLK (in)
                                                         CLK (net)
                      0.079747    0.000000    0.058125 ^ clkbuf_0_CLK/A (sky130_fd_sc_hd__clkbuf_16)
    16    0.098607    0.089152    0.141628    0.199752 ^ clkbuf_0_CLK/X (sky130_fd_sc_hd__clkbuf_16)
                                                         clknet_0_CLK (net)
                      0.091856    0.012742    0.212494 ^ clkbuf_4_13_0_CLK/A (sky130_fd_sc_hd__clkbuf_8)
     6    0.018460    0.036503    0.107893    0.320387 ^ clkbuf_4_13_0_CLK/X (sky130_fd_sc_hd__clkbuf_8)
                                                         clknet_4_13_0_CLK (net)
                      0.036538    0.001064    0.321452 ^ _805_/CLK (sky130_fd_sc_hd__dfrtp_2)
     1    0.002776    0.025641    0.217763    0.539215 ^ _805_/Q (sky130_fd_sc_hd__dfrtp_2)
                                                         control.reset_n (net)
                      0.025641    0.000187    0.539402 ^ hold58/A (sky130_fd_sc_hd__dlygate4sd3_1)
     3    0.017758    0.141864    0.471381    1.010783 ^ hold58/X (sky130_fd_sc_hd__dlygate4sd3_1)
                                                         net57 (net)
                      0.141864    0.000532    1.011315 ^ fanout48/A (sky130_fd_sc_hd__clkdlybuf4s25_1)
     2    0.015277    0.120828    0.255343    1.266658 ^ fanout48/X (sky130_fd_sc_hd__clkdlybuf4s25_1)
                                                         net48 (net)
                      0.120828    0.000459    1.267117 ^ fanout47/A (sky130_fd_sc_hd__clkdlybuf4s25_1)
     8    0.040366    0.304089    0.386057    1.653174 ^ fanout47/X (sky130_fd_sc_hd__clkdlybuf4s25_1)
                                                         net47 (net)
                      0.304202    0.002370    1.655544 ^ fanout44/A (sky130_fd_sc_hd__clkdlybuf4s25_1)
     2    0.006596    0.058255    0.222050    1.877594 ^ fanout44/X (sky130_fd_sc_hd__clkdlybuf4s25_1)
                                                         net44 (net)
                      0.058257    0.000430    1.878024 ^ load_slew45/A (sky130_fd_sc_hd__clkbuf_4)
     9    0.044036    0.105543    0.153740    2.031764 ^ load_slew45/X (sky130_fd_sc_hd__clkbuf_4)
                                                         net45 (net)
                      0.105646    0.002849    2.034613 ^ _761_/RESET_B (sky130_fd_sc_hd__dfrtp_2)
                                              2.034613   data arrival time

                                 20.000000   20.000000   clock CLK (rise edge)
                                  0.000000   20.000000   clock source latency
     1    0.022474    0.079693    0.052589   20.052589 ^ CLK (in)
                                                         CLK (net)
                      0.079747    0.000000   20.052589 ^ clkbuf_0_CLK/A (sky130_fd_sc_hd__clkbuf_16)
    16    0.098607    0.089152    0.128139   20.180729 ^ clkbuf_0_CLK/X (sky130_fd_sc_hd__clkbuf_16)
                                                         clknet_0_CLK (net)
                      0.090837    0.009191   20.189920 ^ clkbuf_4_14_0_CLK/A (sky130_fd_sc_hd__clkbuf_8)
     6    0.018503    0.036525    0.097534   20.287455 ^ clkbuf_4_14_0_CLK/X (sky130_fd_sc_hd__clkbuf_8)
                                                         clknet_4_14_0_CLK (net)
                      0.036535    0.000545   20.288000 ^ _761_/CLK (sky130_fd_sc_hd__dfrtp_2)
                                 -0.250000   20.038000   clock uncertainty
                                  0.019024   20.057026   clock reconvergence pessimism
                                  0.115407   20.172434   library recovery time
                                             20.172434   data required time
---------------------------------------------------------------------------------------------
                                             20.172434   data required time
                                             -2.034613   data arrival time
---------------------------------------------------------------------------------------------
                                             18.137821   slack (MET)


Startpoint: _805_ (rising edge-triggered flip-flop clocked by CLK)
Endpoint: _765_ (recovery check against rising-edge clock CLK)
Path Group: asynchronous
Path Type: max

Fanout         Cap        Slew       Delay        Time   Description
---------------------------------------------------------------------------------------------
                                  0.000000    0.000000   clock CLK (rise edge)
                                  0.000000    0.000000   clock source latency
     1    0.022474    0.079693    0.058125    0.058125 ^ CLK (in)
                                                         CLK (net)
                      0.079747    0.000000    0.058125 ^ clkbuf_0_CLK/A (sky130_fd_sc_hd__clkbuf_16)
    16    0.098607    0.089152    0.141628    0.199752 ^ clkbuf_0_CLK/X (sky130_fd_sc_hd__clkbuf_16)
                                                         clknet_0_CLK (net)
                      0.091856    0.012742    0.212494 ^ clkbuf_4_13_0_CLK/A (sky130_fd_sc_hd__clkbuf_8)
     6    0.018460    0.036503    0.107893    0.320387 ^ clkbuf_4_13_0_CLK/X (sky130_fd_sc_hd__clkbuf_8)
                                                         clknet_4_13_0_CLK (net)
                      0.036538    0.001064    0.321452 ^ _805_/CLK (sky130_fd_sc_hd__dfrtp_2)
     1    0.002776    0.025641    0.217763    0.539215 ^ _805_/Q (sky130_fd_sc_hd__dfrtp_2)
                                                         control.reset_n (net)
                      0.025641    0.000187    0.539402 ^ hold58/A (sky130_fd_sc_hd__dlygate4sd3_1)
     3    0.017758    0.141864    0.471381    1.010783 ^ hold58/X (sky130_fd_sc_hd__dlygate4sd3_1)
                                                         net57 (net)
                      0.141864    0.000532    1.011315 ^ fanout48/A (sky130_fd_sc_hd__clkdlybuf4s25_1)
     2    0.015277    0.120828    0.255343    1.266658 ^ fanout48/X (sky130_fd_sc_hd__clkdlybuf4s25_1)
                                                         net48 (net)
                      0.120828    0.000459    1.267117 ^ fanout47/A (sky130_fd_sc_hd__clkdlybuf4s25_1)
     8    0.040366    0.304089    0.386057    1.653174 ^ fanout47/X (sky130_fd_sc_hd__clkdlybuf4s25_1)
                                                         net47 (net)
                      0.304202    0.002370    1.655544 ^ fanout44/A (sky130_fd_sc_hd__clkdlybuf4s25_1)
     2    0.006596    0.058255    0.222050    1.877594 ^ fanout44/X (sky130_fd_sc_hd__clkdlybuf4s25_1)
                                                         net44 (net)
                      0.058257    0.000430    1.878024 ^ load_slew45/A (sky130_fd_sc_hd__clkbuf_4)
     9    0.044036    0.105543    0.153740    2.031764 ^ load_slew45/X (sky130_fd_sc_hd__clkbuf_4)
                                                         net45 (net)
                      0.105760    0.004092    2.035856 ^ _765_/RESET_B (sky130_fd_sc_hd__dfrtp_2)
                                              2.035856   data arrival time

                                 20.000000   20.000000   clock CLK (rise edge)
                                  0.000000   20.000000   clock source latency
     1    0.022474    0.079693    0.052589   20.052589 ^ CLK (in)
                                                         CLK (net)
                      0.079747    0.000000   20.052589 ^ clkbuf_0_CLK/A (sky130_fd_sc_hd__clkbuf_16)
    16    0.098607    0.089152    0.128139   20.180729 ^ clkbuf_0_CLK/X (sky130_fd_sc_hd__clkbuf_16)
                                                         clknet_0_CLK (net)
                      0.089891    0.006272   20.187000 ^ clkbuf_4_8_0_CLK/A (sky130_fd_sc_hd__clkbuf_8)
     6    0.022610    0.041224    0.101352   20.288353 ^ clkbuf_4_8_0_CLK/X (sky130_fd_sc_hd__clkbuf_8)
                                                         clknet_4_8_0_CLK (net)
                      0.041227    0.000425   20.288778 ^ _765_/CLK (sky130_fd_sc_hd__dfrtp_2)
                                 -0.250000   20.038778   clock uncertainty
                                  0.019024   20.057802   clock reconvergence pessimism
                                  0.116108   20.173912   library recovery time
                                             20.173912   data required time
---------------------------------------------------------------------------------------------
                                             20.173912   data required time
                                             -2.035856   data arrival time
---------------------------------------------------------------------------------------------
                                             18.138056   slack (MET)


Startpoint: _805_ (rising edge-triggered flip-flop clocked by CLK)
Endpoint: _762_ (recovery check against rising-edge clock CLK)
Path Group: asynchronous
Path Type: max

Fanout         Cap        Slew       Delay        Time   Description
---------------------------------------------------------------------------------------------
                                  0.000000    0.000000   clock CLK (rise edge)
                                  0.000000    0.000000   clock source latency
     1    0.022474    0.079693    0.058125    0.058125 ^ CLK (in)
                                                         CLK (net)
                      0.079747    0.000000    0.058125 ^ clkbuf_0_CLK/A (sky130_fd_sc_hd__clkbuf_16)
    16    0.098607    0.089152    0.141628    0.199752 ^ clkbuf_0_CLK/X (sky130_fd_sc_hd__clkbuf_16)
                                                         clknet_0_CLK (net)
                      0.091856    0.012742    0.212494 ^ clkbuf_4_13_0_CLK/A (sky130_fd_sc_hd__clkbuf_8)
     6    0.018460    0.036503    0.107893    0.320387 ^ clkbuf_4_13_0_CLK/X (sky130_fd_sc_hd__clkbuf_8)
                                                         clknet_4_13_0_CLK (net)
                      0.036538    0.001064    0.321452 ^ _805_/CLK (sky130_fd_sc_hd__dfrtp_2)
     1    0.002776    0.025641    0.217763    0.539215 ^ _805_/Q (sky130_fd_sc_hd__dfrtp_2)
                                                         control.reset_n (net)
                      0.025641    0.000187    0.539402 ^ hold58/A (sky130_fd_sc_hd__dlygate4sd3_1)
     3    0.017758    0.141864    0.471381    1.010783 ^ hold58/X (sky130_fd_sc_hd__dlygate4sd3_1)
                                                         net57 (net)
                      0.141864    0.000532    1.011315 ^ fanout48/A (sky130_fd_sc_hd__clkdlybuf4s25_1)
     2    0.015277    0.120828    0.255343    1.266658 ^ fanout48/X (sky130_fd_sc_hd__clkdlybuf4s25_1)
                                                         net48 (net)
                      0.120828    0.000459    1.267117 ^ fanout47/A (sky130_fd_sc_hd__clkdlybuf4s25_1)
     8    0.040366    0.304089    0.386057    1.653174 ^ fanout47/X (sky130_fd_sc_hd__clkdlybuf4s25_1)
                                                         net47 (net)
                      0.304202    0.002370    1.655544 ^ fanout44/A (sky130_fd_sc_hd__clkdlybuf4s25_1)
     2    0.006596    0.058255    0.222050    1.877594 ^ fanout44/X (sky130_fd_sc_hd__clkdlybuf4s25_1)
                                                         net44 (net)
                      0.058257    0.000430    1.878024 ^ load_slew45/A (sky130_fd_sc_hd__clkbuf_4)
     9    0.044036    0.105543    0.153740    2.031764 ^ load_slew45/X (sky130_fd_sc_hd__clkbuf_4)
                                                         net45 (net)
                      0.105638    0.002744    2.034509 ^ _762_/RESET_B (sky130_fd_sc_hd__dfrtp_2)
                                              2.034509   data arrival time

                                 20.000000   20.000000   clock CLK (rise edge)
                                  0.000000   20.000000   clock source latency
     1    0.022474    0.079693    0.052589   20.052589 ^ CLK (in)
                                                         CLK (net)
                      0.079747    0.000000   20.052589 ^ clkbuf_0_CLK/A (sky130_fd_sc_hd__clkbuf_16)
    16    0.098607    0.089152    0.128139   20.180729 ^ clkbuf_0_CLK/X (sky130_fd_sc_hd__clkbuf_16)
                                                         clknet_0_CLK (net)
                      0.090837    0.009191   20.189920 ^ clkbuf_4_14_0_CLK/A (sky130_fd_sc_hd__clkbuf_8)
     6    0.018503    0.036525    0.097534   20.287455 ^ clkbuf_4_14_0_CLK/X (sky130_fd_sc_hd__clkbuf_8)
                                                         clknet_4_14_0_CLK (net)
                      0.036547    0.000760   20.288214 ^ _762_/CLK (sky130_fd_sc_hd__dfrtp_2)
                                 -0.250000   20.038216   clock uncertainty
                                  0.019024   20.057240   clock reconvergence pessimism
                                  0.115411   20.172651   library recovery time
                                             20.172651   data required time
---------------------------------------------------------------------------------------------
                                             20.172651   data required time
                                             -2.034509   data arrival time
---------------------------------------------------------------------------------------------
                                             18.138142   slack (MET)


Startpoint: _763_ (rising edge-triggered flip-flop clocked by CLK)
Endpoint: _763_ (rising edge-triggered flip-flop clocked by CLK)
Path Group: CLK
Path Type: max

Fanout         Cap        Slew       Delay        Time   Description
---------------------------------------------------------------------------------------------
                                  0.000000    0.000000   clock CLK (rise edge)
                                  0.000000    0.000000   clock source latency
     1    0.022474    0.079693    0.058125    0.058125 ^ CLK (in)
                                                         CLK (net)
                      0.079747    0.000000    0.058125 ^ clkbuf_0_CLK/A (sky130_fd_sc_hd__clkbuf_16)
    16    0.098607    0.089152    0.141628    0.199752 ^ clkbuf_0_CLK/X (sky130_fd_sc_hd__clkbuf_16)
                                                         clknet_0_CLK (net)
                      0.090837    0.010159    0.209912 ^ clkbuf_4_14_0_CLK/A (sky130_fd_sc_hd__clkbuf_8)
     6    0.018503    0.036525    0.107800    0.317712 ^ clkbuf_4_14_0_CLK/X (sky130_fd_sc_hd__clkbuf_8)
                                                         clknet_4_14_0_CLK (net)
                      0.036550    0.000881    0.318593 ^ _763_/CLK (sky130_fd_sc_hd__dfrtp_2)
     2    0.005150    0.032731    0.256941    0.575535 v _763_/Q (sky130_fd_sc_hd__dfrtp_2)
                                                         gates.phase_a.dead_count[2] (net)
                      0.032731    0.000141    0.575675 v hold78/A (sky130_fd_sc_hd__dlygate4sd3_1)
     2    0.008961    0.060112    0.408085    0.983761 v hold78/X (sky130_fd_sc_hd__dlygate4sd3_1)
                                                         net77 (net)
                      0.060197    0.000594    0.984355 v _674_/B1 (sky130_fd_sc_hd__o21ai_2)
     1    0.002546    0.059330    0.044954    1.029309 ^ _674_/Y (sky130_fd_sc_hd__o21ai_2)
                                                         _343_ (net)
                      0.059330    0.000190    1.029499 ^ hold79/A (sky130_fd_sc_hd__dlygate4sd3_1)
     1    0.005305    0.054168    0.410473    1.439972 ^ hold79/X (sky130_fd_sc_hd__dlygate4sd3_1)
                                                         net78 (net)
                      0.054168    0.000258    1.440230 ^ _675_/B1 (sky130_fd_sc_hd__o21ai_2)
     1    0.002450    0.034310    0.020544    1.460774 v _675_/Y (sky130_fd_sc_hd__o21ai_2)
                                                         _025_ (net)
                      0.034310    0.000126    1.460900 v hold80/A (sky130_fd_sc_hd__dlygate4sd3_1)
     1    0.002351    0.036592    0.376347    1.837247 v hold80/X (sky130_fd_sc_hd__dlygate4sd3_1)
                                                         net79 (net)
                      0.036592    0.000180    1.837427 v _763_/D (sky130_fd_sc_hd__dfrtp_2)
                                              1.837427   data arrival time

                                 20.000000   20.000000   clock CLK (rise edge)
                                  0.000000   20.000000   clock source latency
     1    0.022474    0.079693    0.052589   20.052589 ^ CLK (in)
                                                         CLK (net)
                      0.079747    0.000000   20.052589 ^ clkbuf_0_CLK/A (sky130_fd_sc_hd__clkbuf_16)
    16    0.098607    0.089152    0.128139   20.180729 ^ clkbuf_0_CLK/X (sky130_fd_sc_hd__clkbuf_16)
                                                         clknet_0_CLK (net)
                      0.090837    0.009191   20.189920 ^ clkbuf_4_14_0_CLK/A (sky130_fd_sc_hd__clkbuf_8)
     6    0.018503    0.036525    0.097534   20.287455 ^ clkbuf_4_14_0_CLK/X (sky130_fd_sc_hd__clkbuf_8)
                                                         clknet_4_14_0_CLK (net)
                      0.036550    0.000798   20.288252 ^ _763_/CLK (sky130_fd_sc_hd__dfrtp_2)
                                 -0.250000   20.038252   clock uncertainty
                                  0.030342   20.068594   clock reconvergence pessimism
                                 -0.074867   19.993729   library setup time
                                             19.993729   data required time
---------------------------------------------------------------------------------------------
                                             19.993729   data required time
                                             -1.837427   data arrival time
---------------------------------------------------------------------------------------------
                                             18.156301   slack (MET)


Startpoint: _775_ (rising edge-triggered flip-flop clocked by CLK)
Endpoint: _775_ (rising edge-triggered flip-flop clocked by CLK)
Path Group: CLK
Path Type: max

Fanout         Cap        Slew       Delay        Time   Description
---------------------------------------------------------------------------------------------
                                  0.000000    0.000000   clock CLK (rise edge)
                                  0.000000    0.000000   clock source latency
     1    0.022474    0.079693    0.058125    0.058125 ^ CLK (in)
                                                         CLK (net)
                      0.079747    0.000000    0.058125 ^ clkbuf_0_CLK/A (sky130_fd_sc_hd__clkbuf_16)
    16    0.098607    0.089152    0.141628    0.199752 ^ clkbuf_0_CLK/X (sky130_fd_sc_hd__clkbuf_16)
                                                         clknet_0_CLK (net)
                      0.089891    0.006933    0.206686 ^ clkbuf_4_8_0_CLK/A (sky130_fd_sc_hd__clkbuf_8)
     6    0.022610    0.041224    0.112019    0.318704 ^ clkbuf_4_8_0_CLK/X (sky130_fd_sc_hd__clkbuf_8)
                                                         clknet_4_8_0_CLK (net)
                      0.041255    0.001101    0.319805 ^ _775_/CLK (sky130_fd_sc_hd__dfrtp_2)
     2    0.004504    0.031381    0.256384    0.576189 v _775_/Q (sky130_fd_sc_hd__dfrtp_2)
                                                         gates.phase_c.dead_count[2] (net)
                      0.031381    0.000271    0.576459 v hold75/A (sky130_fd_sc_hd__dlygate4sd3_1)
     2    0.007590    0.054918    0.401435    0.977894 v hold75/X (sky130_fd_sc_hd__dlygate4sd3_1)
                                                         net74 (net)
                      0.054918    0.000313    0.978207 v _697_/B1 (sky130_fd_sc_hd__o21ai_2)
     1    0.002382    0.058059    0.042704    1.020911 ^ _697_/Y (sky130_fd_sc_hd__o21ai_2)
                                                         _355_ (net)
                      0.058059    0.000173    1.021084 ^ hold76/A (sky130_fd_sc_hd__dlygate4sd3_1)
     1    0.004941    0.051738    0.408120    1.429204 ^ hold76/X (sky130_fd_sc_hd__dlygate4sd3_1)
                                                         net75 (net)
                      0.051738    0.000387    1.429591 ^ _698_/B1 (sky130_fd_sc_hd__o21ai_2)
     1    0.001991    0.033833    0.019126    1.448717 v _698_/Y (sky130_fd_sc_hd__o21ai_2)
                                                         _037_ (net)
                      0.033833    0.000147    1.448864 v hold77/A (sky130_fd_sc_hd__dlygate4sd3_1)
     1    0.002517    0.037058    0.377202    1.826066 v hold77/X (sky130_fd_sc_hd__dlygate4sd3_1)
                                                         net76 (net)
                      0.037058    0.000195    1.826261 v _775_/D (sky130_fd_sc_hd__dfrtp_2)
                                              1.826261   data arrival time

                                 20.000000   20.000000   clock CLK (rise edge)
                                  0.000000   20.000000   clock source latency
     1    0.022474    0.079693    0.052589   20.052589 ^ CLK (in)
                                                         CLK (net)
                      0.079747    0.000000   20.052589 ^ clkbuf_0_CLK/A (sky130_fd_sc_hd__clkbuf_16)
    16    0.098607    0.089152    0.128139   20.180729 ^ clkbuf_0_CLK/X (sky130_fd_sc_hd__clkbuf_16)
                                                         clknet_0_CLK (net)
                      0.089891    0.006272   20.187000 ^ clkbuf_4_8_0_CLK/A (sky130_fd_sc_hd__clkbuf_8)
     6    0.022610    0.041224    0.101352   20.288353 ^ clkbuf_4_8_0_CLK/X (sky130_fd_sc_hd__clkbuf_8)
                                                         clknet_4_8_0_CLK (net)
                      0.041255    0.000995   20.289349 ^ _775_/CLK (sky130_fd_sc_hd__dfrtp_2)
                                 -0.250000   20.039349   clock uncertainty
                                  0.030458   20.069805   clock reconvergence pessimism
                                 -0.074581   19.995226   library setup time
                                             19.995226   data required time
---------------------------------------------------------------------------------------------
                                             19.995226   data required time
                                             -1.826261   data arrival time
---------------------------------------------------------------------------------------------
                                             18.168966   slack (MET)


Startpoint: _805_ (rising edge-triggered flip-flop clocked by CLK)
Endpoint: _770_ (recovery check against rising-edge clock CLK)
Path Group: asynchronous
Path Type: max

Fanout         Cap        Slew       Delay        Time   Description
---------------------------------------------------------------------------------------------
                                  0.000000    0.000000   clock CLK (rise edge)
                                  0.000000    0.000000   clock source latency
     1    0.022474    0.079693    0.058125    0.058125 ^ CLK (in)
                                                         CLK (net)
                      0.079747    0.000000    0.058125 ^ clkbuf_0_CLK/A (sky130_fd_sc_hd__clkbuf_16)
    16    0.098607    0.089152    0.141628    0.199752 ^ clkbuf_0_CLK/X (sky130_fd_sc_hd__clkbuf_16)
                                                         clknet_0_CLK (net)
                      0.091856    0.012742    0.212494 ^ clkbuf_4_13_0_CLK/A (sky130_fd_sc_hd__clkbuf_8)
     6    0.018460    0.036503    0.107893    0.320387 ^ clkbuf_4_13_0_CLK/X (sky130_fd_sc_hd__clkbuf_8)
                                                         clknet_4_13_0_CLK (net)
                      0.036538    0.001064    0.321452 ^ _805_/CLK (sky130_fd_sc_hd__dfrtp_2)
     1    0.002776    0.025641    0.217763    0.539215 ^ _805_/Q (sky130_fd_sc_hd__dfrtp_2)
                                                         control.reset_n (net)
                      0.025641    0.000187    0.539402 ^ hold58/A (sky130_fd_sc_hd__dlygate4sd3_1)
     3    0.017758    0.141864    0.471381    1.010783 ^ hold58/X (sky130_fd_sc_hd__dlygate4sd3_1)
                                                         net57 (net)
                      0.141864    0.000532    1.011315 ^ fanout48/A (sky130_fd_sc_hd__clkdlybuf4s25_1)
     2    0.015277    0.120828    0.255343    1.266658 ^ fanout48/X (sky130_fd_sc_hd__clkdlybuf4s25_1)
                                                         net48 (net)
                      0.120828    0.000459    1.267117 ^ fanout47/A (sky130_fd_sc_hd__clkdlybuf4s25_1)
     8    0.040366    0.304089    0.386057    1.653174 ^ fanout47/X (sky130_fd_sc_hd__clkdlybuf4s25_1)
                                                         net47 (net)
                      0.304199    0.002263    1.655437 ^ fanout46/A (sky130_fd_sc_hd__clkdlybuf4s25_1)
     5    0.021616    0.167140    0.301485    1.956923 ^ fanout46/X (sky130_fd_sc_hd__clkdlybuf4s25_1)
                                                         net46 (net)
                      0.167170    0.002314    1.959237 ^ _770_/RESET_B (sky130_fd_sc_hd__dfrtp_2)
                                              1.959237   data arrival time

                                 20.000000   20.000000   clock CLK (rise edge)
                                  0.000000   20.000000   clock source latency
     1    0.022474    0.079693    0.052589   20.052589 ^ CLK (in)
                                                         CLK (net)
                      0.079747    0.000000   20.052589 ^ clkbuf_0_CLK/A (sky130_fd_sc_hd__clkbuf_16)
    16    0.098607    0.089152    0.128139   20.180729 ^ clkbuf_0_CLK/X (sky130_fd_sc_hd__clkbuf_16)
                                                         clknet_0_CLK (net)
                      0.090837    0.009191   20.189920 ^ clkbuf_4_14_0_CLK/A (sky130_fd_sc_hd__clkbuf_8)
     6    0.018503    0.036525    0.097534   20.287455 ^ clkbuf_4_14_0_CLK/X (sky130_fd_sc_hd__clkbuf_8)
                                                         clknet_4_14_0_CLK (net)
                      0.036548    0.000776   20.288231 ^ _770_/CLK (sky130_fd_sc_hd__dfrtp_2)
                                 -0.250000   20.038231   clock uncertainty
                                  0.019024   20.057257   clock reconvergence pessimism
                                  0.099630   20.156887   library recovery time
                                             20.156887   data required time
---------------------------------------------------------------------------------------------
                                             20.156887   data required time
                                             -1.959237   data arrival time
---------------------------------------------------------------------------------------------
                                             18.197651   slack (MET)


Startpoint: _805_ (rising edge-triggered flip-flop clocked by CLK)
Endpoint: _771_ (recovery check against rising-edge clock CLK)
Path Group: asynchronous
Path Type: max

Fanout         Cap        Slew       Delay        Time   Description
---------------------------------------------------------------------------------------------
                                  0.000000    0.000000   clock CLK (rise edge)
                                  0.000000    0.000000   clock source latency
     1    0.022474    0.079693    0.058125    0.058125 ^ CLK (in)
                                                         CLK (net)
                      0.079747    0.000000    0.058125 ^ clkbuf_0_CLK/A (sky130_fd_sc_hd__clkbuf_16)
    16    0.098607    0.089152    0.141628    0.199752 ^ clkbuf_0_CLK/X (sky130_fd_sc_hd__clkbuf_16)
                                                         clknet_0_CLK (net)
                      0.091856    0.012742    0.212494 ^ clkbuf_4_13_0_CLK/A (sky130_fd_sc_hd__clkbuf_8)
     6    0.018460    0.036503    0.107893    0.320387 ^ clkbuf_4_13_0_CLK/X (sky130_fd_sc_hd__clkbuf_8)
                                                         clknet_4_13_0_CLK (net)
                      0.036538    0.001064    0.321452 ^ _805_/CLK (sky130_fd_sc_hd__dfrtp_2)
     1    0.002776    0.025641    0.217763    0.539215 ^ _805_/Q (sky130_fd_sc_hd__dfrtp_2)
                                                         control.reset_n (net)
                      0.025641    0.000187    0.539402 ^ hold58/A (sky130_fd_sc_hd__dlygate4sd3_1)
     3    0.017758    0.141864    0.471381    1.010783 ^ hold58/X (sky130_fd_sc_hd__dlygate4sd3_1)
                                                         net57 (net)
                      0.141864    0.000532    1.011315 ^ fanout48/A (sky130_fd_sc_hd__clkdlybuf4s25_1)
     2    0.015277    0.120828    0.255343    1.266658 ^ fanout48/X (sky130_fd_sc_hd__clkdlybuf4s25_1)
                                                         net48 (net)
                      0.120828    0.000459    1.267117 ^ fanout47/A (sky130_fd_sc_hd__clkdlybuf4s25_1)
     8    0.040366    0.304089    0.386057    1.653174 ^ fanout47/X (sky130_fd_sc_hd__clkdlybuf4s25_1)
                                                         net47 (net)
                      0.304199    0.002263    1.655437 ^ fanout46/A (sky130_fd_sc_hd__clkdlybuf4s25_1)
     5    0.021616    0.167140    0.301485    1.956923 ^ fanout46/X (sky130_fd_sc_hd__clkdlybuf4s25_1)
                                                         net46 (net)
                      0.167169    0.002303    1.959226 ^ _771_/RESET_B (sky130_fd_sc_hd__dfrtp_2)
                                              1.959226   data arrival time

                                 20.000000   20.000000   clock CLK (rise edge)
                                  0.000000   20.000000   clock source latency
     1    0.022474    0.079693    0.052589   20.052589 ^ CLK (in)
                                                         CLK (net)
                      0.079747    0.000000   20.052589 ^ clkbuf_0_CLK/A (sky130_fd_sc_hd__clkbuf_16)
    16    0.098607    0.089152    0.128139   20.180729 ^ clkbuf_0_CLK/X (sky130_fd_sc_hd__clkbuf_16)
                                                         clknet_0_CLK (net)
                      0.090837    0.009191   20.189920 ^ clkbuf_4_14_0_CLK/A (sky130_fd_sc_hd__clkbuf_8)
     6    0.018503    0.036525    0.097534   20.287455 ^ clkbuf_4_14_0_CLK/X (sky130_fd_sc_hd__clkbuf_8)
                                                         clknet_4_14_0_CLK (net)
                      0.036551    0.000815   20.288269 ^ _771_/CLK (sky130_fd_sc_hd__dfrtp_2)
                                 -0.250000   20.038271   clock uncertainty
                                  0.019024   20.057295   clock reconvergence pessimism
                                  0.099631   20.156925   library recovery time
                                             20.156925   data required time
---------------------------------------------------------------------------------------------
                                             20.156925   data required time
                                             -1.959226   data arrival time
---------------------------------------------------------------------------------------------
                                             18.197701   slack (MET)


Startpoint: _805_ (rising edge-triggered flip-flop clocked by CLK)
Endpoint: _772_ (recovery check against rising-edge clock CLK)
Path Group: asynchronous
Path Type: max

Fanout         Cap        Slew       Delay        Time   Description
---------------------------------------------------------------------------------------------
                                  0.000000    0.000000   clock CLK (rise edge)
                                  0.000000    0.000000   clock source latency
     1    0.022474    0.079693    0.058125    0.058125 ^ CLK (in)
                                                         CLK (net)
                      0.079747    0.000000    0.058125 ^ clkbuf_0_CLK/A (sky130_fd_sc_hd__clkbuf_16)
    16    0.098607    0.089152    0.141628    0.199752 ^ clkbuf_0_CLK/X (sky130_fd_sc_hd__clkbuf_16)
                                                         clknet_0_CLK (net)
                      0.091856    0.012742    0.212494 ^ clkbuf_4_13_0_CLK/A (sky130_fd_sc_hd__clkbuf_8)
     6    0.018460    0.036503    0.107893    0.320387 ^ clkbuf_4_13_0_CLK/X (sky130_fd_sc_hd__clkbuf_8)
                                                         clknet_4_13_0_CLK (net)
                      0.036538    0.001064    0.321452 ^ _805_/CLK (sky130_fd_sc_hd__dfrtp_2)
     1    0.002776    0.025641    0.217763    0.539215 ^ _805_/Q (sky130_fd_sc_hd__dfrtp_2)
                                                         control.reset_n (net)
                      0.025641    0.000187    0.539402 ^ hold58/A (sky130_fd_sc_hd__dlygate4sd3_1)
     3    0.017758    0.141864    0.471381    1.010783 ^ hold58/X (sky130_fd_sc_hd__dlygate4sd3_1)
                                                         net57 (net)
                      0.141864    0.000532    1.011315 ^ fanout48/A (sky130_fd_sc_hd__clkdlybuf4s25_1)
     2    0.015277    0.120828    0.255343    1.266658 ^ fanout48/X (sky130_fd_sc_hd__clkdlybuf4s25_1)
                                                         net48 (net)
                      0.120828    0.000459    1.267117 ^ fanout47/A (sky130_fd_sc_hd__clkdlybuf4s25_1)
     8    0.040366    0.304089    0.386057    1.653174 ^ fanout47/X (sky130_fd_sc_hd__clkdlybuf4s25_1)
                                                         net47 (net)
                      0.304199    0.002263    1.655437 ^ fanout46/A (sky130_fd_sc_hd__clkdlybuf4s25_1)
     5    0.021616    0.167140    0.301485    1.956923 ^ fanout46/X (sky130_fd_sc_hd__clkdlybuf4s25_1)
                                                         net46 (net)
                      0.167168    0.002275    1.959198 ^ _772_/RESET_B (sky130_fd_sc_hd__dfrtp_2)
                                              1.959198   data arrival time

                                 20.000000   20.000000   clock CLK (rise edge)
                                  0.000000   20.000000   clock source latency
     1    0.022474    0.079693    0.052589   20.052589 ^ CLK (in)
                                                         CLK (net)
                      0.079747    0.000000   20.052589 ^ clkbuf_0_CLK/A (sky130_fd_sc_hd__clkbuf_16)
    16    0.098607    0.089152    0.128139   20.180729 ^ clkbuf_0_CLK/X (sky130_fd_sc_hd__clkbuf_16)
                                                         clknet_0_CLK (net)
                      0.090843    0.009207   20.189936 ^ clkbuf_4_15_0_CLK/A (sky130_fd_sc_hd__clkbuf_8)
     6    0.019405    0.037571    0.098273   20.288210 ^ clkbuf_4_15_0_CLK/X (sky130_fd_sc_hd__clkbuf_8)
                                                         clknet_4_15_0_CLK (net)
                      0.037619    0.001107   20.289316 ^ _772_/CLK (sky130_fd_sc_hd__dfrtp_2)
                                 -0.250000   20.039316   clock uncertainty
                                  0.019024   20.058342   clock reconvergence pessimism
                                  0.099800   20.158142   library recovery time
                                             20.158142   data required time
---------------------------------------------------------------------------------------------
                                             20.158142   data required time
                                             -1.959198   data arrival time
---------------------------------------------------------------------------------------------
                                             18.198946   slack (MET)


Startpoint: _805_ (rising edge-triggered flip-flop clocked by CLK)
Endpoint: _768_ (recovery check against rising-edge clock CLK)
Path Group: asynchronous
Path Type: max

Fanout         Cap        Slew       Delay        Time   Description
---------------------------------------------------------------------------------------------
                                  0.000000    0.000000   clock CLK (rise edge)
                                  0.000000    0.000000   clock source latency
     1    0.022474    0.079693    0.058125    0.058125 ^ CLK (in)
                                                         CLK (net)
                      0.079747    0.000000    0.058125 ^ clkbuf_0_CLK/A (sky130_fd_sc_hd__clkbuf_16)
    16    0.098607    0.089152    0.141628    0.199752 ^ clkbuf_0_CLK/X (sky130_fd_sc_hd__clkbuf_16)
                                                         clknet_0_CLK (net)
                      0.091856    0.012742    0.212494 ^ clkbuf_4_13_0_CLK/A (sky130_fd_sc_hd__clkbuf_8)
     6    0.018460    0.036503    0.107893    0.320387 ^ clkbuf_4_13_0_CLK/X (sky130_fd_sc_hd__clkbuf_8)
                                                         clknet_4_13_0_CLK (net)
                      0.036538    0.001064    0.321452 ^ _805_/CLK (sky130_fd_sc_hd__dfrtp_2)
     1    0.002776    0.025641    0.217763    0.539215 ^ _805_/Q (sky130_fd_sc_hd__dfrtp_2)
                                                         control.reset_n (net)
                      0.025641    0.000187    0.539402 ^ hold58/A (sky130_fd_sc_hd__dlygate4sd3_1)
     3    0.017758    0.141864    0.471381    1.010783 ^ hold58/X (sky130_fd_sc_hd__dlygate4sd3_1)
                                                         net57 (net)
                      0.141864    0.000532    1.011315 ^ fanout48/A (sky130_fd_sc_hd__clkdlybuf4s25_1)
     2    0.015277    0.120828    0.255343    1.266658 ^ fanout48/X (sky130_fd_sc_hd__clkdlybuf4s25_1)
                                                         net48 (net)
                      0.120828    0.000459    1.267117 ^ fanout47/A (sky130_fd_sc_hd__clkdlybuf4s25_1)
     8    0.040366    0.304089    0.386057    1.653174 ^ fanout47/X (sky130_fd_sc_hd__clkdlybuf4s25_1)
                                                         net47 (net)
                      0.304199    0.002263    1.655437 ^ fanout46/A (sky130_fd_sc_hd__clkdlybuf4s25_1)
     5    0.021616    0.167140    0.301485    1.956923 ^ fanout46/X (sky130_fd_sc_hd__clkdlybuf4s25_1)
                                                         net46 (net)
                      0.167157    0.001868    1.958791 ^ _768_/RESET_B (sky130_fd_sc_hd__dfrtp_2)
                                              1.958791   data arrival time

                                 20.000000   20.000000   clock CLK (rise edge)
                                  0.000000   20.000000   clock source latency
     1    0.022474    0.079693    0.052589   20.052589 ^ CLK (in)
                                                         CLK (net)
                      0.079747    0.000000   20.052589 ^ clkbuf_0_CLK/A (sky130_fd_sc_hd__clkbuf_16)
    16    0.098607    0.089152    0.128139   20.180729 ^ clkbuf_0_CLK/X (sky130_fd_sc_hd__clkbuf_16)
                                                         clknet_0_CLK (net)
                      0.090843    0.009207   20.189936 ^ clkbuf_4_15_0_CLK/A (sky130_fd_sc_hd__clkbuf_8)
     6    0.019405    0.037571    0.098273   20.288210 ^ clkbuf_4_15_0_CLK/X (sky130_fd_sc_hd__clkbuf_8)
                                                         clknet_4_15_0_CLK (net)
                      0.037610    0.001011   20.289219 ^ _768_/CLK (sky130_fd_sc_hd__dfrtp_2)
                                 -0.250000   20.039221   clock uncertainty
                                  0.019024   20.058245   clock reconvergence pessimism
                                  0.099802   20.158047   library recovery time
                                             20.158047   data required time
---------------------------------------------------------------------------------------------
                                             20.158047   data required time
                                             -1.958791   data arrival time
---------------------------------------------------------------------------------------------
                                             18.199257   slack (MET)


Startpoint: _805_ (rising edge-triggered flip-flop clocked by CLK)
Endpoint: _769_ (recovery check against rising-edge clock CLK)
Path Group: asynchronous
Path Type: max

Fanout         Cap        Slew       Delay        Time   Description
---------------------------------------------------------------------------------------------
                                  0.000000    0.000000   clock CLK (rise edge)
                                  0.000000    0.000000   clock source latency
     1    0.022474    0.079693    0.058125    0.058125 ^ CLK (in)
                                                         CLK (net)
                      0.079747    0.000000    0.058125 ^ clkbuf_0_CLK/A (sky130_fd_sc_hd__clkbuf_16)
    16    0.098607    0.089152    0.141628    0.199752 ^ clkbuf_0_CLK/X (sky130_fd_sc_hd__clkbuf_16)
                                                         clknet_0_CLK (net)
                      0.091856    0.012742    0.212494 ^ clkbuf_4_13_0_CLK/A (sky130_fd_sc_hd__clkbuf_8)
     6    0.018460    0.036503    0.107893    0.320387 ^ clkbuf_4_13_0_CLK/X (sky130_fd_sc_hd__clkbuf_8)
                                                         clknet_4_13_0_CLK (net)
                      0.036538    0.001064    0.321452 ^ _805_/CLK (sky130_fd_sc_hd__dfrtp_2)
     1    0.002776    0.025641    0.217763    0.539215 ^ _805_/Q (sky130_fd_sc_hd__dfrtp_2)
                                                         control.reset_n (net)
                      0.025641    0.000187    0.539402 ^ hold58/A (sky130_fd_sc_hd__dlygate4sd3_1)
     3    0.017758    0.141864    0.471381    1.010783 ^ hold58/X (sky130_fd_sc_hd__dlygate4sd3_1)
                                                         net57 (net)
                      0.141864    0.000532    1.011315 ^ fanout48/A (sky130_fd_sc_hd__clkdlybuf4s25_1)
     2    0.015277    0.120828    0.255343    1.266658 ^ fanout48/X (sky130_fd_sc_hd__clkdlybuf4s25_1)
                                                         net48 (net)
                      0.120828    0.000459    1.267117 ^ fanout47/A (sky130_fd_sc_hd__clkdlybuf4s25_1)
     8    0.040366    0.304089    0.386057    1.653174 ^ fanout47/X (sky130_fd_sc_hd__clkdlybuf4s25_1)
                                                         net47 (net)
                      0.304199    0.002263    1.655437 ^ fanout46/A (sky130_fd_sc_hd__clkdlybuf4s25_1)
     5    0.021616    0.167140    0.301485    1.956923 ^ fanout46/X (sky130_fd_sc_hd__clkdlybuf4s25_1)
                                                         net46 (net)
                      0.167145    0.001261    1.958184 ^ _769_/RESET_B (sky130_fd_sc_hd__dfrtp_2)
                                              1.958184   data arrival time

                                 20.000000   20.000000   clock CLK (rise edge)
                                  0.000000   20.000000   clock source latency
     1    0.022474    0.079693    0.052589   20.052589 ^ CLK (in)
                                                         CLK (net)
                      0.079747    0.000000   20.052589 ^ clkbuf_0_CLK/A (sky130_fd_sc_hd__clkbuf_16)
    16    0.098607    0.089152    0.128139   20.180729 ^ clkbuf_0_CLK/X (sky130_fd_sc_hd__clkbuf_16)
                                                         clknet_0_CLK (net)
                      0.090843    0.009207   20.189936 ^ clkbuf_4_15_0_CLK/A (sky130_fd_sc_hd__clkbuf_8)
     6    0.019405    0.037571    0.098273   20.288210 ^ clkbuf_4_15_0_CLK/X (sky130_fd_sc_hd__clkbuf_8)
                                                         clknet_4_15_0_CLK (net)
                      0.037615    0.001068   20.289276 ^ _769_/CLK (sky130_fd_sc_hd__dfrtp_2)
                                 -0.250000   20.039278   clock uncertainty
                                  0.019024   20.058302   clock reconvergence pessimism
                                  0.099806   20.158108   library recovery time
                                             20.158108   data required time
---------------------------------------------------------------------------------------------
                                             20.158108   data required time
                                             -1.958184   data arrival time
---------------------------------------------------------------------------------------------
                                             18.199924   slack (MET)


Startpoint: _728_ (rising edge-triggered flip-flop clocked by CLK)
Endpoint: _735_ (rising edge-triggered flip-flop clocked by CLK)
Path Group: CLK
Path Type: max

Fanout         Cap        Slew       Delay        Time   Description
---------------------------------------------------------------------------------------------
                                  0.000000    0.000000   clock CLK (rise edge)
                                  0.000000    0.000000   clock source latency
     1    0.022474    0.079693    0.058125    0.058125 ^ CLK (in)
                                                         CLK (net)
                      0.079747    0.000000    0.058125 ^ clkbuf_0_CLK/A (sky130_fd_sc_hd__clkbuf_16)
    16    0.098607    0.089152    0.141628    0.199752 ^ clkbuf_0_CLK/X (sky130_fd_sc_hd__clkbuf_16)
                                                         clknet_0_CLK (net)
                      0.090845    0.010180    0.209933 ^ clkbuf_4_10_0_CLK/A (sky130_fd_sc_hd__clkbuf_8)
     6    0.022498    0.041346    0.111690    0.321623 ^ clkbuf_4_10_0_CLK/X (sky130_fd_sc_hd__clkbuf_8)
                                                         clknet_4_10_0_CLK (net)
                      0.041519    0.002028    0.323651 ^ _728_/CLK (sky130_fd_sc_hd__dfrtp_2)
     5    0.018012    0.053888    0.288403    0.612054 v _728_/Q (sky130_fd_sc_hd__dfrtp_2)
                                                         pwm.pwm_counter[2] (net)
                      0.053929    0.000690    0.612744 v _402_/C (sky130_fd_sc_hd__and3_2)
     4    0.015891    0.049291    0.173160    0.785904 v _402_/X (sky130_fd_sc_hd__and3_2)
                                                         _090_ (net)
                      0.049324    0.001162    0.787066 v _405_/B (sky130_fd_sc_hd__and2_2)
     3    0.014998    0.045891    0.154934    0.942000 v _405_/X (sky130_fd_sc_hd__and2_2)
                                                         _092_ (net)
                      0.045923    0.000740    0.942739 v _410_/C (sky130_fd_sc_hd__and3_2)
     4    0.014684    0.047598    0.168105    1.110844 v _410_/X (sky130_fd_sc_hd__and3_2)
                                                         _095_ (net)
                      0.047652    0.000980    1.111824 v _411_/A (sky130_fd_sc_hd__inv_2)
     3    0.012991    0.049301    0.061401    1.173225 ^ _411_/Y (sky130_fd_sc_hd__inv_2)
                                                         _096_ (net)
                      0.049319    0.000806    1.174031 ^ _417_/B (sky130_fd_sc_hd__nor2_2)
     4    0.019277    0.042047    0.043753    1.217783 v _417_/Y (sky130_fd_sc_hd__nor2_2)
                                                         _100_ (net)
                      0.042192    0.002057    1.219841 v _420_/A2 (sky130_fd_sc_hd__a21oi_2)
     1    0.002392    0.055506    0.088587    1.308428 ^ _420_/Y (sky130_fd_sc_hd__a21oi_2)
                                                         _101_ (net)
                      0.055506    0.000168    1.308596 ^ hold112/A (sky130_fd_sc_hd__dlygate4sd3_1)
     1    0.005492    0.055418    0.410825    1.719421 ^ hold112/X (sky130_fd_sc_hd__dlygate4sd3_1)
                                                         net111 (net)
                      0.055418    0.000435    1.719856 ^ _422_/A (sky130_fd_sc_hd__nor2_2)
     1    0.002753    0.020158    0.024770    1.744627 v _422_/Y (sky130_fd_sc_hd__nor2_2)
                                                         _021_ (net)
                      0.020158    0.000123    1.744750 v _735_/D (sky130_fd_sc_hd__dfrtp_2)
                                              1.744750   data arrival time

                                 20.000000   20.000000   clock CLK (rise edge)
                                  0.000000   20.000000   clock source latency
     1    0.022474    0.079693    0.052589   20.052589 ^ CLK (in)
                                                         CLK (net)
                      0.079747    0.000000   20.052589 ^ clkbuf_0_CLK/A (sky130_fd_sc_hd__clkbuf_16)
    16    0.098607    0.089152    0.128139   20.180729 ^ clkbuf_0_CLK/X (sky130_fd_sc_hd__clkbuf_16)
                                                         clknet_0_CLK (net)
                      0.090792    0.009075   20.189804 ^ clkbuf_4_11_0_CLK/A (sky130_fd_sc_hd__clkbuf_8)
     6    0.017331    0.035312    0.096041   20.285845 ^ clkbuf_4_11_0_CLK/X (sky130_fd_sc_hd__clkbuf_8)
                                                         clknet_4_11_0_CLK (net)
                      0.035325    0.000707   20.286552 ^ _735_/CLK (sky130_fd_sc_hd__dfrtp_2)
                                 -0.250000   20.036552   clock uncertainty
                                  0.019024   20.055578   clock reconvergence pessimism
                                 -0.069117   19.986462   library setup time
                                             19.986462   data required time
---------------------------------------------------------------------------------------------
                                             19.986462   data required time
                                             -1.744750   data arrival time
---------------------------------------------------------------------------------------------
                                             18.241711   slack (MET)


Startpoint: _805_ (rising edge-triggered flip-flop clocked by CLK)
Endpoint: _767_ (recovery check against rising-edge clock CLK)
Path Group: asynchronous
Path Type: max

Fanout         Cap        Slew       Delay        Time   Description
---------------------------------------------------------------------------------------------
                                  0.000000    0.000000   clock CLK (rise edge)
                                  0.000000    0.000000   clock source latency
     1    0.022474    0.079693    0.058125    0.058125 ^ CLK (in)
                                                         CLK (net)
                      0.079747    0.000000    0.058125 ^ clkbuf_0_CLK/A (sky130_fd_sc_hd__clkbuf_16)
    16    0.098607    0.089152    0.141628    0.199752 ^ clkbuf_0_CLK/X (sky130_fd_sc_hd__clkbuf_16)
                                                         clknet_0_CLK (net)
                      0.091856    0.012742    0.212494 ^ clkbuf_4_13_0_CLK/A (sky130_fd_sc_hd__clkbuf_8)
     6    0.018460    0.036503    0.107893    0.320387 ^ clkbuf_4_13_0_CLK/X (sky130_fd_sc_hd__clkbuf_8)
                                                         clknet_4_13_0_CLK (net)
                      0.036538    0.001064    0.321452 ^ _805_/CLK (sky130_fd_sc_hd__dfrtp_2)
     1    0.002776    0.025641    0.217763    0.539215 ^ _805_/Q (sky130_fd_sc_hd__dfrtp_2)
                                                         control.reset_n (net)
                      0.025641    0.000187    0.539402 ^ hold58/A (sky130_fd_sc_hd__dlygate4sd3_1)
     3    0.017758    0.141864    0.471381    1.010783 ^ hold58/X (sky130_fd_sc_hd__dlygate4sd3_1)
                                                         net57 (net)
                      0.141864    0.000532    1.011315 ^ fanout48/A (sky130_fd_sc_hd__clkdlybuf4s25_1)
     2    0.015277    0.120828    0.255343    1.266658 ^ fanout48/X (sky130_fd_sc_hd__clkdlybuf4s25_1)
                                                         net48 (net)
                      0.120828    0.000459    1.267117 ^ fanout47/A (sky130_fd_sc_hd__clkdlybuf4s25_1)
     8    0.040366    0.304089    0.386057    1.653174 ^ fanout47/X (sky130_fd_sc_hd__clkdlybuf4s25_1)
                                                         net47 (net)
                      0.304202    0.002370    1.655544 ^ fanout44/A (sky130_fd_sc_hd__clkdlybuf4s25_1)
     2    0.006596    0.058255    0.222050    1.877594 ^ fanout44/X (sky130_fd_sc_hd__clkdlybuf4s25_1)
                                                         net44 (net)
                      0.058256    0.000379    1.877973 ^ _767_/RESET_B (sky130_fd_sc_hd__dfrtp_2)
                                              1.877973   data arrival time

                                 20.000000   20.000000   clock CLK (rise edge)
                                  0.000000   20.000000   clock source latency
     1    0.022474    0.079693    0.052589   20.052589 ^ CLK (in)
                                                         CLK (net)
                      0.079747    0.000000   20.052589 ^ clkbuf_0_CLK/A (sky130_fd_sc_hd__clkbuf_16)
    16    0.098607    0.089152    0.128139   20.180729 ^ clkbuf_0_CLK/X (sky130_fd_sc_hd__clkbuf_16)
                                                         clknet_0_CLK (net)
                      0.090843    0.009207   20.189936 ^ clkbuf_4_15_0_CLK/A (sky130_fd_sc_hd__clkbuf_8)
     6    0.019405    0.037571    0.098273   20.288210 ^ clkbuf_4_15_0_CLK/X (sky130_fd_sc_hd__clkbuf_8)
                                                         clknet_4_15_0_CLK (net)
                      0.037599    0.000876   20.289085 ^ _767_/CLK (sky130_fd_sc_hd__dfrtp_2)
                                 -0.250000   20.039085   clock uncertainty
                                  0.019024   20.058111   clock reconvergence pessimism
                                  0.127725   20.185835   library recovery time
                                             20.185835   data required time
---------------------------------------------------------------------------------------------
                                             20.185835   data required time
                                             -1.877973   data arrival time
---------------------------------------------------------------------------------------------
                                             18.307863   slack (MET)


Startpoint: _767_ (rising edge-triggered flip-flop clocked by CLK)
Endpoint: _772_ (rising edge-triggered flip-flop clocked by CLK)
Path Group: CLK
Path Type: max

Fanout         Cap        Slew       Delay        Time   Description
---------------------------------------------------------------------------------------------
                                  0.000000    0.000000   clock CLK (rise edge)
                                  0.000000    0.000000   clock source latency
     1    0.022474    0.079693    0.058125    0.058125 ^ CLK (in)
                                                         CLK (net)
                      0.079747    0.000000    0.058125 ^ clkbuf_0_CLK/A (sky130_fd_sc_hd__clkbuf_16)
    16    0.098607    0.089152    0.141628    0.199752 ^ clkbuf_0_CLK/X (sky130_fd_sc_hd__clkbuf_16)
                                                         clknet_0_CLK (net)
                      0.090843    0.010176    0.209928 ^ clkbuf_4_15_0_CLK/A (sky130_fd_sc_hd__clkbuf_8)
     6    0.019405    0.037571    0.108618    0.318547 ^ clkbuf_4_15_0_CLK/X (sky130_fd_sc_hd__clkbuf_8)
                                                         clknet_4_15_0_CLK (net)
                      0.037599    0.000968    0.319514 ^ _767_/CLK (sky130_fd_sc_hd__dfrtp_2)
     5    0.014087    0.048443    0.280053    0.599568 v _767_/Q (sky130_fd_sc_hd__dfrtp_2)
                                                         gates.phase_b.dead_count[0] (net)
                      0.048498    0.000742    0.600310 v _655_/A (sky130_fd_sc_hd__or3_2)
     5    0.023717    0.092332    0.346054    0.946364 v _655_/X (sky130_fd_sc_hd__or3_2)
                                                         _330_ (net)
                      0.092345    0.001208    0.947572 v _689_/B (sky130_fd_sc_hd__or2_2)
     3    0.017010    0.063351    0.224522    1.172094 v _689_/X (sky130_fd_sc_hd__or2_2)
                                                         _351_ (net)
                      0.063367    0.000943    1.173038 v _694_/A2 (sky130_fd_sc_hd__o21a_2)
     1    0.003107    0.024985    0.133672    1.306709 v _694_/X (sky130_fd_sc_hd__o21a_2)
                                                         _034_ (net)
                      0.024985    0.000198    1.306907 v hold66/A (sky130_fd_sc_hd__dlygate4sd3_1)
     1    0.002786    0.038020    0.375355    1.682262 v hold66/X (sky130_fd_sc_hd__dlygate4sd3_1)
                                                         net65 (net)
                      0.038020    0.000216    1.682478 v _772_/D (sky130_fd_sc_hd__dfrtp_2)
                                              1.682478   data arrival time

                                 20.000000   20.000000   clock CLK (rise edge)
                                  0.000000   20.000000   clock source latency
     1    0.022474    0.079693    0.052589   20.052589 ^ CLK (in)
                                                         CLK (net)
                      0.079747    0.000000   20.052589 ^ clkbuf_0_CLK/A (sky130_fd_sc_hd__clkbuf_16)
    16    0.098607    0.089152    0.128139   20.180729 ^ clkbuf_0_CLK/X (sky130_fd_sc_hd__clkbuf_16)
                                                         clknet_0_CLK (net)
                      0.090843    0.009207   20.189936 ^ clkbuf_4_15_0_CLK/A (sky130_fd_sc_hd__clkbuf_8)
     6    0.019405    0.037571    0.098273   20.288210 ^ clkbuf_4_15_0_CLK/X (sky130_fd_sc_hd__clkbuf_8)
                                                         clknet_4_15_0_CLK (net)
                      0.037619    0.001107   20.289316 ^ _772_/CLK (sky130_fd_sc_hd__dfrtp_2)
                                 -0.250000   20.039316   clock uncertainty
                                  0.030338   20.069654   clock reconvergence pessimism
                                 -0.075274   19.994381   library setup time
                                             19.994381   data required time
---------------------------------------------------------------------------------------------
                                             19.994381   data required time
                                             -1.682478   data arrival time
---------------------------------------------------------------------------------------------
                                             18.311903   slack (MET)


Startpoint: _805_ (rising edge-triggered flip-flop clocked by CLK)
Endpoint: _759_ (recovery check against rising-edge clock CLK)
Path Group: asynchronous
Path Type: max

Fanout         Cap        Slew       Delay        Time   Description
---------------------------------------------------------------------------------------------
                                  0.000000    0.000000   clock CLK (rise edge)
                                  0.000000    0.000000   clock source latency
     1    0.022474    0.079693    0.058125    0.058125 ^ CLK (in)
                                                         CLK (net)
                      0.079747    0.000000    0.058125 ^ clkbuf_0_CLK/A (sky130_fd_sc_hd__clkbuf_16)
    16    0.098607    0.089152    0.141628    0.199752 ^ clkbuf_0_CLK/X (sky130_fd_sc_hd__clkbuf_16)
                                                         clknet_0_CLK (net)
                      0.091856    0.012742    0.212494 ^ clkbuf_4_13_0_CLK/A (sky130_fd_sc_hd__clkbuf_8)
     6    0.018460    0.036503    0.107893    0.320387 ^ clkbuf_4_13_0_CLK/X (sky130_fd_sc_hd__clkbuf_8)
                                                         clknet_4_13_0_CLK (net)
                      0.036538    0.001064    0.321452 ^ _805_/CLK (sky130_fd_sc_hd__dfrtp_2)
     1    0.002776    0.025641    0.217763    0.539215 ^ _805_/Q (sky130_fd_sc_hd__dfrtp_2)
                                                         control.reset_n (net)
                      0.025641    0.000187    0.539402 ^ hold58/A (sky130_fd_sc_hd__dlygate4sd3_1)
     3    0.017758    0.141864    0.471381    1.010783 ^ hold58/X (sky130_fd_sc_hd__dlygate4sd3_1)
                                                         net57 (net)
                      0.141864    0.000532    1.011315 ^ fanout48/A (sky130_fd_sc_hd__clkdlybuf4s25_1)
     2    0.015277    0.120828    0.255343    1.266658 ^ fanout48/X (sky130_fd_sc_hd__clkdlybuf4s25_1)
                                                         net48 (net)
                      0.120828    0.000459    1.267117 ^ fanout47/A (sky130_fd_sc_hd__clkdlybuf4s25_1)
     8    0.040366    0.304089    0.386057    1.653174 ^ fanout47/X (sky130_fd_sc_hd__clkdlybuf4s25_1)
                                                         net47 (net)
                      0.304244    0.003943    1.657117 ^ _759_/RESET_B (sky130_fd_sc_hd__dfrtp_2)
                                              1.657117   data arrival time

                                 20.000000   20.000000   clock CLK (rise edge)
                                  0.000000   20.000000   clock source latency
     1    0.022474    0.079693    0.052589   20.052589 ^ CLK (in)
                                                         CLK (net)
                      0.079747    0.000000   20.052589 ^ clkbuf_0_CLK/A (sky130_fd_sc_hd__clkbuf_16)
    16    0.098607    0.089152    0.128139   20.180729 ^ clkbuf_0_CLK/X (sky130_fd_sc_hd__clkbuf_16)
                                                         clknet_0_CLK (net)
                      0.090564    0.008457   20.189186 ^ clkbuf_4_9_0_CLK/A (sky130_fd_sc_hd__clkbuf_8)
     6    0.017807    0.035742    0.096689   20.285875 ^ clkbuf_4_9_0_CLK/X (sky130_fd_sc_hd__clkbuf_8)
                                                         clknet_4_9_0_CLK (net)
                      0.035767    0.000794   20.286669 ^ _759_/CLK (sky130_fd_sc_hd__dfrtp_2)
                                 -0.250000   20.036671   clock uncertainty
                                  0.019024   20.055695   clock reconvergence pessimism
                                  0.064344   20.120039   library recovery time
                                             20.120039   data required time
---------------------------------------------------------------------------------------------
                                             20.120039   data required time
                                             -1.657117   data arrival time
---------------------------------------------------------------------------------------------
                                             18.462923   slack (MET)


Startpoint: _726_ (rising edge-triggered flip-flop clocked by CLK)
Endpoint: _728_ (rising edge-triggered flip-flop clocked by CLK)
Path Group: CLK
Path Type: max

Fanout         Cap        Slew       Delay        Time   Description
---------------------------------------------------------------------------------------------
                                  0.000000    0.000000   clock CLK (rise edge)
                                  0.000000    0.000000   clock source latency
     1    0.022474    0.079693    0.058125    0.058125 ^ CLK (in)
                                                         CLK (net)
                      0.079747    0.000000    0.058125 ^ clkbuf_0_CLK/A (sky130_fd_sc_hd__clkbuf_16)
    16    0.098607    0.089152    0.141628    0.199752 ^ clkbuf_0_CLK/X (sky130_fd_sc_hd__clkbuf_16)
                                                         clknet_0_CLK (net)
                      0.090845    0.010180    0.209933 ^ clkbuf_4_10_0_CLK/A (sky130_fd_sc_hd__clkbuf_8)
     6    0.022498    0.041346    0.111690    0.321623 ^ clkbuf_4_10_0_CLK/X (sky130_fd_sc_hd__clkbuf_8)
                                                         clknet_4_10_0_CLK (net)
                      0.041518    0.002015    0.323639 ^ _726_/CLK (sky130_fd_sc_hd__dfrtp_2)
     3    0.010592    0.042534    0.272266    0.595905 v _726_/Q (sky130_fd_sc_hd__dfrtp_2)
                                                         pwm.pwm_counter[0] (net)
                      0.042584    0.000561    0.596466 v hold86/A (sky130_fd_sc_hd__dlygate4sd3_1)
     2    0.010131    0.062487    0.417454    1.013919 v hold86/X (sky130_fd_sc_hd__dlygate4sd3_1)
                                                         net85 (net)
                      0.062487    0.000363    1.014282 v _403_/A2 (sky130_fd_sc_hd__a21oi_2)
     1    0.001986    0.053038    0.094443    1.108725 ^ _403_/Y (sky130_fd_sc_hd__a21oi_2)
                                                         _091_ (net)
                      0.053038    0.000096    1.108821 ^ hold93/A (sky130_fd_sc_hd__dlygate4sd3_1)
     1    0.005973    0.058658    0.413160    1.521981 ^ hold93/X (sky130_fd_sc_hd__dlygate4sd3_1)
                                                         net92 (net)
                      0.058658    0.000458    1.522439 ^ _404_/B (sky130_fd_sc_hd__nor2_2)
     1    0.002513    0.022953    0.018260    1.540699 v _404_/Y (sky130_fd_sc_hd__nor2_2)
                                                         _014_ (net)
                      0.022953    0.000184    1.540883 v _728_/D (sky130_fd_sc_hd__dfrtp_2)
                                              1.540883   data arrival time

                                 20.000000   20.000000   clock CLK (rise edge)
                                  0.000000   20.000000   clock source latency
     1    0.022474    0.079693    0.052589   20.052589 ^ CLK (in)
                                                         CLK (net)
                      0.079747    0.000000   20.052589 ^ clkbuf_0_CLK/A (sky130_fd_sc_hd__clkbuf_16)
    16    0.098607    0.089152    0.128139   20.180729 ^ clkbuf_0_CLK/X (sky130_fd_sc_hd__clkbuf_16)
                                                         clknet_0_CLK (net)
                      0.090845    0.009210   20.189939 ^ clkbuf_4_10_0_CLK/A (sky130_fd_sc_hd__clkbuf_8)
     6    0.022498    0.041346    0.101053   20.290993 ^ clkbuf_4_10_0_CLK/X (sky130_fd_sc_hd__clkbuf_8)
                                                         clknet_4_10_0_CLK (net)
                      0.041519    0.001835   20.292828 ^ _728_/CLK (sky130_fd_sc_hd__dfrtp_2)
                                 -0.250000   20.042828   clock uncertainty
                                  0.030631   20.073460   clock reconvergence pessimism
                                 -0.069520   20.003941   library setup time
                                             20.003941   data required time
---------------------------------------------------------------------------------------------
                                             20.003941   data required time
                                             -1.540883   data arrival time
---------------------------------------------------------------------------------------------
                                             18.463057   slack (MET)


Startpoint: _805_ (rising edge-triggered flip-flop clocked by CLK)
Endpoint: _750_ (recovery check against rising-edge clock CLK)
Path Group: asynchronous
Path Type: max

Fanout         Cap        Slew       Delay        Time   Description
---------------------------------------------------------------------------------------------
                                  0.000000    0.000000   clock CLK (rise edge)
                                  0.000000    0.000000   clock source latency
     1    0.022474    0.079693    0.058125    0.058125 ^ CLK (in)
                                                         CLK (net)
                      0.079747    0.000000    0.058125 ^ clkbuf_0_CLK/A (sky130_fd_sc_hd__clkbuf_16)
    16    0.098607    0.089152    0.141628    0.199752 ^ clkbuf_0_CLK/X (sky130_fd_sc_hd__clkbuf_16)
                                                         clknet_0_CLK (net)
                      0.091856    0.012742    0.212494 ^ clkbuf_4_13_0_CLK/A (sky130_fd_sc_hd__clkbuf_8)
     6    0.018460    0.036503    0.107893    0.320387 ^ clkbuf_4_13_0_CLK/X (sky130_fd_sc_hd__clkbuf_8)
                                                         clknet_4_13_0_CLK (net)
                      0.036538    0.001064    0.321452 ^ _805_/CLK (sky130_fd_sc_hd__dfrtp_2)
     1    0.002776    0.025641    0.217763    0.539215 ^ _805_/Q (sky130_fd_sc_hd__dfrtp_2)
                                                         control.reset_n (net)
                      0.025641    0.000187    0.539402 ^ hold58/A (sky130_fd_sc_hd__dlygate4sd3_1)
     3    0.017758    0.141864    0.471381    1.010783 ^ hold58/X (sky130_fd_sc_hd__dlygate4sd3_1)
                                                         net57 (net)
                      0.141866    0.000847    1.011630 ^ fanout43/A (sky130_fd_sc_hd__clkdlybuf4s25_1)
     6    0.027912    0.212912    0.322799    1.334429 ^ fanout43/X (sky130_fd_sc_hd__clkdlybuf4s25_1)
                                                         net43 (net)
                      0.212918    0.001472    1.335901 ^ fanout38/A (sky130_fd_sc_hd__clkdlybuf4s25_1)
     3    0.012046    0.097295    0.244756    1.580657 ^ fanout38/X (sky130_fd_sc_hd__clkdlybuf4s25_1)
                                                         net38 (net)
                      0.097295    0.000378    1.581035 ^ load_slew39/A (sky130_fd_sc_hd__buf_4)
     8    0.039479    0.087270    0.133650    1.714685 ^ load_slew39/X (sky130_fd_sc_hd__buf_4)
                                                         net39 (net)
                      0.087558    0.004259    1.718944 ^ _750_/RESET_B (sky130_fd_sc_hd__dfrtp_2)
                                              1.718944   data arrival time

                                 20.000000   20.000000   clock CLK (rise edge)
                                  0.000000   20.000000   clock source latency
     1    0.022474    0.079693    0.052589   20.052589 ^ CLK (in)
                                                         CLK (net)
                      0.079747    0.000000   20.052589 ^ clkbuf_0_CLK/A (sky130_fd_sc_hd__clkbuf_16)
    16    0.098607    0.089152    0.128139   20.180729 ^ clkbuf_0_CLK/X (sky130_fd_sc_hd__clkbuf_16)
                                                         clknet_0_CLK (net)
                      0.094187    0.015691   20.196419 ^ clkbuf_4_3_0_CLK/A (sky130_fd_sc_hd__clkbuf_8)
     6    0.018034    0.036054    0.097931   20.294350 ^ clkbuf_4_3_0_CLK/X (sky130_fd_sc_hd__clkbuf_8)
                                                         clknet_4_3_0_CLK (net)
                      0.036066    0.000592   20.294941 ^ _750_/CLK (sky130_fd_sc_hd__dfrtp_2)
                                 -0.250000   20.044943   clock uncertainty
                                  0.019024   20.063967   clock reconvergence pessimism
                                  0.119974   20.183941   library recovery time
                                             20.183941   data required time
---------------------------------------------------------------------------------------------
                                             20.183941   data required time
                                             -1.718944   data arrival time
---------------------------------------------------------------------------------------------
                                             18.464996   slack (MET)


Startpoint: _805_ (rising edge-triggered flip-flop clocked by CLK)
Endpoint: _788_ (recovery check against rising-edge clock CLK)
Path Group: asynchronous
Path Type: max

Fanout         Cap        Slew       Delay        Time   Description
---------------------------------------------------------------------------------------------
                                  0.000000    0.000000   clock CLK (rise edge)
                                  0.000000    0.000000   clock source latency
     1    0.022474    0.079693    0.058125    0.058125 ^ CLK (in)
                                                         CLK (net)
                      0.079747    0.000000    0.058125 ^ clkbuf_0_CLK/A (sky130_fd_sc_hd__clkbuf_16)
    16    0.098607    0.089152    0.141628    0.199752 ^ clkbuf_0_CLK/X (sky130_fd_sc_hd__clkbuf_16)
                                                         clknet_0_CLK (net)
                      0.091856    0.012742    0.212494 ^ clkbuf_4_13_0_CLK/A (sky130_fd_sc_hd__clkbuf_8)
     6    0.018460    0.036503    0.107893    0.320387 ^ clkbuf_4_13_0_CLK/X (sky130_fd_sc_hd__clkbuf_8)
                                                         clknet_4_13_0_CLK (net)
                      0.036538    0.001064    0.321452 ^ _805_/CLK (sky130_fd_sc_hd__dfrtp_2)
     1    0.002776    0.025641    0.217763    0.539215 ^ _805_/Q (sky130_fd_sc_hd__dfrtp_2)
                                                         control.reset_n (net)
                      0.025641    0.000187    0.539402 ^ hold58/A (sky130_fd_sc_hd__dlygate4sd3_1)
     3    0.017758    0.141864    0.471381    1.010783 ^ hold58/X (sky130_fd_sc_hd__dlygate4sd3_1)
                                                         net57 (net)
                      0.141866    0.000847    1.011630 ^ fanout43/A (sky130_fd_sc_hd__clkdlybuf4s25_1)
     6    0.027912    0.212912    0.322799    1.334429 ^ fanout43/X (sky130_fd_sc_hd__clkdlybuf4s25_1)
                                                         net43 (net)
                      0.212912    0.000476    1.334905 ^ fanout40/A (sky130_fd_sc_hd__clkdlybuf4s25_1)
     6    0.030029    0.227946    0.338994    1.673899 ^ fanout40/X (sky130_fd_sc_hd__clkdlybuf4s25_1)
                                                         net40 (net)
                      0.228098    0.003680    1.677579 ^ _788_/RESET_B (sky130_fd_sc_hd__dfrtp_2)
                                              1.677579   data arrival time

                                 20.000000   20.000000   clock CLK (rise edge)
                                  0.000000   20.000000   clock source latency
     1    0.022474    0.079693    0.052589   20.052589 ^ CLK (in)
                                                         CLK (net)
                      0.079747    0.000000   20.052589 ^ clkbuf_0_CLK/A (sky130_fd_sc_hd__clkbuf_16)
    16    0.098607    0.089152    0.128139   20.180729 ^ clkbuf_0_CLK/X (sky130_fd_sc_hd__clkbuf_16)
                                                         clknet_0_CLK (net)
                      0.092289    0.012397   20.193127 ^ clkbuf_4_7_0_CLK/A (sky130_fd_sc_hd__clkbuf_8)
     5    0.016928    0.034781    0.096318   20.289444 ^ clkbuf_4_7_0_CLK/X (sky130_fd_sc_hd__clkbuf_8)
                                                         clknet_4_7_0_CLK (net)
                      0.034788    0.000460   20.289904 ^ _788_/CLK (sky130_fd_sc_hd__dfrtp_2)
                                 -0.250000   20.039904   clock uncertainty
                                  0.019024   20.058929   clock reconvergence pessimism
                                  0.083719   20.142647   library recovery time
                                             20.142647   data required time
---------------------------------------------------------------------------------------------
                                             20.142647   data required time
                                             -1.677579   data arrival time
---------------------------------------------------------------------------------------------
                                             18.465069   slack (MET)


Startpoint: _805_ (rising edge-triggered flip-flop clocked by CLK)
Endpoint: _751_ (recovery check against rising-edge clock CLK)
Path Group: asynchronous
Path Type: max

Fanout         Cap        Slew       Delay        Time   Description
---------------------------------------------------------------------------------------------
                                  0.000000    0.000000   clock CLK (rise edge)
                                  0.000000    0.000000   clock source latency
     1    0.022474    0.079693    0.058125    0.058125 ^ CLK (in)
                                                         CLK (net)
                      0.079747    0.000000    0.058125 ^ clkbuf_0_CLK/A (sky130_fd_sc_hd__clkbuf_16)
    16    0.098607    0.089152    0.141628    0.199752 ^ clkbuf_0_CLK/X (sky130_fd_sc_hd__clkbuf_16)
                                                         clknet_0_CLK (net)
                      0.091856    0.012742    0.212494 ^ clkbuf_4_13_0_CLK/A (sky130_fd_sc_hd__clkbuf_8)
     6    0.018460    0.036503    0.107893    0.320387 ^ clkbuf_4_13_0_CLK/X (sky130_fd_sc_hd__clkbuf_8)
                                                         clknet_4_13_0_CLK (net)
                      0.036538    0.001064    0.321452 ^ _805_/CLK (sky130_fd_sc_hd__dfrtp_2)
     1    0.002776    0.025641    0.217763    0.539215 ^ _805_/Q (sky130_fd_sc_hd__dfrtp_2)
                                                         control.reset_n (net)
                      0.025641    0.000187    0.539402 ^ hold58/A (sky130_fd_sc_hd__dlygate4sd3_1)
     3    0.017758    0.141864    0.471381    1.010783 ^ hold58/X (sky130_fd_sc_hd__dlygate4sd3_1)
                                                         net57 (net)
                      0.141866    0.000847    1.011630 ^ fanout43/A (sky130_fd_sc_hd__clkdlybuf4s25_1)
     6    0.027912    0.212912    0.322799    1.334429 ^ fanout43/X (sky130_fd_sc_hd__clkdlybuf4s25_1)
                                                         net43 (net)
                      0.212918    0.001472    1.335901 ^ fanout38/A (sky130_fd_sc_hd__clkdlybuf4s25_1)
     3    0.012046    0.097295    0.244756    1.580657 ^ fanout38/X (sky130_fd_sc_hd__clkdlybuf4s25_1)
                                                         net38 (net)
                      0.097295    0.000378    1.581035 ^ load_slew39/A (sky130_fd_sc_hd__buf_4)
     8    0.039479    0.087270    0.133650    1.714685 ^ load_slew39/X (sky130_fd_sc_hd__buf_4)
                                                         net39 (net)
                      0.087540    0.004124    1.718809 ^ _751_/RESET_B (sky130_fd_sc_hd__dfrtp_2)
                                              1.718809   data arrival time

                                 20.000000   20.000000   clock CLK (rise edge)
                                  0.000000   20.000000   clock source latency
     1    0.022474    0.079693    0.052589   20.052589 ^ CLK (in)
                                                         CLK (net)
                      0.079747    0.000000   20.052589 ^ clkbuf_0_CLK/A (sky130_fd_sc_hd__clkbuf_16)
    16    0.098607    0.089152    0.128139   20.180729 ^ clkbuf_0_CLK/X (sky130_fd_sc_hd__clkbuf_16)
                                                         clknet_0_CLK (net)
                      0.094187    0.015691   20.196419 ^ clkbuf_4_3_0_CLK/A (sky130_fd_sc_hd__clkbuf_8)
     6    0.018034    0.036054    0.097931   20.294350 ^ clkbuf_4_3_0_CLK/X (sky130_fd_sc_hd__clkbuf_8)
                                                         clknet_4_3_0_CLK (net)
                      0.036065    0.000563   20.294912 ^ _751_/CLK (sky130_fd_sc_hd__dfrtp_2)
                                 -0.250000   20.044914   clock uncertainty
                                  0.019024   20.063938   clock reconvergence pessimism
                                  0.119978   20.183918   library recovery time
                                             20.183918   data required time
---------------------------------------------------------------------------------------------
                                             20.183918   data required time
                                             -1.718809   data arrival time
---------------------------------------------------------------------------------------------
                                             18.465107   slack (MET)


Startpoint: _805_ (rising edge-triggered flip-flop clocked by CLK)
Endpoint: _752_ (recovery check against rising-edge clock CLK)
Path Group: asynchronous
Path Type: max

Fanout         Cap        Slew       Delay        Time   Description
---------------------------------------------------------------------------------------------
                                  0.000000    0.000000   clock CLK (rise edge)
                                  0.000000    0.000000   clock source latency
     1    0.022474    0.079693    0.058125    0.058125 ^ CLK (in)
                                                         CLK (net)
                      0.079747    0.000000    0.058125 ^ clkbuf_0_CLK/A (sky130_fd_sc_hd__clkbuf_16)
    16    0.098607    0.089152    0.141628    0.199752 ^ clkbuf_0_CLK/X (sky130_fd_sc_hd__clkbuf_16)
                                                         clknet_0_CLK (net)
                      0.091856    0.012742    0.212494 ^ clkbuf_4_13_0_CLK/A (sky130_fd_sc_hd__clkbuf_8)
     6    0.018460    0.036503    0.107893    0.320387 ^ clkbuf_4_13_0_CLK/X (sky130_fd_sc_hd__clkbuf_8)
                                                         clknet_4_13_0_CLK (net)
                      0.036538    0.001064    0.321452 ^ _805_/CLK (sky130_fd_sc_hd__dfrtp_2)
     1    0.002776    0.025641    0.217763    0.539215 ^ _805_/Q (sky130_fd_sc_hd__dfrtp_2)
                                                         control.reset_n (net)
                      0.025641    0.000187    0.539402 ^ hold58/A (sky130_fd_sc_hd__dlygate4sd3_1)
     3    0.017758    0.141864    0.471381    1.010783 ^ hold58/X (sky130_fd_sc_hd__dlygate4sd3_1)
                                                         net57 (net)
                      0.141866    0.000847    1.011630 ^ fanout43/A (sky130_fd_sc_hd__clkdlybuf4s25_1)
     6    0.027912    0.212912    0.322799    1.334429 ^ fanout43/X (sky130_fd_sc_hd__clkdlybuf4s25_1)
                                                         net43 (net)
                      0.212918    0.001472    1.335901 ^ fanout38/A (sky130_fd_sc_hd__clkdlybuf4s25_1)
     3    0.012046    0.097295    0.244756    1.580657 ^ fanout38/X (sky130_fd_sc_hd__clkdlybuf4s25_1)
                                                         net38 (net)
                      0.097295    0.000378    1.581035 ^ load_slew39/A (sky130_fd_sc_hd__buf_4)
     8    0.039479    0.087270    0.133650    1.714685 ^ load_slew39/X (sky130_fd_sc_hd__buf_4)
                                                         net39 (net)
                      0.087531    0.004059    1.718744 ^ _752_/RESET_B (sky130_fd_sc_hd__dfrtp_2)
                                              1.718744   data arrival time

                                 20.000000   20.000000   clock CLK (rise edge)
                                  0.000000   20.000000   clock source latency
     1    0.022474    0.079693    0.052589   20.052589 ^ CLK (in)
                                                         CLK (net)
                      0.079747    0.000000   20.052589 ^ clkbuf_0_CLK/A (sky130_fd_sc_hd__clkbuf_16)
    16    0.098607    0.089152    0.128139   20.180729 ^ clkbuf_0_CLK/X (sky130_fd_sc_hd__clkbuf_16)
                                                         clknet_0_CLK (net)
                      0.094187    0.015691   20.196419 ^ clkbuf_4_3_0_CLK/A (sky130_fd_sc_hd__clkbuf_8)
     6    0.018034    0.036054    0.097931   20.294350 ^ clkbuf_4_3_0_CLK/X (sky130_fd_sc_hd__clkbuf_8)
                                                         clknet_4_3_0_CLK (net)
                      0.036078    0.000785   20.295135 ^ _752_/CLK (sky130_fd_sc_hd__dfrtp_2)
                                 -0.250000   20.045135   clock uncertainty
                                  0.019024   20.064161   clock reconvergence pessimism
                                  0.119983   20.184143   library recovery time
                                             20.184143   data required time
---------------------------------------------------------------------------------------------
                                             20.184143   data required time
                                             -1.718744   data arrival time
---------------------------------------------------------------------------------------------
                                             18.465399   slack (MET)


Startpoint: _805_ (rising edge-triggered flip-flop clocked by CLK)
Endpoint: _774_ (recovery check against rising-edge clock CLK)
Path Group: asynchronous
Path Type: max

Fanout         Cap        Slew       Delay        Time   Description
---------------------------------------------------------------------------------------------
                                  0.000000    0.000000   clock CLK (rise edge)
                                  0.000000    0.000000   clock source latency
     1    0.022474    0.079693    0.058125    0.058125 ^ CLK (in)
                                                         CLK (net)
                      0.079747    0.000000    0.058125 ^ clkbuf_0_CLK/A (sky130_fd_sc_hd__clkbuf_16)
    16    0.098607    0.089152    0.141628    0.199752 ^ clkbuf_0_CLK/X (sky130_fd_sc_hd__clkbuf_16)
                                                         clknet_0_CLK (net)
                      0.091856    0.012742    0.212494 ^ clkbuf_4_13_0_CLK/A (sky130_fd_sc_hd__clkbuf_8)
     6    0.018460    0.036503    0.107893    0.320387 ^ clkbuf_4_13_0_CLK/X (sky130_fd_sc_hd__clkbuf_8)
                                                         clknet_4_13_0_CLK (net)
                      0.036538    0.001064    0.321452 ^ _805_/CLK (sky130_fd_sc_hd__dfrtp_2)
     1    0.002776    0.025641    0.217763    0.539215 ^ _805_/Q (sky130_fd_sc_hd__dfrtp_2)
                                                         control.reset_n (net)
                      0.025641    0.000187    0.539402 ^ hold58/A (sky130_fd_sc_hd__dlygate4sd3_1)
     3    0.017758    0.141864    0.471381    1.010783 ^ hold58/X (sky130_fd_sc_hd__dlygate4sd3_1)
                                                         net57 (net)
                      0.141864    0.000532    1.011315 ^ fanout48/A (sky130_fd_sc_hd__clkdlybuf4s25_1)
     2    0.015277    0.120828    0.255343    1.266658 ^ fanout48/X (sky130_fd_sc_hd__clkdlybuf4s25_1)
                                                         net48 (net)
                      0.120828    0.000459    1.267117 ^ fanout47/A (sky130_fd_sc_hd__clkdlybuf4s25_1)
     8    0.040366    0.304089    0.386057    1.653174 ^ fanout47/X (sky130_fd_sc_hd__clkdlybuf4s25_1)
                                                         net47 (net)
                      0.304240    0.003823    1.656997 ^ _774_/RESET_B (sky130_fd_sc_hd__dfrtp_2)
                                              1.656997   data arrival time

                                 20.000000   20.000000   clock CLK (rise edge)
                                  0.000000   20.000000   clock source latency
     1    0.022474    0.079693    0.052589   20.052589 ^ CLK (in)
                                                         CLK (net)
                      0.079747    0.000000   20.052589 ^ clkbuf_0_CLK/A (sky130_fd_sc_hd__clkbuf_16)
    16    0.098607    0.089152    0.128139   20.180729 ^ clkbuf_0_CLK/X (sky130_fd_sc_hd__clkbuf_16)
                                                         clknet_0_CLK (net)
                      0.089891    0.006272   20.187000 ^ clkbuf_4_8_0_CLK/A (sky130_fd_sc_hd__clkbuf_8)
     6    0.022610    0.041224    0.101352   20.288353 ^ clkbuf_4_8_0_CLK/X (sky130_fd_sc_hd__clkbuf_8)
                                                         clknet_4_8_0_CLK (net)
                      0.041227    0.000423   20.288776 ^ _774_/CLK (sky130_fd_sc_hd__dfrtp_2)
                                 -0.250000   20.038776   clock uncertainty
                                  0.019024   20.057802   clock reconvergence pessimism
                                  0.065250   20.123051   library recovery time
                                             20.123051   data required time
---------------------------------------------------------------------------------------------
                                             20.123051   data required time
                                             -1.656997   data arrival time
---------------------------------------------------------------------------------------------
                                             18.466055   slack (MET)


Startpoint: _805_ (rising edge-triggered flip-flop clocked by CLK)
Endpoint: _773_ (recovery check against rising-edge clock CLK)
Path Group: asynchronous
Path Type: max

Fanout         Cap        Slew       Delay        Time   Description
---------------------------------------------------------------------------------------------
                                  0.000000    0.000000   clock CLK (rise edge)
                                  0.000000    0.000000   clock source latency
     1    0.022474    0.079693    0.058125    0.058125 ^ CLK (in)
                                                         CLK (net)
                      0.079747    0.000000    0.058125 ^ clkbuf_0_CLK/A (sky130_fd_sc_hd__clkbuf_16)
    16    0.098607    0.089152    0.141628    0.199752 ^ clkbuf_0_CLK/X (sky130_fd_sc_hd__clkbuf_16)
                                                         clknet_0_CLK (net)
                      0.091856    0.012742    0.212494 ^ clkbuf_4_13_0_CLK/A (sky130_fd_sc_hd__clkbuf_8)
     6    0.018460    0.036503    0.107893    0.320387 ^ clkbuf_4_13_0_CLK/X (sky130_fd_sc_hd__clkbuf_8)
                                                         clknet_4_13_0_CLK (net)
                      0.036538    0.001064    0.321452 ^ _805_/CLK (sky130_fd_sc_hd__dfrtp_2)
     1    0.002776    0.025641    0.217763    0.539215 ^ _805_/Q (sky130_fd_sc_hd__dfrtp_2)
                                                         control.reset_n (net)
                      0.025641    0.000187    0.539402 ^ hold58/A (sky130_fd_sc_hd__dlygate4sd3_1)
     3    0.017758    0.141864    0.471381    1.010783 ^ hold58/X (sky130_fd_sc_hd__dlygate4sd3_1)
                                                         net57 (net)
                      0.141864    0.000532    1.011315 ^ fanout48/A (sky130_fd_sc_hd__clkdlybuf4s25_1)
     2    0.015277    0.120828    0.255343    1.266658 ^ fanout48/X (sky130_fd_sc_hd__clkdlybuf4s25_1)
                                                         net48 (net)
                      0.120828    0.000459    1.267117 ^ fanout47/A (sky130_fd_sc_hd__clkdlybuf4s25_1)
     8    0.040366    0.304089    0.386057    1.653174 ^ fanout47/X (sky130_fd_sc_hd__clkdlybuf4s25_1)
                                                         net47 (net)
                      0.304235    0.003654    1.656828 ^ _773_/RESET_B (sky130_fd_sc_hd__dfrtp_2)
                                              1.656828   data arrival time

                                 20.000000   20.000000   clock CLK (rise edge)
                                  0.000000   20.000000   clock source latency
     1    0.022474    0.079693    0.052589   20.052589 ^ CLK (in)
                                                         CLK (net)
                      0.079747    0.000000   20.052589 ^ clkbuf_0_CLK/A (sky130_fd_sc_hd__clkbuf_16)
    16    0.098607    0.089152    0.128139   20.180729 ^ clkbuf_0_CLK/X (sky130_fd_sc_hd__clkbuf_16)
                                                         clknet_0_CLK (net)
                      0.090936    0.009443   20.190172 ^ clkbuf_4_12_0_CLK/A (sky130_fd_sc_hd__clkbuf_8)
     6    0.019498    0.037679    0.098380   20.288551 ^ clkbuf_4_12_0_CLK/X (sky130_fd_sc_hd__clkbuf_8)
                                                         clknet_4_12_0_CLK (net)
                      0.037711    0.000931   20.289482 ^ _773_/CLK (sky130_fd_sc_hd__dfrtp_2)
                                 -0.250000   20.039484   clock uncertainty
                                  0.019024   20.058508   clock reconvergence pessimism
                                  0.064669   20.123177   library recovery time
                                             20.123177   data required time
---------------------------------------------------------------------------------------------
                                             20.123177   data required time
                                             -1.656828   data arrival time
---------------------------------------------------------------------------------------------
                                             18.466349   slack (MET)


Startpoint: _805_ (rising edge-triggered flip-flop clocked by CLK)
Endpoint: _755_ (recovery check against rising-edge clock CLK)
Path Group: asynchronous
Path Type: max

Fanout         Cap        Slew       Delay        Time   Description
---------------------------------------------------------------------------------------------
                                  0.000000    0.000000   clock CLK (rise edge)
                                  0.000000    0.000000   clock source latency
     1    0.022474    0.079693    0.058125    0.058125 ^ CLK (in)
                                                         CLK (net)
                      0.079747    0.000000    0.058125 ^ clkbuf_0_CLK/A (sky130_fd_sc_hd__clkbuf_16)
    16    0.098607    0.089152    0.141628    0.199752 ^ clkbuf_0_CLK/X (sky130_fd_sc_hd__clkbuf_16)
                                                         clknet_0_CLK (net)
                      0.091856    0.012742    0.212494 ^ clkbuf_4_13_0_CLK/A (sky130_fd_sc_hd__clkbuf_8)
     6    0.018460    0.036503    0.107893    0.320387 ^ clkbuf_4_13_0_CLK/X (sky130_fd_sc_hd__clkbuf_8)
                                                         clknet_4_13_0_CLK (net)
                      0.036538    0.001064    0.321452 ^ _805_/CLK (sky130_fd_sc_hd__dfrtp_2)
     1    0.002776    0.025641    0.217763    0.539215 ^ _805_/Q (sky130_fd_sc_hd__dfrtp_2)
                                                         control.reset_n (net)
                      0.025641    0.000187    0.539402 ^ hold58/A (sky130_fd_sc_hd__dlygate4sd3_1)
     3    0.017758    0.141864    0.471381    1.010783 ^ hold58/X (sky130_fd_sc_hd__dlygate4sd3_1)
                                                         net57 (net)
                      0.141864    0.000532    1.011315 ^ fanout48/A (sky130_fd_sc_hd__clkdlybuf4s25_1)
     2    0.015277    0.120828    0.255343    1.266658 ^ fanout48/X (sky130_fd_sc_hd__clkdlybuf4s25_1)
                                                         net48 (net)
                      0.120828    0.000459    1.267117 ^ fanout47/A (sky130_fd_sc_hd__clkdlybuf4s25_1)
     8    0.040366    0.304089    0.386057    1.653174 ^ fanout47/X (sky130_fd_sc_hd__clkdlybuf4s25_1)
                                                         net47 (net)
                      0.304216    0.002992    1.656166 ^ _755_/RESET_B (sky130_fd_sc_hd__dfrtp_2)
                                              1.656166   data arrival time

                                 20.000000   20.000000   clock CLK (rise edge)
                                  0.000000   20.000000   clock source latency
     1    0.022474    0.079693    0.052589   20.052589 ^ CLK (in)
                                                         CLK (net)
                      0.079747    0.000000   20.052589 ^ clkbuf_0_CLK/A (sky130_fd_sc_hd__clkbuf_16)
    16    0.098607    0.089152    0.128139   20.180729 ^ clkbuf_0_CLK/X (sky130_fd_sc_hd__clkbuf_16)
                                                         clknet_0_CLK (net)
                      0.090936    0.009443   20.190172 ^ clkbuf_4_12_0_CLK/A (sky130_fd_sc_hd__clkbuf_8)
     6    0.019498    0.037679    0.098380   20.288551 ^ clkbuf_4_12_0_CLK/X (sky130_fd_sc_hd__clkbuf_8)
                                                         clknet_4_12_0_CLK (net)
                      0.037705    0.000849   20.289400 ^ _755_/CLK (sky130_fd_sc_hd__dfrtp_2)
                                 -0.250000   20.039402   clock uncertainty
                                  0.019024   20.058426   clock reconvergence pessimism
                                  0.064673   20.123098   library recovery time
                                             20.123098   data required time
---------------------------------------------------------------------------------------------
                                             20.123098   data required time
                                             -1.656166   data arrival time
---------------------------------------------------------------------------------------------
                                             18.466934   slack (MET)


Startpoint: _805_ (rising edge-triggered flip-flop clocked by CLK)
Endpoint: _749_ (recovery check against rising-edge clock CLK)
Path Group: asynchronous
Path Type: max

Fanout         Cap        Slew       Delay        Time   Description
---------------------------------------------------------------------------------------------
                                  0.000000    0.000000   clock CLK (rise edge)
                                  0.000000    0.000000   clock source latency
     1    0.022474    0.079693    0.058125    0.058125 ^ CLK (in)
                                                         CLK (net)
                      0.079747    0.000000    0.058125 ^ clkbuf_0_CLK/A (sky130_fd_sc_hd__clkbuf_16)
    16    0.098607    0.089152    0.141628    0.199752 ^ clkbuf_0_CLK/X (sky130_fd_sc_hd__clkbuf_16)
                                                         clknet_0_CLK (net)
                      0.091856    0.012742    0.212494 ^ clkbuf_4_13_0_CLK/A (sky130_fd_sc_hd__clkbuf_8)
     6    0.018460    0.036503    0.107893    0.320387 ^ clkbuf_4_13_0_CLK/X (sky130_fd_sc_hd__clkbuf_8)
                                                         clknet_4_13_0_CLK (net)
                      0.036538    0.001064    0.321452 ^ _805_/CLK (sky130_fd_sc_hd__dfrtp_2)
     1    0.002776    0.025641    0.217763    0.539215 ^ _805_/Q (sky130_fd_sc_hd__dfrtp_2)
                                                         control.reset_n (net)
                      0.025641    0.000187    0.539402 ^ hold58/A (sky130_fd_sc_hd__dlygate4sd3_1)
     3    0.017758    0.141864    0.471381    1.010783 ^ hold58/X (sky130_fd_sc_hd__dlygate4sd3_1)
                                                         net57 (net)
                      0.141866    0.000847    1.011630 ^ fanout43/A (sky130_fd_sc_hd__clkdlybuf4s25_1)
     6    0.027912    0.212912    0.322799    1.334429 ^ fanout43/X (sky130_fd_sc_hd__clkdlybuf4s25_1)
                                                         net43 (net)
                      0.212918    0.001472    1.335901 ^ fanout38/A (sky130_fd_sc_hd__clkdlybuf4s25_1)
     3    0.012046    0.097295    0.244756    1.580657 ^ fanout38/X (sky130_fd_sc_hd__clkdlybuf4s25_1)
                                                         net38 (net)
                      0.097295    0.000378    1.581035 ^ load_slew39/A (sky130_fd_sc_hd__buf_4)
     8    0.039479    0.087270    0.133650    1.714685 ^ load_slew39/X (sky130_fd_sc_hd__buf_4)
                                                         net39 (net)
                      0.087418    0.003086    1.717771 ^ _749_/RESET_B (sky130_fd_sc_hd__dfrtp_2)
                                              1.717771   data arrival time

                                 20.000000   20.000000   clock CLK (rise edge)
                                  0.000000   20.000000   clock source latency
     1    0.022474    0.079693    0.052589   20.052589 ^ CLK (in)
                                                         CLK (net)
                      0.079747    0.000000   20.052589 ^ clkbuf_0_CLK/A (sky130_fd_sc_hd__clkbuf_16)
    16    0.098607    0.089152    0.128139   20.180729 ^ clkbuf_0_CLK/X (sky130_fd_sc_hd__clkbuf_16)
                                                         clknet_0_CLK (net)
                      0.093297    0.014229   20.194958 ^ clkbuf_4_6_0_CLK/A (sky130_fd_sc_hd__clkbuf_8)
     6    0.019999    0.038272    0.099625   20.294582 ^ clkbuf_4_6_0_CLK/X (sky130_fd_sc_hd__clkbuf_8)
                                                         clknet_4_6_0_CLK (net)
                      0.038299    0.000853   20.295435 ^ _749_/CLK (sky130_fd_sc_hd__dfrtp_2)
                                 -0.250000   20.045437   clock uncertainty
                                  0.019024   20.064461   clock reconvergence pessimism
                                  0.120355   20.184816   library recovery time
                                             20.184816   data required time
---------------------------------------------------------------------------------------------
                                             20.184816   data required time
                                             -1.717771   data arrival time
---------------------------------------------------------------------------------------------
                                             18.467045   slack (MET)


Startpoint: _805_ (rising edge-triggered flip-flop clocked by CLK)
Endpoint: _781_ (recovery check against rising-edge clock CLK)
Path Group: asynchronous
Path Type: max

Fanout         Cap        Slew       Delay        Time   Description
---------------------------------------------------------------------------------------------
                                  0.000000    0.000000   clock CLK (rise edge)
                                  0.000000    0.000000   clock source latency
     1    0.022474    0.079693    0.058125    0.058125 ^ CLK (in)
                                                         CLK (net)
                      0.079747    0.000000    0.058125 ^ clkbuf_0_CLK/A (sky130_fd_sc_hd__clkbuf_16)
    16    0.098607    0.089152    0.141628    0.199752 ^ clkbuf_0_CLK/X (sky130_fd_sc_hd__clkbuf_16)
                                                         clknet_0_CLK (net)
                      0.091856    0.012742    0.212494 ^ clkbuf_4_13_0_CLK/A (sky130_fd_sc_hd__clkbuf_8)
     6    0.018460    0.036503    0.107893    0.320387 ^ clkbuf_4_13_0_CLK/X (sky130_fd_sc_hd__clkbuf_8)
                                                         clknet_4_13_0_CLK (net)
                      0.036538    0.001064    0.321452 ^ _805_/CLK (sky130_fd_sc_hd__dfrtp_2)
     1    0.002776    0.025641    0.217763    0.539215 ^ _805_/Q (sky130_fd_sc_hd__dfrtp_2)
                                                         control.reset_n (net)
                      0.025641    0.000187    0.539402 ^ hold58/A (sky130_fd_sc_hd__dlygate4sd3_1)
     3    0.017758    0.141864    0.471381    1.010783 ^ hold58/X (sky130_fd_sc_hd__dlygate4sd3_1)
                                                         net57 (net)
                      0.141866    0.000847    1.011630 ^ fanout43/A (sky130_fd_sc_hd__clkdlybuf4s25_1)
     6    0.027912    0.212912    0.322799    1.334429 ^ fanout43/X (sky130_fd_sc_hd__clkdlybuf4s25_1)
                                                         net43 (net)
                      0.212918    0.001472    1.335901 ^ fanout38/A (sky130_fd_sc_hd__clkdlybuf4s25_1)
     3    0.012046    0.097295    0.244756    1.580657 ^ fanout38/X (sky130_fd_sc_hd__clkdlybuf4s25_1)
                                                         net38 (net)
                      0.097295    0.000378    1.581035 ^ load_slew39/A (sky130_fd_sc_hd__buf_4)
     8    0.039479    0.087270    0.133650    1.714685 ^ load_slew39/X (sky130_fd_sc_hd__buf_4)
                                                         net39 (net)
                      0.087383    0.002712    1.717397 ^ _781_/RESET_B (sky130_fd_sc_hd__dfrtp_2)
                                              1.717397   data arrival time

                                 20.000000   20.000000   clock CLK (rise edge)
                                  0.000000   20.000000   clock source latency
     1    0.022474    0.079693    0.052589   20.052589 ^ CLK (in)
                                                         CLK (net)
                      0.079747    0.000000   20.052589 ^ clkbuf_0_CLK/A (sky130_fd_sc_hd__clkbuf_16)
    16    0.098607    0.089152    0.128139   20.180729 ^ clkbuf_0_CLK/X (sky130_fd_sc_hd__clkbuf_16)
                                                         clknet_0_CLK (net)
                      0.093297    0.014229   20.194958 ^ clkbuf_4_6_0_CLK/A (sky130_fd_sc_hd__clkbuf_8)
     6    0.019999    0.038272    0.099625   20.294582 ^ clkbuf_4_6_0_CLK/X (sky130_fd_sc_hd__clkbuf_8)
                                                         clknet_4_6_0_CLK (net)
                      0.038296    0.000812   20.295395 ^ _781_/CLK (sky130_fd_sc_hd__dfrtp_2)
                                 -0.250000   20.045395   clock uncertainty
                                  0.019024   20.064421   clock reconvergence pessimism
                                  0.120364   20.184784   library recovery time
                                             20.184784   data required time
---------------------------------------------------------------------------------------------
                                             20.184784   data required time
                                             -1.717397   data arrival time
---------------------------------------------------------------------------------------------
                                             18.467386   slack (MET)


Startpoint: _805_ (rising edge-triggered flip-flop clocked by CLK)
Endpoint: _757_ (recovery check against rising-edge clock CLK)
Path Group: asynchronous
Path Type: max

Fanout         Cap        Slew       Delay        Time   Description
---------------------------------------------------------------------------------------------
                                  0.000000    0.000000   clock CLK (rise edge)
                                  0.000000    0.000000   clock source latency
     1    0.022474    0.079693    0.058125    0.058125 ^ CLK (in)
                                                         CLK (net)
                      0.079747    0.000000    0.058125 ^ clkbuf_0_CLK/A (sky130_fd_sc_hd__clkbuf_16)
    16    0.098607    0.089152    0.141628    0.199752 ^ clkbuf_0_CLK/X (sky130_fd_sc_hd__clkbuf_16)
                                                         clknet_0_CLK (net)
                      0.091856    0.012742    0.212494 ^ clkbuf_4_13_0_CLK/A (sky130_fd_sc_hd__clkbuf_8)
     6    0.018460    0.036503    0.107893    0.320387 ^ clkbuf_4_13_0_CLK/X (sky130_fd_sc_hd__clkbuf_8)
                                                         clknet_4_13_0_CLK (net)
                      0.036538    0.001064    0.321452 ^ _805_/CLK (sky130_fd_sc_hd__dfrtp_2)
     1    0.002776    0.025641    0.217763    0.539215 ^ _805_/Q (sky130_fd_sc_hd__dfrtp_2)
                                                         control.reset_n (net)
                      0.025641    0.000187    0.539402 ^ hold58/A (sky130_fd_sc_hd__dlygate4sd3_1)
     3    0.017758    0.141864    0.471381    1.010783 ^ hold58/X (sky130_fd_sc_hd__dlygate4sd3_1)
                                                         net57 (net)
                      0.141864    0.000532    1.011315 ^ fanout48/A (sky130_fd_sc_hd__clkdlybuf4s25_1)
     2    0.015277    0.120828    0.255343    1.266658 ^ fanout48/X (sky130_fd_sc_hd__clkdlybuf4s25_1)
                                                         net48 (net)
                      0.120828    0.000459    1.267117 ^ fanout47/A (sky130_fd_sc_hd__clkdlybuf4s25_1)
     8    0.040366    0.304089    0.386057    1.653174 ^ fanout47/X (sky130_fd_sc_hd__clkdlybuf4s25_1)
                                                         net47 (net)
                      0.304195    0.002022    1.655196 ^ _757_/RESET_B (sky130_fd_sc_hd__dfrtp_2)
                                              1.655196   data arrival time

                                 20.000000   20.000000   clock CLK (rise edge)
                                  0.000000   20.000000   clock source latency
     1    0.022474    0.079693    0.052589   20.052589 ^ CLK (in)
                                                         CLK (net)
                      0.079747    0.000000   20.052589 ^ clkbuf_0_CLK/A (sky130_fd_sc_hd__clkbuf_16)
    16    0.098607    0.089152    0.128139   20.180729 ^ clkbuf_0_CLK/X (sky130_fd_sc_hd__clkbuf_16)
                                                         clknet_0_CLK (net)
                      0.090843    0.009207   20.189936 ^ clkbuf_4_15_0_CLK/A (sky130_fd_sc_hd__clkbuf_8)
     6    0.019405    0.037571    0.098273   20.288210 ^ clkbuf_4_15_0_CLK/X (sky130_fd_sc_hd__clkbuf_8)
                                                         clknet_4_15_0_CLK (net)
                      0.037613    0.001048   20.289257 ^ _757_/CLK (sky130_fd_sc_hd__dfrtp_2)
                                 -0.250000   20.039257   clock uncertainty
                                  0.019024   20.058283   clock reconvergence pessimism
                                  0.064663   20.122946   library recovery time
                                             20.122946   data required time
---------------------------------------------------------------------------------------------
                                             20.122946   data required time
                                             -1.655196   data arrival time
---------------------------------------------------------------------------------------------
                                             18.467749   slack (MET)


Startpoint: _805_ (rising edge-triggered flip-flop clocked by CLK)
Endpoint: _800_ (recovery check against rising-edge clock CLK)
Path Group: asynchronous
Path Type: max

Fanout         Cap        Slew       Delay        Time   Description
---------------------------------------------------------------------------------------------
                                  0.000000    0.000000   clock CLK (rise edge)
                                  0.000000    0.000000   clock source latency
     1    0.022474    0.079693    0.058125    0.058125 ^ CLK (in)
                                                         CLK (net)
                      0.079747    0.000000    0.058125 ^ clkbuf_0_CLK/A (sky130_fd_sc_hd__clkbuf_16)
    16    0.098607    0.089152    0.141628    0.199752 ^ clkbuf_0_CLK/X (sky130_fd_sc_hd__clkbuf_16)
                                                         clknet_0_CLK (net)
                      0.091856    0.012742    0.212494 ^ clkbuf_4_13_0_CLK/A (sky130_fd_sc_hd__clkbuf_8)
     6    0.018460    0.036503    0.107893    0.320387 ^ clkbuf_4_13_0_CLK/X (sky130_fd_sc_hd__clkbuf_8)
                                                         clknet_4_13_0_CLK (net)
                      0.036538    0.001064    0.321452 ^ _805_/CLK (sky130_fd_sc_hd__dfrtp_2)
     1    0.002776    0.025641    0.217763    0.539215 ^ _805_/Q (sky130_fd_sc_hd__dfrtp_2)
                                                         control.reset_n (net)
                      0.025641    0.000187    0.539402 ^ hold58/A (sky130_fd_sc_hd__dlygate4sd3_1)
     3    0.017758    0.141864    0.471381    1.010783 ^ hold58/X (sky130_fd_sc_hd__dlygate4sd3_1)
                                                         net57 (net)
                      0.141866    0.000847    1.011630 ^ fanout43/A (sky130_fd_sc_hd__clkdlybuf4s25_1)
     6    0.027912    0.212912    0.322799    1.334429 ^ fanout43/X (sky130_fd_sc_hd__clkdlybuf4s25_1)
                                                         net43 (net)
                      0.212912    0.000476    1.334905 ^ fanout40/A (sky130_fd_sc_hd__clkdlybuf4s25_1)
     6    0.030029    0.227946    0.338994    1.673899 ^ fanout40/X (sky130_fd_sc_hd__clkdlybuf4s25_1)
                                                         net40 (net)
                      0.228083    0.003313    1.677212 ^ _800_/SET_B (sky130_fd_sc_hd__dfstp_2)
                                              1.677212   data arrival time

                                 20.000000   20.000000   clock CLK (rise edge)
                                  0.000000   20.000000   clock source latency
     1    0.022474    0.079693    0.052589   20.052589 ^ CLK (in)
                                                         CLK (net)
                      0.079747    0.000000   20.052589 ^ clkbuf_0_CLK/A (sky130_fd_sc_hd__clkbuf_16)
    16    0.098607    0.089152    0.128139   20.180729 ^ clkbuf_0_CLK/X (sky130_fd_sc_hd__clkbuf_16)
                                                         clknet_0_CLK (net)
                      0.092289    0.012397   20.193127 ^ clkbuf_4_7_0_CLK/A (sky130_fd_sc_hd__clkbuf_8)
     5    0.016928    0.034781    0.096318   20.289444 ^ clkbuf_4_7_0_CLK/X (sky130_fd_sc_hd__clkbuf_8)
                                                         clknet_4_7_0_CLK (net)
                      0.034814    0.000874   20.290318 ^ _800_/CLK (sky130_fd_sc_hd__dfstp_2)
                                 -0.250000   20.040318   clock uncertainty
                                  0.019024   20.059343   clock reconvergence pessimism
                                  0.087822   20.147165   library recovery time
                                             20.147165   data required time
---------------------------------------------------------------------------------------------
                                             20.147165   data required time
                                             -1.677212   data arrival time
---------------------------------------------------------------------------------------------
                                             18.469954   slack (MET)


Startpoint: _805_ (rising edge-triggered flip-flop clocked by CLK)
Endpoint: _753_ (recovery check against rising-edge clock CLK)
Path Group: asynchronous
Path Type: max

Fanout         Cap        Slew       Delay        Time   Description
---------------------------------------------------------------------------------------------
                                  0.000000    0.000000   clock CLK (rise edge)
                                  0.000000    0.000000   clock source latency
     1    0.022474    0.079693    0.058125    0.058125 ^ CLK (in)
                                                         CLK (net)
                      0.079747    0.000000    0.058125 ^ clkbuf_0_CLK/A (sky130_fd_sc_hd__clkbuf_16)
    16    0.098607    0.089152    0.141628    0.199752 ^ clkbuf_0_CLK/X (sky130_fd_sc_hd__clkbuf_16)
                                                         clknet_0_CLK (net)
                      0.091856    0.012742    0.212494 ^ clkbuf_4_13_0_CLK/A (sky130_fd_sc_hd__clkbuf_8)
     6    0.018460    0.036503    0.107893    0.320387 ^ clkbuf_4_13_0_CLK/X (sky130_fd_sc_hd__clkbuf_8)
                                                         clknet_4_13_0_CLK (net)
                      0.036538    0.001064    0.321452 ^ _805_/CLK (sky130_fd_sc_hd__dfrtp_2)
     1    0.002776    0.025641    0.217763    0.539215 ^ _805_/Q (sky130_fd_sc_hd__dfrtp_2)
                                                         control.reset_n (net)
                      0.025641    0.000187    0.539402 ^ hold58/A (sky130_fd_sc_hd__dlygate4sd3_1)
     3    0.017758    0.141864    0.471381    1.010783 ^ hold58/X (sky130_fd_sc_hd__dlygate4sd3_1)
                                                         net57 (net)
                      0.141866    0.000847    1.011630 ^ fanout43/A (sky130_fd_sc_hd__clkdlybuf4s25_1)
     6    0.027912    0.212912    0.322799    1.334429 ^ fanout43/X (sky130_fd_sc_hd__clkdlybuf4s25_1)
                                                         net43 (net)
                      0.212918    0.001472    1.335901 ^ fanout38/A (sky130_fd_sc_hd__clkdlybuf4s25_1)
     3    0.012046    0.097295    0.244756    1.580657 ^ fanout38/X (sky130_fd_sc_hd__clkdlybuf4s25_1)
                                                         net38 (net)
                      0.097295    0.000378    1.581035 ^ load_slew39/A (sky130_fd_sc_hd__buf_4)
     8    0.039479    0.087270    0.133650    1.714685 ^ load_slew39/X (sky130_fd_sc_hd__buf_4)
                                                         net39 (net)
                      0.087492    0.003750    1.718435 ^ _753_/RESET_B (sky130_fd_sc_hd__dfrtp_2)
                                              1.718435   data arrival time

                                 20.000000   20.000000   clock CLK (rise edge)
                                  0.000000   20.000000   clock source latency
     1    0.022474    0.079693    0.052589   20.052589 ^ CLK (in)
                                                         CLK (net)
                      0.079747    0.000000   20.052589 ^ clkbuf_0_CLK/A (sky130_fd_sc_hd__clkbuf_16)
    16    0.098607    0.089152    0.128139   20.180729 ^ clkbuf_0_CLK/X (sky130_fd_sc_hd__clkbuf_16)
                                                         clknet_0_CLK (net)
                      0.093986    0.015373   20.196102 ^ clkbuf_4_4_0_CLK/A (sky130_fd_sc_hd__clkbuf_8)
     6    0.023705    0.042367    0.103419   20.299520 ^ clkbuf_4_4_0_CLK/X (sky130_fd_sc_hd__clkbuf_8)
                                                         clknet_4_4_0_CLK (net)
                      0.042398    0.000972   20.300493 ^ _753_/CLK (sky130_fd_sc_hd__dfrtp_2)
                                 -0.250000   20.050493   clock uncertainty
                                  0.019024   20.069519   clock reconvergence pessimism
                                  0.120970   20.190489   library recovery time
                                             20.190489   data required time
---------------------------------------------------------------------------------------------
                                             20.190489   data required time
                                             -1.718435   data arrival time
---------------------------------------------------------------------------------------------
                                             18.472054   slack (MET)


Startpoint: _805_ (rising edge-triggered flip-flop clocked by CLK)
Endpoint: _787_ (recovery check against rising-edge clock CLK)
Path Group: asynchronous
Path Type: max

Fanout         Cap        Slew       Delay        Time   Description
---------------------------------------------------------------------------------------------
                                  0.000000    0.000000   clock CLK (rise edge)
                                  0.000000    0.000000   clock source latency
     1    0.022474    0.079693    0.058125    0.058125 ^ CLK (in)
                                                         CLK (net)
                      0.079747    0.000000    0.058125 ^ clkbuf_0_CLK/A (sky130_fd_sc_hd__clkbuf_16)
    16    0.098607    0.089152    0.141628    0.199752 ^ clkbuf_0_CLK/X (sky130_fd_sc_hd__clkbuf_16)
                                                         clknet_0_CLK (net)
                      0.091856    0.012742    0.212494 ^ clkbuf_4_13_0_CLK/A (sky130_fd_sc_hd__clkbuf_8)
     6    0.018460    0.036503    0.107893    0.320387 ^ clkbuf_4_13_0_CLK/X (sky130_fd_sc_hd__clkbuf_8)
                                                         clknet_4_13_0_CLK (net)
                      0.036538    0.001064    0.321452 ^ _805_/CLK (sky130_fd_sc_hd__dfrtp_2)
     1    0.002776    0.025641    0.217763    0.539215 ^ _805_/Q (sky130_fd_sc_hd__dfrtp_2)
                                                         control.reset_n (net)
                      0.025641    0.000187    0.539402 ^ hold58/A (sky130_fd_sc_hd__dlygate4sd3_1)
     3    0.017758    0.141864    0.471381    1.010783 ^ hold58/X (sky130_fd_sc_hd__dlygate4sd3_1)
                                                         net57 (net)
                      0.141866    0.000847    1.011630 ^ fanout43/A (sky130_fd_sc_hd__clkdlybuf4s25_1)
     6    0.027912    0.212912    0.322799    1.334429 ^ fanout43/X (sky130_fd_sc_hd__clkdlybuf4s25_1)
                                                         net43 (net)
                      0.212918    0.001472    1.335901 ^ fanout38/A (sky130_fd_sc_hd__clkdlybuf4s25_1)
     3    0.012046    0.097295    0.244756    1.580657 ^ fanout38/X (sky130_fd_sc_hd__clkdlybuf4s25_1)
                                                         net38 (net)
                      0.097295    0.000378    1.581035 ^ load_slew39/A (sky130_fd_sc_hd__buf_4)
     8    0.039479    0.087270    0.133650    1.714685 ^ load_slew39/X (sky130_fd_sc_hd__buf_4)
                                                         net39 (net)
                      0.087489    0.003731    1.718416 ^ _787_/RESET_B (sky130_fd_sc_hd__dfrtp_2)
                                              1.718416   data arrival time

                                 20.000000   20.000000   clock CLK (rise edge)
                                  0.000000   20.000000   clock source latency
     1    0.022474    0.079693    0.052589   20.052589 ^ CLK (in)
                                                         CLK (net)
                      0.079747    0.000000   20.052589 ^ clkbuf_0_CLK/A (sky130_fd_sc_hd__clkbuf_16)
    16    0.098607    0.089152    0.128139   20.180729 ^ clkbuf_0_CLK/X (sky130_fd_sc_hd__clkbuf_16)
                                                         clknet_0_CLK (net)
                      0.093986    0.015373   20.196102 ^ clkbuf_4_4_0_CLK/A (sky130_fd_sc_hd__clkbuf_8)
     6    0.023705    0.042367    0.103419   20.299520 ^ clkbuf_4_4_0_CLK/X (sky130_fd_sc_hd__clkbuf_8)
                                                         clknet_4_4_0_CLK (net)
                      0.042397    0.000963   20.300484 ^ _787_/CLK (sky130_fd_sc_hd__dfrtp_2)
                                 -0.250000   20.050484   clock uncertainty
                                  0.019024   20.069510   clock reconvergence pessimism
                                  0.120971   20.190479   library recovery time
                                             20.190479   data required time
---------------------------------------------------------------------------------------------
                                             20.190479   data required time
                                             -1.718416   data arrival time
---------------------------------------------------------------------------------------------
                                             18.472063   slack (MET)


Startpoint: _805_ (rising edge-triggered flip-flop clocked by CLK)
Endpoint: _786_ (recovery check against rising-edge clock CLK)
Path Group: asynchronous
Path Type: max

Fanout         Cap        Slew       Delay        Time   Description
---------------------------------------------------------------------------------------------
                                  0.000000    0.000000   clock CLK (rise edge)
                                  0.000000    0.000000   clock source latency
     1    0.022474    0.079693    0.058125    0.058125 ^ CLK (in)
                                                         CLK (net)
                      0.079747    0.000000    0.058125 ^ clkbuf_0_CLK/A (sky130_fd_sc_hd__clkbuf_16)
    16    0.098607    0.089152    0.141628    0.199752 ^ clkbuf_0_CLK/X (sky130_fd_sc_hd__clkbuf_16)
                                                         clknet_0_CLK (net)
                      0.091856    0.012742    0.212494 ^ clkbuf_4_13_0_CLK/A (sky130_fd_sc_hd__clkbuf_8)
     6    0.018460    0.036503    0.107893    0.320387 ^ clkbuf_4_13_0_CLK/X (sky130_fd_sc_hd__clkbuf_8)
                                                         clknet_4_13_0_CLK (net)
                      0.036538    0.001064    0.321452 ^ _805_/CLK (sky130_fd_sc_hd__dfrtp_2)
     1    0.002776    0.025641    0.217763    0.539215 ^ _805_/Q (sky130_fd_sc_hd__dfrtp_2)
                                                         control.reset_n (net)
                      0.025641    0.000187    0.539402 ^ hold58/A (sky130_fd_sc_hd__dlygate4sd3_1)
     3    0.017758    0.141864    0.471381    1.010783 ^ hold58/X (sky130_fd_sc_hd__dlygate4sd3_1)
                                                         net57 (net)
                      0.141866    0.000847    1.011630 ^ fanout43/A (sky130_fd_sc_hd__clkdlybuf4s25_1)
     6    0.027912    0.212912    0.322799    1.334429 ^ fanout43/X (sky130_fd_sc_hd__clkdlybuf4s25_1)
                                                         net43 (net)
                      0.212918    0.001472    1.335901 ^ fanout38/A (sky130_fd_sc_hd__clkdlybuf4s25_1)
     3    0.012046    0.097295    0.244756    1.580657 ^ fanout38/X (sky130_fd_sc_hd__clkdlybuf4s25_1)
                                                         net38 (net)
                      0.097295    0.000378    1.581035 ^ load_slew39/A (sky130_fd_sc_hd__buf_4)
     8    0.039479    0.087270    0.133650    1.714685 ^ load_slew39/X (sky130_fd_sc_hd__buf_4)
                                                         net39 (net)
                      0.087473    0.003597    1.718282 ^ _786_/RESET_B (sky130_fd_sc_hd__dfrtp_2)
                                              1.718282   data arrival time

                                 20.000000   20.000000   clock CLK (rise edge)
                                  0.000000   20.000000   clock source latency
     1    0.022474    0.079693    0.052589   20.052589 ^ CLK (in)
                                                         CLK (net)
                      0.079747    0.000000   20.052589 ^ clkbuf_0_CLK/A (sky130_fd_sc_hd__clkbuf_16)
    16    0.098607    0.089152    0.128139   20.180729 ^ clkbuf_0_CLK/X (sky130_fd_sc_hd__clkbuf_16)
                                                         clknet_0_CLK (net)
                      0.093986    0.015373   20.196102 ^ clkbuf_4_4_0_CLK/A (sky130_fd_sc_hd__clkbuf_8)
     6    0.023705    0.042367    0.103419   20.299520 ^ clkbuf_4_4_0_CLK/X (sky130_fd_sc_hd__clkbuf_8)
                                                         clknet_4_4_0_CLK (net)
                      0.042398    0.000968   20.300489 ^ _786_/CLK (sky130_fd_sc_hd__dfrtp_2)
                                 -0.250000   20.050489   clock uncertainty
                                  0.019024   20.069515   clock reconvergence pessimism
                                  0.120975   20.190491   library recovery time
                                             20.190491   data required time
---------------------------------------------------------------------------------------------
                                             20.190491   data required time
                                             -1.718282   data arrival time
---------------------------------------------------------------------------------------------
                                             18.472208   slack (MET)


Startpoint: _805_ (rising edge-triggered flip-flop clocked by CLK)
Endpoint: _783_ (recovery check against rising-edge clock CLK)
Path Group: asynchronous
Path Type: max

Fanout         Cap        Slew       Delay        Time   Description
---------------------------------------------------------------------------------------------
                                  0.000000    0.000000   clock CLK (rise edge)
                                  0.000000    0.000000   clock source latency
     1    0.022474    0.079693    0.058125    0.058125 ^ CLK (in)
                                                         CLK (net)
                      0.079747    0.000000    0.058125 ^ clkbuf_0_CLK/A (sky130_fd_sc_hd__clkbuf_16)
    16    0.098607    0.089152    0.141628    0.199752 ^ clkbuf_0_CLK/X (sky130_fd_sc_hd__clkbuf_16)
                                                         clknet_0_CLK (net)
                      0.091856    0.012742    0.212494 ^ clkbuf_4_13_0_CLK/A (sky130_fd_sc_hd__clkbuf_8)
     6    0.018460    0.036503    0.107893    0.320387 ^ clkbuf_4_13_0_CLK/X (sky130_fd_sc_hd__clkbuf_8)
                                                         clknet_4_13_0_CLK (net)
                      0.036538    0.001064    0.321452 ^ _805_/CLK (sky130_fd_sc_hd__dfrtp_2)
     1    0.002776    0.025641    0.217763    0.539215 ^ _805_/Q (sky130_fd_sc_hd__dfrtp_2)
                                                         control.reset_n (net)
                      0.025641    0.000187    0.539402 ^ hold58/A (sky130_fd_sc_hd__dlygate4sd3_1)
     3    0.017758    0.141864    0.471381    1.010783 ^ hold58/X (sky130_fd_sc_hd__dlygate4sd3_1)
                                                         net57 (net)
                      0.141866    0.000847    1.011630 ^ fanout43/A (sky130_fd_sc_hd__clkdlybuf4s25_1)
     6    0.027912    0.212912    0.322799    1.334429 ^ fanout43/X (sky130_fd_sc_hd__clkdlybuf4s25_1)
                                                         net43 (net)
                      0.212912    0.000476    1.334905 ^ fanout40/A (sky130_fd_sc_hd__clkdlybuf4s25_1)
     6    0.030029    0.227946    0.338994    1.673899 ^ fanout40/X (sky130_fd_sc_hd__clkdlybuf4s25_1)
                                                         net40 (net)
                      0.228129    0.004330    1.678229 ^ _783_/RESET_B (sky130_fd_sc_hd__dfrtp_2)
                                              1.678229   data arrival time

                                 20.000000   20.000000   clock CLK (rise edge)
                                  0.000000   20.000000   clock source latency
     1    0.022474    0.079693    0.052589   20.052589 ^ CLK (in)
                                                         CLK (net)
                      0.079747    0.000000   20.052589 ^ clkbuf_0_CLK/A (sky130_fd_sc_hd__clkbuf_16)
    16    0.098607    0.089152    0.128139   20.180729 ^ clkbuf_0_CLK/X (sky130_fd_sc_hd__clkbuf_16)
                                                         clknet_0_CLK (net)
                      0.094007    0.015405   20.196133 ^ clkbuf_4_5_0_CLK/A (sky130_fd_sc_hd__clkbuf_8)
     6    0.020399    0.038735    0.100160   20.296293 ^ clkbuf_4_5_0_CLK/X (sky130_fd_sc_hd__clkbuf_8)
                                                         clknet_4_5_0_CLK (net)
                      0.038765    0.000934   20.297228 ^ _783_/CLK (sky130_fd_sc_hd__dfrtp_2)
                                 -0.250000   20.047228   clock uncertainty
                                  0.019024   20.066254   clock reconvergence pessimism
                                  0.084354   20.150606   library recovery time
                                             20.150606   data required time
---------------------------------------------------------------------------------------------
                                             20.150606   data required time
                                             -1.678229   data arrival time
---------------------------------------------------------------------------------------------
                                             18.472378   slack (MET)


Startpoint: _805_ (rising edge-triggered flip-flop clocked by CLK)
Endpoint: _784_ (recovery check against rising-edge clock CLK)
Path Group: asynchronous
Path Type: max

Fanout         Cap        Slew       Delay        Time   Description
---------------------------------------------------------------------------------------------
                                  0.000000    0.000000   clock CLK (rise edge)
                                  0.000000    0.000000   clock source latency
     1    0.022474    0.079693    0.058125    0.058125 ^ CLK (in)
                                                         CLK (net)
                      0.079747    0.000000    0.058125 ^ clkbuf_0_CLK/A (sky130_fd_sc_hd__clkbuf_16)
    16    0.098607    0.089152    0.141628    0.199752 ^ clkbuf_0_CLK/X (sky130_fd_sc_hd__clkbuf_16)
                                                         clknet_0_CLK (net)
                      0.091856    0.012742    0.212494 ^ clkbuf_4_13_0_CLK/A (sky130_fd_sc_hd__clkbuf_8)
     6    0.018460    0.036503    0.107893    0.320387 ^ clkbuf_4_13_0_CLK/X (sky130_fd_sc_hd__clkbuf_8)
                                                         clknet_4_13_0_CLK (net)
                      0.036538    0.001064    0.321452 ^ _805_/CLK (sky130_fd_sc_hd__dfrtp_2)
     1    0.002776    0.025641    0.217763    0.539215 ^ _805_/Q (sky130_fd_sc_hd__dfrtp_2)
                                                         control.reset_n (net)
                      0.025641    0.000187    0.539402 ^ hold58/A (sky130_fd_sc_hd__dlygate4sd3_1)
     3    0.017758    0.141864    0.471381    1.010783 ^ hold58/X (sky130_fd_sc_hd__dlygate4sd3_1)
                                                         net57 (net)
                      0.141866    0.000847    1.011630 ^ fanout43/A (sky130_fd_sc_hd__clkdlybuf4s25_1)
     6    0.027912    0.212912    0.322799    1.334429 ^ fanout43/X (sky130_fd_sc_hd__clkdlybuf4s25_1)
                                                         net43 (net)
                      0.212912    0.000476    1.334905 ^ fanout40/A (sky130_fd_sc_hd__clkdlybuf4s25_1)
     6    0.030029    0.227946    0.338994    1.673899 ^ fanout40/X (sky130_fd_sc_hd__clkdlybuf4s25_1)
                                                         net40 (net)
                      0.228129    0.004341    1.678240 ^ _784_/RESET_B (sky130_fd_sc_hd__dfrtp_2)
                                              1.678240   data arrival time

                                 20.000000   20.000000   clock CLK (rise edge)
                                  0.000000   20.000000   clock source latency
     1    0.022474    0.079693    0.052589   20.052589 ^ CLK (in)
                                                         CLK (net)
                      0.079747    0.000000   20.052589 ^ clkbuf_0_CLK/A (sky130_fd_sc_hd__clkbuf_16)
    16    0.098607    0.089152    0.128139   20.180729 ^ clkbuf_0_CLK/X (sky130_fd_sc_hd__clkbuf_16)
                                                         clknet_0_CLK (net)
                      0.094007    0.015405   20.196133 ^ clkbuf_4_5_0_CLK/A (sky130_fd_sc_hd__clkbuf_8)
     6    0.020399    0.038735    0.100160   20.296293 ^ clkbuf_4_5_0_CLK/X (sky130_fd_sc_hd__clkbuf_8)
                                                         clknet_4_5_0_CLK (net)
                      0.038767    0.000970   20.297262 ^ _784_/CLK (sky130_fd_sc_hd__dfrtp_2)
                                 -0.250000   20.047264   clock uncertainty
                                  0.019024   20.066288   clock reconvergence pessimism
                                  0.084354   20.150642   library recovery time
                                             20.150642   data required time
---------------------------------------------------------------------------------------------
                                             20.150642   data required time
                                             -1.678240   data arrival time
---------------------------------------------------------------------------------------------
                                             18.472403   slack (MET)


Startpoint: _805_ (rising edge-triggered flip-flop clocked by CLK)
Endpoint: _775_ (recovery check against rising-edge clock CLK)
Path Group: asynchronous
Path Type: max

Fanout         Cap        Slew       Delay        Time   Description
---------------------------------------------------------------------------------------------
                                  0.000000    0.000000   clock CLK (rise edge)
                                  0.000000    0.000000   clock source latency
     1    0.022474    0.079693    0.058125    0.058125 ^ CLK (in)
                                                         CLK (net)
                      0.079747    0.000000    0.058125 ^ clkbuf_0_CLK/A (sky130_fd_sc_hd__clkbuf_16)
    16    0.098607    0.089152    0.141628    0.199752 ^ clkbuf_0_CLK/X (sky130_fd_sc_hd__clkbuf_16)
                                                         clknet_0_CLK (net)
                      0.091856    0.012742    0.212494 ^ clkbuf_4_13_0_CLK/A (sky130_fd_sc_hd__clkbuf_8)
     6    0.018460    0.036503    0.107893    0.320387 ^ clkbuf_4_13_0_CLK/X (sky130_fd_sc_hd__clkbuf_8)
                                                         clknet_4_13_0_CLK (net)
                      0.036538    0.001064    0.321452 ^ _805_/CLK (sky130_fd_sc_hd__dfrtp_2)
     1    0.002776    0.025641    0.217763    0.539215 ^ _805_/Q (sky130_fd_sc_hd__dfrtp_2)
                                                         control.reset_n (net)
                      0.025641    0.000187    0.539402 ^ hold58/A (sky130_fd_sc_hd__dlygate4sd3_1)
     3    0.017758    0.141864    0.471381    1.010783 ^ hold58/X (sky130_fd_sc_hd__dlygate4sd3_1)
                                                         net57 (net)
                      0.141866    0.000847    1.011630 ^ fanout43/A (sky130_fd_sc_hd__clkdlybuf4s25_1)
     6    0.027912    0.212912    0.322799    1.334429 ^ fanout43/X (sky130_fd_sc_hd__clkdlybuf4s25_1)
                                                         net43 (net)
                      0.212919    0.001568    1.335997 ^ fanout41/A (sky130_fd_sc_hd__clkdlybuf4s25_1)
     2    0.008893    0.074687    0.227784    1.563781 ^ fanout41/X (sky130_fd_sc_hd__clkdlybuf4s25_1)
                                                         net41 (net)
                      0.074691    0.000610    1.564390 ^ load_slew42/A (sky130_fd_sc_hd__buf_4)
     9    0.043228    0.095037    0.131681    1.696071 ^ load_slew42/X (sky130_fd_sc_hd__buf_4)
                                                         net42 (net)
                      0.095949    0.007845    1.703916 ^ _775_/RESET_B (sky130_fd_sc_hd__dfrtp_2)
                                              1.703916   data arrival time

                                 20.000000   20.000000   clock CLK (rise edge)
                                  0.000000   20.000000   clock source latency
     1    0.022474    0.079693    0.052589   20.052589 ^ CLK (in)
                                                         CLK (net)
                      0.079747    0.000000   20.052589 ^ clkbuf_0_CLK/A (sky130_fd_sc_hd__clkbuf_16)
    16    0.098607    0.089152    0.128139   20.180729 ^ clkbuf_0_CLK/X (sky130_fd_sc_hd__clkbuf_16)
                                                         clknet_0_CLK (net)
                      0.089891    0.006272   20.187000 ^ clkbuf_4_8_0_CLK/A (sky130_fd_sc_hd__clkbuf_8)
     6    0.022610    0.041224    0.101352   20.288353 ^ clkbuf_4_8_0_CLK/X (sky130_fd_sc_hd__clkbuf_8)
                                                         clknet_4_8_0_CLK (net)
                      0.041255    0.000995   20.289349 ^ _775_/CLK (sky130_fd_sc_hd__dfrtp_2)
                                 -0.250000   20.039349   clock uncertainty
                                  0.019024   20.058372   clock reconvergence pessimism
                                  0.118627   20.177000   library recovery time
                                             20.177000   data required time
---------------------------------------------------------------------------------------------
                                             20.177000   data required time
                                             -1.703916   data arrival time
---------------------------------------------------------------------------------------------
                                             18.473083   slack (MET)


Startpoint: _805_ (rising edge-triggered flip-flop clocked by CLK)
Endpoint: _777_ (recovery check against rising-edge clock CLK)
Path Group: asynchronous
Path Type: max

Fanout         Cap        Slew       Delay        Time   Description
---------------------------------------------------------------------------------------------
                                  0.000000    0.000000   clock CLK (rise edge)
                                  0.000000    0.000000   clock source latency
     1    0.022474    0.079693    0.058125    0.058125 ^ CLK (in)
                                                         CLK (net)
                      0.079747    0.000000    0.058125 ^ clkbuf_0_CLK/A (sky130_fd_sc_hd__clkbuf_16)
    16    0.098607    0.089152    0.141628    0.199752 ^ clkbuf_0_CLK/X (sky130_fd_sc_hd__clkbuf_16)
                                                         clknet_0_CLK (net)
                      0.091856    0.012742    0.212494 ^ clkbuf_4_13_0_CLK/A (sky130_fd_sc_hd__clkbuf_8)
     6    0.018460    0.036503    0.107893    0.320387 ^ clkbuf_4_13_0_CLK/X (sky130_fd_sc_hd__clkbuf_8)
                                                         clknet_4_13_0_CLK (net)
                      0.036538    0.001064    0.321452 ^ _805_/CLK (sky130_fd_sc_hd__dfrtp_2)
     1    0.002776    0.025641    0.217763    0.539215 ^ _805_/Q (sky130_fd_sc_hd__dfrtp_2)
                                                         control.reset_n (net)
                      0.025641    0.000187    0.539402 ^ hold58/A (sky130_fd_sc_hd__dlygate4sd3_1)
     3    0.017758    0.141864    0.471381    1.010783 ^ hold58/X (sky130_fd_sc_hd__dlygate4sd3_1)
                                                         net57 (net)
                      0.141866    0.000847    1.011630 ^ fanout43/A (sky130_fd_sc_hd__clkdlybuf4s25_1)
     6    0.027912    0.212912    0.322799    1.334429 ^ fanout43/X (sky130_fd_sc_hd__clkdlybuf4s25_1)
                                                         net43 (net)
                      0.212919    0.001568    1.335997 ^ fanout41/A (sky130_fd_sc_hd__clkdlybuf4s25_1)
     2    0.008893    0.074687    0.227784    1.563781 ^ fanout41/X (sky130_fd_sc_hd__clkdlybuf4s25_1)
                                                         net41 (net)
                      0.074691    0.000610    1.564390 ^ load_slew42/A (sky130_fd_sc_hd__buf_4)
     9    0.043228    0.095037    0.131681    1.696071 ^ load_slew42/X (sky130_fd_sc_hd__buf_4)
                                                         net42 (net)
                      0.095915    0.007703    1.703774 ^ _777_/RESET_B (sky130_fd_sc_hd__dfrtp_2)
                                              1.703774   data arrival time

                                 20.000000   20.000000   clock CLK (rise edge)
                                  0.000000   20.000000   clock source latency
     1    0.022474    0.079693    0.052589   20.052589 ^ CLK (in)
                                                         CLK (net)
                      0.079747    0.000000   20.052589 ^ clkbuf_0_CLK/A (sky130_fd_sc_hd__clkbuf_16)
    16    0.098607    0.089152    0.128139   20.180729 ^ clkbuf_0_CLK/X (sky130_fd_sc_hd__clkbuf_16)
                                                         clknet_0_CLK (net)
                      0.090936    0.009443   20.190172 ^ clkbuf_4_12_0_CLK/A (sky130_fd_sc_hd__clkbuf_8)
     6    0.019498    0.037679    0.098380   20.288551 ^ clkbuf_4_12_0_CLK/X (sky130_fd_sc_hd__clkbuf_8)
                                                         clknet_4_12_0_CLK (net)
                      0.037743    0.001265   20.289816 ^ _777_/CLK (sky130_fd_sc_hd__dfrtp_2)
                                 -0.250000   20.039818   clock uncertainty
                                  0.019024   20.058842   clock reconvergence pessimism
                                  0.118091   20.176933   library recovery time
                                             20.176933   data required time
---------------------------------------------------------------------------------------------
                                             20.176933   data required time
                                             -1.703774   data arrival time
---------------------------------------------------------------------------------------------
                                             18.473160   slack (MET)


Startpoint: _805_ (rising edge-triggered flip-flop clocked by CLK)
Endpoint: _778_ (recovery check against rising-edge clock CLK)
Path Group: asynchronous
Path Type: max

Fanout         Cap        Slew       Delay        Time   Description
---------------------------------------------------------------------------------------------
                                  0.000000    0.000000   clock CLK (rise edge)
                                  0.000000    0.000000   clock source latency
     1    0.022474    0.079693    0.058125    0.058125 ^ CLK (in)
                                                         CLK (net)
                      0.079747    0.000000    0.058125 ^ clkbuf_0_CLK/A (sky130_fd_sc_hd__clkbuf_16)
    16    0.098607    0.089152    0.141628    0.199752 ^ clkbuf_0_CLK/X (sky130_fd_sc_hd__clkbuf_16)
                                                         clknet_0_CLK (net)
                      0.091856    0.012742    0.212494 ^ clkbuf_4_13_0_CLK/A (sky130_fd_sc_hd__clkbuf_8)
     6    0.018460    0.036503    0.107893    0.320387 ^ clkbuf_4_13_0_CLK/X (sky130_fd_sc_hd__clkbuf_8)
                                                         clknet_4_13_0_CLK (net)
                      0.036538    0.001064    0.321452 ^ _805_/CLK (sky130_fd_sc_hd__dfrtp_2)
     1    0.002776    0.025641    0.217763    0.539215 ^ _805_/Q (sky130_fd_sc_hd__dfrtp_2)
                                                         control.reset_n (net)
                      0.025641    0.000187    0.539402 ^ hold58/A (sky130_fd_sc_hd__dlygate4sd3_1)
     3    0.017758    0.141864    0.471381    1.010783 ^ hold58/X (sky130_fd_sc_hd__dlygate4sd3_1)
                                                         net57 (net)
                      0.141866    0.000847    1.011630 ^ fanout43/A (sky130_fd_sc_hd__clkdlybuf4s25_1)
     6    0.027912    0.212912    0.322799    1.334429 ^ fanout43/X (sky130_fd_sc_hd__clkdlybuf4s25_1)
                                                         net43 (net)
                      0.212919    0.001568    1.335997 ^ fanout41/A (sky130_fd_sc_hd__clkdlybuf4s25_1)
     2    0.008893    0.074687    0.227784    1.563781 ^ fanout41/X (sky130_fd_sc_hd__clkdlybuf4s25_1)
                                                         net41 (net)
                      0.074691    0.000610    1.564390 ^ load_slew42/A (sky130_fd_sc_hd__buf_4)
     9    0.043228    0.095037    0.131681    1.696071 ^ load_slew42/X (sky130_fd_sc_hd__buf_4)
                                                         net42 (net)
                      0.095936    0.007794    1.703865 ^ _778_/RESET_B (sky130_fd_sc_hd__dfrtp_2)
                                              1.703865   data arrival time

                                 20.000000   20.000000   clock CLK (rise edge)
                                  0.000000   20.000000   clock source latency
     1    0.022474    0.079693    0.052589   20.052589 ^ CLK (in)
                                                         CLK (net)
                      0.079747    0.000000   20.052589 ^ clkbuf_0_CLK/A (sky130_fd_sc_hd__clkbuf_16)
    16    0.098607    0.089152    0.128139   20.180729 ^ clkbuf_0_CLK/X (sky130_fd_sc_hd__clkbuf_16)
                                                         clknet_0_CLK (net)
                      0.089891    0.006272   20.187000 ^ clkbuf_4_8_0_CLK/A (sky130_fd_sc_hd__clkbuf_8)
     6    0.022610    0.041224    0.101352   20.288353 ^ clkbuf_4_8_0_CLK/X (sky130_fd_sc_hd__clkbuf_8)
                                                         clknet_4_8_0_CLK (net)
                      0.041274    0.001210   20.289562 ^ _778_/CLK (sky130_fd_sc_hd__dfrtp_2)
                                 -0.250000   20.039564   clock uncertainty
                                  0.019024   20.058588   clock reconvergence pessimism
                                  0.118633   20.177221   library recovery time
                                             20.177221   data required time
---------------------------------------------------------------------------------------------
                                             20.177221   data required time
                                             -1.703865   data arrival time
---------------------------------------------------------------------------------------------
                                             18.473356   slack (MET)


Startpoint: _805_ (rising edge-triggered flip-flop clocked by CLK)
Endpoint: _799_ (recovery check against rising-edge clock CLK)
Path Group: asynchronous
Path Type: max

Fanout         Cap        Slew       Delay        Time   Description
---------------------------------------------------------------------------------------------
                                  0.000000    0.000000   clock CLK (rise edge)
                                  0.000000    0.000000   clock source latency
     1    0.022474    0.079693    0.058125    0.058125 ^ CLK (in)
                                                         CLK (net)
                      0.079747    0.000000    0.058125 ^ clkbuf_0_CLK/A (sky130_fd_sc_hd__clkbuf_16)
    16    0.098607    0.089152    0.141628    0.199752 ^ clkbuf_0_CLK/X (sky130_fd_sc_hd__clkbuf_16)
                                                         clknet_0_CLK (net)
                      0.091856    0.012742    0.212494 ^ clkbuf_4_13_0_CLK/A (sky130_fd_sc_hd__clkbuf_8)
     6    0.018460    0.036503    0.107893    0.320387 ^ clkbuf_4_13_0_CLK/X (sky130_fd_sc_hd__clkbuf_8)
                                                         clknet_4_13_0_CLK (net)
                      0.036538    0.001064    0.321452 ^ _805_/CLK (sky130_fd_sc_hd__dfrtp_2)
     1    0.002776    0.025641    0.217763    0.539215 ^ _805_/Q (sky130_fd_sc_hd__dfrtp_2)
                                                         control.reset_n (net)
                      0.025641    0.000187    0.539402 ^ hold58/A (sky130_fd_sc_hd__dlygate4sd3_1)
     3    0.017758    0.141864    0.471381    1.010783 ^ hold58/X (sky130_fd_sc_hd__dlygate4sd3_1)
                                                         net57 (net)
                      0.141866    0.000847    1.011630 ^ fanout43/A (sky130_fd_sc_hd__clkdlybuf4s25_1)
     6    0.027912    0.212912    0.322799    1.334429 ^ fanout43/X (sky130_fd_sc_hd__clkdlybuf4s25_1)
                                                         net43 (net)
                      0.212919    0.001568    1.335997 ^ fanout41/A (sky130_fd_sc_hd__clkdlybuf4s25_1)
     2    0.008893    0.074687    0.227784    1.563781 ^ fanout41/X (sky130_fd_sc_hd__clkdlybuf4s25_1)
                                                         net41 (net)
                      0.074691    0.000610    1.564390 ^ load_slew42/A (sky130_fd_sc_hd__buf_4)
     9    0.043228    0.095037    0.131681    1.696071 ^ load_slew42/X (sky130_fd_sc_hd__buf_4)
                                                         net42 (net)
                      0.095944    0.007824    1.703895 ^ _799_/RESET_B (sky130_fd_sc_hd__dfrtp_2)
                                              1.703895   data arrival time

                                 20.000000   20.000000   clock CLK (rise edge)
                                  0.000000   20.000000   clock source latency
     1    0.022474    0.079693    0.052589   20.052589 ^ CLK (in)
                                                         CLK (net)
                      0.079747    0.000000   20.052589 ^ clkbuf_0_CLK/A (sky130_fd_sc_hd__clkbuf_16)
    16    0.098607    0.089152    0.128139   20.180729 ^ clkbuf_0_CLK/X (sky130_fd_sc_hd__clkbuf_16)
                                                         clknet_0_CLK (net)
                      0.089891    0.006272   20.187000 ^ clkbuf_4_8_0_CLK/A (sky130_fd_sc_hd__clkbuf_8)
     6    0.022610    0.041224    0.101352   20.288353 ^ clkbuf_4_8_0_CLK/X (sky130_fd_sc_hd__clkbuf_8)
                                                         clknet_4_8_0_CLK (net)
                      0.041280    0.001270   20.289623 ^ _799_/CLK (sky130_fd_sc_hd__dfrtp_2)
                                 -0.250000   20.039623   clock uncertainty
                                  0.019024   20.058649   clock reconvergence pessimism
                                  0.118632   20.177280   library recovery time
                                             20.177280   data required time
---------------------------------------------------------------------------------------------
                                             20.177280   data required time
                                             -1.703895   data arrival time
---------------------------------------------------------------------------------------------
                                             18.473385   slack (MET)


Startpoint: _805_ (rising edge-triggered flip-flop clocked by CLK)
Endpoint: _776_ (recovery check against rising-edge clock CLK)
Path Group: asynchronous
Path Type: max

Fanout         Cap        Slew       Delay        Time   Description
---------------------------------------------------------------------------------------------
                                  0.000000    0.000000   clock CLK (rise edge)
                                  0.000000    0.000000   clock source latency
     1    0.022474    0.079693    0.058125    0.058125 ^ CLK (in)
                                                         CLK (net)
                      0.079747    0.000000    0.058125 ^ clkbuf_0_CLK/A (sky130_fd_sc_hd__clkbuf_16)
    16    0.098607    0.089152    0.141628    0.199752 ^ clkbuf_0_CLK/X (sky130_fd_sc_hd__clkbuf_16)
                                                         clknet_0_CLK (net)
                      0.091856    0.012742    0.212494 ^ clkbuf_4_13_0_CLK/A (sky130_fd_sc_hd__clkbuf_8)
     6    0.018460    0.036503    0.107893    0.320387 ^ clkbuf_4_13_0_CLK/X (sky130_fd_sc_hd__clkbuf_8)
                                                         clknet_4_13_0_CLK (net)
                      0.036538    0.001064    0.321452 ^ _805_/CLK (sky130_fd_sc_hd__dfrtp_2)
     1    0.002776    0.025641    0.217763    0.539215 ^ _805_/Q (sky130_fd_sc_hd__dfrtp_2)
                                                         control.reset_n (net)
                      0.025641    0.000187    0.539402 ^ hold58/A (sky130_fd_sc_hd__dlygate4sd3_1)
     3    0.017758    0.141864    0.471381    1.010783 ^ hold58/X (sky130_fd_sc_hd__dlygate4sd3_1)
                                                         net57 (net)
                      0.141866    0.000847    1.011630 ^ fanout43/A (sky130_fd_sc_hd__clkdlybuf4s25_1)
     6    0.027912    0.212912    0.322799    1.334429 ^ fanout43/X (sky130_fd_sc_hd__clkdlybuf4s25_1)
                                                         net43 (net)
                      0.212919    0.001568    1.335997 ^ fanout41/A (sky130_fd_sc_hd__clkdlybuf4s25_1)
     2    0.008893    0.074687    0.227784    1.563781 ^ fanout41/X (sky130_fd_sc_hd__clkdlybuf4s25_1)
                                                         net41 (net)
                      0.074691    0.000610    1.564390 ^ load_slew42/A (sky130_fd_sc_hd__buf_4)
     9    0.043228    0.095037    0.131681    1.696071 ^ load_slew42/X (sky130_fd_sc_hd__buf_4)
                                                         net42 (net)
                      0.095793    0.007170    1.703241 ^ _776_/RESET_B (sky130_fd_sc_hd__dfrtp_2)
                                              1.703241   data arrival time

                                 20.000000   20.000000   clock CLK (rise edge)
                                  0.000000   20.000000   clock source latency
     1    0.022474    0.079693    0.052589   20.052589 ^ CLK (in)
                                                         CLK (net)
                      0.079747    0.000000   20.052589 ^ clkbuf_0_CLK/A (sky130_fd_sc_hd__clkbuf_16)
    16    0.098607    0.089152    0.128139   20.180729 ^ clkbuf_0_CLK/X (sky130_fd_sc_hd__clkbuf_16)
                                                         clknet_0_CLK (net)
                      0.090936    0.009443   20.190172 ^ clkbuf_4_12_0_CLK/A (sky130_fd_sc_hd__clkbuf_8)
     6    0.019498    0.037679    0.098380   20.288551 ^ clkbuf_4_12_0_CLK/X (sky130_fd_sc_hd__clkbuf_8)
                                                         clknet_4_12_0_CLK (net)
                      0.037732    0.001160   20.289711 ^ _776_/CLK (sky130_fd_sc_hd__dfrtp_2)
                                 -0.250000   20.039713   clock uncertainty
                                  0.019024   20.058737   clock reconvergence pessimism
                                  0.118120   20.176859   library recovery time
                                             20.176859   data required time
---------------------------------------------------------------------------------------------
                                             20.176859   data required time
                                             -1.703241   data arrival time
---------------------------------------------------------------------------------------------
                                             18.473616   slack (MET)


Startpoint: _805_ (rising edge-triggered flip-flop clocked by CLK)
Endpoint: _754_ (recovery check against rising-edge clock CLK)
Path Group: asynchronous
Path Type: max

Fanout         Cap        Slew       Delay        Time   Description
---------------------------------------------------------------------------------------------
                                  0.000000    0.000000   clock CLK (rise edge)
                                  0.000000    0.000000   clock source latency
     1    0.022474    0.079693    0.058125    0.058125 ^ CLK (in)
                                                         CLK (net)
                      0.079747    0.000000    0.058125 ^ clkbuf_0_CLK/A (sky130_fd_sc_hd__clkbuf_16)
    16    0.098607    0.089152    0.141628    0.199752 ^ clkbuf_0_CLK/X (sky130_fd_sc_hd__clkbuf_16)
                                                         clknet_0_CLK (net)
                      0.091856    0.012742    0.212494 ^ clkbuf_4_13_0_CLK/A (sky130_fd_sc_hd__clkbuf_8)
     6    0.018460    0.036503    0.107893    0.320387 ^ clkbuf_4_13_0_CLK/X (sky130_fd_sc_hd__clkbuf_8)
                                                         clknet_4_13_0_CLK (net)
                      0.036538    0.001064    0.321452 ^ _805_/CLK (sky130_fd_sc_hd__dfrtp_2)
     1    0.002776    0.025641    0.217763    0.539215 ^ _805_/Q (sky130_fd_sc_hd__dfrtp_2)
                                                         control.reset_n (net)
                      0.025641    0.000187    0.539402 ^ hold58/A (sky130_fd_sc_hd__dlygate4sd3_1)
     3    0.017758    0.141864    0.471381    1.010783 ^ hold58/X (sky130_fd_sc_hd__dlygate4sd3_1)
                                                         net57 (net)
                      0.141866    0.000847    1.011630 ^ fanout43/A (sky130_fd_sc_hd__clkdlybuf4s25_1)
     6    0.027912    0.212912    0.322799    1.334429 ^ fanout43/X (sky130_fd_sc_hd__clkdlybuf4s25_1)
                                                         net43 (net)
                      0.212919    0.001568    1.335997 ^ fanout41/A (sky130_fd_sc_hd__clkdlybuf4s25_1)
     2    0.008893    0.074687    0.227784    1.563781 ^ fanout41/X (sky130_fd_sc_hd__clkdlybuf4s25_1)
                                                         net41 (net)
                      0.074691    0.000610    1.564390 ^ load_slew42/A (sky130_fd_sc_hd__buf_4)
     9    0.043228    0.095037    0.131681    1.696071 ^ load_slew42/X (sky130_fd_sc_hd__buf_4)
                                                         net42 (net)
                      0.095544    0.005924    1.701995 ^ _754_/RESET_B (sky130_fd_sc_hd__dfrtp_2)
                                              1.701995   data arrival time

                                 20.000000   20.000000   clock CLK (rise edge)
                                  0.000000   20.000000   clock source latency
     1    0.022474    0.079693    0.052589   20.052589 ^ CLK (in)
                                                         CLK (net)
                      0.079747    0.000000   20.052589 ^ clkbuf_0_CLK/A (sky130_fd_sc_hd__clkbuf_16)
    16    0.098607    0.089152    0.128139   20.180729 ^ clkbuf_0_CLK/X (sky130_fd_sc_hd__clkbuf_16)
                                                         clknet_0_CLK (net)
                      0.090936    0.009443   20.190172 ^ clkbuf_4_12_0_CLK/A (sky130_fd_sc_hd__clkbuf_8)
     6    0.019498    0.037679    0.098380   20.288551 ^ clkbuf_4_12_0_CLK/X (sky130_fd_sc_hd__clkbuf_8)
                                                         clknet_4_12_0_CLK (net)
                      0.037705    0.000854   20.289406 ^ _754_/CLK (sky130_fd_sc_hd__dfrtp_2)
                                 -0.250000   20.039408   clock uncertainty
                                  0.019024   20.058432   clock reconvergence pessimism
                                  0.118180   20.176611   library recovery time
                                             20.176611   data required time
---------------------------------------------------------------------------------------------
                                             20.176611   data required time
                                             -1.701995   data arrival time
---------------------------------------------------------------------------------------------
                                             18.474617   slack (MET)


Startpoint: _805_ (rising edge-triggered flip-flop clocked by CLK)
Endpoint: _785_ (recovery check against rising-edge clock CLK)
Path Group: asynchronous
Path Type: max

Fanout         Cap        Slew       Delay        Time   Description
---------------------------------------------------------------------------------------------
                                  0.000000    0.000000   clock CLK (rise edge)
                                  0.000000    0.000000   clock source latency
     1    0.022474    0.079693    0.058125    0.058125 ^ CLK (in)
                                                         CLK (net)
                      0.079747    0.000000    0.058125 ^ clkbuf_0_CLK/A (sky130_fd_sc_hd__clkbuf_16)
    16    0.098607    0.089152    0.141628    0.199752 ^ clkbuf_0_CLK/X (sky130_fd_sc_hd__clkbuf_16)
                                                         clknet_0_CLK (net)
                      0.091856    0.012742    0.212494 ^ clkbuf_4_13_0_CLK/A (sky130_fd_sc_hd__clkbuf_8)
     6    0.018460    0.036503    0.107893    0.320387 ^ clkbuf_4_13_0_CLK/X (sky130_fd_sc_hd__clkbuf_8)
                                                         clknet_4_13_0_CLK (net)
                      0.036538    0.001064    0.321452 ^ _805_/CLK (sky130_fd_sc_hd__dfrtp_2)
     1    0.002776    0.025641    0.217763    0.539215 ^ _805_/Q (sky130_fd_sc_hd__dfrtp_2)
                                                         control.reset_n (net)
                      0.025641    0.000187    0.539402 ^ hold58/A (sky130_fd_sc_hd__dlygate4sd3_1)
     3    0.017758    0.141864    0.471381    1.010783 ^ hold58/X (sky130_fd_sc_hd__dlygate4sd3_1)
                                                         net57 (net)
                      0.141866    0.000847    1.011630 ^ fanout43/A (sky130_fd_sc_hd__clkdlybuf4s25_1)
     6    0.027912    0.212912    0.322799    1.334429 ^ fanout43/X (sky130_fd_sc_hd__clkdlybuf4s25_1)
                                                         net43 (net)
                      0.212912    0.000476    1.334905 ^ fanout40/A (sky130_fd_sc_hd__clkdlybuf4s25_1)
     6    0.030029    0.227946    0.338994    1.673899 ^ fanout40/X (sky130_fd_sc_hd__clkdlybuf4s25_1)
                                                         net40 (net)
                      0.227958    0.001986    1.675885 ^ _785_/RESET_B (sky130_fd_sc_hd__dfrtp_2)
                                              1.675885   data arrival time

                                 20.000000   20.000000   clock CLK (rise edge)
                                  0.000000   20.000000   clock source latency
     1    0.022474    0.079693    0.052589   20.052589 ^ CLK (in)
                                                         CLK (net)
                      0.079747    0.000000   20.052589 ^ clkbuf_0_CLK/A (sky130_fd_sc_hd__clkbuf_16)
    16    0.098607    0.089152    0.128139   20.180729 ^ clkbuf_0_CLK/X (sky130_fd_sc_hd__clkbuf_16)
                                                         clknet_0_CLK (net)
                      0.094007    0.015405   20.196133 ^ clkbuf_4_5_0_CLK/A (sky130_fd_sc_hd__clkbuf_8)
     6    0.020399    0.038735    0.100160   20.296293 ^ clkbuf_4_5_0_CLK/X (sky130_fd_sc_hd__clkbuf_8)
                                                         clknet_4_5_0_CLK (net)
                      0.038793    0.001247   20.297541 ^ _785_/CLK (sky130_fd_sc_hd__dfrtp_2)
                                 -0.250000   20.047541   clock uncertainty
                                  0.019024   20.066566   clock reconvergence pessimism
                                  0.084403   20.150969   library recovery time
                                             20.150969   data required time
---------------------------------------------------------------------------------------------
                                             20.150969   data required time
                                             -1.675885   data arrival time
---------------------------------------------------------------------------------------------
                                             18.475082   slack (MET)


Startpoint: _805_ (rising edge-triggered flip-flop clocked by CLK)
Endpoint: _802_ (recovery check against rising-edge clock CLK)
Path Group: asynchronous
Path Type: max

Fanout         Cap        Slew       Delay        Time   Description
---------------------------------------------------------------------------------------------
                                  0.000000    0.000000   clock CLK (rise edge)
                                  0.000000    0.000000   clock source latency
     1    0.022474    0.079693    0.058125    0.058125 ^ CLK (in)
                                                         CLK (net)
                      0.079747    0.000000    0.058125 ^ clkbuf_0_CLK/A (sky130_fd_sc_hd__clkbuf_16)
    16    0.098607    0.089152    0.141628    0.199752 ^ clkbuf_0_CLK/X (sky130_fd_sc_hd__clkbuf_16)
                                                         clknet_0_CLK (net)
                      0.091856    0.012742    0.212494 ^ clkbuf_4_13_0_CLK/A (sky130_fd_sc_hd__clkbuf_8)
     6    0.018460    0.036503    0.107893    0.320387 ^ clkbuf_4_13_0_CLK/X (sky130_fd_sc_hd__clkbuf_8)
                                                         clknet_4_13_0_CLK (net)
                      0.036538    0.001064    0.321452 ^ _805_/CLK (sky130_fd_sc_hd__dfrtp_2)
     1    0.002776    0.025641    0.217763    0.539215 ^ _805_/Q (sky130_fd_sc_hd__dfrtp_2)
                                                         control.reset_n (net)
                      0.025641    0.000187    0.539402 ^ hold58/A (sky130_fd_sc_hd__dlygate4sd3_1)
     3    0.017758    0.141864    0.471381    1.010783 ^ hold58/X (sky130_fd_sc_hd__dlygate4sd3_1)
                                                         net57 (net)
                      0.141866    0.000847    1.011630 ^ fanout43/A (sky130_fd_sc_hd__clkdlybuf4s25_1)
     6    0.027912    0.212912    0.322799    1.334429 ^ fanout43/X (sky130_fd_sc_hd__clkdlybuf4s25_1)
                                                         net43 (net)
                      0.212912    0.000476    1.334905 ^ fanout40/A (sky130_fd_sc_hd__clkdlybuf4s25_1)
     6    0.030029    0.227946    0.338994    1.673899 ^ fanout40/X (sky130_fd_sc_hd__clkdlybuf4s25_1)
                                                         net40 (net)
                      0.227975    0.002790    1.676689 ^ _802_/RESET_B (sky130_fd_sc_hd__dfrtp_2)
                                              1.676689   data arrival time

                                 20.000000   20.000000   clock CLK (rise edge)
                                  0.000000   20.000000   clock source latency
     1    0.022474    0.079693    0.052589   20.052589 ^ CLK (in)
                                                         CLK (net)
                      0.079747    0.000000   20.052589 ^ clkbuf_0_CLK/A (sky130_fd_sc_hd__clkbuf_16)
    16    0.098607    0.089152    0.128139   20.180729 ^ clkbuf_0_CLK/X (sky130_fd_sc_hd__clkbuf_16)
                                                         clknet_0_CLK (net)
                      0.093986    0.015373   20.196102 ^ clkbuf_4_4_0_CLK/A (sky130_fd_sc_hd__clkbuf_8)
     6    0.023705    0.042367    0.103419   20.299520 ^ clkbuf_4_4_0_CLK/X (sky130_fd_sc_hd__clkbuf_8)
                                                         clknet_4_4_0_CLK (net)
                      0.042403    0.001037   20.300558 ^ _802_/CLK (sky130_fd_sc_hd__dfrtp_2)
                                 -0.250000   20.050560   clock uncertainty
                                  0.019024   20.069584   clock reconvergence pessimism
                                  0.084982   20.154566   library recovery time
                                             20.154566   data required time
---------------------------------------------------------------------------------------------
                                             20.154566   data required time
                                             -1.676689   data arrival time
---------------------------------------------------------------------------------------------
                                             18.477877   slack (MET)


Startpoint: _805_ (rising edge-triggered flip-flop clocked by CLK)
Endpoint: _780_ (recovery check against rising-edge clock CLK)
Path Group: asynchronous
Path Type: max

Fanout         Cap        Slew       Delay        Time   Description
---------------------------------------------------------------------------------------------
                                  0.000000    0.000000   clock CLK (rise edge)
                                  0.000000    0.000000   clock source latency
     1    0.022474    0.079693    0.058125    0.058125 ^ CLK (in)
                                                         CLK (net)
                      0.079747    0.000000    0.058125 ^ clkbuf_0_CLK/A (sky130_fd_sc_hd__clkbuf_16)
    16    0.098607    0.089152    0.141628    0.199752 ^ clkbuf_0_CLK/X (sky130_fd_sc_hd__clkbuf_16)
                                                         clknet_0_CLK (net)
                      0.091856    0.012742    0.212494 ^ clkbuf_4_13_0_CLK/A (sky130_fd_sc_hd__clkbuf_8)
     6    0.018460    0.036503    0.107893    0.320387 ^ clkbuf_4_13_0_CLK/X (sky130_fd_sc_hd__clkbuf_8)
                                                         clknet_4_13_0_CLK (net)
                      0.036538    0.001064    0.321452 ^ _805_/CLK (sky130_fd_sc_hd__dfrtp_2)
     1    0.002776    0.025641    0.217763    0.539215 ^ _805_/Q (sky130_fd_sc_hd__dfrtp_2)
                                                         control.reset_n (net)
                      0.025641    0.000187    0.539402 ^ hold58/A (sky130_fd_sc_hd__dlygate4sd3_1)
     3    0.017758    0.141864    0.471381    1.010783 ^ hold58/X (sky130_fd_sc_hd__dlygate4sd3_1)
                                                         net57 (net)
                      0.141866    0.000847    1.011630 ^ fanout43/A (sky130_fd_sc_hd__clkdlybuf4s25_1)
     6    0.027912    0.212912    0.322799    1.334429 ^ fanout43/X (sky130_fd_sc_hd__clkdlybuf4s25_1)
                                                         net43 (net)
                      0.212919    0.001568    1.335997 ^ fanout41/A (sky130_fd_sc_hd__clkdlybuf4s25_1)
     2    0.008893    0.074687    0.227784    1.563781 ^ fanout41/X (sky130_fd_sc_hd__clkdlybuf4s25_1)
                                                         net41 (net)
                      0.074691    0.000610    1.564390 ^ load_slew42/A (sky130_fd_sc_hd__buf_4)
     9    0.043228    0.095037    0.131681    1.696071 ^ load_slew42/X (sky130_fd_sc_hd__buf_4)
                                                         net42 (net)
                      0.095709    0.006774    1.702845 ^ _780_/RESET_B (sky130_fd_sc_hd__dfrtp_2)
                                              1.702845   data arrival time

                                 20.000000   20.000000   clock CLK (rise edge)
                                  0.000000   20.000000   clock source latency
     1    0.022474    0.079693    0.052589   20.052589 ^ CLK (in)
                                                         CLK (net)
                      0.079747    0.000000   20.052589 ^ clkbuf_0_CLK/A (sky130_fd_sc_hd__clkbuf_16)
    16    0.098607    0.089152    0.128139   20.180729 ^ clkbuf_0_CLK/X (sky130_fd_sc_hd__clkbuf_16)
                                                         clknet_0_CLK (net)
                      0.093297    0.014229   20.194958 ^ clkbuf_4_6_0_CLK/A (sky130_fd_sc_hd__clkbuf_8)
     6    0.019999    0.038272    0.099625   20.294582 ^ clkbuf_4_6_0_CLK/X (sky130_fd_sc_hd__clkbuf_8)
                                                         clknet_4_6_0_CLK (net)
                      0.038286    0.000645   20.295227 ^ _780_/CLK (sky130_fd_sc_hd__dfrtp_2)
                                 -0.250000   20.045229   clock uncertainty
                                  0.019024   20.064253   clock reconvergence pessimism
                                  0.118228   20.182480   library recovery time
                                             20.182480   data required time
---------------------------------------------------------------------------------------------
                                             20.182480   data required time
                                             -1.702845   data arrival time
---------------------------------------------------------------------------------------------
                                             18.479635   slack (MET)


Startpoint: _805_ (rising edge-triggered flip-flop clocked by CLK)
Endpoint: _782_ (recovery check against rising-edge clock CLK)
Path Group: asynchronous
Path Type: max

Fanout         Cap        Slew       Delay        Time   Description
---------------------------------------------------------------------------------------------
                                  0.000000    0.000000   clock CLK (rise edge)
                                  0.000000    0.000000   clock source latency
     1    0.022474    0.079693    0.058125    0.058125 ^ CLK (in)
                                                         CLK (net)
                      0.079747    0.000000    0.058125 ^ clkbuf_0_CLK/A (sky130_fd_sc_hd__clkbuf_16)
    16    0.098607    0.089152    0.141628    0.199752 ^ clkbuf_0_CLK/X (sky130_fd_sc_hd__clkbuf_16)
                                                         clknet_0_CLK (net)
                      0.091856    0.012742    0.212494 ^ clkbuf_4_13_0_CLK/A (sky130_fd_sc_hd__clkbuf_8)
     6    0.018460    0.036503    0.107893    0.320387 ^ clkbuf_4_13_0_CLK/X (sky130_fd_sc_hd__clkbuf_8)
                                                         clknet_4_13_0_CLK (net)
                      0.036538    0.001064    0.321452 ^ _805_/CLK (sky130_fd_sc_hd__dfrtp_2)
     1    0.002776    0.025641    0.217763    0.539215 ^ _805_/Q (sky130_fd_sc_hd__dfrtp_2)
                                                         control.reset_n (net)
                      0.025641    0.000187    0.539402 ^ hold58/A (sky130_fd_sc_hd__dlygate4sd3_1)
     3    0.017758    0.141864    0.471381    1.010783 ^ hold58/X (sky130_fd_sc_hd__dlygate4sd3_1)
                                                         net57 (net)
                      0.141866    0.000847    1.011630 ^ fanout43/A (sky130_fd_sc_hd__clkdlybuf4s25_1)
     6    0.027912    0.212912    0.322799    1.334429 ^ fanout43/X (sky130_fd_sc_hd__clkdlybuf4s25_1)
                                                         net43 (net)
                      0.212919    0.001568    1.335997 ^ fanout41/A (sky130_fd_sc_hd__clkdlybuf4s25_1)
     2    0.008893    0.074687    0.227784    1.563781 ^ fanout41/X (sky130_fd_sc_hd__clkdlybuf4s25_1)
                                                         net41 (net)
                      0.074691    0.000610    1.564390 ^ load_slew42/A (sky130_fd_sc_hd__buf_4)
     9    0.043228    0.095037    0.131681    1.696071 ^ load_slew42/X (sky130_fd_sc_hd__buf_4)
                                                         net42 (net)
                      0.095594    0.006193    1.702264 ^ _782_/RESET_B (sky130_fd_sc_hd__dfrtp_2)
                                              1.702264   data arrival time

                                 20.000000   20.000000   clock CLK (rise edge)
                                  0.000000   20.000000   clock source latency
     1    0.022474    0.079693    0.052589   20.052589 ^ CLK (in)
                                                         CLK (net)
                      0.079747    0.000000   20.052589 ^ clkbuf_0_CLK/A (sky130_fd_sc_hd__clkbuf_16)
    16    0.098607    0.089152    0.128139   20.180729 ^ clkbuf_0_CLK/X (sky130_fd_sc_hd__clkbuf_16)
                                                         clknet_0_CLK (net)
                      0.093297    0.014229   20.194958 ^ clkbuf_4_6_0_CLK/A (sky130_fd_sc_hd__clkbuf_8)
     6    0.019999    0.038272    0.099625   20.294582 ^ clkbuf_4_6_0_CLK/X (sky130_fd_sc_hd__clkbuf_8)
                                                         clknet_4_6_0_CLK (net)
                      0.038286    0.000654   20.295237 ^ _782_/CLK (sky130_fd_sc_hd__dfrtp_2)
                                 -0.250000   20.045237   clock uncertainty
                                  0.019024   20.064262   clock reconvergence pessimism
                                  0.118257   20.182520   library recovery time
                                             20.182520   data required time
---------------------------------------------------------------------------------------------
                                             20.182520   data required time
                                             -1.702264   data arrival time
---------------------------------------------------------------------------------------------
                                             18.480255   slack (MET)


Startpoint: _805_ (rising edge-triggered flip-flop clocked by CLK)
Endpoint: _756_ (recovery check against rising-edge clock CLK)
Path Group: asynchronous
Path Type: max

Fanout         Cap        Slew       Delay        Time   Description
---------------------------------------------------------------------------------------------
                                  0.000000    0.000000   clock CLK (rise edge)
                                  0.000000    0.000000   clock source latency
     1    0.022474    0.079693    0.058125    0.058125 ^ CLK (in)
                                                         CLK (net)
                      0.079747    0.000000    0.058125 ^ clkbuf_0_CLK/A (sky130_fd_sc_hd__clkbuf_16)
    16    0.098607    0.089152    0.141628    0.199752 ^ clkbuf_0_CLK/X (sky130_fd_sc_hd__clkbuf_16)
                                                         clknet_0_CLK (net)
                      0.091856    0.012742    0.212494 ^ clkbuf_4_13_0_CLK/A (sky130_fd_sc_hd__clkbuf_8)
     6    0.018460    0.036503    0.107893    0.320387 ^ clkbuf_4_13_0_CLK/X (sky130_fd_sc_hd__clkbuf_8)
                                                         clknet_4_13_0_CLK (net)
                      0.036538    0.001064    0.321452 ^ _805_/CLK (sky130_fd_sc_hd__dfrtp_2)
     1    0.002776    0.025641    0.217763    0.539215 ^ _805_/Q (sky130_fd_sc_hd__dfrtp_2)
                                                         control.reset_n (net)
                      0.025641    0.000187    0.539402 ^ hold58/A (sky130_fd_sc_hd__dlygate4sd3_1)
     3    0.017758    0.141864    0.471381    1.010783 ^ hold58/X (sky130_fd_sc_hd__dlygate4sd3_1)
                                                         net57 (net)
                      0.141864    0.000532    1.011315 ^ fanout48/A (sky130_fd_sc_hd__clkdlybuf4s25_1)
     2    0.015277    0.120828    0.255343    1.266658 ^ fanout48/X (sky130_fd_sc_hd__clkdlybuf4s25_1)
                                                         net48 (net)
                      0.120828    0.000459    1.267117 ^ fanout47/A (sky130_fd_sc_hd__clkdlybuf4s25_1)
     8    0.040366    0.304089    0.386057    1.653174 ^ fanout47/X (sky130_fd_sc_hd__clkdlybuf4s25_1)
                                                         net47 (net)
                      0.304195    0.002049    1.655223 ^ _756_/RESET_B (sky130_fd_sc_hd__dfrtp_2)
                                              1.655223   data arrival time

                                 20.000000   20.000000   clock CLK (rise edge)
                                  0.000000   20.000000   clock source latency
     1    0.022474    0.079693    0.052589   20.052589 ^ CLK (in)
                                                         CLK (net)
                      0.079747    0.000000   20.052589 ^ clkbuf_0_CLK/A (sky130_fd_sc_hd__clkbuf_16)
    16    0.098607    0.089152    0.128139   20.180729 ^ clkbuf_0_CLK/X (sky130_fd_sc_hd__clkbuf_16)
                                                         clknet_0_CLK (net)
                      0.091856    0.011529   20.192257 ^ clkbuf_4_13_0_CLK/A (sky130_fd_sc_hd__clkbuf_8)
     6    0.018460    0.036503    0.097618   20.289875 ^ clkbuf_4_13_0_CLK/X (sky130_fd_sc_hd__clkbuf_8)
                                                         clknet_4_13_0_CLK (net)
                      0.036525    0.000798   20.290672 ^ _756_/CLK (sky130_fd_sc_hd__dfrtp_2)
                                 -0.250000   20.040674   clock uncertainty
                                  0.030513   20.071186   clock reconvergence pessimism
                                  0.064482   20.135668   library recovery time
                                             20.135668   data required time
---------------------------------------------------------------------------------------------
                                             20.135668   data required time
                                             -1.655223   data arrival time
---------------------------------------------------------------------------------------------
                                             18.480444   slack (MET)


Startpoint: _805_ (rising edge-triggered flip-flop clocked by CLK)
Endpoint: _779_ (recovery check against rising-edge clock CLK)
Path Group: asynchronous
Path Type: max

Fanout         Cap        Slew       Delay        Time   Description
---------------------------------------------------------------------------------------------
                                  0.000000    0.000000   clock CLK (rise edge)
                                  0.000000    0.000000   clock source latency
     1    0.022474    0.079693    0.058125    0.058125 ^ CLK (in)
                                                         CLK (net)
                      0.079747    0.000000    0.058125 ^ clkbuf_0_CLK/A (sky130_fd_sc_hd__clkbuf_16)
    16    0.098607    0.089152    0.141628    0.199752 ^ clkbuf_0_CLK/X (sky130_fd_sc_hd__clkbuf_16)
                                                         clknet_0_CLK (net)
                      0.091856    0.012742    0.212494 ^ clkbuf_4_13_0_CLK/A (sky130_fd_sc_hd__clkbuf_8)
     6    0.018460    0.036503    0.107893    0.320387 ^ clkbuf_4_13_0_CLK/X (sky130_fd_sc_hd__clkbuf_8)
                                                         clknet_4_13_0_CLK (net)
                      0.036538    0.001064    0.321452 ^ _805_/CLK (sky130_fd_sc_hd__dfrtp_2)
     1    0.002776    0.025641    0.217763    0.539215 ^ _805_/Q (sky130_fd_sc_hd__dfrtp_2)
                                                         control.reset_n (net)
                      0.025641    0.000187    0.539402 ^ hold58/A (sky130_fd_sc_hd__dlygate4sd3_1)
     3    0.017758    0.141864    0.471381    1.010783 ^ hold58/X (sky130_fd_sc_hd__dlygate4sd3_1)
                                                         net57 (net)
                      0.141866    0.000847    1.011630 ^ fanout43/A (sky130_fd_sc_hd__clkdlybuf4s25_1)
     6    0.027912    0.212912    0.322799    1.334429 ^ fanout43/X (sky130_fd_sc_hd__clkdlybuf4s25_1)
                                                         net43 (net)
                      0.212919    0.001568    1.335997 ^ fanout41/A (sky130_fd_sc_hd__clkdlybuf4s25_1)
     2    0.008893    0.074687    0.227784    1.563781 ^ fanout41/X (sky130_fd_sc_hd__clkdlybuf4s25_1)
                                                         net41 (net)
                      0.074691    0.000610    1.564390 ^ load_slew42/A (sky130_fd_sc_hd__buf_4)
     9    0.043228    0.095037    0.131681    1.696071 ^ load_slew42/X (sky130_fd_sc_hd__buf_4)
                                                         net42 (net)
                      0.095323    0.004504    1.700575 ^ _779_/RESET_B (sky130_fd_sc_hd__dfrtp_2)
                                              1.700575   data arrival time

                                 20.000000   20.000000   clock CLK (rise edge)
                                  0.000000   20.000000   clock source latency
     1    0.022474    0.079693    0.052589   20.052589 ^ CLK (in)
                                                         CLK (net)
                      0.079747    0.000000   20.052589 ^ clkbuf_0_CLK/A (sky130_fd_sc_hd__clkbuf_16)
    16    0.098607    0.089152    0.128139   20.180729 ^ clkbuf_0_CLK/X (sky130_fd_sc_hd__clkbuf_16)
                                                         clknet_0_CLK (net)
                      0.091856    0.011529   20.192257 ^ clkbuf_4_13_0_CLK/A (sky130_fd_sc_hd__clkbuf_8)
     6    0.018460    0.036503    0.097618   20.289875 ^ clkbuf_4_13_0_CLK/X (sky130_fd_sc_hd__clkbuf_8)
                                                         clknet_4_13_0_CLK (net)
                      0.036547    0.001053   20.290928 ^ _779_/CLK (sky130_fd_sc_hd__dfrtp_2)
                                 -0.250000   20.040930   clock uncertainty
                                  0.030513   20.071442   clock reconvergence pessimism
                                  0.118057   20.189499   library recovery time
                                             20.189499   data required time
---------------------------------------------------------------------------------------------
                                             20.189499   data required time
                                             -1.700575   data arrival time
---------------------------------------------------------------------------------------------
                                             18.488924   slack (MET)


Startpoint: _805_ (rising edge-triggered flip-flop clocked by CLK)
Endpoint: _747_ (recovery check against rising-edge clock CLK)
Path Group: asynchronous
Path Type: max

Fanout         Cap        Slew       Delay        Time   Description
---------------------------------------------------------------------------------------------
                                  0.000000    0.000000   clock CLK (rise edge)
                                  0.000000    0.000000   clock source latency
     1    0.022474    0.079693    0.058125    0.058125 ^ CLK (in)
                                                         CLK (net)
                      0.079747    0.000000    0.058125 ^ clkbuf_0_CLK/A (sky130_fd_sc_hd__clkbuf_16)
    16    0.098607    0.089152    0.141628    0.199752 ^ clkbuf_0_CLK/X (sky130_fd_sc_hd__clkbuf_16)
                                                         clknet_0_CLK (net)
                      0.091856    0.012742    0.212494 ^ clkbuf_4_13_0_CLK/A (sky130_fd_sc_hd__clkbuf_8)
     6    0.018460    0.036503    0.107893    0.320387 ^ clkbuf_4_13_0_CLK/X (sky130_fd_sc_hd__clkbuf_8)
                                                         clknet_4_13_0_CLK (net)
                      0.036538    0.001064    0.321452 ^ _805_/CLK (sky130_fd_sc_hd__dfrtp_2)
     1    0.002776    0.025641    0.217763    0.539215 ^ _805_/Q (sky130_fd_sc_hd__dfrtp_2)
                                                         control.reset_n (net)
                      0.025641    0.000187    0.539402 ^ hold58/A (sky130_fd_sc_hd__dlygate4sd3_1)
     3    0.017758    0.141864    0.471381    1.010783 ^ hold58/X (sky130_fd_sc_hd__dlygate4sd3_1)
                                                         net57 (net)
                      0.141866    0.000847    1.011630 ^ fanout43/A (sky130_fd_sc_hd__clkdlybuf4s25_1)
     6    0.027912    0.212912    0.322799    1.334429 ^ fanout43/X (sky130_fd_sc_hd__clkdlybuf4s25_1)
                                                         net43 (net)
                      0.212918    0.001472    1.335901 ^ fanout38/A (sky130_fd_sc_hd__clkdlybuf4s25_1)
     3    0.012046    0.097295    0.244756    1.580657 ^ fanout38/X (sky130_fd_sc_hd__clkdlybuf4s25_1)
                                                         net38 (net)
                      0.097296    0.000541    1.581198 ^ _747_/RESET_B (sky130_fd_sc_hd__dfrtp_2)
                                              1.581198   data arrival time

                                 20.000000   20.000000   clock CLK (rise edge)
                                  0.000000   20.000000   clock source latency
     1    0.022474    0.079693    0.052589   20.052589 ^ CLK (in)
                                                         CLK (net)
                      0.079747    0.000000   20.052589 ^ clkbuf_0_CLK/A (sky130_fd_sc_hd__clkbuf_16)
    16    0.098607    0.089152    0.128139   20.180729 ^ clkbuf_0_CLK/X (sky130_fd_sc_hd__clkbuf_16)
                                                         clknet_0_CLK (net)
                      0.094007    0.015405   20.196133 ^ clkbuf_4_5_0_CLK/A (sky130_fd_sc_hd__clkbuf_8)
     6    0.020399    0.038735    0.100160   20.296293 ^ clkbuf_4_5_0_CLK/X (sky130_fd_sc_hd__clkbuf_8)
                                                         clknet_4_5_0_CLK (net)
                      0.038774    0.001044   20.297338 ^ _747_/CLK (sky130_fd_sc_hd__dfrtp_2)
                                 -0.250000   20.047338   clock uncertainty
                                  0.019024   20.066364   clock reconvergence pessimism
                                  0.117896   20.184259   library recovery time
                                             20.184259   data required time
---------------------------------------------------------------------------------------------
                                             20.184259   data required time
                                             -1.581198   data arrival time
---------------------------------------------------------------------------------------------
                                             18.603062   slack (MET)


Startpoint: _805_ (rising edge-triggered flip-flop clocked by CLK)
Endpoint: _748_ (recovery check against rising-edge clock CLK)
Path Group: asynchronous
Path Type: max

Fanout         Cap        Slew       Delay        Time   Description
---------------------------------------------------------------------------------------------
                                  0.000000    0.000000   clock CLK (rise edge)
                                  0.000000    0.000000   clock source latency
     1    0.022474    0.079693    0.058125    0.058125 ^ CLK (in)
                                                         CLK (net)
                      0.079747    0.000000    0.058125 ^ clkbuf_0_CLK/A (sky130_fd_sc_hd__clkbuf_16)
    16    0.098607    0.089152    0.141628    0.199752 ^ clkbuf_0_CLK/X (sky130_fd_sc_hd__clkbuf_16)
                                                         clknet_0_CLK (net)
                      0.091856    0.012742    0.212494 ^ clkbuf_4_13_0_CLK/A (sky130_fd_sc_hd__clkbuf_8)
     6    0.018460    0.036503    0.107893    0.320387 ^ clkbuf_4_13_0_CLK/X (sky130_fd_sc_hd__clkbuf_8)
                                                         clknet_4_13_0_CLK (net)
                      0.036538    0.001064    0.321452 ^ _805_/CLK (sky130_fd_sc_hd__dfrtp_2)
     1    0.002776    0.025641    0.217763    0.539215 ^ _805_/Q (sky130_fd_sc_hd__dfrtp_2)
                                                         control.reset_n (net)
                      0.025641    0.000187    0.539402 ^ hold58/A (sky130_fd_sc_hd__dlygate4sd3_1)
     3    0.017758    0.141864    0.471381    1.010783 ^ hold58/X (sky130_fd_sc_hd__dlygate4sd3_1)
                                                         net57 (net)
                      0.141866    0.000847    1.011630 ^ fanout43/A (sky130_fd_sc_hd__clkdlybuf4s25_1)
     6    0.027912    0.212912    0.322799    1.334429 ^ fanout43/X (sky130_fd_sc_hd__clkdlybuf4s25_1)
                                                         net43 (net)
                      0.212918    0.001472    1.335901 ^ fanout38/A (sky130_fd_sc_hd__clkdlybuf4s25_1)
     3    0.012046    0.097295    0.244756    1.580657 ^ fanout38/X (sky130_fd_sc_hd__clkdlybuf4s25_1)
                                                         net38 (net)
                      0.097296    0.000565    1.581222 ^ _748_/RESET_B (sky130_fd_sc_hd__dfrtp_2)
                                              1.581222   data arrival time

                                 20.000000   20.000000   clock CLK (rise edge)
                                  0.000000   20.000000   clock source latency
     1    0.022474    0.079693    0.052589   20.052589 ^ CLK (in)
                                                         CLK (net)
                      0.079747    0.000000   20.052589 ^ clkbuf_0_CLK/A (sky130_fd_sc_hd__clkbuf_16)
    16    0.098607    0.089152    0.128139   20.180729 ^ clkbuf_0_CLK/X (sky130_fd_sc_hd__clkbuf_16)
                                                         clknet_0_CLK (net)
                      0.094007    0.015405   20.196133 ^ clkbuf_4_5_0_CLK/A (sky130_fd_sc_hd__clkbuf_8)
     6    0.020399    0.038735    0.100160   20.296293 ^ clkbuf_4_5_0_CLK/X (sky130_fd_sc_hd__clkbuf_8)
                                                         clknet_4_5_0_CLK (net)
                      0.038783    0.001142   20.297436 ^ _748_/CLK (sky130_fd_sc_hd__dfrtp_2)
                                 -0.250000   20.047436   clock uncertainty
                                  0.019024   20.066462   clock reconvergence pessimism
                                  0.117898   20.184361   library recovery time
                                             20.184361   data required time
---------------------------------------------------------------------------------------------
                                             20.184361   data required time
                                             -1.581222   data arrival time
---------------------------------------------------------------------------------------------
                                             18.603138   slack (MET)


Startpoint: _805_ (rising edge-triggered flip-flop clocked by CLK)
Endpoint: _744_ (recovery check against rising-edge clock CLK)
Path Group: asynchronous
Path Type: max

Fanout         Cap        Slew       Delay        Time   Description
---------------------------------------------------------------------------------------------
                                  0.000000    0.000000   clock CLK (rise edge)
                                  0.000000    0.000000   clock source latency
     1    0.022474    0.079693    0.058125    0.058125 ^ CLK (in)
                                                         CLK (net)
                      0.079747    0.000000    0.058125 ^ clkbuf_0_CLK/A (sky130_fd_sc_hd__clkbuf_16)
    16    0.098607    0.089152    0.141628    0.199752 ^ clkbuf_0_CLK/X (sky130_fd_sc_hd__clkbuf_16)
                                                         clknet_0_CLK (net)
                      0.091856    0.012742    0.212494 ^ clkbuf_4_13_0_CLK/A (sky130_fd_sc_hd__clkbuf_8)
     6    0.018460    0.036503    0.107893    0.320387 ^ clkbuf_4_13_0_CLK/X (sky130_fd_sc_hd__clkbuf_8)
                                                         clknet_4_13_0_CLK (net)
                      0.036538    0.001064    0.321452 ^ _805_/CLK (sky130_fd_sc_hd__dfrtp_2)
     1    0.002776    0.025641    0.217763    0.539215 ^ _805_/Q (sky130_fd_sc_hd__dfrtp_2)
                                                         control.reset_n (net)
                      0.025641    0.000187    0.539402 ^ hold58/A (sky130_fd_sc_hd__dlygate4sd3_1)
     3    0.017758    0.141864    0.471381    1.010783 ^ hold58/X (sky130_fd_sc_hd__dlygate4sd3_1)
                                                         net57 (net)
                      0.141874    0.001353    1.012136 ^ fanout36/A (sky130_fd_sc_hd__clkdlybuf4s25_1)
     2    0.005773    0.052400    0.204611    1.216747 ^ fanout36/X (sky130_fd_sc_hd__clkdlybuf4s25_1)
                                                         net36 (net)
                      0.052401    0.000351    1.217098 ^ fanout34/A (sky130_fd_sc_hd__clkdlybuf4s25_1)
     2    0.007629    0.065564    0.198138    1.415236 ^ fanout34/X (sky130_fd_sc_hd__clkdlybuf4s25_1)
                                                         net34 (net)
                      0.065565    0.000455    1.415690 ^ load_slew35/A (sky130_fd_sc_hd__clkbuf_4)
     9    0.043191    0.103731    0.154418    1.570108 ^ load_slew35/X (sky130_fd_sc_hd__clkbuf_4)
                                                         net35 (net)
                      0.103944    0.004026    1.574134 ^ _744_/RESET_B (sky130_fd_sc_hd__dfrtp_2)
                                              1.574134   data arrival time

                                 20.000000   20.000000   clock CLK (rise edge)
                                  0.000000   20.000000   clock source latency
     1    0.022474    0.079693    0.052589   20.052589 ^ CLK (in)
                                                         CLK (net)
                      0.079747    0.000000   20.052589 ^ clkbuf_0_CLK/A (sky130_fd_sc_hd__clkbuf_16)
    16    0.098607    0.089152    0.128139   20.180729 ^ clkbuf_0_CLK/X (sky130_fd_sc_hd__clkbuf_16)
                                                         clknet_0_CLK (net)
                      0.094187    0.015691   20.196419 ^ clkbuf_4_3_0_CLK/A (sky130_fd_sc_hd__clkbuf_8)
     6    0.018034    0.036054    0.097931   20.294350 ^ clkbuf_4_3_0_CLK/X (sky130_fd_sc_hd__clkbuf_8)
                                                         clknet_4_3_0_CLK (net)
                      0.036080    0.000806   20.295156 ^ _744_/CLK (sky130_fd_sc_hd__dfrtp_2)
                                 -0.250000   20.045156   clock uncertainty
                                  0.019024   20.064182   clock reconvergence pessimism
                                  0.115773   20.179955   library recovery time
                                             20.179955   data required time
---------------------------------------------------------------------------------------------
                                             20.179955   data required time
                                             -1.574134   data arrival time
---------------------------------------------------------------------------------------------
                                             18.605820   slack (MET)


Startpoint: _805_ (rising edge-triggered flip-flop clocked by CLK)
Endpoint: _792_ (recovery check against rising-edge clock CLK)
Path Group: asynchronous
Path Type: max

Fanout         Cap        Slew       Delay        Time   Description
---------------------------------------------------------------------------------------------
                                  0.000000    0.000000   clock CLK (rise edge)
                                  0.000000    0.000000   clock source latency
     1    0.022474    0.079693    0.058125    0.058125 ^ CLK (in)
                                                         CLK (net)
                      0.079747    0.000000    0.058125 ^ clkbuf_0_CLK/A (sky130_fd_sc_hd__clkbuf_16)
    16    0.098607    0.089152    0.141628    0.199752 ^ clkbuf_0_CLK/X (sky130_fd_sc_hd__clkbuf_16)
                                                         clknet_0_CLK (net)
                      0.091856    0.012742    0.212494 ^ clkbuf_4_13_0_CLK/A (sky130_fd_sc_hd__clkbuf_8)
     6    0.018460    0.036503    0.107893    0.320387 ^ clkbuf_4_13_0_CLK/X (sky130_fd_sc_hd__clkbuf_8)
                                                         clknet_4_13_0_CLK (net)
                      0.036538    0.001064    0.321452 ^ _805_/CLK (sky130_fd_sc_hd__dfrtp_2)
     1    0.002776    0.025641    0.217763    0.539215 ^ _805_/Q (sky130_fd_sc_hd__dfrtp_2)
                                                         control.reset_n (net)
                      0.025641    0.000187    0.539402 ^ hold58/A (sky130_fd_sc_hd__dlygate4sd3_1)
     3    0.017758    0.141864    0.471381    1.010783 ^ hold58/X (sky130_fd_sc_hd__dlygate4sd3_1)
                                                         net57 (net)
                      0.141874    0.001353    1.012136 ^ fanout36/A (sky130_fd_sc_hd__clkdlybuf4s25_1)
     2    0.005773    0.052400    0.204611    1.216747 ^ fanout36/X (sky130_fd_sc_hd__clkdlybuf4s25_1)
                                                         net36 (net)
                      0.052401    0.000351    1.217098 ^ fanout34/A (sky130_fd_sc_hd__clkdlybuf4s25_1)
     2    0.007629    0.065564    0.198138    1.415236 ^ fanout34/X (sky130_fd_sc_hd__clkdlybuf4s25_1)
                                                         net34 (net)
                      0.065565    0.000455    1.415690 ^ load_slew35/A (sky130_fd_sc_hd__clkbuf_4)
     9    0.043191    0.103731    0.154418    1.570108 ^ load_slew35/X (sky130_fd_sc_hd__clkbuf_4)
                                                         net35 (net)
                      0.104035    0.004780    1.574888 ^ _792_/RESET_B (sky130_fd_sc_hd__dfrtp_2)
                                              1.574888   data arrival time

                                 20.000000   20.000000   clock CLK (rise edge)
                                  0.000000   20.000000   clock source latency
     1    0.022474    0.079693    0.052589   20.052589 ^ CLK (in)
                                                         CLK (net)
                      0.079747    0.000000   20.052589 ^ clkbuf_0_CLK/A (sky130_fd_sc_hd__clkbuf_16)
    16    0.098607    0.089152    0.128139   20.180729 ^ clkbuf_0_CLK/X (sky130_fd_sc_hd__clkbuf_16)
                                                         clknet_0_CLK (net)
                      0.094235    0.015765   20.196493 ^ clkbuf_4_2_0_CLK/A (sky130_fd_sc_hd__clkbuf_8)
     6    0.020284    0.038630    0.100007   20.296501 ^ clkbuf_4_2_0_CLK/X (sky130_fd_sc_hd__clkbuf_8)
                                                         clknet_4_2_0_CLK (net)
                      0.038691    0.001268   20.297770 ^ _792_/CLK (sky130_fd_sc_hd__dfrtp_2)
                                 -0.250000   20.047770   clock uncertainty
                                  0.019024   20.066795   clock reconvergence pessimism
                                  0.116156   20.182951   library recovery time
                                             20.182951   data required time
---------------------------------------------------------------------------------------------
                                             20.182951   data required time
                                             -1.574888   data arrival time
---------------------------------------------------------------------------------------------
                                             18.608063   slack (MET)


Startpoint: _805_ (rising edge-triggered flip-flop clocked by CLK)
Endpoint: _745_ (recovery check against rising-edge clock CLK)
Path Group: asynchronous
Path Type: max

Fanout         Cap        Slew       Delay        Time   Description
---------------------------------------------------------------------------------------------
                                  0.000000    0.000000   clock CLK (rise edge)
                                  0.000000    0.000000   clock source latency
     1    0.022474    0.079693    0.058125    0.058125 ^ CLK (in)
                                                         CLK (net)
                      0.079747    0.000000    0.058125 ^ clkbuf_0_CLK/A (sky130_fd_sc_hd__clkbuf_16)
    16    0.098607    0.089152    0.141628    0.199752 ^ clkbuf_0_CLK/X (sky130_fd_sc_hd__clkbuf_16)
                                                         clknet_0_CLK (net)
                      0.091856    0.012742    0.212494 ^ clkbuf_4_13_0_CLK/A (sky130_fd_sc_hd__clkbuf_8)
     6    0.018460    0.036503    0.107893    0.320387 ^ clkbuf_4_13_0_CLK/X (sky130_fd_sc_hd__clkbuf_8)
                                                         clknet_4_13_0_CLK (net)
                      0.036538    0.001064    0.321452 ^ _805_/CLK (sky130_fd_sc_hd__dfrtp_2)
     1    0.002776    0.025641    0.217763    0.539215 ^ _805_/Q (sky130_fd_sc_hd__dfrtp_2)
                                                         control.reset_n (net)
                      0.025641    0.000187    0.539402 ^ hold58/A (sky130_fd_sc_hd__dlygate4sd3_1)
     3    0.017758    0.141864    0.471381    1.010783 ^ hold58/X (sky130_fd_sc_hd__dlygate4sd3_1)
                                                         net57 (net)
                      0.141874    0.001353    1.012136 ^ fanout36/A (sky130_fd_sc_hd__clkdlybuf4s25_1)
     2    0.005773    0.052400    0.204611    1.216747 ^ fanout36/X (sky130_fd_sc_hd__clkdlybuf4s25_1)
                                                         net36 (net)
                      0.052401    0.000351    1.217098 ^ fanout34/A (sky130_fd_sc_hd__clkdlybuf4s25_1)
     2    0.007629    0.065564    0.198138    1.415236 ^ fanout34/X (sky130_fd_sc_hd__clkdlybuf4s25_1)
                                                         net34 (net)
                      0.065565    0.000455    1.415690 ^ load_slew35/A (sky130_fd_sc_hd__clkbuf_4)
     9    0.043191    0.103731    0.154418    1.570108 ^ load_slew35/X (sky130_fd_sc_hd__clkbuf_4)
                                                         net35 (net)
                      0.103959    0.004156    1.574264 ^ _745_/RESET_B (sky130_fd_sc_hd__dfrtp_2)
                                              1.574264   data arrival time

                                 20.000000   20.000000   clock CLK (rise edge)
                                  0.000000   20.000000   clock source latency
     1    0.022474    0.079693    0.052589   20.052589 ^ CLK (in)
                                                         CLK (net)
                      0.079747    0.000000   20.052589 ^ clkbuf_0_CLK/A (sky130_fd_sc_hd__clkbuf_16)
    16    0.098607    0.089152    0.128139   20.180729 ^ clkbuf_0_CLK/X (sky130_fd_sc_hd__clkbuf_16)
                                                         clknet_0_CLK (net)
                      0.094235    0.015765   20.196493 ^ clkbuf_4_2_0_CLK/A (sky130_fd_sc_hd__clkbuf_8)
     6    0.020284    0.038630    0.100007   20.296501 ^ clkbuf_4_2_0_CLK/X (sky130_fd_sc_hd__clkbuf_8)
                                                         clknet_4_2_0_CLK (net)
                      0.038642    0.000652   20.297153 ^ _745_/CLK (sky130_fd_sc_hd__dfrtp_2)
                                 -0.250000   20.047153   clock uncertainty
                                  0.019024   20.066179   clock reconvergence pessimism
                                  0.116168   20.182346   library recovery time
                                             20.182346   data required time
---------------------------------------------------------------------------------------------
                                             20.182346   data required time
                                             -1.574264   data arrival time
---------------------------------------------------------------------------------------------
                                             18.608082   slack (MET)


Startpoint: _805_ (rising edge-triggered flip-flop clocked by CLK)
Endpoint: _742_ (recovery check against rising-edge clock CLK)
Path Group: asynchronous
Path Type: max

Fanout         Cap        Slew       Delay        Time   Description
---------------------------------------------------------------------------------------------
                                  0.000000    0.000000   clock CLK (rise edge)
                                  0.000000    0.000000   clock source latency
     1    0.022474    0.079693    0.058125    0.058125 ^ CLK (in)
                                                         CLK (net)
                      0.079747    0.000000    0.058125 ^ clkbuf_0_CLK/A (sky130_fd_sc_hd__clkbuf_16)
    16    0.098607    0.089152    0.141628    0.199752 ^ clkbuf_0_CLK/X (sky130_fd_sc_hd__clkbuf_16)
                                                         clknet_0_CLK (net)
                      0.091856    0.012742    0.212494 ^ clkbuf_4_13_0_CLK/A (sky130_fd_sc_hd__clkbuf_8)
     6    0.018460    0.036503    0.107893    0.320387 ^ clkbuf_4_13_0_CLK/X (sky130_fd_sc_hd__clkbuf_8)
                                                         clknet_4_13_0_CLK (net)
                      0.036538    0.001064    0.321452 ^ _805_/CLK (sky130_fd_sc_hd__dfrtp_2)
     1    0.002776    0.025641    0.217763    0.539215 ^ _805_/Q (sky130_fd_sc_hd__dfrtp_2)
                                                         control.reset_n (net)
                      0.025641    0.000187    0.539402 ^ hold58/A (sky130_fd_sc_hd__dlygate4sd3_1)
     3    0.017758    0.141864    0.471381    1.010783 ^ hold58/X (sky130_fd_sc_hd__dlygate4sd3_1)
                                                         net57 (net)
                      0.141874    0.001353    1.012136 ^ fanout36/A (sky130_fd_sc_hd__clkdlybuf4s25_1)
     2    0.005773    0.052400    0.204611    1.216747 ^ fanout36/X (sky130_fd_sc_hd__clkdlybuf4s25_1)
                                                         net36 (net)
                      0.052401    0.000351    1.217098 ^ fanout34/A (sky130_fd_sc_hd__clkdlybuf4s25_1)
     2    0.007629    0.065564    0.198138    1.415236 ^ fanout34/X (sky130_fd_sc_hd__clkdlybuf4s25_1)
                                                         net34 (net)
                      0.065565    0.000455    1.415690 ^ load_slew35/A (sky130_fd_sc_hd__clkbuf_4)
     9    0.043191    0.103731    0.154418    1.570108 ^ load_slew35/X (sky130_fd_sc_hd__clkbuf_4)
                                                         net35 (net)
                      0.104037    0.004795    1.574903 ^ _742_/RESET_B (sky130_fd_sc_hd__dfrtp_2)
                                              1.574903   data arrival time

                                 20.000000   20.000000   clock CLK (rise edge)
                                  0.000000   20.000000   clock source latency
     1    0.022474    0.079693    0.052589   20.052589 ^ CLK (in)
                                                         CLK (net)
                      0.079747    0.000000   20.052589 ^ clkbuf_0_CLK/A (sky130_fd_sc_hd__clkbuf_16)
    16    0.098607    0.089152    0.128139   20.180729 ^ clkbuf_0_CLK/X (sky130_fd_sc_hd__clkbuf_16)
                                                         clknet_0_CLK (net)
                      0.094235    0.015765   20.196493 ^ clkbuf_4_2_0_CLK/A (sky130_fd_sc_hd__clkbuf_8)
     6    0.020284    0.038630    0.100007   20.296501 ^ clkbuf_4_2_0_CLK/X (sky130_fd_sc_hd__clkbuf_8)
                                                         clknet_4_2_0_CLK (net)
                      0.038699    0.001338   20.297838 ^ _742_/CLK (sky130_fd_sc_hd__dfrtp_2)
                                 -0.250000   20.047840   clock uncertainty
                                  0.019024   20.066864   clock reconvergence pessimism
                                  0.116157   20.183020   library recovery time
                                             20.183020   data required time
---------------------------------------------------------------------------------------------
                                             20.183020   data required time
                                             -1.574903   data arrival time
---------------------------------------------------------------------------------------------
                                             18.608116   slack (MET)


Startpoint: _805_ (rising edge-triggered flip-flop clocked by CLK)
Endpoint: _741_ (recovery check against rising-edge clock CLK)
Path Group: asynchronous
Path Type: max

Fanout         Cap        Slew       Delay        Time   Description
---------------------------------------------------------------------------------------------
                                  0.000000    0.000000   clock CLK (rise edge)
                                  0.000000    0.000000   clock source latency
     1    0.022474    0.079693    0.058125    0.058125 ^ CLK (in)
                                                         CLK (net)
                      0.079747    0.000000    0.058125 ^ clkbuf_0_CLK/A (sky130_fd_sc_hd__clkbuf_16)
    16    0.098607    0.089152    0.141628    0.199752 ^ clkbuf_0_CLK/X (sky130_fd_sc_hd__clkbuf_16)
                                                         clknet_0_CLK (net)
                      0.091856    0.012742    0.212494 ^ clkbuf_4_13_0_CLK/A (sky130_fd_sc_hd__clkbuf_8)
     6    0.018460    0.036503    0.107893    0.320387 ^ clkbuf_4_13_0_CLK/X (sky130_fd_sc_hd__clkbuf_8)
                                                         clknet_4_13_0_CLK (net)
                      0.036538    0.001064    0.321452 ^ _805_/CLK (sky130_fd_sc_hd__dfrtp_2)
     1    0.002776    0.025641    0.217763    0.539215 ^ _805_/Q (sky130_fd_sc_hd__dfrtp_2)
                                                         control.reset_n (net)
                      0.025641    0.000187    0.539402 ^ hold58/A (sky130_fd_sc_hd__dlygate4sd3_1)
     3    0.017758    0.141864    0.471381    1.010783 ^ hold58/X (sky130_fd_sc_hd__dlygate4sd3_1)
                                                         net57 (net)
                      0.141874    0.001353    1.012136 ^ fanout36/A (sky130_fd_sc_hd__clkdlybuf4s25_1)
     2    0.005773    0.052400    0.204611    1.216747 ^ fanout36/X (sky130_fd_sc_hd__clkdlybuf4s25_1)
                                                         net36 (net)
                      0.052401    0.000351    1.217098 ^ fanout34/A (sky130_fd_sc_hd__clkdlybuf4s25_1)
     2    0.007629    0.065564    0.198138    1.415236 ^ fanout34/X (sky130_fd_sc_hd__clkdlybuf4s25_1)
                                                         net34 (net)
                      0.065565    0.000455    1.415690 ^ load_slew35/A (sky130_fd_sc_hd__clkbuf_4)
     9    0.043191    0.103731    0.154418    1.570108 ^ load_slew35/X (sky130_fd_sc_hd__clkbuf_4)
                                                         net35 (net)
                      0.103983    0.004362    1.574470 ^ _741_/RESET_B (sky130_fd_sc_hd__dfrtp_2)
                                              1.574470   data arrival time

                                 20.000000   20.000000   clock CLK (rise edge)
                                  0.000000   20.000000   clock source latency
     1    0.022474    0.079693    0.052589   20.052589 ^ CLK (in)
                                                         CLK (net)
                      0.079747    0.000000   20.052589 ^ clkbuf_0_CLK/A (sky130_fd_sc_hd__clkbuf_16)
    16    0.098607    0.089152    0.128139   20.180729 ^ clkbuf_0_CLK/X (sky130_fd_sc_hd__clkbuf_16)
                                                         clknet_0_CLK (net)
                      0.094235    0.015765   20.196493 ^ clkbuf_4_2_0_CLK/A (sky130_fd_sc_hd__clkbuf_8)
     6    0.020284    0.038630    0.100007   20.296501 ^ clkbuf_4_2_0_CLK/X (sky130_fd_sc_hd__clkbuf_8)
                                                         clknet_4_2_0_CLK (net)
                      0.038674    0.001094   20.297596 ^ _741_/CLK (sky130_fd_sc_hd__dfrtp_2)
                                 -0.250000   20.047596   clock uncertainty
                                  0.019024   20.066622   clock reconvergence pessimism
                                  0.116167   20.182787   library recovery time
                                             20.182787   data required time
---------------------------------------------------------------------------------------------
                                             20.182787   data required time
                                             -1.574470   data arrival time
---------------------------------------------------------------------------------------------
                                             18.608316   slack (MET)


Startpoint: _805_ (rising edge-triggered flip-flop clocked by CLK)
Endpoint: _796_ (recovery check against rising-edge clock CLK)
Path Group: asynchronous
Path Type: max

Fanout         Cap        Slew       Delay        Time   Description
---------------------------------------------------------------------------------------------
                                  0.000000    0.000000   clock CLK (rise edge)
                                  0.000000    0.000000   clock source latency
     1    0.022474    0.079693    0.058125    0.058125 ^ CLK (in)
                                                         CLK (net)
                      0.079747    0.000000    0.058125 ^ clkbuf_0_CLK/A (sky130_fd_sc_hd__clkbuf_16)
    16    0.098607    0.089152    0.141628    0.199752 ^ clkbuf_0_CLK/X (sky130_fd_sc_hd__clkbuf_16)
                                                         clknet_0_CLK (net)
                      0.091856    0.012742    0.212494 ^ clkbuf_4_13_0_CLK/A (sky130_fd_sc_hd__clkbuf_8)
     6    0.018460    0.036503    0.107893    0.320387 ^ clkbuf_4_13_0_CLK/X (sky130_fd_sc_hd__clkbuf_8)
                                                         clknet_4_13_0_CLK (net)
                      0.036538    0.001064    0.321452 ^ _805_/CLK (sky130_fd_sc_hd__dfrtp_2)
     1    0.002776    0.025641    0.217763    0.539215 ^ _805_/Q (sky130_fd_sc_hd__dfrtp_2)
                                                         control.reset_n (net)
                      0.025641    0.000187    0.539402 ^ hold58/A (sky130_fd_sc_hd__dlygate4sd3_1)
     3    0.017758    0.141864    0.471381    1.010783 ^ hold58/X (sky130_fd_sc_hd__dlygate4sd3_1)
                                                         net57 (net)
                      0.141874    0.001353    1.012136 ^ fanout36/A (sky130_fd_sc_hd__clkdlybuf4s25_1)
     2    0.005773    0.052400    0.204611    1.216747 ^ fanout36/X (sky130_fd_sc_hd__clkdlybuf4s25_1)
                                                         net36 (net)
                      0.052401    0.000351    1.217098 ^ fanout34/A (sky130_fd_sc_hd__clkdlybuf4s25_1)
     2    0.007629    0.065564    0.198138    1.415236 ^ fanout34/X (sky130_fd_sc_hd__clkdlybuf4s25_1)
                                                         net34 (net)
                      0.065565    0.000455    1.415690 ^ load_slew35/A (sky130_fd_sc_hd__clkbuf_4)
     9    0.043191    0.103731    0.154418    1.570108 ^ load_slew35/X (sky130_fd_sc_hd__clkbuf_4)
                                                         net35 (net)
                      0.103931    0.003904    1.574012 ^ _796_/RESET_B (sky130_fd_sc_hd__dfrtp_2)
                                              1.574012   data arrival time

                                 20.000000   20.000000   clock CLK (rise edge)
                                  0.000000   20.000000   clock source latency
     1    0.022474    0.079693    0.052589   20.052589 ^ CLK (in)
                                                         CLK (net)
                      0.079747    0.000000   20.052589 ^ clkbuf_0_CLK/A (sky130_fd_sc_hd__clkbuf_16)
    16    0.098607    0.089152    0.128139   20.180729 ^ clkbuf_0_CLK/X (sky130_fd_sc_hd__clkbuf_16)
                                                         clknet_0_CLK (net)
                      0.094235    0.015765   20.196493 ^ clkbuf_4_2_0_CLK/A (sky130_fd_sc_hd__clkbuf_8)
     6    0.020284    0.038630    0.100007   20.296501 ^ clkbuf_4_2_0_CLK/X (sky130_fd_sc_hd__clkbuf_8)
                                                         clknet_4_2_0_CLK (net)
                      0.038659    0.000918   20.297419 ^ _796_/CLK (sky130_fd_sc_hd__dfrtp_2)
                                 -0.250000   20.047421   clock uncertainty
                                  0.019024   20.066444   clock reconvergence pessimism
                                  0.116178   20.182623   library recovery time
                                             20.182623   data required time
---------------------------------------------------------------------------------------------
                                             20.182623   data required time
                                             -1.574012   data arrival time
---------------------------------------------------------------------------------------------
                                             18.608610   slack (MET)


Startpoint: _805_ (rising edge-triggered flip-flop clocked by CLK)
Endpoint: _739_ (recovery check against rising-edge clock CLK)
Path Group: asynchronous
Path Type: max

Fanout         Cap        Slew       Delay        Time   Description
---------------------------------------------------------------------------------------------
                                  0.000000    0.000000   clock CLK (rise edge)
                                  0.000000    0.000000   clock source latency
     1    0.022474    0.079693    0.058125    0.058125 ^ CLK (in)
                                                         CLK (net)
                      0.079747    0.000000    0.058125 ^ clkbuf_0_CLK/A (sky130_fd_sc_hd__clkbuf_16)
    16    0.098607    0.089152    0.141628    0.199752 ^ clkbuf_0_CLK/X (sky130_fd_sc_hd__clkbuf_16)
                                                         clknet_0_CLK (net)
                      0.091856    0.012742    0.212494 ^ clkbuf_4_13_0_CLK/A (sky130_fd_sc_hd__clkbuf_8)
     6    0.018460    0.036503    0.107893    0.320387 ^ clkbuf_4_13_0_CLK/X (sky130_fd_sc_hd__clkbuf_8)
                                                         clknet_4_13_0_CLK (net)
                      0.036538    0.001064    0.321452 ^ _805_/CLK (sky130_fd_sc_hd__dfrtp_2)
     1    0.002776    0.025641    0.217763    0.539215 ^ _805_/Q (sky130_fd_sc_hd__dfrtp_2)
                                                         control.reset_n (net)
                      0.025641    0.000187    0.539402 ^ hold58/A (sky130_fd_sc_hd__dlygate4sd3_1)
     3    0.017758    0.141864    0.471381    1.010783 ^ hold58/X (sky130_fd_sc_hd__dlygate4sd3_1)
                                                         net57 (net)
                      0.141874    0.001353    1.012136 ^ fanout36/A (sky130_fd_sc_hd__clkdlybuf4s25_1)
     2    0.005773    0.052400    0.204611    1.216747 ^ fanout36/X (sky130_fd_sc_hd__clkdlybuf4s25_1)
                                                         net36 (net)
                      0.052401    0.000351    1.217098 ^ fanout34/A (sky130_fd_sc_hd__clkdlybuf4s25_1)
     2    0.007629    0.065564    0.198138    1.415236 ^ fanout34/X (sky130_fd_sc_hd__clkdlybuf4s25_1)
                                                         net34 (net)
                      0.065565    0.000455    1.415690 ^ load_slew35/A (sky130_fd_sc_hd__clkbuf_4)
     9    0.043191    0.103731    0.154418    1.570108 ^ load_slew35/X (sky130_fd_sc_hd__clkbuf_4)
                                                         net35 (net)
                      0.104034    0.004771    1.574880 ^ _739_/RESET_B (sky130_fd_sc_hd__dfrtp_2)
                                              1.574880   data arrival time

                                 20.000000   20.000000   clock CLK (rise edge)
                                  0.000000   20.000000   clock source latency
     1    0.022474    0.079693    0.052589   20.052589 ^ CLK (in)
                                                         CLK (net)
                      0.079747    0.000000   20.052589 ^ clkbuf_0_CLK/A (sky130_fd_sc_hd__clkbuf_16)
    16    0.098607    0.089152    0.128139   20.180729 ^ clkbuf_0_CLK/X (sky130_fd_sc_hd__clkbuf_16)
                                                         clknet_0_CLK (net)
                      0.094274    0.015827   20.196556 ^ clkbuf_4_1_0_CLK/A (sky130_fd_sc_hd__clkbuf_8)
     6    0.022912    0.041838    0.102501   20.299057 ^ clkbuf_4_1_0_CLK/X (sky130_fd_sc_hd__clkbuf_8)
                                                         clknet_4_1_0_CLK (net)
                      0.041847    0.000615   20.299671 ^ _739_/CLK (sky130_fd_sc_hd__dfrtp_2)
                                 -0.250000   20.049673   clock uncertainty
                                  0.019024   20.068697   clock reconvergence pessimism
                                  0.116647   20.185345   library recovery time
                                             20.185345   data required time
---------------------------------------------------------------------------------------------
                                             20.185345   data required time
                                             -1.574880   data arrival time
---------------------------------------------------------------------------------------------
                                             18.610464   slack (MET)


Startpoint: _805_ (rising edge-triggered flip-flop clocked by CLK)
Endpoint: _743_ (recovery check against rising-edge clock CLK)
Path Group: asynchronous
Path Type: max

Fanout         Cap        Slew       Delay        Time   Description
---------------------------------------------------------------------------------------------
                                  0.000000    0.000000   clock CLK (rise edge)
                                  0.000000    0.000000   clock source latency
     1    0.022474    0.079693    0.058125    0.058125 ^ CLK (in)
                                                         CLK (net)
                      0.079747    0.000000    0.058125 ^ clkbuf_0_CLK/A (sky130_fd_sc_hd__clkbuf_16)
    16    0.098607    0.089152    0.141628    0.199752 ^ clkbuf_0_CLK/X (sky130_fd_sc_hd__clkbuf_16)
                                                         clknet_0_CLK (net)
                      0.091856    0.012742    0.212494 ^ clkbuf_4_13_0_CLK/A (sky130_fd_sc_hd__clkbuf_8)
     6    0.018460    0.036503    0.107893    0.320387 ^ clkbuf_4_13_0_CLK/X (sky130_fd_sc_hd__clkbuf_8)
                                                         clknet_4_13_0_CLK (net)
                      0.036538    0.001064    0.321452 ^ _805_/CLK (sky130_fd_sc_hd__dfrtp_2)
     1    0.002776    0.025641    0.217763    0.539215 ^ _805_/Q (sky130_fd_sc_hd__dfrtp_2)
                                                         control.reset_n (net)
                      0.025641    0.000187    0.539402 ^ hold58/A (sky130_fd_sc_hd__dlygate4sd3_1)
     3    0.017758    0.141864    0.471381    1.010783 ^ hold58/X (sky130_fd_sc_hd__dlygate4sd3_1)
                                                         net57 (net)
                      0.141874    0.001353    1.012136 ^ fanout36/A (sky130_fd_sc_hd__clkdlybuf4s25_1)
     2    0.005773    0.052400    0.204611    1.216747 ^ fanout36/X (sky130_fd_sc_hd__clkdlybuf4s25_1)
                                                         net36 (net)
                      0.052401    0.000351    1.217098 ^ fanout34/A (sky130_fd_sc_hd__clkdlybuf4s25_1)
     2    0.007629    0.065564    0.198138    1.415236 ^ fanout34/X (sky130_fd_sc_hd__clkdlybuf4s25_1)
                                                         net34 (net)
                      0.065565    0.000455    1.415690 ^ load_slew35/A (sky130_fd_sc_hd__clkbuf_4)
     9    0.043191    0.103731    0.154418    1.570108 ^ load_slew35/X (sky130_fd_sc_hd__clkbuf_4)
                                                         net35 (net)
                      0.104025    0.004705    1.574813 ^ _743_/RESET_B (sky130_fd_sc_hd__dfrtp_2)
                                              1.574813   data arrival time

                                 20.000000   20.000000   clock CLK (rise edge)
                                  0.000000   20.000000   clock source latency
     1    0.022474    0.079693    0.052589   20.052589 ^ CLK (in)
                                                         CLK (net)
                      0.079747    0.000000   20.052589 ^ clkbuf_0_CLK/A (sky130_fd_sc_hd__clkbuf_16)
    16    0.098607    0.089152    0.128139   20.180729 ^ clkbuf_0_CLK/X (sky130_fd_sc_hd__clkbuf_16)
                                                         clknet_0_CLK (net)
                      0.094274    0.015827   20.196556 ^ clkbuf_4_1_0_CLK/A (sky130_fd_sc_hd__clkbuf_8)
     6    0.022912    0.041838    0.102501   20.299057 ^ clkbuf_4_1_0_CLK/X (sky130_fd_sc_hd__clkbuf_8)
                                                         clknet_4_1_0_CLK (net)
                      0.041879    0.001133   20.300190 ^ _743_/CLK (sky130_fd_sc_hd__dfrtp_2)
                                 -0.250000   20.050192   clock uncertainty
                                  0.019024   20.069216   clock reconvergence pessimism
                                  0.116654   20.185869   library recovery time
                                             20.185869   data required time
---------------------------------------------------------------------------------------------
                                             20.185869   data required time
                                             -1.574813   data arrival time
---------------------------------------------------------------------------------------------
                                             18.611057   slack (MET)


Startpoint: _805_ (rising edge-triggered flip-flop clocked by CLK)
Endpoint: _794_ (recovery check against rising-edge clock CLK)
Path Group: asynchronous
Path Type: max

Fanout         Cap        Slew       Delay        Time   Description
---------------------------------------------------------------------------------------------
                                  0.000000    0.000000   clock CLK (rise edge)
                                  0.000000    0.000000   clock source latency
     1    0.022474    0.079693    0.058125    0.058125 ^ CLK (in)
                                                         CLK (net)
                      0.079747    0.000000    0.058125 ^ clkbuf_0_CLK/A (sky130_fd_sc_hd__clkbuf_16)
    16    0.098607    0.089152    0.141628    0.199752 ^ clkbuf_0_CLK/X (sky130_fd_sc_hd__clkbuf_16)
                                                         clknet_0_CLK (net)
                      0.091856    0.012742    0.212494 ^ clkbuf_4_13_0_CLK/A (sky130_fd_sc_hd__clkbuf_8)
     6    0.018460    0.036503    0.107893    0.320387 ^ clkbuf_4_13_0_CLK/X (sky130_fd_sc_hd__clkbuf_8)
                                                         clknet_4_13_0_CLK (net)
                      0.036538    0.001064    0.321452 ^ _805_/CLK (sky130_fd_sc_hd__dfrtp_2)
     1    0.002776    0.025641    0.217763    0.539215 ^ _805_/Q (sky130_fd_sc_hd__dfrtp_2)
                                                         control.reset_n (net)
                      0.025641    0.000187    0.539402 ^ hold58/A (sky130_fd_sc_hd__dlygate4sd3_1)
     3    0.017758    0.141864    0.471381    1.010783 ^ hold58/X (sky130_fd_sc_hd__dlygate4sd3_1)
                                                         net57 (net)
                      0.141874    0.001353    1.012136 ^ fanout36/A (sky130_fd_sc_hd__clkdlybuf4s25_1)
     2    0.005773    0.052400    0.204611    1.216747 ^ fanout36/X (sky130_fd_sc_hd__clkdlybuf4s25_1)
                                                         net36 (net)
                      0.052401    0.000351    1.217098 ^ fanout34/A (sky130_fd_sc_hd__clkdlybuf4s25_1)
     2    0.007629    0.065564    0.198138    1.415236 ^ fanout34/X (sky130_fd_sc_hd__clkdlybuf4s25_1)
                                                         net34 (net)
                      0.065565    0.000455    1.415690 ^ load_slew35/A (sky130_fd_sc_hd__clkbuf_4)
     9    0.043191    0.103731    0.154418    1.570108 ^ load_slew35/X (sky130_fd_sc_hd__clkbuf_4)
                                                         net35 (net)
                      0.103801    0.002339    1.572447 ^ _794_/RESET_B (sky130_fd_sc_hd__dfrtp_2)
                                              1.572447   data arrival time

                                 20.000000   20.000000   clock CLK (rise edge)
                                  0.000000   20.000000   clock source latency
     1    0.022474    0.079693    0.052589   20.052589 ^ CLK (in)
                                                         CLK (net)
                      0.079747    0.000000   20.052589 ^ clkbuf_0_CLK/A (sky130_fd_sc_hd__clkbuf_16)
    16    0.098607    0.089152    0.128139   20.180729 ^ clkbuf_0_CLK/X (sky130_fd_sc_hd__clkbuf_16)
                                                         clknet_0_CLK (net)
                      0.094256    0.015797   20.196526 ^ clkbuf_4_0_0_CLK/A (sky130_fd_sc_hd__clkbuf_8)
     6    0.022128    0.040969    0.101544   20.298069 ^ clkbuf_4_0_0_CLK/X (sky130_fd_sc_hd__clkbuf_8)
                                                         clknet_4_0_0_CLK (net)
                      0.041043    0.001458   20.299528 ^ _794_/CLK (sky130_fd_sc_hd__dfrtp_2)
                                 -0.250000   20.049528   clock uncertainty
                                  0.019024   20.068554   clock reconvergence pessimism
                                  0.116582   20.185137   library recovery time
                                             20.185137   data required time
---------------------------------------------------------------------------------------------
                                             20.185137   data required time
                                             -1.572447   data arrival time
---------------------------------------------------------------------------------------------
                                             18.612688   slack (MET)


Startpoint: _805_ (rising edge-triggered flip-flop clocked by CLK)
Endpoint: _760_ (recovery check against rising-edge clock CLK)
Path Group: asynchronous
Path Type: max

Fanout         Cap        Slew       Delay        Time   Description
---------------------------------------------------------------------------------------------
                                  0.000000    0.000000   clock CLK (rise edge)
                                  0.000000    0.000000   clock source latency
     1    0.022474    0.079693    0.058125    0.058125 ^ CLK (in)
                                                         CLK (net)
                      0.079747    0.000000    0.058125 ^ clkbuf_0_CLK/A (sky130_fd_sc_hd__clkbuf_16)
    16    0.098607    0.089152    0.141628    0.199752 ^ clkbuf_0_CLK/X (sky130_fd_sc_hd__clkbuf_16)
                                                         clknet_0_CLK (net)
                      0.091856    0.012742    0.212494 ^ clkbuf_4_13_0_CLK/A (sky130_fd_sc_hd__clkbuf_8)
     6    0.018460    0.036503    0.107893    0.320387 ^ clkbuf_4_13_0_CLK/X (sky130_fd_sc_hd__clkbuf_8)
                                                         clknet_4_13_0_CLK (net)
                      0.036538    0.001064    0.321452 ^ _805_/CLK (sky130_fd_sc_hd__dfrtp_2)
     1    0.002776    0.025641    0.217763    0.539215 ^ _805_/Q (sky130_fd_sc_hd__dfrtp_2)
                                                         control.reset_n (net)
                      0.025641    0.000187    0.539402 ^ hold58/A (sky130_fd_sc_hd__dlygate4sd3_1)
     3    0.017758    0.141864    0.471381    1.010783 ^ hold58/X (sky130_fd_sc_hd__dlygate4sd3_1)
                                                         net57 (net)
                      0.141866    0.000847    1.011630 ^ fanout43/A (sky130_fd_sc_hd__clkdlybuf4s25_1)
     6    0.027912    0.212912    0.322799    1.334429 ^ fanout43/X (sky130_fd_sc_hd__clkdlybuf4s25_1)
                                                         net43 (net)
                      0.212919    0.001568    1.335997 ^ fanout41/A (sky130_fd_sc_hd__clkdlybuf4s25_1)
     2    0.008893    0.074687    0.227784    1.563781 ^ fanout41/X (sky130_fd_sc_hd__clkdlybuf4s25_1)
                                                         net41 (net)
                      0.074689    0.000529    1.564309 ^ _760_/RESET_B (sky130_fd_sc_hd__dfrtp_2)
                                              1.564309   data arrival time

                                 20.000000   20.000000   clock CLK (rise edge)
                                  0.000000   20.000000   clock source latency
     1    0.022474    0.079693    0.052589   20.052589 ^ CLK (in)
                                                         CLK (net)
                      0.079747    0.000000   20.052589 ^ clkbuf_0_CLK/A (sky130_fd_sc_hd__clkbuf_16)
    16    0.098607    0.089152    0.128139   20.180729 ^ clkbuf_0_CLK/X (sky130_fd_sc_hd__clkbuf_16)
                                                         clknet_0_CLK (net)
                      0.091856    0.011529   20.192257 ^ clkbuf_4_13_0_CLK/A (sky130_fd_sc_hd__clkbuf_8)
     6    0.018460    0.036503    0.097618   20.289875 ^ clkbuf_4_13_0_CLK/X (sky130_fd_sc_hd__clkbuf_8)
                                                         clknet_4_13_0_CLK (net)
                      0.036566    0.001238   20.291113 ^ _760_/CLK (sky130_fd_sc_hd__dfrtp_2)
                                 -0.250000   20.041115   clock uncertainty
                                  0.030513   20.071627   clock reconvergence pessimism
                                  0.123352   20.194979   library recovery time
                                             20.194979   data required time
---------------------------------------------------------------------------------------------
                                             20.194979   data required time
                                             -1.564309   data arrival time
---------------------------------------------------------------------------------------------
                                             18.630669   slack (MET)


Startpoint: _769_ (rising edge-triggered flip-flop clocked by CLK)
Endpoint: _768_ (rising edge-triggered flip-flop clocked by CLK)
Path Group: CLK
Path Type: max

Fanout         Cap        Slew       Delay        Time   Description
---------------------------------------------------------------------------------------------
                                  0.000000    0.000000   clock CLK (rise edge)
                                  0.000000    0.000000   clock source latency
     1    0.022474    0.079693    0.058125    0.058125 ^ CLK (in)
                                                         CLK (net)
                      0.079747    0.000000    0.058125 ^ clkbuf_0_CLK/A (sky130_fd_sc_hd__clkbuf_16)
    16    0.098607    0.089152    0.141628    0.199752 ^ clkbuf_0_CLK/X (sky130_fd_sc_hd__clkbuf_16)
                                                         clknet_0_CLK (net)
                      0.090843    0.010176    0.209928 ^ clkbuf_4_15_0_CLK/A (sky130_fd_sc_hd__clkbuf_8)
     6    0.019405    0.037571    0.108618    0.318547 ^ clkbuf_4_15_0_CLK/X (sky130_fd_sc_hd__clkbuf_8)
                                                         clknet_4_15_0_CLK (net)
                      0.037615    0.001180    0.319727 ^ _769_/CLK (sky130_fd_sc_hd__dfrtp_2)
     2    0.004291    0.030658    0.254471    0.574198 v _769_/Q (sky130_fd_sc_hd__dfrtp_2)
                                                         gates.phase_b.dead_count[2] (net)
                      0.030658    0.000259    0.574457 v hold107/A (sky130_fd_sc_hd__dlygate4sd3_1)
     2    0.008205    0.057275    0.403833    0.978290 v hold107/X (sky130_fd_sc_hd__dlygate4sd3_1)
                                                         net106 (net)
                      0.057275    0.000576    0.978866 v _658_/B (sky130_fd_sc_hd__nor3_2)
     3    0.011878    0.174476    0.182051    1.160917 ^ _658_/Y (sky130_fd_sc_hd__nor3_2)
                                                         _333_ (net)
                      0.174476    0.000276    1.161193 ^ _685_/C (sky130_fd_sc_hd__or3_2)
     1    0.003287    0.025548    0.097970    1.259163 ^ _685_/X (sky130_fd_sc_hd__or3_2)
                                                         _349_ (net)
                      0.025555    0.000205    1.259368 ^ _686_/B1_N (sky130_fd_sc_hd__a21bo_2)
     1    0.002313    0.024358    0.100459    1.359826 v _686_/X (sky130_fd_sc_hd__a21bo_2)
                                                         _030_ (net)
                      0.024358    0.000176    1.360002 v _768_/D (sky130_fd_sc_hd__dfrtp_2)
                                              1.360002   data arrival time

                                 20.000000   20.000000   clock CLK (rise edge)
                                  0.000000   20.000000   clock source latency
     1    0.022474    0.079693    0.052589   20.052589 ^ CLK (in)
                                                         CLK (net)
                      0.079747    0.000000   20.052589 ^ clkbuf_0_CLK/A (sky130_fd_sc_hd__clkbuf_16)
    16    0.098607    0.089152    0.128139   20.180729 ^ clkbuf_0_CLK/X (sky130_fd_sc_hd__clkbuf_16)
                                                         clknet_0_CLK (net)
                      0.090843    0.009207   20.189936 ^ clkbuf_4_15_0_CLK/A (sky130_fd_sc_hd__clkbuf_8)
     6    0.019405    0.037571    0.098273   20.288210 ^ clkbuf_4_15_0_CLK/X (sky130_fd_sc_hd__clkbuf_8)
                                                         clknet_4_15_0_CLK (net)
                      0.037610    0.001011   20.289219 ^ _768_/CLK (sky130_fd_sc_hd__dfrtp_2)
                                 -0.250000   20.039221   clock uncertainty
                                  0.030338   20.069559   clock reconvergence pessimism
                                 -0.070397   19.999163   library setup time
                                             19.999163   data required time
---------------------------------------------------------------------------------------------
                                             19.999163   data required time
                                             -1.360002   data arrival time
---------------------------------------------------------------------------------------------
                                             18.639160   slack (MET)


Startpoint: _728_ (rising edge-triggered flip-flop clocked by CLK)
Endpoint: _734_ (rising edge-triggered flip-flop clocked by CLK)
Path Group: CLK
Path Type: max

Fanout         Cap        Slew       Delay        Time   Description
---------------------------------------------------------------------------------------------
                                  0.000000    0.000000   clock CLK (rise edge)
                                  0.000000    0.000000   clock source latency
     1    0.022474    0.079693    0.058125    0.058125 ^ CLK (in)
                                                         CLK (net)
                      0.079747    0.000000    0.058125 ^ clkbuf_0_CLK/A (sky130_fd_sc_hd__clkbuf_16)
    16    0.098607    0.089152    0.141628    0.199752 ^ clkbuf_0_CLK/X (sky130_fd_sc_hd__clkbuf_16)
                                                         clknet_0_CLK (net)
                      0.090845    0.010180    0.209933 ^ clkbuf_4_10_0_CLK/A (sky130_fd_sc_hd__clkbuf_8)
     6    0.022498    0.041346    0.111690    0.321623 ^ clkbuf_4_10_0_CLK/X (sky130_fd_sc_hd__clkbuf_8)
                                                         clknet_4_10_0_CLK (net)
                      0.041519    0.002028    0.323651 ^ _728_/CLK (sky130_fd_sc_hd__dfrtp_2)
     5    0.018012    0.053888    0.288403    0.612054 v _728_/Q (sky130_fd_sc_hd__dfrtp_2)
                                                         pwm.pwm_counter[2] (net)
                      0.053929    0.000690    0.612744 v _402_/C (sky130_fd_sc_hd__and3_2)
     4    0.015891    0.049291    0.173160    0.785904 v _402_/X (sky130_fd_sc_hd__and3_2)
                                                         _090_ (net)
                      0.049324    0.001162    0.787066 v _405_/B (sky130_fd_sc_hd__and2_2)
     3    0.014998    0.045891    0.154934    0.942000 v _405_/X (sky130_fd_sc_hd__and2_2)
                                                         _092_ (net)
                      0.045923    0.000740    0.942739 v _410_/C (sky130_fd_sc_hd__and3_2)
     4    0.014684    0.047598    0.168105    1.110844 v _410_/X (sky130_fd_sc_hd__and3_2)
                                                         _095_ (net)
                      0.047652    0.000980    1.111824 v _411_/A (sky130_fd_sc_hd__inv_2)
     3    0.012991    0.049301    0.061401    1.173225 ^ _411_/Y (sky130_fd_sc_hd__inv_2)
                                                         _096_ (net)
                      0.049319    0.000806    1.174031 ^ _417_/B (sky130_fd_sc_hd__nor2_2)
     4    0.019277    0.042047    0.043753    1.217783 v _417_/Y (sky130_fd_sc_hd__nor2_2)
                                                         _100_ (net)
                      0.042124    0.001505    1.219288 v _419_/B (sky130_fd_sc_hd__xnor2_2)
     1    0.003261    0.036145    0.085529    1.304817 v _419_/Y (sky130_fd_sc_hd__xnor2_2)
                                                         _020_ (net)
                      0.036146    0.000221    1.305038 v _734_/D (sky130_fd_sc_hd__dfrtp_2)
                                              1.305038   data arrival time

                                 20.000000   20.000000   clock CLK (rise edge)
                                  0.000000   20.000000   clock source latency
     1    0.022474    0.079693    0.052589   20.052589 ^ CLK (in)
                                                         CLK (net)
                      0.079747    0.000000   20.052589 ^ clkbuf_0_CLK/A (sky130_fd_sc_hd__clkbuf_16)
    16    0.098607    0.089152    0.128139   20.180729 ^ clkbuf_0_CLK/X (sky130_fd_sc_hd__clkbuf_16)
                                                         clknet_0_CLK (net)
                      0.090792    0.009075   20.189804 ^ clkbuf_4_11_0_CLK/A (sky130_fd_sc_hd__clkbuf_8)
     6    0.017331    0.035312    0.096041   20.285845 ^ clkbuf_4_11_0_CLK/X (sky130_fd_sc_hd__clkbuf_8)
                                                         clknet_4_11_0_CLK (net)
                      0.035385    0.001316   20.287161 ^ _734_/CLK (sky130_fd_sc_hd__dfrtp_2)
                                 -0.250000   20.037163   clock uncertainty
                                  0.019024   20.056187   clock reconvergence pessimism
                                 -0.074820   19.981367   library setup time
                                             19.981367   data required time
---------------------------------------------------------------------------------------------
                                             19.981367   data required time
                                             -1.305038   data arrival time
---------------------------------------------------------------------------------------------
                                             18.676329   slack (MET)


Startpoint: _805_ (rising edge-triggered flip-flop clocked by CLK)
Endpoint: _729_ (recovery check against rising-edge clock CLK)
Path Group: asynchronous
Path Type: max

Fanout         Cap        Slew       Delay        Time   Description
---------------------------------------------------------------------------------------------
                                  0.000000    0.000000   clock CLK (rise edge)
                                  0.000000    0.000000   clock source latency
     1    0.022474    0.079693    0.058125    0.058125 ^ CLK (in)
                                                         CLK (net)
                      0.079747    0.000000    0.058125 ^ clkbuf_0_CLK/A (sky130_fd_sc_hd__clkbuf_16)
    16    0.098607    0.089152    0.141628    0.199752 ^ clkbuf_0_CLK/X (sky130_fd_sc_hd__clkbuf_16)
                                                         clknet_0_CLK (net)
                      0.091856    0.012742    0.212494 ^ clkbuf_4_13_0_CLK/A (sky130_fd_sc_hd__clkbuf_8)
     6    0.018460    0.036503    0.107893    0.320387 ^ clkbuf_4_13_0_CLK/X (sky130_fd_sc_hd__clkbuf_8)
                                                         clknet_4_13_0_CLK (net)
                      0.036538    0.001064    0.321452 ^ _805_/CLK (sky130_fd_sc_hd__dfrtp_2)
     1    0.002776    0.025641    0.217763    0.539215 ^ _805_/Q (sky130_fd_sc_hd__dfrtp_2)
                                                         control.reset_n (net)
                      0.025641    0.000187    0.539402 ^ hold58/A (sky130_fd_sc_hd__dlygate4sd3_1)
     3    0.017758    0.141864    0.471381    1.010783 ^ hold58/X (sky130_fd_sc_hd__dlygate4sd3_1)
                                                         net57 (net)
                      0.141864    0.000532    1.011315 ^ fanout48/A (sky130_fd_sc_hd__clkdlybuf4s25_1)
     2    0.015277    0.120828    0.255343    1.266658 ^ fanout48/X (sky130_fd_sc_hd__clkdlybuf4s25_1)
                                                         net48 (net)
                      0.120842    0.001421    1.268079 ^ wire49/A (sky130_fd_sc_hd__buf_4)
     9    0.043143    0.094513    0.142929    1.411008 ^ wire49/X (sky130_fd_sc_hd__buf_4)
                                                         net49 (net)
                      0.095223    0.006920    1.417928 ^ _729_/RESET_B (sky130_fd_sc_hd__dfrtp_2)
                                              1.417928   data arrival time

                                 20.000000   20.000000   clock CLK (rise edge)
                                  0.000000   20.000000   clock source latency
     1    0.022474    0.079693    0.052589   20.052589 ^ CLK (in)
                                                         CLK (net)
                      0.079747    0.000000   20.052589 ^ clkbuf_0_CLK/A (sky130_fd_sc_hd__clkbuf_16)
    16    0.098607    0.089152    0.128139   20.180729 ^ clkbuf_0_CLK/X (sky130_fd_sc_hd__clkbuf_16)
                                                         clknet_0_CLK (net)
                      0.090792    0.009075   20.189804 ^ clkbuf_4_11_0_CLK/A (sky130_fd_sc_hd__clkbuf_8)
     6    0.017331    0.035312    0.096041   20.285845 ^ clkbuf_4_11_0_CLK/X (sky130_fd_sc_hd__clkbuf_8)
                                                         clknet_4_11_0_CLK (net)
                      0.035491    0.001693   20.287537 ^ _729_/CLK (sky130_fd_sc_hd__dfrtp_2)
                                 -0.250000   20.037539   clock uncertainty
                                  0.019024   20.056562   clock reconvergence pessimism
                                  0.117919   20.174480   library recovery time
                                             20.174480   data required time
---------------------------------------------------------------------------------------------
                                             20.174480   data required time
                                             -1.417928   data arrival time
---------------------------------------------------------------------------------------------
                                             18.756552   slack (MET)


Startpoint: _805_ (rising edge-triggered flip-flop clocked by CLK)
Endpoint: _730_ (recovery check against rising-edge clock CLK)
Path Group: asynchronous
Path Type: max

Fanout         Cap        Slew       Delay        Time   Description
---------------------------------------------------------------------------------------------
                                  0.000000    0.000000   clock CLK (rise edge)
                                  0.000000    0.000000   clock source latency
     1    0.022474    0.079693    0.058125    0.058125 ^ CLK (in)
                                                         CLK (net)
                      0.079747    0.000000    0.058125 ^ clkbuf_0_CLK/A (sky130_fd_sc_hd__clkbuf_16)
    16    0.098607    0.089152    0.141628    0.199752 ^ clkbuf_0_CLK/X (sky130_fd_sc_hd__clkbuf_16)
                                                         clknet_0_CLK (net)
                      0.091856    0.012742    0.212494 ^ clkbuf_4_13_0_CLK/A (sky130_fd_sc_hd__clkbuf_8)
     6    0.018460    0.036503    0.107893    0.320387 ^ clkbuf_4_13_0_CLK/X (sky130_fd_sc_hd__clkbuf_8)
                                                         clknet_4_13_0_CLK (net)
                      0.036538    0.001064    0.321452 ^ _805_/CLK (sky130_fd_sc_hd__dfrtp_2)
     1    0.002776    0.025641    0.217763    0.539215 ^ _805_/Q (sky130_fd_sc_hd__dfrtp_2)
                                                         control.reset_n (net)
                      0.025641    0.000187    0.539402 ^ hold58/A (sky130_fd_sc_hd__dlygate4sd3_1)
     3    0.017758    0.141864    0.471381    1.010783 ^ hold58/X (sky130_fd_sc_hd__dlygate4sd3_1)
                                                         net57 (net)
                      0.141864    0.000532    1.011315 ^ fanout48/A (sky130_fd_sc_hd__clkdlybuf4s25_1)
     2    0.015277    0.120828    0.255343    1.266658 ^ fanout48/X (sky130_fd_sc_hd__clkdlybuf4s25_1)
                                                         net48 (net)
                      0.120842    0.001421    1.268079 ^ wire49/A (sky130_fd_sc_hd__buf_4)
     9    0.043143    0.094513    0.142929    1.411008 ^ wire49/X (sky130_fd_sc_hd__buf_4)
                                                         net49 (net)
                      0.095131    0.006469    1.417478 ^ _730_/RESET_B (sky130_fd_sc_hd__dfrtp_2)
                                              1.417478   data arrival time

                                 20.000000   20.000000   clock CLK (rise edge)
                                  0.000000   20.000000   clock source latency
     1    0.022474    0.079693    0.052589   20.052589 ^ CLK (in)
                                                         CLK (net)
                      0.079747    0.000000   20.052589 ^ clkbuf_0_CLK/A (sky130_fd_sc_hd__clkbuf_16)
    16    0.098607    0.089152    0.128139   20.180729 ^ clkbuf_0_CLK/X (sky130_fd_sc_hd__clkbuf_16)
                                                         clknet_0_CLK (net)
                      0.090792    0.009075   20.189804 ^ clkbuf_4_11_0_CLK/A (sky130_fd_sc_hd__clkbuf_8)
     6    0.017331    0.035312    0.096041   20.285845 ^ clkbuf_4_11_0_CLK/X (sky130_fd_sc_hd__clkbuf_8)
                                                         clknet_4_11_0_CLK (net)
                      0.035436    0.001672   20.287516 ^ _730_/CLK (sky130_fd_sc_hd__dfrtp_2)
                                 -0.250000   20.037518   clock uncertainty
                                  0.019024   20.056541   clock reconvergence pessimism
                                  0.117934   20.174477   library recovery time
                                             20.174477   data required time
---------------------------------------------------------------------------------------------
                                             20.174477   data required time
                                             -1.417478   data arrival time
---------------------------------------------------------------------------------------------
                                             18.756998   slack (MET)


Startpoint: _805_ (rising edge-triggered flip-flop clocked by CLK)
Endpoint: _732_ (recovery check against rising-edge clock CLK)
Path Group: asynchronous
Path Type: max

Fanout         Cap        Slew       Delay        Time   Description
---------------------------------------------------------------------------------------------
                                  0.000000    0.000000   clock CLK (rise edge)
                                  0.000000    0.000000   clock source latency
     1    0.022474    0.079693    0.058125    0.058125 ^ CLK (in)
                                                         CLK (net)
                      0.079747    0.000000    0.058125 ^ clkbuf_0_CLK/A (sky130_fd_sc_hd__clkbuf_16)
    16    0.098607    0.089152    0.141628    0.199752 ^ clkbuf_0_CLK/X (sky130_fd_sc_hd__clkbuf_16)
                                                         clknet_0_CLK (net)
                      0.091856    0.012742    0.212494 ^ clkbuf_4_13_0_CLK/A (sky130_fd_sc_hd__clkbuf_8)
     6    0.018460    0.036503    0.107893    0.320387 ^ clkbuf_4_13_0_CLK/X (sky130_fd_sc_hd__clkbuf_8)
                                                         clknet_4_13_0_CLK (net)
                      0.036538    0.001064    0.321452 ^ _805_/CLK (sky130_fd_sc_hd__dfrtp_2)
     1    0.002776    0.025641    0.217763    0.539215 ^ _805_/Q (sky130_fd_sc_hd__dfrtp_2)
                                                         control.reset_n (net)
                      0.025641    0.000187    0.539402 ^ hold58/A (sky130_fd_sc_hd__dlygate4sd3_1)
     3    0.017758    0.141864    0.471381    1.010783 ^ hold58/X (sky130_fd_sc_hd__dlygate4sd3_1)
                                                         net57 (net)
                      0.141864    0.000532    1.011315 ^ fanout48/A (sky130_fd_sc_hd__clkdlybuf4s25_1)
     2    0.015277    0.120828    0.255343    1.266658 ^ fanout48/X (sky130_fd_sc_hd__clkdlybuf4s25_1)
                                                         net48 (net)
                      0.120842    0.001421    1.268079 ^ wire49/A (sky130_fd_sc_hd__buf_4)
     9    0.043143    0.094513    0.142929    1.411008 ^ wire49/X (sky130_fd_sc_hd__buf_4)
                                                         net49 (net)
                      0.094790    0.004406    1.415414 ^ _732_/RESET_B (sky130_fd_sc_hd__dfrtp_2)
                                              1.415414   data arrival time

                                 20.000000   20.000000   clock CLK (rise edge)
                                  0.000000   20.000000   clock source latency
     1    0.022474    0.079693    0.052589   20.052589 ^ CLK (in)
                                                         CLK (net)
                      0.079747    0.000000   20.052589 ^ clkbuf_0_CLK/A (sky130_fd_sc_hd__clkbuf_16)
    16    0.098607    0.089152    0.128139   20.180729 ^ clkbuf_0_CLK/X (sky130_fd_sc_hd__clkbuf_16)
                                                         clknet_0_CLK (net)
                      0.090792    0.009075   20.189804 ^ clkbuf_4_11_0_CLK/A (sky130_fd_sc_hd__clkbuf_8)
     6    0.017331    0.035312    0.096041   20.285845 ^ clkbuf_4_11_0_CLK/X (sky130_fd_sc_hd__clkbuf_8)
                                                         clknet_4_11_0_CLK (net)
                      0.035426    0.001604   20.287449 ^ _732_/CLK (sky130_fd_sc_hd__dfrtp_2)
                                 -0.250000   20.037449   clock uncertainty
                                  0.019024   20.056475   clock reconvergence pessimism
                                  0.118020   20.174494   library recovery time
                                             20.174494   data required time
---------------------------------------------------------------------------------------------
                                             20.174494   data required time
                                             -1.415414   data arrival time
---------------------------------------------------------------------------------------------
                                             18.759081   slack (MET)


Startpoint: _805_ (rising edge-triggered flip-flop clocked by CLK)
Endpoint: _734_ (recovery check against rising-edge clock CLK)
Path Group: asynchronous
Path Type: max

Fanout         Cap        Slew       Delay        Time   Description
---------------------------------------------------------------------------------------------
                                  0.000000    0.000000   clock CLK (rise edge)
                                  0.000000    0.000000   clock source latency
     1    0.022474    0.079693    0.058125    0.058125 ^ CLK (in)
                                                         CLK (net)
                      0.079747    0.000000    0.058125 ^ clkbuf_0_CLK/A (sky130_fd_sc_hd__clkbuf_16)
    16    0.098607    0.089152    0.141628    0.199752 ^ clkbuf_0_CLK/X (sky130_fd_sc_hd__clkbuf_16)
                                                         clknet_0_CLK (net)
                      0.091856    0.012742    0.212494 ^ clkbuf_4_13_0_CLK/A (sky130_fd_sc_hd__clkbuf_8)
     6    0.018460    0.036503    0.107893    0.320387 ^ clkbuf_4_13_0_CLK/X (sky130_fd_sc_hd__clkbuf_8)
                                                         clknet_4_13_0_CLK (net)
                      0.036538    0.001064    0.321452 ^ _805_/CLK (sky130_fd_sc_hd__dfrtp_2)
     1    0.002776    0.025641    0.217763    0.539215 ^ _805_/Q (sky130_fd_sc_hd__dfrtp_2)
                                                         control.reset_n (net)
                      0.025641    0.000187    0.539402 ^ hold58/A (sky130_fd_sc_hd__dlygate4sd3_1)
     3    0.017758    0.141864    0.471381    1.010783 ^ hold58/X (sky130_fd_sc_hd__dlygate4sd3_1)
                                                         net57 (net)
                      0.141864    0.000532    1.011315 ^ fanout48/A (sky130_fd_sc_hd__clkdlybuf4s25_1)
     2    0.015277    0.120828    0.255343    1.266658 ^ fanout48/X (sky130_fd_sc_hd__clkdlybuf4s25_1)
                                                         net48 (net)
                      0.120842    0.001421    1.268079 ^ wire49/A (sky130_fd_sc_hd__buf_4)
     9    0.043143    0.094513    0.142929    1.411008 ^ wire49/X (sky130_fd_sc_hd__buf_4)
                                                         net49 (net)
                      0.094630    0.002901    1.413910 ^ _734_/RESET_B (sky130_fd_sc_hd__dfrtp_2)
                                              1.413910   data arrival time

                                 20.000000   20.000000   clock CLK (rise edge)
                                  0.000000   20.000000   clock source latency
     1    0.022474    0.079693    0.052589   20.052589 ^ CLK (in)
                                                         CLK (net)
                      0.079747    0.000000   20.052589 ^ clkbuf_0_CLK/A (sky130_fd_sc_hd__clkbuf_16)
    16    0.098607    0.089152    0.128139   20.180729 ^ clkbuf_0_CLK/X (sky130_fd_sc_hd__clkbuf_16)
                                                         clknet_0_CLK (net)
                      0.090792    0.009075   20.189804 ^ clkbuf_4_11_0_CLK/A (sky130_fd_sc_hd__clkbuf_8)
     6    0.017331    0.035312    0.096041   20.285845 ^ clkbuf_4_11_0_CLK/X (sky130_fd_sc_hd__clkbuf_8)
                                                         clknet_4_11_0_CLK (net)
                      0.035385    0.001316   20.287161 ^ _734_/CLK (sky130_fd_sc_hd__dfrtp_2)
                                 -0.250000   20.037163   clock uncertainty
                                  0.019024   20.056187   clock reconvergence pessimism
                                  0.118055   20.174242   library recovery time
                                             20.174242   data required time
---------------------------------------------------------------------------------------------
                                             20.174242   data required time
                                             -1.413910   data arrival time
---------------------------------------------------------------------------------------------
                                             18.760332   slack (MET)


Startpoint: _805_ (rising edge-triggered flip-flop clocked by CLK)
Endpoint: _727_ (recovery check against rising-edge clock CLK)
Path Group: asynchronous
Path Type: max

Fanout         Cap        Slew       Delay        Time   Description
---------------------------------------------------------------------------------------------
                                  0.000000    0.000000   clock CLK (rise edge)
                                  0.000000    0.000000   clock source latency
     1    0.022474    0.079693    0.058125    0.058125 ^ CLK (in)
                                                         CLK (net)
                      0.079747    0.000000    0.058125 ^ clkbuf_0_CLK/A (sky130_fd_sc_hd__clkbuf_16)
    16    0.098607    0.089152    0.141628    0.199752 ^ clkbuf_0_CLK/X (sky130_fd_sc_hd__clkbuf_16)
                                                         clknet_0_CLK (net)
                      0.091856    0.012742    0.212494 ^ clkbuf_4_13_0_CLK/A (sky130_fd_sc_hd__clkbuf_8)
     6    0.018460    0.036503    0.107893    0.320387 ^ clkbuf_4_13_0_CLK/X (sky130_fd_sc_hd__clkbuf_8)
                                                         clknet_4_13_0_CLK (net)
                      0.036538    0.001064    0.321452 ^ _805_/CLK (sky130_fd_sc_hd__dfrtp_2)
     1    0.002776    0.025641    0.217763    0.539215 ^ _805_/Q (sky130_fd_sc_hd__dfrtp_2)
                                                         control.reset_n (net)
                      0.025641    0.000187    0.539402 ^ hold58/A (sky130_fd_sc_hd__dlygate4sd3_1)
     3    0.017758    0.141864    0.471381    1.010783 ^ hold58/X (sky130_fd_sc_hd__dlygate4sd3_1)
                                                         net57 (net)
                      0.141864    0.000532    1.011315 ^ fanout48/A (sky130_fd_sc_hd__clkdlybuf4s25_1)
     2    0.015277    0.120828    0.255343    1.266658 ^ fanout48/X (sky130_fd_sc_hd__clkdlybuf4s25_1)
                                                         net48 (net)
                      0.120842    0.001421    1.268079 ^ wire49/A (sky130_fd_sc_hd__buf_4)
     9    0.043143    0.094513    0.142929    1.411008 ^ wire49/X (sky130_fd_sc_hd__buf_4)
                                                         net49 (net)
                      0.095351    0.007494    1.418503 ^ _727_/RESET_B (sky130_fd_sc_hd__dfrtp_2)
                                              1.418503   data arrival time

                                 20.000000   20.000000   clock CLK (rise edge)
                                  0.000000   20.000000   clock source latency
     1    0.022474    0.079693    0.052589   20.052589 ^ CLK (in)
                                                         CLK (net)
                      0.079747    0.000000   20.052589 ^ clkbuf_0_CLK/A (sky130_fd_sc_hd__clkbuf_16)
    16    0.098607    0.089152    0.128139   20.180729 ^ clkbuf_0_CLK/X (sky130_fd_sc_hd__clkbuf_16)
                                                         clknet_0_CLK (net)
                      0.090845    0.009210   20.189939 ^ clkbuf_4_10_0_CLK/A (sky130_fd_sc_hd__clkbuf_8)
     6    0.022498    0.041346    0.101053   20.290993 ^ clkbuf_4_10_0_CLK/X (sky130_fd_sc_hd__clkbuf_8)
                                                         clknet_4_10_0_CLK (net)
                      0.041509    0.001769   20.292763 ^ _727_/CLK (sky130_fd_sc_hd__dfrtp_2)
                                 -0.250000   20.042763   clock uncertainty
                                  0.019024   20.061787   clock reconvergence pessimism
                                  0.118819   20.180607   library recovery time
                                             20.180607   data required time
---------------------------------------------------------------------------------------------
                                             20.180607   data required time
                                             -1.418503   data arrival time
---------------------------------------------------------------------------------------------
                                             18.762104   slack (MET)


Startpoint: _805_ (rising edge-triggered flip-flop clocked by CLK)
Endpoint: _726_ (recovery check against rising-edge clock CLK)
Path Group: asynchronous
Path Type: max

Fanout         Cap        Slew       Delay        Time   Description
---------------------------------------------------------------------------------------------
                                  0.000000    0.000000   clock CLK (rise edge)
                                  0.000000    0.000000   clock source latency
     1    0.022474    0.079693    0.058125    0.058125 ^ CLK (in)
                                                         CLK (net)
                      0.079747    0.000000    0.058125 ^ clkbuf_0_CLK/A (sky130_fd_sc_hd__clkbuf_16)
    16    0.098607    0.089152    0.141628    0.199752 ^ clkbuf_0_CLK/X (sky130_fd_sc_hd__clkbuf_16)
                                                         clknet_0_CLK (net)
                      0.091856    0.012742    0.212494 ^ clkbuf_4_13_0_CLK/A (sky130_fd_sc_hd__clkbuf_8)
     6    0.018460    0.036503    0.107893    0.320387 ^ clkbuf_4_13_0_CLK/X (sky130_fd_sc_hd__clkbuf_8)
                                                         clknet_4_13_0_CLK (net)
                      0.036538    0.001064    0.321452 ^ _805_/CLK (sky130_fd_sc_hd__dfrtp_2)
     1    0.002776    0.025641    0.217763    0.539215 ^ _805_/Q (sky130_fd_sc_hd__dfrtp_2)
                                                         control.reset_n (net)
                      0.025641    0.000187    0.539402 ^ hold58/A (sky130_fd_sc_hd__dlygate4sd3_1)
     3    0.017758    0.141864    0.471381    1.010783 ^ hold58/X (sky130_fd_sc_hd__dlygate4sd3_1)
                                                         net57 (net)
                      0.141864    0.000532    1.011315 ^ fanout48/A (sky130_fd_sc_hd__clkdlybuf4s25_1)
     2    0.015277    0.120828    0.255343    1.266658 ^ fanout48/X (sky130_fd_sc_hd__clkdlybuf4s25_1)
                                                         net48 (net)
                      0.120842    0.001421    1.268079 ^ wire49/A (sky130_fd_sc_hd__buf_4)
     9    0.043143    0.094513    0.142929    1.411008 ^ wire49/X (sky130_fd_sc_hd__buf_4)
                                                         net49 (net)
                      0.095353    0.007504    1.418512 ^ _726_/RESET_B (sky130_fd_sc_hd__dfrtp_2)
                                              1.418512   data arrival time

                                 20.000000   20.000000   clock CLK (rise edge)
                                  0.000000   20.000000   clock source latency
     1    0.022474    0.079693    0.052589   20.052589 ^ CLK (in)
                                                         CLK (net)
                      0.079747    0.000000   20.052589 ^ clkbuf_0_CLK/A (sky130_fd_sc_hd__clkbuf_16)
    16    0.098607    0.089152    0.128139   20.180729 ^ clkbuf_0_CLK/X (sky130_fd_sc_hd__clkbuf_16)
                                                         clknet_0_CLK (net)
                      0.090845    0.009210   20.189939 ^ clkbuf_4_10_0_CLK/A (sky130_fd_sc_hd__clkbuf_8)
     6    0.022498    0.041346    0.101053   20.290993 ^ clkbuf_4_10_0_CLK/X (sky130_fd_sc_hd__clkbuf_8)
                                                         clknet_4_10_0_CLK (net)
                      0.041518    0.001824   20.292816 ^ _726_/CLK (sky130_fd_sc_hd__dfrtp_2)
                                 -0.250000   20.042818   clock uncertainty
                                  0.019024   20.061842   clock reconvergence pessimism
                                  0.118820   20.180662   library recovery time
                                             20.180662   data required time
---------------------------------------------------------------------------------------------
                                             20.180662   data required time
                                             -1.418512   data arrival time
---------------------------------------------------------------------------------------------
                                             18.762152   slack (MET)


Startpoint: _805_ (rising edge-triggered flip-flop clocked by CLK)
Endpoint: _728_ (recovery check against rising-edge clock CLK)
Path Group: asynchronous
Path Type: max

Fanout         Cap        Slew       Delay        Time   Description
---------------------------------------------------------------------------------------------
                                  0.000000    0.000000   clock CLK (rise edge)
                                  0.000000    0.000000   clock source latency
     1    0.022474    0.079693    0.058125    0.058125 ^ CLK (in)
                                                         CLK (net)
                      0.079747    0.000000    0.058125 ^ clkbuf_0_CLK/A (sky130_fd_sc_hd__clkbuf_16)
    16    0.098607    0.089152    0.141628    0.199752 ^ clkbuf_0_CLK/X (sky130_fd_sc_hd__clkbuf_16)
                                                         clknet_0_CLK (net)
                      0.091856    0.012742    0.212494 ^ clkbuf_4_13_0_CLK/A (sky130_fd_sc_hd__clkbuf_8)
     6    0.018460    0.036503    0.107893    0.320387 ^ clkbuf_4_13_0_CLK/X (sky130_fd_sc_hd__clkbuf_8)
                                                         clknet_4_13_0_CLK (net)
                      0.036538    0.001064    0.321452 ^ _805_/CLK (sky130_fd_sc_hd__dfrtp_2)
     1    0.002776    0.025641    0.217763    0.539215 ^ _805_/Q (sky130_fd_sc_hd__dfrtp_2)
                                                         control.reset_n (net)
                      0.025641    0.000187    0.539402 ^ hold58/A (sky130_fd_sc_hd__dlygate4sd3_1)
     3    0.017758    0.141864    0.471381    1.010783 ^ hold58/X (sky130_fd_sc_hd__dlygate4sd3_1)
                                                         net57 (net)
                      0.141864    0.000532    1.011315 ^ fanout48/A (sky130_fd_sc_hd__clkdlybuf4s25_1)
     2    0.015277    0.120828    0.255343    1.266658 ^ fanout48/X (sky130_fd_sc_hd__clkdlybuf4s25_1)
                                                         net48 (net)
                      0.120842    0.001421    1.268079 ^ wire49/A (sky130_fd_sc_hd__buf_4)
     9    0.043143    0.094513    0.142929    1.411008 ^ wire49/X (sky130_fd_sc_hd__buf_4)
                                                         net49 (net)
                      0.095276    0.007165    1.418173 ^ _728_/RESET_B (sky130_fd_sc_hd__dfrtp_2)
                                              1.418173   data arrival time

                                 20.000000   20.000000   clock CLK (rise edge)
                                  0.000000   20.000000   clock source latency
     1    0.022474    0.079693    0.052589   20.052589 ^ CLK (in)
                                                         CLK (net)
                      0.079747    0.000000   20.052589 ^ clkbuf_0_CLK/A (sky130_fd_sc_hd__clkbuf_16)
    16    0.098607    0.089152    0.128139   20.180729 ^ clkbuf_0_CLK/X (sky130_fd_sc_hd__clkbuf_16)
                                                         clknet_0_CLK (net)
                      0.090845    0.009210   20.189939 ^ clkbuf_4_10_0_CLK/A (sky130_fd_sc_hd__clkbuf_8)
     6    0.022498    0.041346    0.101053   20.290993 ^ clkbuf_4_10_0_CLK/X (sky130_fd_sc_hd__clkbuf_8)
                                                         clknet_4_10_0_CLK (net)
                      0.041519    0.001835   20.292828 ^ _728_/CLK (sky130_fd_sc_hd__dfrtp_2)
                                 -0.250000   20.042828   clock uncertainty
                                  0.019024   20.061853   clock reconvergence pessimism
                                  0.118840   20.180693   library recovery time
                                             20.180693   data required time
---------------------------------------------------------------------------------------------
                                             20.180693   data required time
                                             -1.418173   data arrival time
---------------------------------------------------------------------------------------------
                                             18.762522   slack (MET)


Startpoint: _805_ (rising edge-triggered flip-flop clocked by CLK)
Endpoint: _731_ (recovery check against rising-edge clock CLK)
Path Group: asynchronous
Path Type: max

Fanout         Cap        Slew       Delay        Time   Description
---------------------------------------------------------------------------------------------
                                  0.000000    0.000000   clock CLK (rise edge)
                                  0.000000    0.000000   clock source latency
     1    0.022474    0.079693    0.058125    0.058125 ^ CLK (in)
                                                         CLK (net)
                      0.079747    0.000000    0.058125 ^ clkbuf_0_CLK/A (sky130_fd_sc_hd__clkbuf_16)
    16    0.098607    0.089152    0.141628    0.199752 ^ clkbuf_0_CLK/X (sky130_fd_sc_hd__clkbuf_16)
                                                         clknet_0_CLK (net)
                      0.091856    0.012742    0.212494 ^ clkbuf_4_13_0_CLK/A (sky130_fd_sc_hd__clkbuf_8)
     6    0.018460    0.036503    0.107893    0.320387 ^ clkbuf_4_13_0_CLK/X (sky130_fd_sc_hd__clkbuf_8)
                                                         clknet_4_13_0_CLK (net)
                      0.036538    0.001064    0.321452 ^ _805_/CLK (sky130_fd_sc_hd__dfrtp_2)
     1    0.002776    0.025641    0.217763    0.539215 ^ _805_/Q (sky130_fd_sc_hd__dfrtp_2)
                                                         control.reset_n (net)
                      0.025641    0.000187    0.539402 ^ hold58/A (sky130_fd_sc_hd__dlygate4sd3_1)
     3    0.017758    0.141864    0.471381    1.010783 ^ hold58/X (sky130_fd_sc_hd__dlygate4sd3_1)
                                                         net57 (net)
                      0.141864    0.000532    1.011315 ^ fanout48/A (sky130_fd_sc_hd__clkdlybuf4s25_1)
     2    0.015277    0.120828    0.255343    1.266658 ^ fanout48/X (sky130_fd_sc_hd__clkdlybuf4s25_1)
                                                         net48 (net)
                      0.120842    0.001421    1.268079 ^ wire49/A (sky130_fd_sc_hd__buf_4)
     9    0.043143    0.094513    0.142929    1.411008 ^ wire49/X (sky130_fd_sc_hd__buf_4)
                                                         net49 (net)
                      0.094968    0.005585    1.416593 ^ _731_/RESET_B (sky130_fd_sc_hd__dfrtp_2)
                                              1.416593   data arrival time

                                 20.000000   20.000000   clock CLK (rise edge)
                                  0.000000   20.000000   clock source latency
     1    0.022474    0.079693    0.052589   20.052589 ^ CLK (in)
                                                         CLK (net)
                      0.079747    0.000000   20.052589 ^ clkbuf_0_CLK/A (sky130_fd_sc_hd__clkbuf_16)
    16    0.098607    0.089152    0.128139   20.180729 ^ clkbuf_0_CLK/X (sky130_fd_sc_hd__clkbuf_16)
                                                         clknet_0_CLK (net)
                      0.090845    0.009210   20.189939 ^ clkbuf_4_10_0_CLK/A (sky130_fd_sc_hd__clkbuf_8)
     6    0.022498    0.041346    0.101053   20.290993 ^ clkbuf_4_10_0_CLK/X (sky130_fd_sc_hd__clkbuf_8)
                                                         clknet_4_10_0_CLK (net)
                      0.041491    0.001645   20.292637 ^ _731_/CLK (sky130_fd_sc_hd__dfrtp_2)
                                 -0.250000   20.042639   clock uncertainty
                                  0.019024   20.061663   clock reconvergence pessimism
                                  0.118914   20.180578   library recovery time
                                             20.180578   data required time
---------------------------------------------------------------------------------------------
                                             20.180578   data required time
                                             -1.416593   data arrival time
---------------------------------------------------------------------------------------------
                                             18.763985   slack (MET)


Startpoint: _805_ (rising edge-triggered flip-flop clocked by CLK)
Endpoint: _733_ (recovery check against rising-edge clock CLK)
Path Group: asynchronous
Path Type: max

Fanout         Cap        Slew       Delay        Time   Description
---------------------------------------------------------------------------------------------
                                  0.000000    0.000000   clock CLK (rise edge)
                                  0.000000    0.000000   clock source latency
     1    0.022474    0.079693    0.058125    0.058125 ^ CLK (in)
                                                         CLK (net)
                      0.079747    0.000000    0.058125 ^ clkbuf_0_CLK/A (sky130_fd_sc_hd__clkbuf_16)
    16    0.098607    0.089152    0.141628    0.199752 ^ clkbuf_0_CLK/X (sky130_fd_sc_hd__clkbuf_16)
                                                         clknet_0_CLK (net)
                      0.091856    0.012742    0.212494 ^ clkbuf_4_13_0_CLK/A (sky130_fd_sc_hd__clkbuf_8)
     6    0.018460    0.036503    0.107893    0.320387 ^ clkbuf_4_13_0_CLK/X (sky130_fd_sc_hd__clkbuf_8)
                                                         clknet_4_13_0_CLK (net)
                      0.036538    0.001064    0.321452 ^ _805_/CLK (sky130_fd_sc_hd__dfrtp_2)
     1    0.002776    0.025641    0.217763    0.539215 ^ _805_/Q (sky130_fd_sc_hd__dfrtp_2)
                                                         control.reset_n (net)
                      0.025641    0.000187    0.539402 ^ hold58/A (sky130_fd_sc_hd__dlygate4sd3_1)
     3    0.017758    0.141864    0.471381    1.010783 ^ hold58/X (sky130_fd_sc_hd__dlygate4sd3_1)
                                                         net57 (net)
                      0.141864    0.000532    1.011315 ^ fanout48/A (sky130_fd_sc_hd__clkdlybuf4s25_1)
     2    0.015277    0.120828    0.255343    1.266658 ^ fanout48/X (sky130_fd_sc_hd__clkdlybuf4s25_1)
                                                         net48 (net)
                      0.120842    0.001421    1.268079 ^ wire49/A (sky130_fd_sc_hd__buf_4)
     9    0.043143    0.094513    0.142929    1.411008 ^ wire49/X (sky130_fd_sc_hd__buf_4)
                                                         net49 (net)
                      0.094776    0.004294    1.415303 ^ _733_/RESET_B (sky130_fd_sc_hd__dfrtp_2)
                                              1.415303   data arrival time

                                 20.000000   20.000000   clock CLK (rise edge)
                                  0.000000   20.000000   clock source latency
     1    0.022474    0.079693    0.052589   20.052589 ^ CLK (in)
                                                         CLK (net)
                      0.079747    0.000000   20.052589 ^ clkbuf_0_CLK/A (sky130_fd_sc_hd__clkbuf_16)
    16    0.098607    0.089152    0.128139   20.180729 ^ clkbuf_0_CLK/X (sky130_fd_sc_hd__clkbuf_16)
                                                         clknet_0_CLK (net)
                      0.090845    0.009210   20.189939 ^ clkbuf_4_10_0_CLK/A (sky130_fd_sc_hd__clkbuf_8)
     6    0.022498    0.041346    0.101053   20.290993 ^ clkbuf_4_10_0_CLK/X (sky130_fd_sc_hd__clkbuf_8)
                                                         clknet_4_10_0_CLK (net)
                      0.041394    0.001208   20.292200 ^ _733_/CLK (sky130_fd_sc_hd__dfrtp_2)
                                 -0.250000   20.042202   clock uncertainty
                                  0.019024   20.061226   clock reconvergence pessimism
                                  0.118949   20.180174   library recovery time
                                             20.180174   data required time
---------------------------------------------------------------------------------------------
                                             20.180174   data required time
                                             -1.415303   data arrival time
---------------------------------------------------------------------------------------------
                                             18.764874   slack (MET)


Startpoint: _805_ (rising edge-triggered flip-flop clocked by CLK)
Endpoint: _746_ (recovery check against rising-edge clock CLK)
Path Group: asynchronous
Path Type: max

Fanout         Cap        Slew       Delay        Time   Description
---------------------------------------------------------------------------------------------
                                  0.000000    0.000000   clock CLK (rise edge)
                                  0.000000    0.000000   clock source latency
     1    0.022474    0.079693    0.058125    0.058125 ^ CLK (in)
                                                         CLK (net)
                      0.079747    0.000000    0.058125 ^ clkbuf_0_CLK/A (sky130_fd_sc_hd__clkbuf_16)
    16    0.098607    0.089152    0.141628    0.199752 ^ clkbuf_0_CLK/X (sky130_fd_sc_hd__clkbuf_16)
                                                         clknet_0_CLK (net)
                      0.091856    0.012742    0.212494 ^ clkbuf_4_13_0_CLK/A (sky130_fd_sc_hd__clkbuf_8)
     6    0.018460    0.036503    0.107893    0.320387 ^ clkbuf_4_13_0_CLK/X (sky130_fd_sc_hd__clkbuf_8)
                                                         clknet_4_13_0_CLK (net)
                      0.036538    0.001064    0.321452 ^ _805_/CLK (sky130_fd_sc_hd__dfrtp_2)
     1    0.002776    0.025641    0.217763    0.539215 ^ _805_/Q (sky130_fd_sc_hd__dfrtp_2)
                                                         control.reset_n (net)
                      0.025641    0.000187    0.539402 ^ hold58/A (sky130_fd_sc_hd__dlygate4sd3_1)
     3    0.017758    0.141864    0.471381    1.010783 ^ hold58/X (sky130_fd_sc_hd__dlygate4sd3_1)
                                                         net57 (net)
                      0.141874    0.001353    1.012136 ^ fanout36/A (sky130_fd_sc_hd__clkdlybuf4s25_1)
     2    0.005773    0.052400    0.204611    1.216747 ^ fanout36/X (sky130_fd_sc_hd__clkdlybuf4s25_1)
                                                         net36 (net)
                      0.052401    0.000351    1.217098 ^ fanout34/A (sky130_fd_sc_hd__clkdlybuf4s25_1)
     2    0.007629    0.065564    0.198138    1.415236 ^ fanout34/X (sky130_fd_sc_hd__clkdlybuf4s25_1)
                                                         net34 (net)
                      0.065564    0.000386    1.415622 ^ _746_/RESET_B (sky130_fd_sc_hd__dfrtp_2)
                                              1.415622   data arrival time

                                 20.000000   20.000000   clock CLK (rise edge)
                                  0.000000   20.000000   clock source latency
     1    0.022474    0.079693    0.052589   20.052589 ^ CLK (in)
                                                         CLK (net)
                      0.079747    0.000000   20.052589 ^ clkbuf_0_CLK/A (sky130_fd_sc_hd__clkbuf_16)
    16    0.098607    0.089152    0.128139   20.180729 ^ clkbuf_0_CLK/X (sky130_fd_sc_hd__clkbuf_16)
                                                         clknet_0_CLK (net)
                      0.093986    0.015373   20.196102 ^ clkbuf_4_4_0_CLK/A (sky130_fd_sc_hd__clkbuf_8)
     6    0.023705    0.042367    0.103419   20.299520 ^ clkbuf_4_4_0_CLK/X (sky130_fd_sc_hd__clkbuf_8)
                                                         clknet_4_4_0_CLK (net)
                      0.042405    0.001060   20.300581 ^ _746_/CLK (sky130_fd_sc_hd__dfrtp_2)
                                 -0.250000   20.050583   clock uncertainty
                                  0.019024   20.069607   clock reconvergence pessimism
                                  0.126589   20.196196   library recovery time
                                             20.196196   data required time
---------------------------------------------------------------------------------------------
                                             20.196196   data required time
                                             -1.415622   data arrival time
---------------------------------------------------------------------------------------------
                                             18.780575   slack (MET)


Startpoint: _761_ (rising edge-triggered flip-flop clocked by CLK)
Endpoint: _766_ (rising edge-triggered flip-flop clocked by CLK)
Path Group: CLK
Path Type: max

Fanout         Cap        Slew       Delay        Time   Description
---------------------------------------------------------------------------------------------
                                  0.000000    0.000000   clock CLK (rise edge)
                                  0.000000    0.000000   clock source latency
     1    0.022474    0.079693    0.058125    0.058125 ^ CLK (in)
                                                         CLK (net)
                      0.079747    0.000000    0.058125 ^ clkbuf_0_CLK/A (sky130_fd_sc_hd__clkbuf_16)
    16    0.098607    0.089152    0.141628    0.199752 ^ clkbuf_0_CLK/X (sky130_fd_sc_hd__clkbuf_16)
                                                         clknet_0_CLK (net)
                      0.090837    0.010159    0.209912 ^ clkbuf_4_14_0_CLK/A (sky130_fd_sc_hd__clkbuf_8)
     6    0.018503    0.036525    0.107800    0.317712 ^ clkbuf_4_14_0_CLK/X (sky130_fd_sc_hd__clkbuf_8)
                                                         clknet_4_14_0_CLK (net)
                      0.036535    0.000603    0.318315 ^ _761_/CLK (sky130_fd_sc_hd__dfrtp_2)
     5    0.019443    0.056138    0.289216    0.607531 v _761_/Q (sky130_fd_sc_hd__dfrtp_2)
                                                         gates.phase_a.dead_count[0] (net)
                      0.056160    0.001100    0.608631 v _666_/A (sky130_fd_sc_hd__or3_2)
     5    0.019275    0.084606    0.338294    0.946925 v _666_/X (sky130_fd_sc_hd__or3_2)
                                                         _339_ (net)
                      0.084616    0.000935    0.947861 v _678_/C (sky130_fd_sc_hd__nor3_2)
     2    0.005519    0.109001    0.108139    1.056000 ^ _678_/Y (sky130_fd_sc_hd__nor3_2)
                                                         _345_ (net)
                      0.109001    0.000087    1.056087 ^ _681_/A_N (sky130_fd_sc_hd__and2b_2)
     1    0.002962    0.026259    0.142676    1.198764 v _681_/X (sky130_fd_sc_hd__and2b_2)
                                                         _028_ (net)
                      0.026259    0.000203    1.198967 v _766_/D (sky130_fd_sc_hd__dfrtp_2)
                                              1.198967   data arrival time

                                 20.000000   20.000000   clock CLK (rise edge)
                                  0.000000   20.000000   clock source latency
     1    0.022474    0.079693    0.052589   20.052589 ^ CLK (in)
                                                         CLK (net)
                      0.079747    0.000000   20.052589 ^ clkbuf_0_CLK/A (sky130_fd_sc_hd__clkbuf_16)
    16    0.098607    0.089152    0.128139   20.180729 ^ clkbuf_0_CLK/X (sky130_fd_sc_hd__clkbuf_16)
                                                         clknet_0_CLK (net)
                      0.090564    0.008457   20.189186 ^ clkbuf_4_9_0_CLK/A (sky130_fd_sc_hd__clkbuf_8)
     6    0.017807    0.035742    0.096689   20.285875 ^ clkbuf_4_9_0_CLK/X (sky130_fd_sc_hd__clkbuf_8)
                                                         clknet_4_9_0_CLK (net)
                      0.035779    0.000945   20.286819 ^ _766_/CLK (sky130_fd_sc_hd__dfrtp_2)
                                 -0.250000   20.036821   clock uncertainty
                                  0.019024   20.055845   clock reconvergence pessimism
                                 -0.071252   19.984594   library setup time
                                             19.984594   data required time
---------------------------------------------------------------------------------------------
                                             19.984594   data required time
                                             -1.198967   data arrival time
---------------------------------------------------------------------------------------------
                                             18.785627   slack (MET)


Startpoint: _773_ (rising edge-triggered flip-flop clocked by CLK)
Endpoint: _778_ (rising edge-triggered flip-flop clocked by CLK)
Path Group: CLK
Path Type: max

Fanout         Cap        Slew       Delay        Time   Description
---------------------------------------------------------------------------------------------
                                  0.000000    0.000000   clock CLK (rise edge)
                                  0.000000    0.000000   clock source latency
     1    0.022474    0.079693    0.058125    0.058125 ^ CLK (in)
                                                         CLK (net)
                      0.079747    0.000000    0.058125 ^ clkbuf_0_CLK/A (sky130_fd_sc_hd__clkbuf_16)
    16    0.098607    0.089152    0.141628    0.199752 ^ clkbuf_0_CLK/X (sky130_fd_sc_hd__clkbuf_16)
                                                         clknet_0_CLK (net)
                      0.090936    0.010437    0.210190 ^ clkbuf_4_12_0_CLK/A (sky130_fd_sc_hd__clkbuf_8)
     6    0.019498    0.037679    0.108735    0.318925 ^ clkbuf_4_12_0_CLK/X (sky130_fd_sc_hd__clkbuf_8)
                                                         clknet_4_12_0_CLK (net)
                      0.037711    0.001029    0.319954 ^ _773_/CLK (sky130_fd_sc_hd__dfrtp_2)
     5    0.017927    0.053883    0.286853    0.606807 v _773_/Q (sky130_fd_sc_hd__dfrtp_2)
                                                         gates.phase_c.dead_count[0] (net)
                      0.053958    0.001455    0.608262 v _644_/A (sky130_fd_sc_hd__or3_2)
     5    0.018967    0.084118    0.336894    0.945155 v _644_/X (sky130_fd_sc_hd__or3_2)
                                                         _322_ (net)
                      0.084134    0.001095    0.946250 v _701_/C (sky130_fd_sc_hd__nor3_2)
     2    0.005408    0.107848    0.107015    1.053265 ^ _701_/Y (sky130_fd_sc_hd__nor3_2)
                                                         _357_ (net)
                      0.107848    0.000324    1.053589 ^ _704_/A_N (sky130_fd_sc_hd__and2b_2)
     1    0.002469    0.025253    0.140880    1.194469 v _704_/X (sky130_fd_sc_hd__and2b_2)
                                                         _040_ (net)
                      0.025253    0.000182    1.194650 v _778_/D (sky130_fd_sc_hd__dfrtp_2)
                                              1.194650   data arrival time

                                 20.000000   20.000000   clock CLK (rise edge)
                                  0.000000   20.000000   clock source latency
     1    0.022474    0.079693    0.052589   20.052589 ^ CLK (in)
                                                         CLK (net)
                      0.079747    0.000000   20.052589 ^ clkbuf_0_CLK/A (sky130_fd_sc_hd__clkbuf_16)
    16    0.098607    0.089152    0.128139   20.180729 ^ clkbuf_0_CLK/X (sky130_fd_sc_hd__clkbuf_16)
                                                         clknet_0_CLK (net)
                      0.089891    0.006272   20.187000 ^ clkbuf_4_8_0_CLK/A (sky130_fd_sc_hd__clkbuf_8)
     6    0.022610    0.041224    0.101352   20.288353 ^ clkbuf_4_8_0_CLK/X (sky130_fd_sc_hd__clkbuf_8)
                                                         clknet_4_8_0_CLK (net)
                      0.041274    0.001210   20.289562 ^ _778_/CLK (sky130_fd_sc_hd__dfrtp_2)
                                 -0.250000   20.039564   clock uncertainty
                                  0.019024   20.058588   clock reconvergence pessimism
                                 -0.070364   19.988224   library setup time
                                             19.988224   data required time
---------------------------------------------------------------------------------------------
                                             19.988224   data required time
                                             -1.194650   data arrival time
---------------------------------------------------------------------------------------------
                                             18.793573   slack (MET)


Startpoint: _805_ (rising edge-triggered flip-flop clocked by CLK)
Endpoint: _797_ (recovery check against rising-edge clock CLK)
Path Group: asynchronous
Path Type: max

Fanout         Cap        Slew       Delay        Time   Description
---------------------------------------------------------------------------------------------
                                  0.000000    0.000000   clock CLK (rise edge)
                                  0.000000    0.000000   clock source latency
     1    0.022474    0.079693    0.058125    0.058125 ^ CLK (in)
                                                         CLK (net)
                      0.079747    0.000000    0.058125 ^ clkbuf_0_CLK/A (sky130_fd_sc_hd__clkbuf_16)
    16    0.098607    0.089152    0.141628    0.199752 ^ clkbuf_0_CLK/X (sky130_fd_sc_hd__clkbuf_16)
                                                         clknet_0_CLK (net)
                      0.091856    0.012742    0.212494 ^ clkbuf_4_13_0_CLK/A (sky130_fd_sc_hd__clkbuf_8)
     6    0.018460    0.036503    0.107893    0.320387 ^ clkbuf_4_13_0_CLK/X (sky130_fd_sc_hd__clkbuf_8)
                                                         clknet_4_13_0_CLK (net)
                      0.036538    0.001064    0.321452 ^ _805_/CLK (sky130_fd_sc_hd__dfrtp_2)
     1    0.002776    0.025641    0.217763    0.539215 ^ _805_/Q (sky130_fd_sc_hd__dfrtp_2)
                                                         control.reset_n (net)
                      0.025641    0.000187    0.539402 ^ hold58/A (sky130_fd_sc_hd__dlygate4sd3_1)
     3    0.017758    0.141864    0.471381    1.010783 ^ hold58/X (sky130_fd_sc_hd__dlygate4sd3_1)
                                                         net57 (net)
                      0.141874    0.001353    1.012136 ^ fanout36/A (sky130_fd_sc_hd__clkdlybuf4s25_1)
     2    0.005773    0.052400    0.204611    1.216747 ^ fanout36/X (sky130_fd_sc_hd__clkdlybuf4s25_1)
                                                         net36 (net)
                      0.052401    0.000348    1.217095 ^ load_slew37/A (sky130_fd_sc_hd__clkbuf_4)
     9    0.044292    0.106044    0.151485    1.368580 ^ load_slew37/X (sky130_fd_sc_hd__clkbuf_4)
                                                         net37 (net)
                      0.106180    0.003301    1.371881 ^ _797_/RESET_B (sky130_fd_sc_hd__dfrtp_2)
                                              1.371881   data arrival time

                                 20.000000   20.000000   clock CLK (rise edge)
                                  0.000000   20.000000   clock source latency
     1    0.022474    0.079693    0.052589   20.052589 ^ CLK (in)
                                                         CLK (net)
                      0.079747    0.000000   20.052589 ^ clkbuf_0_CLK/A (sky130_fd_sc_hd__clkbuf_16)
    16    0.098607    0.089152    0.128139   20.180729 ^ clkbuf_0_CLK/X (sky130_fd_sc_hd__clkbuf_16)
                                                         clknet_0_CLK (net)
                      0.094187    0.015691   20.196419 ^ clkbuf_4_3_0_CLK/A (sky130_fd_sc_hd__clkbuf_8)
     6    0.018034    0.036054    0.097931   20.294350 ^ clkbuf_4_3_0_CLK/X (sky130_fd_sc_hd__clkbuf_8)
                                                         clknet_4_3_0_CLK (net)
                      0.036065    0.000563   20.294912 ^ _797_/CLK (sky130_fd_sc_hd__dfrtp_2)
                                 -0.250000   20.044914   clock uncertainty
                                  0.019024   20.063938   clock reconvergence pessimism
                                  0.115197   20.179136   library recovery time
                                             20.179136   data required time
---------------------------------------------------------------------------------------------
                                             20.179136   data required time
                                             -1.371881   data arrival time
---------------------------------------------------------------------------------------------
                                             18.807255   slack (MET)


Startpoint: _805_ (rising edge-triggered flip-flop clocked by CLK)
Endpoint: _798_ (recovery check against rising-edge clock CLK)
Path Group: asynchronous
Path Type: max

Fanout         Cap        Slew       Delay        Time   Description
---------------------------------------------------------------------------------------------
                                  0.000000    0.000000   clock CLK (rise edge)
                                  0.000000    0.000000   clock source latency
     1    0.022474    0.079693    0.058125    0.058125 ^ CLK (in)
                                                         CLK (net)
                      0.079747    0.000000    0.058125 ^ clkbuf_0_CLK/A (sky130_fd_sc_hd__clkbuf_16)
    16    0.098607    0.089152    0.141628    0.199752 ^ clkbuf_0_CLK/X (sky130_fd_sc_hd__clkbuf_16)
                                                         clknet_0_CLK (net)
                      0.091856    0.012742    0.212494 ^ clkbuf_4_13_0_CLK/A (sky130_fd_sc_hd__clkbuf_8)
     6    0.018460    0.036503    0.107893    0.320387 ^ clkbuf_4_13_0_CLK/X (sky130_fd_sc_hd__clkbuf_8)
                                                         clknet_4_13_0_CLK (net)
                      0.036538    0.001064    0.321452 ^ _805_/CLK (sky130_fd_sc_hd__dfrtp_2)
     1    0.002776    0.025641    0.217763    0.539215 ^ _805_/Q (sky130_fd_sc_hd__dfrtp_2)
                                                         control.reset_n (net)
                      0.025641    0.000187    0.539402 ^ hold58/A (sky130_fd_sc_hd__dlygate4sd3_1)
     3    0.017758    0.141864    0.471381    1.010783 ^ hold58/X (sky130_fd_sc_hd__dlygate4sd3_1)
                                                         net57 (net)
                      0.141874    0.001353    1.012136 ^ fanout36/A (sky130_fd_sc_hd__clkdlybuf4s25_1)
     2    0.005773    0.052400    0.204611    1.216747 ^ fanout36/X (sky130_fd_sc_hd__clkdlybuf4s25_1)
                                                         net36 (net)
                      0.052401    0.000348    1.217095 ^ load_slew37/A (sky130_fd_sc_hd__clkbuf_4)
     9    0.044292    0.106044    0.151485    1.368580 ^ load_slew37/X (sky130_fd_sc_hd__clkbuf_4)
                                                         net37 (net)
                      0.106165    0.003109    1.371689 ^ _798_/RESET_B (sky130_fd_sc_hd__dfrtp_2)
                                              1.371689   data arrival time

                                 20.000000   20.000000   clock CLK (rise edge)
                                  0.000000   20.000000   clock source latency
     1    0.022474    0.079693    0.052589   20.052589 ^ CLK (in)
                                                         CLK (net)
                      0.079747    0.000000   20.052589 ^ clkbuf_0_CLK/A (sky130_fd_sc_hd__clkbuf_16)
    16    0.098607    0.089152    0.128139   20.180729 ^ clkbuf_0_CLK/X (sky130_fd_sc_hd__clkbuf_16)
                                                         clknet_0_CLK (net)
                      0.093297    0.014229   20.194958 ^ clkbuf_4_6_0_CLK/A (sky130_fd_sc_hd__clkbuf_8)
     6    0.019999    0.038272    0.099625   20.294582 ^ clkbuf_4_6_0_CLK/X (sky130_fd_sc_hd__clkbuf_8)
                                                         clknet_4_6_0_CLK (net)
                      0.038301    0.000881   20.295464 ^ _798_/CLK (sky130_fd_sc_hd__dfrtp_2)
                                 -0.250000   20.045465   clock uncertainty
                                  0.019024   20.064489   clock reconvergence pessimism
                                  0.115549   20.180038   library recovery time
                                             20.180038   data required time
---------------------------------------------------------------------------------------------
                                             20.180038   data required time
                                             -1.371689   data arrival time
---------------------------------------------------------------------------------------------
                                             18.808350   slack (MET)


Startpoint: _805_ (rising edge-triggered flip-flop clocked by CLK)
Endpoint: _791_ (recovery check against rising-edge clock CLK)
Path Group: asynchronous
Path Type: max

Fanout         Cap        Slew       Delay        Time   Description
---------------------------------------------------------------------------------------------
                                  0.000000    0.000000   clock CLK (rise edge)
                                  0.000000    0.000000   clock source latency
     1    0.022474    0.079693    0.058125    0.058125 ^ CLK (in)
                                                         CLK (net)
                      0.079747    0.000000    0.058125 ^ clkbuf_0_CLK/A (sky130_fd_sc_hd__clkbuf_16)
    16    0.098607    0.089152    0.141628    0.199752 ^ clkbuf_0_CLK/X (sky130_fd_sc_hd__clkbuf_16)
                                                         clknet_0_CLK (net)
                      0.091856    0.012742    0.212494 ^ clkbuf_4_13_0_CLK/A (sky130_fd_sc_hd__clkbuf_8)
     6    0.018460    0.036503    0.107893    0.320387 ^ clkbuf_4_13_0_CLK/X (sky130_fd_sc_hd__clkbuf_8)
                                                         clknet_4_13_0_CLK (net)
                      0.036538    0.001064    0.321452 ^ _805_/CLK (sky130_fd_sc_hd__dfrtp_2)
     1    0.002776    0.025641    0.217763    0.539215 ^ _805_/Q (sky130_fd_sc_hd__dfrtp_2)
                                                         control.reset_n (net)
                      0.025641    0.000187    0.539402 ^ hold58/A (sky130_fd_sc_hd__dlygate4sd3_1)
     3    0.017758    0.141864    0.471381    1.010783 ^ hold58/X (sky130_fd_sc_hd__dlygate4sd3_1)
                                                         net57 (net)
                      0.141874    0.001353    1.012136 ^ fanout36/A (sky130_fd_sc_hd__clkdlybuf4s25_1)
     2    0.005773    0.052400    0.204611    1.216747 ^ fanout36/X (sky130_fd_sc_hd__clkdlybuf4s25_1)
                                                         net36 (net)
                      0.052401    0.000348    1.217095 ^ load_slew37/A (sky130_fd_sc_hd__clkbuf_4)
     9    0.044292    0.106044    0.151485    1.368580 ^ load_slew37/X (sky130_fd_sc_hd__clkbuf_4)
                                                         net37 (net)
                      0.106621    0.006619    1.375199 ^ _791_/RESET_B (sky130_fd_sc_hd__dfrtp_2)
                                              1.375199   data arrival time

                                 20.000000   20.000000   clock CLK (rise edge)
                                  0.000000   20.000000   clock source latency
     1    0.022474    0.079693    0.052589   20.052589 ^ CLK (in)
                                                         CLK (net)
                      0.079747    0.000000   20.052589 ^ clkbuf_0_CLK/A (sky130_fd_sc_hd__clkbuf_16)
    16    0.098607    0.089152    0.128139   20.180729 ^ clkbuf_0_CLK/X (sky130_fd_sc_hd__clkbuf_16)
                                                         clknet_0_CLK (net)
                      0.094256    0.015797   20.196526 ^ clkbuf_4_0_0_CLK/A (sky130_fd_sc_hd__clkbuf_8)
     6    0.022128    0.040969    0.101544   20.298069 ^ clkbuf_4_0_0_CLK/X (sky130_fd_sc_hd__clkbuf_8)
                                                         clknet_4_0_0_CLK (net)
                      0.041161    0.001943   20.300013 ^ _791_/CLK (sky130_fd_sc_hd__dfrtp_2)
                                 -0.250000   20.050014   clock uncertainty
                                  0.019024   20.069038   clock reconvergence pessimism
                                  0.115877   20.184916   library recovery time
                                             20.184916   data required time
---------------------------------------------------------------------------------------------
                                             20.184916   data required time
                                             -1.375199   data arrival time
---------------------------------------------------------------------------------------------
                                             18.809717   slack (MET)


Startpoint: _805_ (rising edge-triggered flip-flop clocked by CLK)
Endpoint: _740_ (recovery check against rising-edge clock CLK)
Path Group: asynchronous
Path Type: max

Fanout         Cap        Slew       Delay        Time   Description
---------------------------------------------------------------------------------------------
                                  0.000000    0.000000   clock CLK (rise edge)
                                  0.000000    0.000000   clock source latency
     1    0.022474    0.079693    0.058125    0.058125 ^ CLK (in)
                                                         CLK (net)
                      0.079747    0.000000    0.058125 ^ clkbuf_0_CLK/A (sky130_fd_sc_hd__clkbuf_16)
    16    0.098607    0.089152    0.141628    0.199752 ^ clkbuf_0_CLK/X (sky130_fd_sc_hd__clkbuf_16)
                                                         clknet_0_CLK (net)
                      0.091856    0.012742    0.212494 ^ clkbuf_4_13_0_CLK/A (sky130_fd_sc_hd__clkbuf_8)
     6    0.018460    0.036503    0.107893    0.320387 ^ clkbuf_4_13_0_CLK/X (sky130_fd_sc_hd__clkbuf_8)
                                                         clknet_4_13_0_CLK (net)
                      0.036538    0.001064    0.321452 ^ _805_/CLK (sky130_fd_sc_hd__dfrtp_2)
     1    0.002776    0.025641    0.217763    0.539215 ^ _805_/Q (sky130_fd_sc_hd__dfrtp_2)
                                                         control.reset_n (net)
                      0.025641    0.000187    0.539402 ^ hold58/A (sky130_fd_sc_hd__dlygate4sd3_1)
     3    0.017758    0.141864    0.471381    1.010783 ^ hold58/X (sky130_fd_sc_hd__dlygate4sd3_1)
                                                         net57 (net)
                      0.141874    0.001353    1.012136 ^ fanout36/A (sky130_fd_sc_hd__clkdlybuf4s25_1)
     2    0.005773    0.052400    0.204611    1.216747 ^ fanout36/X (sky130_fd_sc_hd__clkdlybuf4s25_1)
                                                         net36 (net)
                      0.052401    0.000348    1.217095 ^ load_slew37/A (sky130_fd_sc_hd__clkbuf_4)
     9    0.044292    0.106044    0.151485    1.368580 ^ load_slew37/X (sky130_fd_sc_hd__clkbuf_4)
                                                         net37 (net)
                      0.106529    0.006085    1.374665 ^ _740_/RESET_B (sky130_fd_sc_hd__dfrtp_2)
                                              1.374665   data arrival time

                                 20.000000   20.000000   clock CLK (rise edge)
                                  0.000000   20.000000   clock source latency
     1    0.022474    0.079693    0.052589   20.052589 ^ CLK (in)
                                                         CLK (net)
                      0.079747    0.000000   20.052589 ^ clkbuf_0_CLK/A (sky130_fd_sc_hd__clkbuf_16)
    16    0.098607    0.089152    0.128139   20.180729 ^ clkbuf_0_CLK/X (sky130_fd_sc_hd__clkbuf_16)
                                                         clknet_0_CLK (net)
                      0.094256    0.015797   20.196526 ^ clkbuf_4_0_0_CLK/A (sky130_fd_sc_hd__clkbuf_8)
     6    0.022128    0.040969    0.101544   20.298069 ^ clkbuf_4_0_0_CLK/X (sky130_fd_sc_hd__clkbuf_8)
                                                         clknet_4_0_0_CLK (net)
                      0.041132    0.001766   20.299835 ^ _740_/CLK (sky130_fd_sc_hd__dfrtp_2)
                                 -0.250000   20.049835   clock uncertainty
                                  0.019024   20.068861   clock reconvergence pessimism
                                  0.115896   20.184757   library recovery time
                                             20.184757   data required time
---------------------------------------------------------------------------------------------
                                             20.184757   data required time
                                             -1.374665   data arrival time
---------------------------------------------------------------------------------------------
                                             18.810091   slack (MET)


Startpoint: _805_ (rising edge-triggered flip-flop clocked by CLK)
Endpoint: _738_ (recovery check against rising-edge clock CLK)
Path Group: asynchronous
Path Type: max

Fanout         Cap        Slew       Delay        Time   Description
---------------------------------------------------------------------------------------------
                                  0.000000    0.000000   clock CLK (rise edge)
                                  0.000000    0.000000   clock source latency
     1    0.022474    0.079693    0.058125    0.058125 ^ CLK (in)
                                                         CLK (net)
                      0.079747    0.000000    0.058125 ^ clkbuf_0_CLK/A (sky130_fd_sc_hd__clkbuf_16)
    16    0.098607    0.089152    0.141628    0.199752 ^ clkbuf_0_CLK/X (sky130_fd_sc_hd__clkbuf_16)
                                                         clknet_0_CLK (net)
                      0.091856    0.012742    0.212494 ^ clkbuf_4_13_0_CLK/A (sky130_fd_sc_hd__clkbuf_8)
     6    0.018460    0.036503    0.107893    0.320387 ^ clkbuf_4_13_0_CLK/X (sky130_fd_sc_hd__clkbuf_8)
                                                         clknet_4_13_0_CLK (net)
                      0.036538    0.001064    0.321452 ^ _805_/CLK (sky130_fd_sc_hd__dfrtp_2)
     1    0.002776    0.025641    0.217763    0.539215 ^ _805_/Q (sky130_fd_sc_hd__dfrtp_2)
                                                         control.reset_n (net)
                      0.025641    0.000187    0.539402 ^ hold58/A (sky130_fd_sc_hd__dlygate4sd3_1)
     3    0.017758    0.141864    0.471381    1.010783 ^ hold58/X (sky130_fd_sc_hd__dlygate4sd3_1)
                                                         net57 (net)
                      0.141874    0.001353    1.012136 ^ fanout36/A (sky130_fd_sc_hd__clkdlybuf4s25_1)
     2    0.005773    0.052400    0.204611    1.216747 ^ fanout36/X (sky130_fd_sc_hd__clkdlybuf4s25_1)
                                                         net36 (net)
                      0.052401    0.000348    1.217095 ^ load_slew37/A (sky130_fd_sc_hd__clkbuf_4)
     9    0.044292    0.106044    0.151485    1.368580 ^ load_slew37/X (sky130_fd_sc_hd__clkbuf_4)
                                                         net37 (net)
                      0.106623    0.006635    1.375215 ^ _738_/RESET_B (sky130_fd_sc_hd__dfrtp_2)
                                              1.375215   data arrival time

                                 20.000000   20.000000   clock CLK (rise edge)
                                  0.000000   20.000000   clock source latency
     1    0.022474    0.079693    0.052589   20.052589 ^ CLK (in)
                                                         CLK (net)
                      0.079747    0.000000   20.052589 ^ clkbuf_0_CLK/A (sky130_fd_sc_hd__clkbuf_16)
    16    0.098607    0.089152    0.128139   20.180729 ^ clkbuf_0_CLK/X (sky130_fd_sc_hd__clkbuf_16)
                                                         clknet_0_CLK (net)
                      0.094274    0.015827   20.196556 ^ clkbuf_4_1_0_CLK/A (sky130_fd_sc_hd__clkbuf_8)
     6    0.022912    0.041838    0.102501   20.299057 ^ clkbuf_4_1_0_CLK/X (sky130_fd_sc_hd__clkbuf_8)
                                                         clknet_4_1_0_CLK (net)
                      0.041912    0.001457   20.300514 ^ _738_/CLK (sky130_fd_sc_hd__dfrtp_2)
                                 -0.250000   20.050514   clock uncertainty
                                  0.019024   20.069540   clock reconvergence pessimism
                                  0.115993   20.185532   library recovery time
                                             20.185532   data required time
---------------------------------------------------------------------------------------------
                                             20.185532   data required time
                                             -1.375215   data arrival time
---------------------------------------------------------------------------------------------
                                             18.810318   slack (MET)


Startpoint: _805_ (rising edge-triggered flip-flop clocked by CLK)
Endpoint: _790_ (recovery check against rising-edge clock CLK)
Path Group: asynchronous
Path Type: max

Fanout         Cap        Slew       Delay        Time   Description
---------------------------------------------------------------------------------------------
                                  0.000000    0.000000   clock CLK (rise edge)
                                  0.000000    0.000000   clock source latency
     1    0.022474    0.079693    0.058125    0.058125 ^ CLK (in)
                                                         CLK (net)
                      0.079747    0.000000    0.058125 ^ clkbuf_0_CLK/A (sky130_fd_sc_hd__clkbuf_16)
    16    0.098607    0.089152    0.141628    0.199752 ^ clkbuf_0_CLK/X (sky130_fd_sc_hd__clkbuf_16)
                                                         clknet_0_CLK (net)
                      0.091856    0.012742    0.212494 ^ clkbuf_4_13_0_CLK/A (sky130_fd_sc_hd__clkbuf_8)
     6    0.018460    0.036503    0.107893    0.320387 ^ clkbuf_4_13_0_CLK/X (sky130_fd_sc_hd__clkbuf_8)
                                                         clknet_4_13_0_CLK (net)
                      0.036538    0.001064    0.321452 ^ _805_/CLK (sky130_fd_sc_hd__dfrtp_2)
     1    0.002776    0.025641    0.217763    0.539215 ^ _805_/Q (sky130_fd_sc_hd__dfrtp_2)
                                                         control.reset_n (net)
                      0.025641    0.000187    0.539402 ^ hold58/A (sky130_fd_sc_hd__dlygate4sd3_1)
     3    0.017758    0.141864    0.471381    1.010783 ^ hold58/X (sky130_fd_sc_hd__dlygate4sd3_1)
                                                         net57 (net)
                      0.141874    0.001353    1.012136 ^ fanout36/A (sky130_fd_sc_hd__clkdlybuf4s25_1)
     2    0.005773    0.052400    0.204611    1.216747 ^ fanout36/X (sky130_fd_sc_hd__clkdlybuf4s25_1)
                                                         net36 (net)
                      0.052401    0.000348    1.217095 ^ load_slew37/A (sky130_fd_sc_hd__clkbuf_4)
     9    0.044292    0.106044    0.151485    1.368580 ^ load_slew37/X (sky130_fd_sc_hd__clkbuf_4)
                                                         net37 (net)
                      0.106605    0.006534    1.375113 ^ _790_/RESET_B (sky130_fd_sc_hd__dfrtp_2)
                                              1.375113   data arrival time

                                 20.000000   20.000000   clock CLK (rise edge)
                                  0.000000   20.000000   clock source latency
     1    0.022474    0.079693    0.052589   20.052589 ^ CLK (in)
                                                         CLK (net)
                      0.079747    0.000000   20.052589 ^ clkbuf_0_CLK/A (sky130_fd_sc_hd__clkbuf_16)
    16    0.098607    0.089152    0.128139   20.180729 ^ clkbuf_0_CLK/X (sky130_fd_sc_hd__clkbuf_16)
                                                         clknet_0_CLK (net)
                      0.094274    0.015827   20.196556 ^ clkbuf_4_1_0_CLK/A (sky130_fd_sc_hd__clkbuf_8)
     6    0.022912    0.041838    0.102501   20.299057 ^ clkbuf_4_1_0_CLK/X (sky130_fd_sc_hd__clkbuf_8)
                                                         clknet_4_1_0_CLK (net)
                      0.041911    0.001457   20.300514 ^ _790_/CLK (sky130_fd_sc_hd__dfrtp_2)
                                 -0.250000   20.050514   clock uncertainty
                                  0.019024   20.069540   clock reconvergence pessimism
                                  0.115998   20.185537   library recovery time
                                             20.185537   data required time
---------------------------------------------------------------------------------------------
                                             20.185537   data required time
                                             -1.375113   data arrival time
---------------------------------------------------------------------------------------------
                                             18.810425   slack (MET)


Startpoint: _805_ (rising edge-triggered flip-flop clocked by CLK)
Endpoint: _737_ (recovery check against rising-edge clock CLK)
Path Group: asynchronous
Path Type: max

Fanout         Cap        Slew       Delay        Time   Description
---------------------------------------------------------------------------------------------
                                  0.000000    0.000000   clock CLK (rise edge)
                                  0.000000    0.000000   clock source latency
     1    0.022474    0.079693    0.058125    0.058125 ^ CLK (in)
                                                         CLK (net)
                      0.079747    0.000000    0.058125 ^ clkbuf_0_CLK/A (sky130_fd_sc_hd__clkbuf_16)
    16    0.098607    0.089152    0.141628    0.199752 ^ clkbuf_0_CLK/X (sky130_fd_sc_hd__clkbuf_16)
                                                         clknet_0_CLK (net)
                      0.091856    0.012742    0.212494 ^ clkbuf_4_13_0_CLK/A (sky130_fd_sc_hd__clkbuf_8)
     6    0.018460    0.036503    0.107893    0.320387 ^ clkbuf_4_13_0_CLK/X (sky130_fd_sc_hd__clkbuf_8)
                                                         clknet_4_13_0_CLK (net)
                      0.036538    0.001064    0.321452 ^ _805_/CLK (sky130_fd_sc_hd__dfrtp_2)
     1    0.002776    0.025641    0.217763    0.539215 ^ _805_/Q (sky130_fd_sc_hd__dfrtp_2)
                                                         control.reset_n (net)
                      0.025641    0.000187    0.539402 ^ hold58/A (sky130_fd_sc_hd__dlygate4sd3_1)
     3    0.017758    0.141864    0.471381    1.010783 ^ hold58/X (sky130_fd_sc_hd__dlygate4sd3_1)
                                                         net57 (net)
                      0.141874    0.001353    1.012136 ^ fanout36/A (sky130_fd_sc_hd__clkdlybuf4s25_1)
     2    0.005773    0.052400    0.204611    1.216747 ^ fanout36/X (sky130_fd_sc_hd__clkdlybuf4s25_1)
                                                         net36 (net)
                      0.052401    0.000348    1.217095 ^ load_slew37/A (sky130_fd_sc_hd__clkbuf_4)
     9    0.044292    0.106044    0.151485    1.368580 ^ load_slew37/X (sky130_fd_sc_hd__clkbuf_4)
                                                         net37 (net)
                      0.106593    0.006466    1.375046 ^ _737_/RESET_B (sky130_fd_sc_hd__dfrtp_2)
                                              1.375046   data arrival time

                                 20.000000   20.000000   clock CLK (rise edge)
                                  0.000000   20.000000   clock source latency
     1    0.022474    0.079693    0.052589   20.052589 ^ CLK (in)
                                                         CLK (net)
                      0.079747    0.000000   20.052589 ^ clkbuf_0_CLK/A (sky130_fd_sc_hd__clkbuf_16)
    16    0.098607    0.089152    0.128139   20.180729 ^ clkbuf_0_CLK/X (sky130_fd_sc_hd__clkbuf_16)
                                                         clknet_0_CLK (net)
                      0.094274    0.015827   20.196556 ^ clkbuf_4_1_0_CLK/A (sky130_fd_sc_hd__clkbuf_8)
     6    0.022912    0.041838    0.102501   20.299057 ^ clkbuf_4_1_0_CLK/X (sky130_fd_sc_hd__clkbuf_8)
                                                         clknet_4_1_0_CLK (net)
                      0.041933    0.001634   20.300692 ^ _737_/CLK (sky130_fd_sc_hd__dfrtp_2)
                                 -0.250000   20.050692   clock uncertainty
                                  0.019024   20.069717   clock reconvergence pessimism
                                  0.116004   20.185722   library recovery time
                                             20.185722   data required time
---------------------------------------------------------------------------------------------
                                             20.185722   data required time
                                             -1.375046   data arrival time
---------------------------------------------------------------------------------------------
                                             18.810677   slack (MET)


Startpoint: _805_ (rising edge-triggered flip-flop clocked by CLK)
Endpoint: _793_ (recovery check against rising-edge clock CLK)
Path Group: asynchronous
Path Type: max

Fanout         Cap        Slew       Delay        Time   Description
---------------------------------------------------------------------------------------------
                                  0.000000    0.000000   clock CLK (rise edge)
                                  0.000000    0.000000   clock source latency
     1    0.022474    0.079693    0.058125    0.058125 ^ CLK (in)
                                                         CLK (net)
                      0.079747    0.000000    0.058125 ^ clkbuf_0_CLK/A (sky130_fd_sc_hd__clkbuf_16)
    16    0.098607    0.089152    0.141628    0.199752 ^ clkbuf_0_CLK/X (sky130_fd_sc_hd__clkbuf_16)
                                                         clknet_0_CLK (net)
                      0.091856    0.012742    0.212494 ^ clkbuf_4_13_0_CLK/A (sky130_fd_sc_hd__clkbuf_8)
     6    0.018460    0.036503    0.107893    0.320387 ^ clkbuf_4_13_0_CLK/X (sky130_fd_sc_hd__clkbuf_8)
                                                         clknet_4_13_0_CLK (net)
                      0.036538    0.001064    0.321452 ^ _805_/CLK (sky130_fd_sc_hd__dfrtp_2)
     1    0.002776    0.025641    0.217763    0.539215 ^ _805_/Q (sky130_fd_sc_hd__dfrtp_2)
                                                         control.reset_n (net)
                      0.025641    0.000187    0.539402 ^ hold58/A (sky130_fd_sc_hd__dlygate4sd3_1)
     3    0.017758    0.141864    0.471381    1.010783 ^ hold58/X (sky130_fd_sc_hd__dlygate4sd3_1)
                                                         net57 (net)
                      0.141874    0.001353    1.012136 ^ fanout36/A (sky130_fd_sc_hd__clkdlybuf4s25_1)
     2    0.005773    0.052400    0.204611    1.216747 ^ fanout36/X (sky130_fd_sc_hd__clkdlybuf4s25_1)
                                                         net36 (net)
                      0.052401    0.000348    1.217095 ^ load_slew37/A (sky130_fd_sc_hd__clkbuf_4)
     9    0.044292    0.106044    0.151485    1.368580 ^ load_slew37/X (sky130_fd_sc_hd__clkbuf_4)
                                                         net37 (net)
                      0.106398    0.005234    1.373814 ^ _793_/RESET_B (sky130_fd_sc_hd__dfrtp_2)
                                              1.373814   data arrival time

                                 20.000000   20.000000   clock CLK (rise edge)
                                  0.000000   20.000000   clock source latency
     1    0.022474    0.079693    0.052589   20.052589 ^ CLK (in)
                                                         CLK (net)
                      0.079747    0.000000   20.052589 ^ clkbuf_0_CLK/A (sky130_fd_sc_hd__clkbuf_16)
    16    0.098607    0.089152    0.128139   20.180729 ^ clkbuf_0_CLK/X (sky130_fd_sc_hd__clkbuf_16)
                                                         clknet_0_CLK (net)
                      0.094256    0.015797   20.196526 ^ clkbuf_4_0_0_CLK/A (sky130_fd_sc_hd__clkbuf_8)
     6    0.022128    0.040969    0.101544   20.298069 ^ clkbuf_4_0_0_CLK/X (sky130_fd_sc_hd__clkbuf_8)
                                                         clknet_4_0_0_CLK (net)
                      0.041063    0.001615   20.299685 ^ _793_/CLK (sky130_fd_sc_hd__dfrtp_2)
                                 -0.250000   20.049685   clock uncertainty
                                  0.019024   20.068710   clock reconvergence pessimism
                                  0.115919   20.184629   library recovery time
                                             20.184629   data required time
---------------------------------------------------------------------------------------------
                                             20.184629   data required time
                                             -1.373814   data arrival time
---------------------------------------------------------------------------------------------
                                             18.810814   slack (MET)


Startpoint: _805_ (rising edge-triggered flip-flop clocked by CLK)
Endpoint: _789_ (recovery check against rising-edge clock CLK)
Path Group: asynchronous
Path Type: max

Fanout         Cap        Slew       Delay        Time   Description
---------------------------------------------------------------------------------------------
                                  0.000000    0.000000   clock CLK (rise edge)
                                  0.000000    0.000000   clock source latency
     1    0.022474    0.079693    0.058125    0.058125 ^ CLK (in)
                                                         CLK (net)
                      0.079747    0.000000    0.058125 ^ clkbuf_0_CLK/A (sky130_fd_sc_hd__clkbuf_16)
    16    0.098607    0.089152    0.141628    0.199752 ^ clkbuf_0_CLK/X (sky130_fd_sc_hd__clkbuf_16)
                                                         clknet_0_CLK (net)
                      0.091856    0.012742    0.212494 ^ clkbuf_4_13_0_CLK/A (sky130_fd_sc_hd__clkbuf_8)
     6    0.018460    0.036503    0.107893    0.320387 ^ clkbuf_4_13_0_CLK/X (sky130_fd_sc_hd__clkbuf_8)
                                                         clknet_4_13_0_CLK (net)
                      0.036538    0.001064    0.321452 ^ _805_/CLK (sky130_fd_sc_hd__dfrtp_2)
     1    0.002776    0.025641    0.217763    0.539215 ^ _805_/Q (sky130_fd_sc_hd__dfrtp_2)
                                                         control.reset_n (net)
                      0.025641    0.000187    0.539402 ^ hold58/A (sky130_fd_sc_hd__dlygate4sd3_1)
     3    0.017758    0.141864    0.471381    1.010783 ^ hold58/X (sky130_fd_sc_hd__dlygate4sd3_1)
                                                         net57 (net)
                      0.141866    0.000847    1.011630 ^ fanout43/A (sky130_fd_sc_hd__clkdlybuf4s25_1)
     6    0.027912    0.212912    0.322799    1.334429 ^ fanout43/X (sky130_fd_sc_hd__clkdlybuf4s25_1)
                                                         net43 (net)
                      0.212918    0.001482    1.335911 ^ _789_/RESET_B (sky130_fd_sc_hd__dfrtp_2)
                                              1.335911   data arrival time

                                 20.000000   20.000000   clock CLK (rise edge)
                                  0.000000   20.000000   clock source latency
     1    0.022474    0.079693    0.052589   20.052589 ^ CLK (in)
                                                         CLK (net)
                      0.079747    0.000000   20.052589 ^ clkbuf_0_CLK/A (sky130_fd_sc_hd__clkbuf_16)
    16    0.098607    0.089152    0.128139   20.180729 ^ clkbuf_0_CLK/X (sky130_fd_sc_hd__clkbuf_16)
                                                         clknet_0_CLK (net)
                      0.092289    0.012397   20.193127 ^ clkbuf_4_7_0_CLK/A (sky130_fd_sc_hd__clkbuf_8)
     5    0.016928    0.034781    0.096318   20.289444 ^ clkbuf_4_7_0_CLK/X (sky130_fd_sc_hd__clkbuf_8)
                                                         clknet_4_7_0_CLK (net)
                      0.034803    0.000734   20.290176 ^ _789_/CLK (sky130_fd_sc_hd__dfrtp_2)
                                 -0.250000   20.040178   clock uncertainty
                                  0.019024   20.059202   clock reconvergence pessimism
                                  0.087616   20.146818   library recovery time
                                             20.146818   data required time
---------------------------------------------------------------------------------------------
                                             20.146818   data required time
                                             -1.335911   data arrival time
---------------------------------------------------------------------------------------------
                                             18.810907   slack (MET)


Startpoint: _805_ (rising edge-triggered flip-flop clocked by CLK)
Endpoint: _803_ (recovery check against rising-edge clock CLK)
Path Group: asynchronous
Path Type: max

Fanout         Cap        Slew       Delay        Time   Description
---------------------------------------------------------------------------------------------
                                  0.000000    0.000000   clock CLK (rise edge)
                                  0.000000    0.000000   clock source latency
     1    0.022474    0.079693    0.058125    0.058125 ^ CLK (in)
                                                         CLK (net)
                      0.079747    0.000000    0.058125 ^ clkbuf_0_CLK/A (sky130_fd_sc_hd__clkbuf_16)
    16    0.098607    0.089152    0.141628    0.199752 ^ clkbuf_0_CLK/X (sky130_fd_sc_hd__clkbuf_16)
                                                         clknet_0_CLK (net)
                      0.091856    0.012742    0.212494 ^ clkbuf_4_13_0_CLK/A (sky130_fd_sc_hd__clkbuf_8)
     6    0.018460    0.036503    0.107893    0.320387 ^ clkbuf_4_13_0_CLK/X (sky130_fd_sc_hd__clkbuf_8)
                                                         clknet_4_13_0_CLK (net)
                      0.036538    0.001064    0.321452 ^ _805_/CLK (sky130_fd_sc_hd__dfrtp_2)
     1    0.002776    0.025641    0.217763    0.539215 ^ _805_/Q (sky130_fd_sc_hd__dfrtp_2)
                                                         control.reset_n (net)
                      0.025641    0.000187    0.539402 ^ hold58/A (sky130_fd_sc_hd__dlygate4sd3_1)
     3    0.017758    0.141864    0.471381    1.010783 ^ hold58/X (sky130_fd_sc_hd__dlygate4sd3_1)
                                                         net57 (net)
                      0.141866    0.000847    1.011630 ^ fanout43/A (sky130_fd_sc_hd__clkdlybuf4s25_1)
     6    0.027912    0.212912    0.322799    1.334429 ^ fanout43/X (sky130_fd_sc_hd__clkdlybuf4s25_1)
                                                         net43 (net)
                      0.212915    0.001205    1.335634 ^ _803_/RESET_B (sky130_fd_sc_hd__dfrtp_2)
                                              1.335634   data arrival time

                                 20.000000   20.000000   clock CLK (rise edge)
                                  0.000000   20.000000   clock source latency
     1    0.022474    0.079693    0.052589   20.052589 ^ CLK (in)
                                                         CLK (net)
                      0.079747    0.000000   20.052589 ^ clkbuf_0_CLK/A (sky130_fd_sc_hd__clkbuf_16)
    16    0.098607    0.089152    0.128139   20.180729 ^ clkbuf_0_CLK/X (sky130_fd_sc_hd__clkbuf_16)
                                                         clknet_0_CLK (net)
                      0.092289    0.012397   20.193127 ^ clkbuf_4_7_0_CLK/A (sky130_fd_sc_hd__clkbuf_8)
     5    0.016928    0.034781    0.096318   20.289444 ^ clkbuf_4_7_0_CLK/X (sky130_fd_sc_hd__clkbuf_8)
                                                         clknet_4_7_0_CLK (net)
                      0.034808    0.000799   20.290243 ^ _803_/CLK (sky130_fd_sc_hd__dfrtp_2)
                                 -0.250000   20.040243   clock uncertainty
                                  0.019024   20.059269   clock reconvergence pessimism
                                  0.087617   20.146885   library recovery time
                                             20.146885   data required time
---------------------------------------------------------------------------------------------
                                             20.146885   data required time
                                             -1.335634   data arrival time
---------------------------------------------------------------------------------------------
                                             18.811253   slack (MET)


Startpoint: _805_ (rising edge-triggered flip-flop clocked by CLK)
Endpoint: _795_ (recovery check against rising-edge clock CLK)
Path Group: asynchronous
Path Type: max

Fanout         Cap        Slew       Delay        Time   Description
---------------------------------------------------------------------------------------------
                                  0.000000    0.000000   clock CLK (rise edge)
                                  0.000000    0.000000   clock source latency
     1    0.022474    0.079693    0.058125    0.058125 ^ CLK (in)
                                                         CLK (net)
                      0.079747    0.000000    0.058125 ^ clkbuf_0_CLK/A (sky130_fd_sc_hd__clkbuf_16)
    16    0.098607    0.089152    0.141628    0.199752 ^ clkbuf_0_CLK/X (sky130_fd_sc_hd__clkbuf_16)
                                                         clknet_0_CLK (net)
                      0.091856    0.012742    0.212494 ^ clkbuf_4_13_0_CLK/A (sky130_fd_sc_hd__clkbuf_8)
     6    0.018460    0.036503    0.107893    0.320387 ^ clkbuf_4_13_0_CLK/X (sky130_fd_sc_hd__clkbuf_8)
                                                         clknet_4_13_0_CLK (net)
                      0.036538    0.001064    0.321452 ^ _805_/CLK (sky130_fd_sc_hd__dfrtp_2)
     1    0.002776    0.025641    0.217763    0.539215 ^ _805_/Q (sky130_fd_sc_hd__dfrtp_2)
                                                         control.reset_n (net)
                      0.025641    0.000187    0.539402 ^ hold58/A (sky130_fd_sc_hd__dlygate4sd3_1)
     3    0.017758    0.141864    0.471381    1.010783 ^ hold58/X (sky130_fd_sc_hd__dlygate4sd3_1)
                                                         net57 (net)
                      0.141874    0.001353    1.012136 ^ fanout36/A (sky130_fd_sc_hd__clkdlybuf4s25_1)
     2    0.005773    0.052400    0.204611    1.216747 ^ fanout36/X (sky130_fd_sc_hd__clkdlybuf4s25_1)
                                                         net36 (net)
                      0.052401    0.000348    1.217095 ^ load_slew37/A (sky130_fd_sc_hd__clkbuf_4)
     9    0.044292    0.106044    0.151485    1.368580 ^ load_slew37/X (sky130_fd_sc_hd__clkbuf_4)
                                                         net37 (net)
                      0.106277    0.004281    1.372861 ^ _795_/RESET_B (sky130_fd_sc_hd__dfrtp_2)
                                              1.372861   data arrival time

                                 20.000000   20.000000   clock CLK (rise edge)
                                  0.000000   20.000000   clock source latency
     1    0.022474    0.079693    0.052589   20.052589 ^ CLK (in)
                                                         CLK (net)
                      0.079747    0.000000   20.052589 ^ clkbuf_0_CLK/A (sky130_fd_sc_hd__clkbuf_16)
    16    0.098607    0.089152    0.128139   20.180729 ^ clkbuf_0_CLK/X (sky130_fd_sc_hd__clkbuf_16)
                                                         clknet_0_CLK (net)
                      0.094256    0.015797   20.196526 ^ clkbuf_4_0_0_CLK/A (sky130_fd_sc_hd__clkbuf_8)
     6    0.022128    0.040969    0.101544   20.298069 ^ clkbuf_4_0_0_CLK/X (sky130_fd_sc_hd__clkbuf_8)
                                                         clknet_4_0_0_CLK (net)
                      0.041022    0.001265   20.299334 ^ _795_/CLK (sky130_fd_sc_hd__dfrtp_2)
                                 -0.250000   20.049335   clock uncertainty
                                  0.019024   20.068359   clock reconvergence pessimism
                                  0.115944   20.184303   library recovery time
                                             20.184303   data required time
---------------------------------------------------------------------------------------------
                                             20.184303   data required time
                                             -1.372861   data arrival time
---------------------------------------------------------------------------------------------
                                             18.811441   slack (MET)


Startpoint: _805_ (rising edge-triggered flip-flop clocked by CLK)
Endpoint: _801_ (recovery check against rising-edge clock CLK)
Path Group: asynchronous
Path Type: max

Fanout         Cap        Slew       Delay        Time   Description
---------------------------------------------------------------------------------------------
                                  0.000000    0.000000   clock CLK (rise edge)
                                  0.000000    0.000000   clock source latency
     1    0.022474    0.079693    0.058125    0.058125 ^ CLK (in)
                                                         CLK (net)
                      0.079747    0.000000    0.058125 ^ clkbuf_0_CLK/A (sky130_fd_sc_hd__clkbuf_16)
    16    0.098607    0.089152    0.141628    0.199752 ^ clkbuf_0_CLK/X (sky130_fd_sc_hd__clkbuf_16)
                                                         clknet_0_CLK (net)
                      0.091856    0.012742    0.212494 ^ clkbuf_4_13_0_CLK/A (sky130_fd_sc_hd__clkbuf_8)
     6    0.018460    0.036503    0.107893    0.320387 ^ clkbuf_4_13_0_CLK/X (sky130_fd_sc_hd__clkbuf_8)
                                                         clknet_4_13_0_CLK (net)
                      0.036538    0.001064    0.321452 ^ _805_/CLK (sky130_fd_sc_hd__dfrtp_2)
     1    0.002776    0.025641    0.217763    0.539215 ^ _805_/Q (sky130_fd_sc_hd__dfrtp_2)
                                                         control.reset_n (net)
                      0.025641    0.000187    0.539402 ^ hold58/A (sky130_fd_sc_hd__dlygate4sd3_1)
     3    0.017758    0.141864    0.471381    1.010783 ^ hold58/X (sky130_fd_sc_hd__dlygate4sd3_1)
                                                         net57 (net)
                      0.141866    0.000847    1.011630 ^ fanout43/A (sky130_fd_sc_hd__clkdlybuf4s25_1)
     6    0.027912    0.212912    0.322799    1.334429 ^ fanout43/X (sky130_fd_sc_hd__clkdlybuf4s25_1)
                                                         net43 (net)
                      0.212912    0.000234    1.334664 ^ _801_/RESET_B (sky130_fd_sc_hd__dfrtp_2)
                                              1.334664   data arrival time

                                 20.000000   20.000000   clock CLK (rise edge)
                                  0.000000   20.000000   clock source latency
     1    0.022474    0.079693    0.052589   20.052589 ^ CLK (in)
                                                         CLK (net)
                      0.079747    0.000000   20.052589 ^ clkbuf_0_CLK/A (sky130_fd_sc_hd__clkbuf_16)
    16    0.098607    0.089152    0.128139   20.180729 ^ clkbuf_0_CLK/X (sky130_fd_sc_hd__clkbuf_16)
                                                         clknet_0_CLK (net)
                      0.092289    0.012397   20.193127 ^ clkbuf_4_7_0_CLK/A (sky130_fd_sc_hd__clkbuf_8)
     5    0.016928    0.034781    0.096318   20.289444 ^ clkbuf_4_7_0_CLK/X (sky130_fd_sc_hd__clkbuf_8)
                                                         clknet_4_7_0_CLK (net)
                      0.034812    0.000853   20.290297 ^ _801_/CLK (sky130_fd_sc_hd__dfrtp_2)
                                 -0.250000   20.040297   clock uncertainty
                                  0.019024   20.059322   clock reconvergence pessimism
                                  0.087619   20.146940   library recovery time
                                             20.146940   data required time
---------------------------------------------------------------------------------------------
                                             20.146940   data required time
                                             -1.334664   data arrival time
---------------------------------------------------------------------------------------------
                                             18.812277   slack (MET)


Startpoint: _730_ (rising edge-triggered flip-flop clocked by CLK)
Endpoint: _730_ (rising edge-triggered flip-flop clocked by CLK)
Path Group: CLK
Path Type: max

Fanout         Cap        Slew       Delay        Time   Description
---------------------------------------------------------------------------------------------
                                  0.000000    0.000000   clock CLK (rise edge)
                                  0.000000    0.000000   clock source latency
     1    0.022474    0.079693    0.058125    0.058125 ^ CLK (in)
                                                         CLK (net)
                      0.079747    0.000000    0.058125 ^ clkbuf_0_CLK/A (sky130_fd_sc_hd__clkbuf_16)
    16    0.098607    0.089152    0.141628    0.199752 ^ clkbuf_0_CLK/X (sky130_fd_sc_hd__clkbuf_16)
                                                         clknet_0_CLK (net)
                      0.090792    0.010030    0.209783 ^ clkbuf_4_11_0_CLK/A (sky130_fd_sc_hd__clkbuf_8)
     6    0.017331    0.035312    0.106150    0.315932 ^ clkbuf_4_11_0_CLK/X (sky130_fd_sc_hd__clkbuf_8)
                                                         clknet_4_11_0_CLK (net)
                      0.035436    0.001849    0.317781 ^ _730_/CLK (sky130_fd_sc_hd__dfrtp_2)
     6    0.018580    0.054812    0.287451    0.605232 v _730_/Q (sky130_fd_sc_hd__dfrtp_2)
                                                         pwm.pwm_counter[4] (net)
                      0.054854    0.000643    0.605874 v hold94/A (sky130_fd_sc_hd__dlygate4sd3_1)
     1    0.009237    0.060364    0.418111    1.023985 v hold94/X (sky130_fd_sc_hd__dlygate4sd3_1)
                                                         net93 (net)
                      0.060364    0.000743    1.024728 v _408_/A (sky130_fd_sc_hd__xor2_2)
     1    0.002487    0.030910    0.118677    1.143404 v _408_/X (sky130_fd_sc_hd__xor2_2)
                                                         _016_ (net)
                      0.030910    0.000183    1.143588 v _730_/D (sky130_fd_sc_hd__dfrtp_2)
                                              1.143588   data arrival time

                                 20.000000   20.000000   clock CLK (rise edge)
                                  0.000000   20.000000   clock source latency
     1    0.022474    0.079693    0.052589   20.052589 ^ CLK (in)
                                                         CLK (net)
                      0.079747    0.000000   20.052589 ^ clkbuf_0_CLK/A (sky130_fd_sc_hd__clkbuf_16)
    16    0.098607    0.089152    0.128139   20.180729 ^ clkbuf_0_CLK/X (sky130_fd_sc_hd__clkbuf_16)
                                                         clknet_0_CLK (net)
                      0.090792    0.009075   20.189804 ^ clkbuf_4_11_0_CLK/A (sky130_fd_sc_hd__clkbuf_8)
     6    0.017331    0.035312    0.096041   20.285845 ^ clkbuf_4_11_0_CLK/X (sky130_fd_sc_hd__clkbuf_8)
                                                         clknet_4_11_0_CLK (net)
                      0.035436    0.001672   20.287516 ^ _730_/CLK (sky130_fd_sc_hd__dfrtp_2)
                                 -0.250000   20.037518   clock uncertainty
                                  0.030265   20.067783   clock reconvergence pessimism
                                 -0.072945   19.994837   library setup time
                                             19.994837   data required time
---------------------------------------------------------------------------------------------
                                             19.994837   data required time
                                             -1.143588   data arrival time
---------------------------------------------------------------------------------------------
                                             18.851248   slack (MET)


Startpoint: _769_ (rising edge-triggered flip-flop clocked by CLK)
Endpoint: _769_ (rising edge-triggered flip-flop clocked by CLK)
Path Group: CLK
Path Type: max

Fanout         Cap        Slew       Delay        Time   Description
---------------------------------------------------------------------------------------------
                                  0.000000    0.000000   clock CLK (rise edge)
                                  0.000000    0.000000   clock source latency
     1    0.022474    0.079693    0.058125    0.058125 ^ CLK (in)
                                                         CLK (net)
                      0.079747    0.000000    0.058125 ^ clkbuf_0_CLK/A (sky130_fd_sc_hd__clkbuf_16)
    16    0.098607    0.089152    0.141628    0.199752 ^ clkbuf_0_CLK/X (sky130_fd_sc_hd__clkbuf_16)
                                                         clknet_0_CLK (net)
                      0.090843    0.010176    0.209928 ^ clkbuf_4_15_0_CLK/A (sky130_fd_sc_hd__clkbuf_8)
     6    0.019405    0.037571    0.108618    0.318547 ^ clkbuf_4_15_0_CLK/X (sky130_fd_sc_hd__clkbuf_8)
                                                         clknet_4_15_0_CLK (net)
                      0.037615    0.001180    0.319727 ^ _769_/CLK (sky130_fd_sc_hd__dfrtp_2)
     2    0.004291    0.030658    0.254471    0.574198 v _769_/Q (sky130_fd_sc_hd__dfrtp_2)
                                                         gates.phase_b.dead_count[2] (net)
                      0.030658    0.000259    0.574457 v hold107/A (sky130_fd_sc_hd__dlygate4sd3_1)
     2    0.008205    0.057275    0.403833    0.978290 v hold107/X (sky130_fd_sc_hd__dlygate4sd3_1)
                                                         net106 (net)
                      0.057275    0.000477    0.978766 v _687_/B1 (sky130_fd_sc_hd__o21a_2)
     1    0.002877    0.024566    0.083099    1.061865 v _687_/X (sky130_fd_sc_hd__o21a_2)
                                                         _350_ (net)
                      0.024566    0.000225    1.062090 v _688_/B1 (sky130_fd_sc_hd__a21o_2)
     1    0.002628    0.024134    0.081007    1.143097 v _688_/X (sky130_fd_sc_hd__a21o_2)
                                                         _031_ (net)
                      0.024134    0.000188    1.143285 v _769_/D (sky130_fd_sc_hd__dfrtp_2)
                                              1.143285   data arrival time

                                 20.000000   20.000000   clock CLK (rise edge)
                                  0.000000   20.000000   clock source latency
     1    0.022474    0.079693    0.052589   20.052589 ^ CLK (in)
                                                         CLK (net)
                      0.079747    0.000000   20.052589 ^ clkbuf_0_CLK/A (sky130_fd_sc_hd__clkbuf_16)
    16    0.098607    0.089152    0.128139   20.180729 ^ clkbuf_0_CLK/X (sky130_fd_sc_hd__clkbuf_16)
                                                         clknet_0_CLK (net)
                      0.090843    0.009207   20.189936 ^ clkbuf_4_15_0_CLK/A (sky130_fd_sc_hd__clkbuf_8)
     6    0.019405    0.037571    0.098273   20.288210 ^ clkbuf_4_15_0_CLK/X (sky130_fd_sc_hd__clkbuf_8)
                                                         clknet_4_15_0_CLK (net)
                      0.037615    0.001068   20.289276 ^ _769_/CLK (sky130_fd_sc_hd__dfrtp_2)
                                 -0.250000   20.039278   clock uncertainty
                                  0.030450   20.069727   clock reconvergence pessimism
                                 -0.070316   19.999411   library setup time
                                             19.999411   data required time
---------------------------------------------------------------------------------------------
                                             19.999411   data required time
                                             -1.143285   data arrival time
---------------------------------------------------------------------------------------------
                                             18.856127   slack (MET)


Startpoint: _751_ (rising edge-triggered flip-flop clocked by CLK)
Endpoint: _784_ (rising edge-triggered flip-flop clocked by CLK)
Path Group: CLK
Path Type: max

Fanout         Cap        Slew       Delay        Time   Description
---------------------------------------------------------------------------------------------
                                  0.000000    0.000000   clock CLK (rise edge)
                                  0.000000    0.000000   clock source latency
     1    0.022474    0.079693    0.058125    0.058125 ^ CLK (in)
                                                         CLK (net)
                      0.079747    0.000000    0.058125 ^ clkbuf_0_CLK/A (sky130_fd_sc_hd__clkbuf_16)
    16    0.098607    0.089152    0.141628    0.199752 ^ clkbuf_0_CLK/X (sky130_fd_sc_hd__clkbuf_16)
                                                         clknet_0_CLK (net)
                      0.094187    0.017342    0.217094 ^ clkbuf_4_3_0_CLK/A (sky130_fd_sc_hd__clkbuf_8)
     6    0.018034    0.036054    0.108239    0.325333 ^ clkbuf_4_3_0_CLK/X (sky130_fd_sc_hd__clkbuf_8)
                                                         clknet_4_3_0_CLK (net)
                      0.036065    0.000622    0.325955 ^ _751_/CLK (sky130_fd_sc_hd__dfrtp_2)
     8    0.040585    0.091749    0.322748    0.648703 v _751_/Q (sky130_fd_sc_hd__dfrtp_2)
                                                         hall.hall_b_pipe[1] (net)
                      0.091943    0.003861    0.652565 v hold113/A (sky130_fd_sc_hd__dlygate4sd3_1)
     1    0.006383    0.050525    0.421188    1.073753 v hold113/X (sky130_fd_sc_hd__dlygate4sd3_1)
                                                         net112 (net)
                      0.050525    0.000549    1.074302 v _724_/A (sky130_fd_sc_hd__buf_1)
     1    0.002702    0.018273    0.067287    1.141589 v _724_/X (sky130_fd_sc_hd__buf_1)
                                                         _046_ (net)
                      0.018274    0.000195    1.141784 v _784_/D (sky130_fd_sc_hd__dfrtp_2)
                                              1.141784   data arrival time

                                 20.000000   20.000000   clock CLK (rise edge)
                                  0.000000   20.000000   clock source latency
     1    0.022474    0.079693    0.052589   20.052589 ^ CLK (in)
                                                         CLK (net)
                      0.079747    0.000000   20.052589 ^ clkbuf_0_CLK/A (sky130_fd_sc_hd__clkbuf_16)
    16    0.098607    0.089152    0.128139   20.180729 ^ clkbuf_0_CLK/X (sky130_fd_sc_hd__clkbuf_16)
                                                         clknet_0_CLK (net)
                      0.094007    0.015405   20.196133 ^ clkbuf_4_5_0_CLK/A (sky130_fd_sc_hd__clkbuf_8)
     6    0.020399    0.038735    0.100160   20.296293 ^ clkbuf_4_5_0_CLK/X (sky130_fd_sc_hd__clkbuf_8)
                                                         clknet_4_5_0_CLK (net)
                      0.038767    0.000970   20.297262 ^ _784_/CLK (sky130_fd_sc_hd__dfrtp_2)
                                 -0.250000   20.047264   clock uncertainty
                                  0.019024   20.066288   clock reconvergence pessimism
                                 -0.068114   19.998175   library setup time
                                             19.998175   data required time
---------------------------------------------------------------------------------------------
                                             19.998175   data required time
                                             -1.141784   data arrival time
---------------------------------------------------------------------------------------------
                                             18.856390   slack (MET)


Startpoint: _753_ (rising edge-triggered flip-flop clocked by CLK)
Endpoint: _783_ (rising edge-triggered flip-flop clocked by CLK)
Path Group: CLK
Path Type: max

Fanout         Cap        Slew       Delay        Time   Description
---------------------------------------------------------------------------------------------
                                  0.000000    0.000000   clock CLK (rise edge)
                                  0.000000    0.000000   clock source latency
     1    0.022474    0.079693    0.058125    0.058125 ^ CLK (in)
                                                         CLK (net)
                      0.079747    0.000000    0.058125 ^ clkbuf_0_CLK/A (sky130_fd_sc_hd__clkbuf_16)
    16    0.098607    0.089152    0.141628    0.199752 ^ clkbuf_0_CLK/X (sky130_fd_sc_hd__clkbuf_16)
                                                         clknet_0_CLK (net)
                      0.093986    0.016990    0.216742 ^ clkbuf_4_4_0_CLK/A (sky130_fd_sc_hd__clkbuf_8)
     6    0.023705    0.042367    0.114307    0.331049 ^ clkbuf_4_4_0_CLK/X (sky130_fd_sc_hd__clkbuf_8)
                                                         clknet_4_4_0_CLK (net)
                      0.042398    0.001073    0.332122 ^ _753_/CLK (sky130_fd_sc_hd__dfrtp_2)
     8    0.036603    0.084531    0.318870    0.650993 v _753_/Q (sky130_fd_sc_hd__dfrtp_2)
                                                         hall.hall_c_pipe[1] (net)
                      0.084606    0.002387    0.653380 v hold114/A (sky130_fd_sc_hd__dlygate4sd3_1)
     1    0.004932    0.045827    0.411471    1.064850 v hold114/X (sky130_fd_sc_hd__dlygate4sd3_1)
                                                         net113 (net)
                      0.045827    0.000379    1.065230 v _723_/A (sky130_fd_sc_hd__buf_1)
     1    0.003057    0.019484    0.066648    1.131878 v _723_/X (sky130_fd_sc_hd__buf_1)
                                                         _045_ (net)
                      0.019486    0.000219    1.132097 v _783_/D (sky130_fd_sc_hd__dfrtp_2)
                                              1.132097   data arrival time

                                 20.000000   20.000000   clock CLK (rise edge)
                                  0.000000   20.000000   clock source latency
     1    0.022474    0.079693    0.052589   20.052589 ^ CLK (in)
                                                         CLK (net)
                      0.079747    0.000000   20.052589 ^ clkbuf_0_CLK/A (sky130_fd_sc_hd__clkbuf_16)
    16    0.098607    0.089152    0.128139   20.180729 ^ clkbuf_0_CLK/X (sky130_fd_sc_hd__clkbuf_16)
                                                         clknet_0_CLK (net)
                      0.094007    0.015405   20.196133 ^ clkbuf_4_5_0_CLK/A (sky130_fd_sc_hd__clkbuf_8)
     6    0.020399    0.038735    0.100160   20.296293 ^ clkbuf_4_5_0_CLK/X (sky130_fd_sc_hd__clkbuf_8)
                                                         clknet_4_5_0_CLK (net)
                      0.038765    0.000934   20.297228 ^ _783_/CLK (sky130_fd_sc_hd__dfrtp_2)
                                 -0.250000   20.047228   clock uncertainty
                                  0.019024   20.066254   clock reconvergence pessimism
                                 -0.068546   19.997707   library setup time
                                             19.997707   data required time
---------------------------------------------------------------------------------------------
                                             19.997707   data required time
                                             -1.132097   data arrival time
---------------------------------------------------------------------------------------------
                                             18.865610   slack (MET)


Startpoint: _729_ (rising edge-triggered flip-flop clocked by CLK)
Endpoint: _729_ (rising edge-triggered flip-flop clocked by CLK)
Path Group: CLK
Path Type: max

Fanout         Cap        Slew       Delay        Time   Description
---------------------------------------------------------------------------------------------
                                  0.000000    0.000000   clock CLK (rise edge)
                                  0.000000    0.000000   clock source latency
     1    0.022474    0.079693    0.058125    0.058125 ^ CLK (in)
                                                         CLK (net)
                      0.079747    0.000000    0.058125 ^ clkbuf_0_CLK/A (sky130_fd_sc_hd__clkbuf_16)
    16    0.098607    0.089152    0.141628    0.199752 ^ clkbuf_0_CLK/X (sky130_fd_sc_hd__clkbuf_16)
                                                         clknet_0_CLK (net)
                      0.090792    0.010030    0.209783 ^ clkbuf_4_11_0_CLK/A (sky130_fd_sc_hd__clkbuf_8)
     6    0.017331    0.035312    0.106150    0.315932 ^ clkbuf_4_11_0_CLK/X (sky130_fd_sc_hd__clkbuf_8)
                                                         clknet_4_11_0_CLK (net)
                      0.035491    0.001872    0.317805 ^ _729_/CLK (sky130_fd_sc_hd__dfrtp_2)
     6    0.018365    0.054480    0.287138    0.604942 v _729_/Q (sky130_fd_sc_hd__dfrtp_2)
                                                         pwm.pwm_counter[3] (net)
                      0.054480    0.000148    0.605091 v hold105/A (sky130_fd_sc_hd__dlygate4sd3_1)
     1    0.004288    0.043430    0.395648    1.000738 v hold105/X (sky130_fd_sc_hd__dlygate4sd3_1)
                                                         net104 (net)
                      0.043430    0.000209    1.000947 v _406_/A (sky130_fd_sc_hd__nor2_2)
     1    0.005629    0.063231    0.086221    1.087168 ^ _406_/Y (sky130_fd_sc_hd__nor2_2)
                                                         _093_ (net)
                      0.063234    0.000440    1.087608 ^ _407_/B (sky130_fd_sc_hd__nor2_2)
     1    0.002831    0.022644    0.018973    1.106581 v _407_/Y (sky130_fd_sc_hd__nor2_2)
                                                         _015_ (net)
                      0.022645    0.000216    1.106797 v _729_/D (sky130_fd_sc_hd__dfrtp_2)
                                              1.106797   data arrival time

                                 20.000000   20.000000   clock CLK (rise edge)
                                  0.000000   20.000000   clock source latency
     1    0.022474    0.079693    0.052589   20.052589 ^ CLK (in)
                                                         CLK (net)
                      0.079747    0.000000   20.052589 ^ clkbuf_0_CLK/A (sky130_fd_sc_hd__clkbuf_16)
    16    0.098607    0.089152    0.128139   20.180729 ^ clkbuf_0_CLK/X (sky130_fd_sc_hd__clkbuf_16)
                                                         clknet_0_CLK (net)
                      0.090792    0.009075   20.189804 ^ clkbuf_4_11_0_CLK/A (sky130_fd_sc_hd__clkbuf_8)
     6    0.017331    0.035312    0.096041   20.285845 ^ clkbuf_4_11_0_CLK/X (sky130_fd_sc_hd__clkbuf_8)
                                                         clknet_4_11_0_CLK (net)
                      0.035491    0.001693   20.287537 ^ _729_/CLK (sky130_fd_sc_hd__dfrtp_2)
                                 -0.250000   20.037539   clock uncertainty
                                  0.030267   20.067806   clock reconvergence pessimism
                                 -0.069989   19.997818   library setup time
                                             19.997818   data required time
---------------------------------------------------------------------------------------------
                                             19.997818   data required time
                                             -1.106797   data arrival time
---------------------------------------------------------------------------------------------
                                             18.891022   slack (MET)


Startpoint: _726_ (rising edge-triggered flip-flop clocked by CLK)
Endpoint: _726_ (rising edge-triggered flip-flop clocked by CLK)
Path Group: CLK
Path Type: max

Fanout         Cap        Slew       Delay        Time   Description
---------------------------------------------------------------------------------------------
                                  0.000000    0.000000   clock CLK (rise edge)
                                  0.000000    0.000000   clock source latency
     1    0.022474    0.079693    0.058125    0.058125 ^ CLK (in)
                                                         CLK (net)
                      0.079747    0.000000    0.058125 ^ clkbuf_0_CLK/A (sky130_fd_sc_hd__clkbuf_16)
    16    0.098607    0.089152    0.141628    0.199752 ^ clkbuf_0_CLK/X (sky130_fd_sc_hd__clkbuf_16)
                                                         clknet_0_CLK (net)
                      0.090845    0.010180    0.209933 ^ clkbuf_4_10_0_CLK/A (sky130_fd_sc_hd__clkbuf_8)
     6    0.022498    0.041346    0.111690    0.321623 ^ clkbuf_4_10_0_CLK/X (sky130_fd_sc_hd__clkbuf_8)
                                                         clknet_4_10_0_CLK (net)
                      0.041518    0.002015    0.323639 ^ _726_/CLK (sky130_fd_sc_hd__dfrtp_2)
     3    0.011382    0.053229    0.247188    0.570827 ^ _726_/Q (sky130_fd_sc_hd__dfrtp_2)
                                                         pwm.pwm_counter[0] (net)
                      0.053234    0.000602    0.571428 ^ hold86/A (sky130_fd_sc_hd__dlygate4sd3_1)
     2    0.010947    0.092731    0.441330    1.012759 ^ hold86/X (sky130_fd_sc_hd__dlygate4sd3_1)
                                                         net85 (net)
                      0.092731    0.000435    1.013194 ^ _362_/A (sky130_fd_sc_hd__inv_2)
     3    0.008737    0.030428    0.029688    1.042882 v _362_/Y (sky130_fd_sc_hd__inv_2)
                                                         _011_ (net)
                      0.030435    0.000389    1.043270 v _726_/D (sky130_fd_sc_hd__dfrtp_2)
                                              1.043270   data arrival time

                                 20.000000   20.000000   clock CLK (rise edge)
                                  0.000000   20.000000   clock source latency
     1    0.022474    0.079693    0.052589   20.052589 ^ CLK (in)
                                                         CLK (net)
                      0.079747    0.000000   20.052589 ^ clkbuf_0_CLK/A (sky130_fd_sc_hd__clkbuf_16)
    16    0.098607    0.089152    0.128139   20.180729 ^ clkbuf_0_CLK/X (sky130_fd_sc_hd__clkbuf_16)
                                                         clknet_0_CLK (net)
                      0.090845    0.009210   20.189939 ^ clkbuf_4_10_0_CLK/A (sky130_fd_sc_hd__clkbuf_8)
     6    0.022498    0.041346    0.101053   20.290993 ^ clkbuf_4_10_0_CLK/X (sky130_fd_sc_hd__clkbuf_8)
                                                         clknet_4_10_0_CLK (net)
                      0.041518    0.001824   20.292816 ^ _726_/CLK (sky130_fd_sc_hd__dfrtp_2)
                                 -0.250000   20.042818   clock uncertainty
                                  0.030823   20.073641   clock reconvergence pessimism
                                 -0.072191   20.001450   library setup time
                                             20.001450   data required time
---------------------------------------------------------------------------------------------
                                             20.001450   data required time
                                             -1.043270   data arrival time
---------------------------------------------------------------------------------------------
                                             18.958179   slack (MET)


Startpoint: _752_ (rising edge-triggered flip-flop clocked by CLK)
Endpoint: _753_ (rising edge-triggered flip-flop clocked by CLK)
Path Group: CLK
Path Type: max

Fanout         Cap        Slew       Delay        Time   Description
---------------------------------------------------------------------------------------------
                                  0.000000    0.000000   clock CLK (rise edge)
                                  0.000000    0.000000   clock source latency
     1    0.022474    0.079693    0.058125    0.058125 ^ CLK (in)
                                                         CLK (net)
                      0.079747    0.000000    0.058125 ^ clkbuf_0_CLK/A (sky130_fd_sc_hd__clkbuf_16)
    16    0.098607    0.089152    0.141628    0.199752 ^ clkbuf_0_CLK/X (sky130_fd_sc_hd__clkbuf_16)
                                                         clknet_0_CLK (net)
                      0.094187    0.017342    0.217094 ^ clkbuf_4_3_0_CLK/A (sky130_fd_sc_hd__clkbuf_8)
     6    0.018034    0.036054    0.108239    0.325333 ^ clkbuf_4_3_0_CLK/X (sky130_fd_sc_hd__clkbuf_8)
                                                         clknet_4_3_0_CLK (net)
                      0.036078    0.000868    0.326201 ^ _752_/CLK (sky130_fd_sc_hd__dfrtp_2)
     1    0.003116    0.027940    0.249642    0.575843 v _752_/Q (sky130_fd_sc_hd__dfrtp_2)
                                                         hall.hall_c_pipe[0] (net)
                      0.027940    0.000199    0.576042 v hold54/A (sky130_fd_sc_hd__dlygate4sd3_1)
     1    0.003145    0.039640    0.378811    0.954854 v hold54/X (sky130_fd_sc_hd__dlygate4sd3_1)
                                                         net53 (net)
                      0.039640    0.000211    0.955065 v _753_/D (sky130_fd_sc_hd__dfrtp_2)
                                              0.955065   data arrival time

                                 20.000000   20.000000   clock CLK (rise edge)
                                  0.000000   20.000000   clock source latency
     1    0.022474    0.079693    0.052589   20.052589 ^ CLK (in)
                                                         CLK (net)
                      0.079747    0.000000   20.052589 ^ clkbuf_0_CLK/A (sky130_fd_sc_hd__clkbuf_16)
    16    0.098607    0.089152    0.128139   20.180729 ^ clkbuf_0_CLK/X (sky130_fd_sc_hd__clkbuf_16)
                                                         clknet_0_CLK (net)
                      0.093986    0.015373   20.196102 ^ clkbuf_4_4_0_CLK/A (sky130_fd_sc_hd__clkbuf_8)
     6    0.023705    0.042367    0.103419   20.299520 ^ clkbuf_4_4_0_CLK/X (sky130_fd_sc_hd__clkbuf_8)
                                                         clknet_4_4_0_CLK (net)
                      0.042398    0.000972   20.300493 ^ _753_/CLK (sky130_fd_sc_hd__dfrtp_2)
                                 -0.250000   20.050493   clock uncertainty
                                  0.019024   20.069519   clock reconvergence pessimism
                                 -0.075392   19.994125   library setup time
                                             19.994125   data required time
---------------------------------------------------------------------------------------------
                                             19.994125   data required time
                                             -0.955065   data arrival time
---------------------------------------------------------------------------------------------
                                             19.039061   slack (MET)


Startpoint: _750_ (rising edge-triggered flip-flop clocked by CLK)
Endpoint: _751_ (rising edge-triggered flip-flop clocked by CLK)
Path Group: CLK
Path Type: max

Fanout         Cap        Slew       Delay        Time   Description
---------------------------------------------------------------------------------------------
                                  0.000000    0.000000   clock CLK (rise edge)
                                  0.000000    0.000000   clock source latency
     1    0.022474    0.079693    0.058125    0.058125 ^ CLK (in)
                                                         CLK (net)
                      0.079747    0.000000    0.058125 ^ clkbuf_0_CLK/A (sky130_fd_sc_hd__clkbuf_16)
    16    0.098607    0.089152    0.141628    0.199752 ^ clkbuf_0_CLK/X (sky130_fd_sc_hd__clkbuf_16)
                                                         clknet_0_CLK (net)
                      0.094187    0.017342    0.217094 ^ clkbuf_4_3_0_CLK/A (sky130_fd_sc_hd__clkbuf_8)
     6    0.018034    0.036054    0.108239    0.325333 ^ clkbuf_4_3_0_CLK/X (sky130_fd_sc_hd__clkbuf_8)
                                                         clknet_4_3_0_CLK (net)
                      0.036066    0.000654    0.325987 ^ _750_/CLK (sky130_fd_sc_hd__dfrtp_2)
     1    0.003025    0.027795    0.249301    0.575289 v _750_/Q (sky130_fd_sc_hd__dfrtp_2)
                                                         hall.hall_b_pipe[0] (net)
                      0.027795    0.000192    0.575481 v hold55/A (sky130_fd_sc_hd__dlygate4sd3_1)
     1    0.003552    0.041674    0.381321    0.956802 v hold55/X (sky130_fd_sc_hd__dlygate4sd3_1)
                                                         net54 (net)
                      0.041674    0.000236    0.957038 v _751_/D (sky130_fd_sc_hd__dfrtp_2)
                                              0.957038   data arrival time

                                 20.000000   20.000000   clock CLK (rise edge)
                                  0.000000   20.000000   clock source latency
     1    0.022474    0.079693    0.052589   20.052589 ^ CLK (in)
                                                         CLK (net)
                      0.079747    0.000000   20.052589 ^ clkbuf_0_CLK/A (sky130_fd_sc_hd__clkbuf_16)
    16    0.098607    0.089152    0.128139   20.180729 ^ clkbuf_0_CLK/X (sky130_fd_sc_hd__clkbuf_16)
                                                         clknet_0_CLK (net)
                      0.094187    0.015691   20.196419 ^ clkbuf_4_3_0_CLK/A (sky130_fd_sc_hd__clkbuf_8)
     6    0.018034    0.036054    0.097931   20.294350 ^ clkbuf_4_3_0_CLK/X (sky130_fd_sc_hd__clkbuf_8)
                                                         clknet_4_3_0_CLK (net)
                      0.036065    0.000563   20.294912 ^ _751_/CLK (sky130_fd_sc_hd__dfrtp_2)
                                 -0.250000   20.044914   clock uncertainty
                                  0.030984   20.075899   clock reconvergence pessimism
                                 -0.076729   19.999170   library setup time
                                             19.999170   data required time
---------------------------------------------------------------------------------------------
                                             19.999170   data required time
                                             -0.957038   data arrival time
---------------------------------------------------------------------------------------------
                                             19.042133   slack (MET)


Startpoint: _747_ (rising edge-triggered flip-flop clocked by CLK)
Endpoint: _748_ (rising edge-triggered flip-flop clocked by CLK)
Path Group: CLK
Path Type: max

Fanout         Cap        Slew       Delay        Time   Description
---------------------------------------------------------------------------------------------
                                  0.000000    0.000000   clock CLK (rise edge)
                                  0.000000    0.000000   clock source latency
     1    0.022474    0.079693    0.058125    0.058125 ^ CLK (in)
                                                         CLK (net)
                      0.079747    0.000000    0.058125 ^ clkbuf_0_CLK/A (sky130_fd_sc_hd__clkbuf_16)
    16    0.098607    0.089152    0.141628    0.199752 ^ clkbuf_0_CLK/X (sky130_fd_sc_hd__clkbuf_16)
                                                         clknet_0_CLK (net)
                      0.094007    0.017026    0.216778 ^ clkbuf_4_5_0_CLK/A (sky130_fd_sc_hd__clkbuf_8)
     6    0.020399    0.038735    0.110704    0.327482 ^ clkbuf_4_5_0_CLK/X (sky130_fd_sc_hd__clkbuf_8)
                                                         clknet_4_5_0_CLK (net)
                      0.038774    0.001154    0.328636 ^ _747_/CLK (sky130_fd_sc_hd__dfrtp_2)
     1    0.002565    0.026879    0.248418    0.577054 v _747_/Q (sky130_fd_sc_hd__dfrtp_2)
                                                         hall.hall_a_pipe[0] (net)
                      0.026879    0.000186    0.577240 v hold57/A (sky130_fd_sc_hd__dlygate4sd3_1)
     1    0.002514    0.037054    0.374407    0.951646 v hold57/X (sky130_fd_sc_hd__dlygate4sd3_1)
                                                         net56 (net)
                      0.037054    0.000183    0.951829 v _748_/D (sky130_fd_sc_hd__dfrtp_2)
                                              0.951829   data arrival time

                                 20.000000   20.000000   clock CLK (rise edge)
                                  0.000000   20.000000   clock source latency
     1    0.022474    0.079693    0.052589   20.052589 ^ CLK (in)
                                                         CLK (net)
                      0.079747    0.000000   20.052589 ^ clkbuf_0_CLK/A (sky130_fd_sc_hd__clkbuf_16)
    16    0.098607    0.089152    0.128139   20.180729 ^ clkbuf_0_CLK/X (sky130_fd_sc_hd__clkbuf_16)
                                                         clknet_0_CLK (net)
                      0.094007    0.015405   20.196133 ^ clkbuf_4_5_0_CLK/A (sky130_fd_sc_hd__clkbuf_8)
     6    0.020399    0.038735    0.100160   20.296293 ^ clkbuf_4_5_0_CLK/X (sky130_fd_sc_hd__clkbuf_8)
                                                         clknet_4_5_0_CLK (net)
                      0.038783    0.001142   20.297436 ^ _748_/CLK (sky130_fd_sc_hd__dfrtp_2)
                                 -0.250000   20.047436   clock uncertainty
                                  0.031189   20.078625   clock reconvergence pessimism
                                 -0.074817   20.003809   library setup time
                                             20.003809   data required time
---------------------------------------------------------------------------------------------
                                             20.003809   data required time
                                             -0.951829   data arrival time
---------------------------------------------------------------------------------------------
                                             19.051981   slack (MET)


Startpoint: _804_ (rising edge-triggered flip-flop clocked by CLK)
Endpoint: _805_ (rising edge-triggered flip-flop clocked by CLK)
Path Group: CLK
Path Type: max

Fanout         Cap        Slew       Delay        Time   Description
---------------------------------------------------------------------------------------------
                                  0.000000    0.000000   clock CLK (rise edge)
                                  0.000000    0.000000   clock source latency
     1    0.022474    0.079693    0.058125    0.058125 ^ CLK (in)
                                                         CLK (net)
                      0.079747    0.000000    0.058125 ^ clkbuf_0_CLK/A (sky130_fd_sc_hd__clkbuf_16)
    16    0.098607    0.089152    0.141628    0.199752 ^ clkbuf_0_CLK/X (sky130_fd_sc_hd__clkbuf_16)
                                                         clknet_0_CLK (net)
                      0.091856    0.012742    0.212494 ^ clkbuf_4_13_0_CLK/A (sky130_fd_sc_hd__clkbuf_8)
     6    0.018460    0.036503    0.107893    0.320387 ^ clkbuf_4_13_0_CLK/X (sky130_fd_sc_hd__clkbuf_8)
                                                         clknet_4_13_0_CLK (net)
                      0.036564    0.001351    0.321738 ^ _804_/CLK (sky130_fd_sc_hd__dfrtp_2)
     1    0.001978    0.025612    0.245550    0.567288 v _804_/Q (sky130_fd_sc_hd__dfrtp_2)
                                                         reset_conditioner.release_pipe[0] (net)
                      0.025613    0.000146    0.567434 v hold56/A (sky130_fd_sc_hd__dlygate4sd3_1)
     1    0.002573    0.037236    0.374269    0.941703 v hold56/X (sky130_fd_sc_hd__dlygate4sd3_1)
                                                         net55 (net)
                      0.037236    0.000199    0.941903 v _805_/D (sky130_fd_sc_hd__dfrtp_2)
                                              0.941903   data arrival time

                                 20.000000   20.000000   clock CLK (rise edge)
                                  0.000000   20.000000   clock source latency
     1    0.022474    0.079693    0.052589   20.052589 ^ CLK (in)
                                                         CLK (net)
                      0.079747    0.000000   20.052589 ^ clkbuf_0_CLK/A (sky130_fd_sc_hd__clkbuf_16)
    16    0.098607    0.089152    0.128139   20.180729 ^ clkbuf_0_CLK/X (sky130_fd_sc_hd__clkbuf_16)
                                                         clknet_0_CLK (net)
                      0.091856    0.011529   20.192257 ^ clkbuf_4_13_0_CLK/A (sky130_fd_sc_hd__clkbuf_8)
     6    0.018460    0.036503    0.097618   20.289875 ^ clkbuf_4_13_0_CLK/X (sky130_fd_sc_hd__clkbuf_8)
                                                         clknet_4_13_0_CLK (net)
                      0.036538    0.000963   20.290838 ^ _805_/CLK (sky130_fd_sc_hd__dfrtp_2)
                                 -0.250000   20.040838   clock uncertainty
                                  0.030513   20.071352   clock reconvergence pessimism
                                 -0.075098   19.996254   library setup time
                                             19.996254   data required time
---------------------------------------------------------------------------------------------
                                             19.996254   data required time
                                             -0.941903   data arrival time
---------------------------------------------------------------------------------------------
                                             19.054352   slack (MET)


Startpoint: _748_ (rising edge-triggered flip-flop clocked by CLK)
Endpoint: _785_ (rising edge-triggered flip-flop clocked by CLK)
Path Group: CLK
Path Type: max

Fanout         Cap        Slew       Delay        Time   Description
---------------------------------------------------------------------------------------------
                                  0.000000    0.000000   clock CLK (rise edge)
                                  0.000000    0.000000   clock source latency
     1    0.022474    0.079693    0.058125    0.058125 ^ CLK (in)
                                                         CLK (net)
                      0.079747    0.000000    0.058125 ^ clkbuf_0_CLK/A (sky130_fd_sc_hd__clkbuf_16)
    16    0.098607    0.089152    0.141628    0.199752 ^ clkbuf_0_CLK/X (sky130_fd_sc_hd__clkbuf_16)
                                                         clknet_0_CLK (net)
                      0.094007    0.017026    0.216778 ^ clkbuf_4_5_0_CLK/A (sky130_fd_sc_hd__clkbuf_8)
     6    0.020399    0.038735    0.110704    0.327482 ^ clkbuf_4_5_0_CLK/X (sky130_fd_sc_hd__clkbuf_8)
                                                         clknet_4_5_0_CLK (net)
                      0.038783    0.001262    0.328744 ^ _748_/CLK (sky130_fd_sc_hd__dfrtp_2)
     6    0.033951    0.080648    0.312257    0.641001 v _748_/Q (sky130_fd_sc_hd__dfrtp_2)
                                                         hall.hall_a_pipe[1] (net)
                      0.080702    0.002064    0.643065 v _725_/A (sky130_fd_sc_hd__buf_1)
     1    0.002670    0.019117    0.078137    0.721202 v _725_/X (sky130_fd_sc_hd__buf_1)
                                                         _047_ (net)
                      0.019119    0.000190    0.721392 v _785_/D (sky130_fd_sc_hd__dfrtp_2)
                                              0.721392   data arrival time

                                 20.000000   20.000000   clock CLK (rise edge)
                                  0.000000   20.000000   clock source latency
     1    0.022474    0.079693    0.052589   20.052589 ^ CLK (in)
                                                         CLK (net)
                      0.079747    0.000000   20.052589 ^ clkbuf_0_CLK/A (sky130_fd_sc_hd__clkbuf_16)
    16    0.098607    0.089152    0.128139   20.180729 ^ clkbuf_0_CLK/X (sky130_fd_sc_hd__clkbuf_16)
                                                         clknet_0_CLK (net)
                      0.094007    0.015405   20.196133 ^ clkbuf_4_5_0_CLK/A (sky130_fd_sc_hd__clkbuf_8)
     6    0.020399    0.038735    0.100160   20.296293 ^ clkbuf_4_5_0_CLK/X (sky130_fd_sc_hd__clkbuf_8)
                                                         clknet_4_5_0_CLK (net)
                      0.038793    0.001247   20.297541 ^ _785_/CLK (sky130_fd_sc_hd__dfrtp_2)
                                 -0.250000   20.047541   clock uncertainty
                                  0.031189   20.078730   clock reconvergence pessimism
                                 -0.068413   20.010317   library setup time
                                             20.010317   data required time
---------------------------------------------------------------------------------------------
                                             20.010317   data required time
                                             -0.721392   data arrival time
---------------------------------------------------------------------------------------------
                                             19.288925   slack (MET)



