
===========================================================================
report_checks -path_delay max (Setup)
============================================================================
======================= max_ss_100C_1v60 Corner ===================================

Startpoint: _1430_ (rising edge-triggered flip-flop clocked by CLK)
Endpoint: _1401_ (rising edge-triggered flip-flop clocked by CLK)
Path Group: CLK
Path Type: max

Fanout         Cap        Slew       Delay        Time   Description
---------------------------------------------------------------------------------------------
                                  0.000000    0.000000   clock CLK (rise edge)
                                  0.000000    0.000000   clock source latency
     1    0.021247    0.158803    0.114747    0.114747 ^ CLK (in)
                                                         CLK (net)
                      0.158854    0.000000    0.114747 ^ clkbuf_0_CLK/A (sky130_fd_sc_hd__clkbuf_16)
    16    0.110692    0.192001    0.382494    0.497241 ^ clkbuf_0_CLK/X (sky130_fd_sc_hd__clkbuf_16)
                                                         clknet_0_CLK (net)
                      0.192739    0.009312    0.506553 ^ clkbuf_4_5_0_CLK/A (sky130_fd_sc_hd__clkbuf_8)
     6    0.018014    0.078899    0.301863    0.808416 ^ clkbuf_4_5_0_CLK/X (sky130_fd_sc_hd__clkbuf_8)
                                                         clknet_4_5_0_CLK (net)
                      0.078905    0.000749    0.809164 ^ _1430_/CLK (sky130_fd_sc_hd__dfrtp_2)
     1    0.004487    0.082617    0.852155    1.661319 v _1430_/Q (sky130_fd_sc_hd__dfrtp_2)
                                                         duty_active[4] (net)
                      0.082617    0.000349    1.661669 v fanout118/A (sky130_fd_sc_hd__clkdlybuf4s25_1)
     5    0.057254    0.761432    1.036290    2.697959 v fanout118/X (sky130_fd_sc_hd__clkdlybuf4s25_1)
                                                         net118 (net)
                      0.761432    0.000174    2.698133 v fanout111/A (sky130_fd_sc_hd__clkdlybuf4s25_1)
     3    0.017195    0.248327    0.882421    3.580555 v fanout111/X (sky130_fd_sc_hd__clkdlybuf4s25_1)
                                                         net111 (net)
                      0.248329    0.001193    3.581748 v load_slew112/A (sky130_fd_sc_hd__clkbuf_4)
     8    0.042917    0.166499    0.450659    4.032406 v load_slew112/X (sky130_fd_sc_hd__clkbuf_4)
                                                         net112 (net)
                      0.166542    0.002748    4.035155 v fanout110/A (sky130_fd_sc_hd__clkdlybuf4s25_1)
     7    0.038863    0.522770    0.896430    4.931585 v fanout110/X (sky130_fd_sc_hd__clkdlybuf4s25_1)
                                                         net110 (net)
                      0.522780    0.003079    4.934665 v fanout108/A (sky130_fd_sc_hd__clkdlybuf4s25_1)
     4    0.016872    0.244099    0.813523    5.748188 v fanout108/X (sky130_fd_sc_hd__clkdlybuf4s25_1)
                                                         net108 (net)
                      0.244099    0.000086    5.748274 v load_slew109/A (sky130_fd_sc_hd__buf_2)
     7    0.035117    0.169471    0.450806    6.199080 v load_slew109/X (sky130_fd_sc_hd__buf_2)
                                                         net109 (net)
                      0.169573    0.004019    6.203100 v _0699_/A (sky130_fd_sc_hd__inv_2)
     1    0.003363    0.057714    0.111045    6.314145 ^ _0699_/Y (sky130_fd_sc_hd__inv_2)
                                                         _0066_ (net)
                      0.057714    0.000236    6.314381 ^ fanout58/A (sky130_fd_sc_hd__clkdlybuf4s25_1)
     5    0.028142    0.458907    0.773781    7.088162 ^ fanout58/X (sky130_fd_sc_hd__clkdlybuf4s25_1)
                                                         net58 (net)
                      0.458907    0.001231    7.089393 ^ fanout55/A (sky130_fd_sc_hd__clkdlybuf4s25_1)
     7    0.034071    0.550930    1.008455    8.097848 ^ fanout55/X (sky130_fd_sc_hd__clkdlybuf4s25_1)
                                                         net55 (net)
                      0.550936    0.002920    8.100768 ^ fanout52/A (sky130_fd_sc_hd__clkdlybuf4s25_1)
    10    0.052690    0.842458    1.257911    9.358680 ^ fanout52/X (sky130_fd_sc_hd__clkdlybuf4s25_1)
                                                         net52 (net)
                      0.842472    0.004819    9.363499 ^ _1031_/S0 (sky130_fd_sc_hd__mux4_2)
     3    0.010822    0.194693    1.481912   10.845411 v _1031_/X (sky130_fd_sc_hd__mux4_2)
                                                         _0374_ (net)
                      0.194693    0.000664   10.846075 v _1038_/A2 (sky130_fd_sc_hd__o22a_2)
     2    0.007455    0.097498    0.504193   11.350268 v _1038_/X (sky130_fd_sc_hd__o22a_2)
                                                         _0381_ (net)
                      0.097498    0.000477   11.350745 v _1061_/A0 (sky130_fd_sc_hd__mux4_2)
     1    0.003035    0.145198    1.067884   12.418630 v _1061_/X (sky130_fd_sc_hd__mux4_2)
                                                         _0404_ (net)
                      0.145198    0.000111   12.418741 v _1062_/B (sky130_fd_sc_hd__or2_2)
     1    0.002817    0.111295    0.674778   13.093518 v _1062_/X (sky130_fd_sc_hd__or2_2)
                                                         _0405_ (net)
                      0.111295    0.000139   13.093657 v _1068_/A1 (sky130_fd_sc_hd__a21o_2)
     2    0.004945    0.073071    0.393673   13.487329 v _1068_/X (sky130_fd_sc_hd__a21o_2)
                                                         _0411_ (net)
                      0.073071    0.000176   13.487506 v _1070_/C (sky130_fd_sc_hd__and3_2)
     1    0.003634    0.075427    0.458001   13.945506 v _1070_/X (sky130_fd_sc_hd__and3_2)
                                                         _0413_ (net)
                      0.075427    0.000247   13.945753 v _1174_/B1 (sky130_fd_sc_hd__a211o_2)
     1    0.006224    0.100897    0.632264   14.578017 v _1174_/X (sky130_fd_sc_hd__a211o_2)
                                                         _0517_ (net)
                      0.100897    0.000481   14.578499 v _1290_/A1 (sky130_fd_sc_hd__a31oi_2)
     1    0.004807    0.213687    0.250113   14.828611 ^ _1290_/Y (sky130_fd_sc_hd__a31oi_2)
                                                         _0633_ (net)
                      0.213687    0.000318   14.828930 ^ _1295_/A2 (sky130_fd_sc_hd__a31o_2)
     1    0.007102    0.103559    0.418373   15.247302 ^ _1295_/X (sky130_fd_sc_hd__a31o_2)
                                                         _0638_ (net)
                      0.103561    0.000606   15.247909 ^ _1304_/A1 (sky130_fd_sc_hd__a31oi_2)
     4    0.022676    0.350835    0.364926   15.612834 v _1304_/Y (sky130_fd_sc_hd__a31oi_2)
                                                         _0647_ (net)
                      0.350964    0.001712   15.614547 v _1330_/A1 (sky130_fd_sc_hd__o211a_2)
     1    0.004909    0.079925    0.641945   16.256493 v _1330_/X (sky130_fd_sc_hd__o211a_2)
                                                         _0669_ (net)
                      0.079925    0.000391   16.256882 v _1335_/B (sky130_fd_sc_hd__nor3b_2)
     3    0.009866    0.351736    0.404775   16.661657 ^ _1335_/Y (sky130_fd_sc_hd__nor3b_2)
                                                         _0674_ (net)
                      0.351736    0.000403   16.662060 ^ max_cap29/A (sky130_fd_sc_hd__clkbuf_2)
     3    0.018953    0.172303    0.404308   17.066368 ^ max_cap29/X (sky130_fd_sc_hd__clkbuf_2)
                                                         net29 (net)
                      0.172311    0.001426   17.067795 ^ _1349_/A2 (sky130_fd_sc_hd__o31ai_2)
     1    0.002400    0.086211    0.163178   17.230972 v _1349_/Y (sky130_fd_sc_hd__o31ai_2)
                                                         _0027_ (net)
                      0.086212    0.000171   17.231144 v _1401_/D (sky130_fd_sc_hd__dfrtp_2)
                                             17.231144   data arrival time

                                 20.000000   20.000000   clock CLK (rise edge)
                                  0.000000   20.000000   clock source latency
     1    0.021247    0.158803    0.103819   20.103819 ^ CLK (in)
                                                         CLK (net)
                      0.158854    0.000000   20.103819 ^ clkbuf_0_CLK/A (sky130_fd_sc_hd__clkbuf_16)
    16    0.110692    0.192001    0.346065   20.449884 ^ clkbuf_0_CLK/X (sky130_fd_sc_hd__clkbuf_16)
                                                         clknet_0_CLK (net)
                      0.192366    0.005466   20.455351 ^ clkbuf_4_14_0_CLK/A (sky130_fd_sc_hd__clkbuf_8)
     6    0.018935    0.081026    0.274854   20.730204 ^ clkbuf_4_14_0_CLK/X (sky130_fd_sc_hd__clkbuf_8)
                                                         clknet_4_14_0_CLK (net)
                      0.081037    0.000894   20.731098 ^ _1401_/CLK (sky130_fd_sc_hd__dfrtp_2)
                                 -0.250000   20.481098   clock uncertainty
                                  0.047356   20.528454   clock reconvergence pessimism
                                 -0.280439   20.248014   library setup time
                                             20.248014   data required time
---------------------------------------------------------------------------------------------
                                             20.248014   data required time
                                            -17.231144   data arrival time
---------------------------------------------------------------------------------------------
                                              3.016872   slack (MET)


Startpoint: _1430_ (rising edge-triggered flip-flop clocked by CLK)
Endpoint: _1470_ (rising edge-triggered flip-flop clocked by CLK)
Path Group: CLK
Path Type: max

Fanout         Cap        Slew       Delay        Time   Description
---------------------------------------------------------------------------------------------
                                  0.000000    0.000000   clock CLK (rise edge)
                                  0.000000    0.000000   clock source latency
     1    0.021247    0.158803    0.114747    0.114747 ^ CLK (in)
                                                         CLK (net)
                      0.158854    0.000000    0.114747 ^ clkbuf_0_CLK/A (sky130_fd_sc_hd__clkbuf_16)
    16    0.110692    0.192001    0.382494    0.497241 ^ clkbuf_0_CLK/X (sky130_fd_sc_hd__clkbuf_16)
                                                         clknet_0_CLK (net)
                      0.192739    0.009312    0.506553 ^ clkbuf_4_5_0_CLK/A (sky130_fd_sc_hd__clkbuf_8)
     6    0.018014    0.078899    0.301863    0.808416 ^ clkbuf_4_5_0_CLK/X (sky130_fd_sc_hd__clkbuf_8)
                                                         clknet_4_5_0_CLK (net)
                      0.078905    0.000749    0.809164 ^ _1430_/CLK (sky130_fd_sc_hd__dfrtp_2)
     1    0.004487    0.082617    0.852155    1.661319 v _1430_/Q (sky130_fd_sc_hd__dfrtp_2)
                                                         duty_active[4] (net)
                      0.082617    0.000349    1.661669 v fanout118/A (sky130_fd_sc_hd__clkdlybuf4s25_1)
     5    0.057254    0.761432    1.036290    2.697959 v fanout118/X (sky130_fd_sc_hd__clkdlybuf4s25_1)
                                                         net118 (net)
                      0.761432    0.000174    2.698133 v fanout111/A (sky130_fd_sc_hd__clkdlybuf4s25_1)
     3    0.017195    0.248327    0.882421    3.580555 v fanout111/X (sky130_fd_sc_hd__clkdlybuf4s25_1)
                                                         net111 (net)
                      0.248329    0.001193    3.581748 v load_slew112/A (sky130_fd_sc_hd__clkbuf_4)
     8    0.042917    0.166499    0.450659    4.032406 v load_slew112/X (sky130_fd_sc_hd__clkbuf_4)
                                                         net112 (net)
                      0.166542    0.002748    4.035155 v fanout110/A (sky130_fd_sc_hd__clkdlybuf4s25_1)
     7    0.038863    0.522770    0.896430    4.931585 v fanout110/X (sky130_fd_sc_hd__clkdlybuf4s25_1)
                                                         net110 (net)
                      0.522780    0.003079    4.934665 v fanout108/A (sky130_fd_sc_hd__clkdlybuf4s25_1)
     4    0.016872    0.244099    0.813523    5.748188 v fanout108/X (sky130_fd_sc_hd__clkdlybuf4s25_1)
                                                         net108 (net)
                      0.244099    0.000086    5.748274 v load_slew109/A (sky130_fd_sc_hd__buf_2)
     7    0.035117    0.169471    0.450806    6.199080 v load_slew109/X (sky130_fd_sc_hd__buf_2)
                                                         net109 (net)
                      0.169573    0.004019    6.203100 v _0699_/A (sky130_fd_sc_hd__inv_2)
     1    0.003363    0.057714    0.111045    6.314145 ^ _0699_/Y (sky130_fd_sc_hd__inv_2)
                                                         _0066_ (net)
                      0.057714    0.000236    6.314381 ^ fanout58/A (sky130_fd_sc_hd__clkdlybuf4s25_1)
     5    0.028142    0.458907    0.773781    7.088162 ^ fanout58/X (sky130_fd_sc_hd__clkdlybuf4s25_1)
                                                         net58 (net)
                      0.458907    0.001231    7.089393 ^ fanout55/A (sky130_fd_sc_hd__clkdlybuf4s25_1)
     7    0.034071    0.550930    1.008455    8.097848 ^ fanout55/X (sky130_fd_sc_hd__clkdlybuf4s25_1)
                                                         net55 (net)
                      0.550936    0.002920    8.100768 ^ fanout52/A (sky130_fd_sc_hd__clkdlybuf4s25_1)
    10    0.052690    0.842458    1.257911    9.358680 ^ fanout52/X (sky130_fd_sc_hd__clkdlybuf4s25_1)
                                                         net52 (net)
                      0.842472    0.004819    9.363499 ^ _1031_/S0 (sky130_fd_sc_hd__mux4_2)
     3    0.010822    0.194693    1.481912   10.845411 v _1031_/X (sky130_fd_sc_hd__mux4_2)
                                                         _0374_ (net)
                      0.194693    0.000664   10.846075 v _1038_/A2 (sky130_fd_sc_hd__o22a_2)
     2    0.007455    0.097498    0.504193   11.350268 v _1038_/X (sky130_fd_sc_hd__o22a_2)
                                                         _0381_ (net)
                      0.097498    0.000477   11.350745 v _1061_/A0 (sky130_fd_sc_hd__mux4_2)
     1    0.003035    0.145198    1.067884   12.418630 v _1061_/X (sky130_fd_sc_hd__mux4_2)
                                                         _0404_ (net)
                      0.145198    0.000111   12.418741 v _1062_/B (sky130_fd_sc_hd__or2_2)
     1    0.002817    0.111295    0.674778   13.093518 v _1062_/X (sky130_fd_sc_hd__or2_2)
                                                         _0405_ (net)
                      0.111295    0.000139   13.093657 v _1068_/A1 (sky130_fd_sc_hd__a21o_2)
     2    0.004945    0.073071    0.393673   13.487329 v _1068_/X (sky130_fd_sc_hd__a21o_2)
                                                         _0411_ (net)
                      0.073071    0.000176   13.487506 v _1070_/C (sky130_fd_sc_hd__and3_2)
     1    0.003634    0.075427    0.458001   13.945506 v _1070_/X (sky130_fd_sc_hd__and3_2)
                                                         _0413_ (net)
                      0.075427    0.000247   13.945753 v _1174_/B1 (sky130_fd_sc_hd__a211o_2)
     1    0.006224    0.100897    0.632264   14.578017 v _1174_/X (sky130_fd_sc_hd__a211o_2)
                                                         _0517_ (net)
                      0.100897    0.000481   14.578499 v _1290_/A1 (sky130_fd_sc_hd__a31oi_2)
     1    0.004807    0.213687    0.250113   14.828611 ^ _1290_/Y (sky130_fd_sc_hd__a31oi_2)
                                                         _0633_ (net)
                      0.213687    0.000318   14.828930 ^ _1295_/A2 (sky130_fd_sc_hd__a31o_2)
     1    0.007102    0.103559    0.418373   15.247302 ^ _1295_/X (sky130_fd_sc_hd__a31o_2)
                                                         _0638_ (net)
                      0.103561    0.000606   15.247909 ^ _1304_/A1 (sky130_fd_sc_hd__a31oi_2)
     4    0.022676    0.350835    0.364926   15.612834 v _1304_/Y (sky130_fd_sc_hd__a31oi_2)
                                                         _0647_ (net)
                      0.350964    0.001675   15.614510 v _1308_/A1 (sky130_fd_sc_hd__o2111a_2)
     1    0.004600    0.076699    0.632202   16.246712 v _1308_/X (sky130_fd_sc_hd__o2111a_2)
                                                         _0651_ (net)
                      0.076699    0.000361   16.247072 v _1313_/A (sky130_fd_sc_hd__nor2_2)
     5    0.026458    0.486405    0.473710   16.720781 ^ _1313_/Y (sky130_fd_sc_hd__nor2_2)
                                                         _0656_ (net)
                      0.486408    0.001016   16.721798 ^ _1317_/A1 (sky130_fd_sc_hd__o2111a_2)
     1    0.003052    0.086774    0.616851   17.338648 ^ _1317_/X (sky130_fd_sc_hd__o2111a_2)
                                                         _0008_ (net)
                      0.086774    0.000217   17.338865 ^ _1470_/D (sky130_fd_sc_hd__dfrtp_2)
                                             17.338865   data arrival time

                                 20.000000   20.000000   clock CLK (rise edge)
                                  0.000000   20.000000   clock source latency
     1    0.021247    0.158803    0.103819   20.103819 ^ CLK (in)
                                                         CLK (net)
                      0.158854    0.000000   20.103819 ^ clkbuf_0_CLK/A (sky130_fd_sc_hd__clkbuf_16)
    16    0.110692    0.192001    0.346065   20.449884 ^ clkbuf_0_CLK/X (sky130_fd_sc_hd__clkbuf_16)
                                                         clknet_0_CLK (net)
                      0.192290    0.004620   20.454504 ^ clkbuf_4_8_0_CLK/A (sky130_fd_sc_hd__clkbuf_8)
     5    0.014905    0.071897    0.266160   20.720665 ^ clkbuf_4_8_0_CLK/X (sky130_fd_sc_hd__clkbuf_8)
                                                         clknet_4_8_0_CLK (net)
                      0.071947    0.000659   20.721323 ^ _1470_/CLK (sky130_fd_sc_hd__dfrtp_2)
                                 -0.250000   20.471325   clock uncertainty
                                  0.047356   20.518681   clock reconvergence pessimism
                                 -0.142328   20.376354   library setup time
                                             20.376354   data required time
---------------------------------------------------------------------------------------------
                                             20.376354   data required time
                                            -17.338865   data arrival time
---------------------------------------------------------------------------------------------
                                              3.037488   slack (MET)


Startpoint: _1430_ (rising edge-triggered flip-flop clocked by CLK)
Endpoint: _1400_ (rising edge-triggered flip-flop clocked by CLK)
Path Group: CLK
Path Type: max

Fanout         Cap        Slew       Delay        Time   Description
---------------------------------------------------------------------------------------------
                                  0.000000    0.000000   clock CLK (rise edge)
                                  0.000000    0.000000   clock source latency
     1    0.021247    0.158803    0.114747    0.114747 ^ CLK (in)
                                                         CLK (net)
                      0.158854    0.000000    0.114747 ^ clkbuf_0_CLK/A (sky130_fd_sc_hd__clkbuf_16)
    16    0.110692    0.192001    0.382494    0.497241 ^ clkbuf_0_CLK/X (sky130_fd_sc_hd__clkbuf_16)
                                                         clknet_0_CLK (net)
                      0.192739    0.009312    0.506553 ^ clkbuf_4_5_0_CLK/A (sky130_fd_sc_hd__clkbuf_8)
     6    0.018014    0.078899    0.301863    0.808416 ^ clkbuf_4_5_0_CLK/X (sky130_fd_sc_hd__clkbuf_8)
                                                         clknet_4_5_0_CLK (net)
                      0.078905    0.000749    0.809164 ^ _1430_/CLK (sky130_fd_sc_hd__dfrtp_2)
     1    0.004487    0.082617    0.852155    1.661319 v _1430_/Q (sky130_fd_sc_hd__dfrtp_2)
                                                         duty_active[4] (net)
                      0.082617    0.000349    1.661669 v fanout118/A (sky130_fd_sc_hd__clkdlybuf4s25_1)
     5    0.057254    0.761432    1.036290    2.697959 v fanout118/X (sky130_fd_sc_hd__clkdlybuf4s25_1)
                                                         net118 (net)
                      0.761432    0.000174    2.698133 v fanout111/A (sky130_fd_sc_hd__clkdlybuf4s25_1)
     3    0.017195    0.248327    0.882421    3.580555 v fanout111/X (sky130_fd_sc_hd__clkdlybuf4s25_1)
                                                         net111 (net)
                      0.248329    0.001193    3.581748 v load_slew112/A (sky130_fd_sc_hd__clkbuf_4)
     8    0.042917    0.166499    0.450659    4.032406 v load_slew112/X (sky130_fd_sc_hd__clkbuf_4)
                                                         net112 (net)
                      0.166542    0.002748    4.035155 v fanout110/A (sky130_fd_sc_hd__clkdlybuf4s25_1)
     7    0.038863    0.522770    0.896430    4.931585 v fanout110/X (sky130_fd_sc_hd__clkdlybuf4s25_1)
                                                         net110 (net)
                      0.522780    0.003079    4.934665 v fanout108/A (sky130_fd_sc_hd__clkdlybuf4s25_1)
     4    0.016872    0.244099    0.813523    5.748188 v fanout108/X (sky130_fd_sc_hd__clkdlybuf4s25_1)
                                                         net108 (net)
                      0.244099    0.000086    5.748274 v load_slew109/A (sky130_fd_sc_hd__buf_2)
     7    0.035117    0.169471    0.450806    6.199080 v load_slew109/X (sky130_fd_sc_hd__buf_2)
                                                         net109 (net)
                      0.169573    0.004019    6.203100 v _0699_/A (sky130_fd_sc_hd__inv_2)
     1    0.003363    0.057714    0.111045    6.314145 ^ _0699_/Y (sky130_fd_sc_hd__inv_2)
                                                         _0066_ (net)
                      0.057714    0.000236    6.314381 ^ fanout58/A (sky130_fd_sc_hd__clkdlybuf4s25_1)
     5    0.028142    0.458907    0.773781    7.088162 ^ fanout58/X (sky130_fd_sc_hd__clkdlybuf4s25_1)
                                                         net58 (net)
                      0.458907    0.001231    7.089393 ^ fanout55/A (sky130_fd_sc_hd__clkdlybuf4s25_1)
     7    0.034071    0.550930    1.008455    8.097848 ^ fanout55/X (sky130_fd_sc_hd__clkdlybuf4s25_1)
                                                         net55 (net)
                      0.550936    0.002920    8.100768 ^ fanout52/A (sky130_fd_sc_hd__clkdlybuf4s25_1)
    10    0.052690    0.842458    1.257911    9.358680 ^ fanout52/X (sky130_fd_sc_hd__clkdlybuf4s25_1)
                                                         net52 (net)
                      0.842472    0.004819    9.363499 ^ _1031_/S0 (sky130_fd_sc_hd__mux4_2)
     3    0.010822    0.194693    1.481912   10.845411 v _1031_/X (sky130_fd_sc_hd__mux4_2)
                                                         _0374_ (net)
                      0.194693    0.000664   10.846075 v _1038_/A2 (sky130_fd_sc_hd__o22a_2)
     2    0.007455    0.097498    0.504193   11.350268 v _1038_/X (sky130_fd_sc_hd__o22a_2)
                                                         _0381_ (net)
                      0.097498    0.000477   11.350745 v _1061_/A0 (sky130_fd_sc_hd__mux4_2)
     1    0.003035    0.145198    1.067884   12.418630 v _1061_/X (sky130_fd_sc_hd__mux4_2)
                                                         _0404_ (net)
                      0.145198    0.000111   12.418741 v _1062_/B (sky130_fd_sc_hd__or2_2)
     1    0.002817    0.111295    0.674778   13.093518 v _1062_/X (sky130_fd_sc_hd__or2_2)
                                                         _0405_ (net)
                      0.111295    0.000139   13.093657 v _1068_/A1 (sky130_fd_sc_hd__a21o_2)
     2    0.004945    0.073071    0.393673   13.487329 v _1068_/X (sky130_fd_sc_hd__a21o_2)
                                                         _0411_ (net)
                      0.073071    0.000176   13.487506 v _1070_/C (sky130_fd_sc_hd__and3_2)
     1    0.003634    0.075427    0.458001   13.945506 v _1070_/X (sky130_fd_sc_hd__and3_2)
                                                         _0413_ (net)
                      0.075427    0.000247   13.945753 v _1174_/B1 (sky130_fd_sc_hd__a211o_2)
     1    0.006224    0.100897    0.632264   14.578017 v _1174_/X (sky130_fd_sc_hd__a211o_2)
                                                         _0517_ (net)
                      0.100897    0.000481   14.578499 v _1290_/A1 (sky130_fd_sc_hd__a31oi_2)
     1    0.004807    0.213687    0.250113   14.828611 ^ _1290_/Y (sky130_fd_sc_hd__a31oi_2)
                                                         _0633_ (net)
                      0.213687    0.000318   14.828930 ^ _1295_/A2 (sky130_fd_sc_hd__a31o_2)
     1    0.007102    0.103559    0.418373   15.247302 ^ _1295_/X (sky130_fd_sc_hd__a31o_2)
                                                         _0638_ (net)
                      0.103561    0.000606   15.247909 ^ _1304_/A1 (sky130_fd_sc_hd__a31oi_2)
     4    0.022676    0.350835    0.364926   15.612834 v _1304_/Y (sky130_fd_sc_hd__a31oi_2)
                                                         _0647_ (net)
                      0.350964    0.001712   15.614547 v _1330_/A1 (sky130_fd_sc_hd__o211a_2)
     1    0.004909    0.079925    0.641945   16.256493 v _1330_/X (sky130_fd_sc_hd__o211a_2)
                                                         _0669_ (net)
                      0.079925    0.000391   16.256882 v _1335_/B (sky130_fd_sc_hd__nor3b_2)
     3    0.009866    0.351736    0.404775   16.661657 ^ _1335_/Y (sky130_fd_sc_hd__nor3b_2)
                                                         _0674_ (net)
                      0.351736    0.000403   16.662060 ^ max_cap29/A (sky130_fd_sc_hd__clkbuf_2)
     3    0.018953    0.172303    0.404308   17.066368 ^ max_cap29/X (sky130_fd_sc_hd__clkbuf_2)
                                                         net29 (net)
                      0.172308    0.001206   17.067575 ^ _1347_/B1 (sky130_fd_sc_hd__a21oi_2)
     1    0.004613    0.080032    0.102570   17.170145 v _1347_/Y (sky130_fd_sc_hd__a21oi_2)
                                                         _0026_ (net)
                      0.080035    0.000341   17.170486 v _1400_/D (sky130_fd_sc_hd__dfrtp_2)
                                             17.170486   data arrival time

                                 20.000000   20.000000   clock CLK (rise edge)
                                  0.000000   20.000000   clock source latency
     1    0.021247    0.158803    0.103819   20.103819 ^ CLK (in)
                                                         CLK (net)
                      0.158854    0.000000   20.103819 ^ clkbuf_0_CLK/A (sky130_fd_sc_hd__clkbuf_16)
    16    0.110692    0.192001    0.346065   20.449884 ^ clkbuf_0_CLK/X (sky130_fd_sc_hd__clkbuf_16)
                                                         clknet_0_CLK (net)
                      0.192352    0.005322   20.455206 ^ clkbuf_4_15_0_CLK/A (sky130_fd_sc_hd__clkbuf_8)
     6    0.015922    0.074184    0.268376   20.723581 ^ clkbuf_4_15_0_CLK/X (sky130_fd_sc_hd__clkbuf_8)
                                                         clknet_4_15_0_CLK (net)
                      0.074195    0.000790   20.724373 ^ _1400_/CLK (sky130_fd_sc_hd__dfrtp_2)
                                 -0.250000   20.474373   clock uncertainty
                                  0.047356   20.521729   clock reconvergence pessimism
                                 -0.279683   20.242046   library setup time
                                             20.242046   data required time
---------------------------------------------------------------------------------------------
                                             20.242046   data required time
                                            -17.170486   data arrival time
---------------------------------------------------------------------------------------------
                                              3.071561   slack (MET)


Startpoint: _1430_ (rising edge-triggered flip-flop clocked by CLK)
Endpoint: _1397_ (rising edge-triggered flip-flop clocked by CLK)
Path Group: CLK
Path Type: max

Fanout         Cap        Slew       Delay        Time   Description
---------------------------------------------------------------------------------------------
                                  0.000000    0.000000   clock CLK (rise edge)
                                  0.000000    0.000000   clock source latency
     1    0.021247    0.158803    0.114747    0.114747 ^ CLK (in)
                                                         CLK (net)
                      0.158854    0.000000    0.114747 ^ clkbuf_0_CLK/A (sky130_fd_sc_hd__clkbuf_16)
    16    0.110692    0.192001    0.382494    0.497241 ^ clkbuf_0_CLK/X (sky130_fd_sc_hd__clkbuf_16)
                                                         clknet_0_CLK (net)
                      0.192739    0.009312    0.506553 ^ clkbuf_4_5_0_CLK/A (sky130_fd_sc_hd__clkbuf_8)
     6    0.018014    0.078899    0.301863    0.808416 ^ clkbuf_4_5_0_CLK/X (sky130_fd_sc_hd__clkbuf_8)
                                                         clknet_4_5_0_CLK (net)
                      0.078905    0.000749    0.809164 ^ _1430_/CLK (sky130_fd_sc_hd__dfrtp_2)
     1    0.004487    0.082617    0.852155    1.661319 v _1430_/Q (sky130_fd_sc_hd__dfrtp_2)
                                                         duty_active[4] (net)
                      0.082617    0.000349    1.661669 v fanout118/A (sky130_fd_sc_hd__clkdlybuf4s25_1)
     5    0.057254    0.761432    1.036290    2.697959 v fanout118/X (sky130_fd_sc_hd__clkdlybuf4s25_1)
                                                         net118 (net)
                      0.761432    0.000174    2.698133 v fanout111/A (sky130_fd_sc_hd__clkdlybuf4s25_1)
     3    0.017195    0.248327    0.882421    3.580555 v fanout111/X (sky130_fd_sc_hd__clkdlybuf4s25_1)
                                                         net111 (net)
                      0.248329    0.001193    3.581748 v load_slew112/A (sky130_fd_sc_hd__clkbuf_4)
     8    0.042917    0.166499    0.450659    4.032406 v load_slew112/X (sky130_fd_sc_hd__clkbuf_4)
                                                         net112 (net)
                      0.166542    0.002748    4.035155 v fanout110/A (sky130_fd_sc_hd__clkdlybuf4s25_1)
     7    0.038863    0.522770    0.896430    4.931585 v fanout110/X (sky130_fd_sc_hd__clkdlybuf4s25_1)
                                                         net110 (net)
                      0.522780    0.003079    4.934665 v fanout108/A (sky130_fd_sc_hd__clkdlybuf4s25_1)
     4    0.016872    0.244099    0.813523    5.748188 v fanout108/X (sky130_fd_sc_hd__clkdlybuf4s25_1)
                                                         net108 (net)
                      0.244099    0.000086    5.748274 v load_slew109/A (sky130_fd_sc_hd__buf_2)
     7    0.035117    0.169471    0.450806    6.199080 v load_slew109/X (sky130_fd_sc_hd__buf_2)
                                                         net109 (net)
                      0.169573    0.004019    6.203100 v _0699_/A (sky130_fd_sc_hd__inv_2)
     1    0.003363    0.057714    0.111045    6.314145 ^ _0699_/Y (sky130_fd_sc_hd__inv_2)
                                                         _0066_ (net)
                      0.057714    0.000236    6.314381 ^ fanout58/A (sky130_fd_sc_hd__clkdlybuf4s25_1)
     5    0.028142    0.458907    0.773781    7.088162 ^ fanout58/X (sky130_fd_sc_hd__clkdlybuf4s25_1)
                                                         net58 (net)
                      0.458907    0.001231    7.089393 ^ fanout55/A (sky130_fd_sc_hd__clkdlybuf4s25_1)
     7    0.034071    0.550930    1.008455    8.097848 ^ fanout55/X (sky130_fd_sc_hd__clkdlybuf4s25_1)
                                                         net55 (net)
                      0.550936    0.002920    8.100768 ^ fanout52/A (sky130_fd_sc_hd__clkdlybuf4s25_1)
    10    0.052690    0.842458    1.257911    9.358680 ^ fanout52/X (sky130_fd_sc_hd__clkdlybuf4s25_1)
                                                         net52 (net)
                      0.842472    0.004819    9.363499 ^ _1031_/S0 (sky130_fd_sc_hd__mux4_2)
     3    0.010822    0.194693    1.481912   10.845411 v _1031_/X (sky130_fd_sc_hd__mux4_2)
                                                         _0374_ (net)
                      0.194693    0.000664   10.846075 v _1038_/A2 (sky130_fd_sc_hd__o22a_2)
     2    0.007455    0.097498    0.504193   11.350268 v _1038_/X (sky130_fd_sc_hd__o22a_2)
                                                         _0381_ (net)
                      0.097498    0.000477   11.350745 v _1061_/A0 (sky130_fd_sc_hd__mux4_2)
     1    0.003035    0.145198    1.067884   12.418630 v _1061_/X (sky130_fd_sc_hd__mux4_2)
                                                         _0404_ (net)
                      0.145198    0.000111   12.418741 v _1062_/B (sky130_fd_sc_hd__or2_2)
     1    0.002817    0.111295    0.674778   13.093518 v _1062_/X (sky130_fd_sc_hd__or2_2)
                                                         _0405_ (net)
                      0.111295    0.000139   13.093657 v _1068_/A1 (sky130_fd_sc_hd__a21o_2)
     2    0.004945    0.073071    0.393673   13.487329 v _1068_/X (sky130_fd_sc_hd__a21o_2)
                                                         _0411_ (net)
                      0.073071    0.000176   13.487506 v _1070_/C (sky130_fd_sc_hd__and3_2)
     1    0.003634    0.075427    0.458001   13.945506 v _1070_/X (sky130_fd_sc_hd__and3_2)
                                                         _0413_ (net)
                      0.075427    0.000247   13.945753 v _1174_/B1 (sky130_fd_sc_hd__a211o_2)
     1    0.006224    0.100897    0.632264   14.578017 v _1174_/X (sky130_fd_sc_hd__a211o_2)
                                                         _0517_ (net)
                      0.100897    0.000481   14.578499 v _1290_/A1 (sky130_fd_sc_hd__a31oi_2)
     1    0.004807    0.213687    0.250113   14.828611 ^ _1290_/Y (sky130_fd_sc_hd__a31oi_2)
                                                         _0633_ (net)
                      0.213687    0.000318   14.828930 ^ _1295_/A2 (sky130_fd_sc_hd__a31o_2)
     1    0.007102    0.103559    0.418373   15.247302 ^ _1295_/X (sky130_fd_sc_hd__a31o_2)
                                                         _0638_ (net)
                      0.103561    0.000606   15.247909 ^ _1304_/A1 (sky130_fd_sc_hd__a31oi_2)
     4    0.022676    0.350835    0.364926   15.612834 v _1304_/Y (sky130_fd_sc_hd__a31oi_2)
                                                         _0647_ (net)
                      0.350964    0.001712   15.614547 v _1330_/A1 (sky130_fd_sc_hd__o211a_2)
     1    0.004909    0.079925    0.641945   16.256493 v _1330_/X (sky130_fd_sc_hd__o211a_2)
                                                         _0669_ (net)
                      0.079925    0.000391   16.256882 v _1335_/B (sky130_fd_sc_hd__nor3b_2)
     3    0.009866    0.351736    0.404775   16.661657 ^ _1335_/Y (sky130_fd_sc_hd__nor3b_2)
                                                         _0674_ (net)
                      0.351736    0.000403   16.662060 ^ max_cap29/A (sky130_fd_sc_hd__clkbuf_2)
     3    0.018953    0.172303    0.404308   17.066368 ^ max_cap29/X (sky130_fd_sc_hd__clkbuf_2)
                                                         net29 (net)
                      0.172306    0.001068   17.067436 ^ _1339_/B (sky130_fd_sc_hd__nor2_2)
     1    0.004126    0.057054    0.102913   17.170349 v _1339_/Y (sky130_fd_sc_hd__nor2_2)
                                                         _0023_ (net)
                      0.057054    0.000227   17.170576 v _1397_/D (sky130_fd_sc_hd__dfrtp_2)
                                             17.170576   data arrival time

                                 20.000000   20.000000   clock CLK (rise edge)
                                  0.000000   20.000000   clock source latency
     1    0.021247    0.158803    0.103819   20.103819 ^ CLK (in)
                                                         CLK (net)
                      0.158854    0.000000   20.103819 ^ clkbuf_0_CLK/A (sky130_fd_sc_hd__clkbuf_16)
    16    0.110692    0.192001    0.346065   20.449884 ^ clkbuf_0_CLK/X (sky130_fd_sc_hd__clkbuf_16)
                                                         clknet_0_CLK (net)
                      0.192352    0.005322   20.455206 ^ clkbuf_4_15_0_CLK/A (sky130_fd_sc_hd__clkbuf_8)
     6    0.015922    0.074184    0.268376   20.723581 ^ clkbuf_4_15_0_CLK/X (sky130_fd_sc_hd__clkbuf_8)
                                                         clknet_4_15_0_CLK (net)
                      0.074190    0.000661   20.724243 ^ _1397_/CLK (sky130_fd_sc_hd__dfrtp_2)
                                 -0.250000   20.474243   clock uncertainty
                                  0.047356   20.521599   clock reconvergence pessimism
                                 -0.270083   20.251516   library setup time
                                             20.251516   data required time
---------------------------------------------------------------------------------------------
                                             20.251516   data required time
                                            -17.170576   data arrival time
---------------------------------------------------------------------------------------------
                                              3.080940   slack (MET)


Startpoint: _1430_ (rising edge-triggered flip-flop clocked by CLK)
Endpoint: _1472_ (rising edge-triggered flip-flop clocked by CLK)
Path Group: CLK
Path Type: max

Fanout         Cap        Slew       Delay        Time   Description
---------------------------------------------------------------------------------------------
                                  0.000000    0.000000   clock CLK (rise edge)
                                  0.000000    0.000000   clock source latency
     1    0.021247    0.158803    0.114747    0.114747 ^ CLK (in)
                                                         CLK (net)
                      0.158854    0.000000    0.114747 ^ clkbuf_0_CLK/A (sky130_fd_sc_hd__clkbuf_16)
    16    0.110692    0.192001    0.382494    0.497241 ^ clkbuf_0_CLK/X (sky130_fd_sc_hd__clkbuf_16)
                                                         clknet_0_CLK (net)
                      0.192739    0.009312    0.506553 ^ clkbuf_4_5_0_CLK/A (sky130_fd_sc_hd__clkbuf_8)
     6    0.018014    0.078899    0.301863    0.808416 ^ clkbuf_4_5_0_CLK/X (sky130_fd_sc_hd__clkbuf_8)
                                                         clknet_4_5_0_CLK (net)
                      0.078905    0.000749    0.809164 ^ _1430_/CLK (sky130_fd_sc_hd__dfrtp_2)
     1    0.004487    0.082617    0.852155    1.661319 v _1430_/Q (sky130_fd_sc_hd__dfrtp_2)
                                                         duty_active[4] (net)
                      0.082617    0.000349    1.661669 v fanout118/A (sky130_fd_sc_hd__clkdlybuf4s25_1)
     5    0.057254    0.761432    1.036290    2.697959 v fanout118/X (sky130_fd_sc_hd__clkdlybuf4s25_1)
                                                         net118 (net)
                      0.761432    0.000174    2.698133 v fanout111/A (sky130_fd_sc_hd__clkdlybuf4s25_1)
     3    0.017195    0.248327    0.882421    3.580555 v fanout111/X (sky130_fd_sc_hd__clkdlybuf4s25_1)
                                                         net111 (net)
                      0.248329    0.001193    3.581748 v load_slew112/A (sky130_fd_sc_hd__clkbuf_4)
     8    0.042917    0.166499    0.450659    4.032406 v load_slew112/X (sky130_fd_sc_hd__clkbuf_4)
                                                         net112 (net)
                      0.166542    0.002748    4.035155 v fanout110/A (sky130_fd_sc_hd__clkdlybuf4s25_1)
     7    0.038863    0.522770    0.896430    4.931585 v fanout110/X (sky130_fd_sc_hd__clkdlybuf4s25_1)
                                                         net110 (net)
                      0.522780    0.003079    4.934665 v fanout108/A (sky130_fd_sc_hd__clkdlybuf4s25_1)
     4    0.016872    0.244099    0.813523    5.748188 v fanout108/X (sky130_fd_sc_hd__clkdlybuf4s25_1)
                                                         net108 (net)
                      0.244099    0.000086    5.748274 v load_slew109/A (sky130_fd_sc_hd__buf_2)
     7    0.035117    0.169471    0.450806    6.199080 v load_slew109/X (sky130_fd_sc_hd__buf_2)
                                                         net109 (net)
                      0.169573    0.004019    6.203100 v _0699_/A (sky130_fd_sc_hd__inv_2)
     1    0.003363    0.057714    0.111045    6.314145 ^ _0699_/Y (sky130_fd_sc_hd__inv_2)
                                                         _0066_ (net)
                      0.057714    0.000236    6.314381 ^ fanout58/A (sky130_fd_sc_hd__clkdlybuf4s25_1)
     5    0.028142    0.458907    0.773781    7.088162 ^ fanout58/X (sky130_fd_sc_hd__clkdlybuf4s25_1)
                                                         net58 (net)
                      0.458907    0.001231    7.089393 ^ fanout55/A (sky130_fd_sc_hd__clkdlybuf4s25_1)
     7    0.034071    0.550930    1.008455    8.097848 ^ fanout55/X (sky130_fd_sc_hd__clkdlybuf4s25_1)
                                                         net55 (net)
                      0.550936    0.002920    8.100768 ^ fanout52/A (sky130_fd_sc_hd__clkdlybuf4s25_1)
    10    0.052690    0.842458    1.257911    9.358680 ^ fanout52/X (sky130_fd_sc_hd__clkdlybuf4s25_1)
                                                         net52 (net)
                      0.842472    0.004819    9.363499 ^ _1031_/S0 (sky130_fd_sc_hd__mux4_2)
     3    0.010822    0.194693    1.481912   10.845411 v _1031_/X (sky130_fd_sc_hd__mux4_2)
                                                         _0374_ (net)
                      0.194693    0.000664   10.846075 v _1038_/A2 (sky130_fd_sc_hd__o22a_2)
     2    0.007455    0.097498    0.504193   11.350268 v _1038_/X (sky130_fd_sc_hd__o22a_2)
                                                         _0381_ (net)
                      0.097498    0.000477   11.350745 v _1061_/A0 (sky130_fd_sc_hd__mux4_2)
     1    0.003035    0.145198    1.067884   12.418630 v _1061_/X (sky130_fd_sc_hd__mux4_2)
                                                         _0404_ (net)
                      0.145198    0.000111   12.418741 v _1062_/B (sky130_fd_sc_hd__or2_2)
     1    0.002817    0.111295    0.674778   13.093518 v _1062_/X (sky130_fd_sc_hd__or2_2)
                                                         _0405_ (net)
                      0.111295    0.000139   13.093657 v _1068_/A1 (sky130_fd_sc_hd__a21o_2)
     2    0.004945    0.073071    0.393673   13.487329 v _1068_/X (sky130_fd_sc_hd__a21o_2)
                                                         _0411_ (net)
                      0.073071    0.000176   13.487506 v _1070_/C (sky130_fd_sc_hd__and3_2)
     1    0.003634    0.075427    0.458001   13.945506 v _1070_/X (sky130_fd_sc_hd__and3_2)
                                                         _0413_ (net)
                      0.075427    0.000247   13.945753 v _1174_/B1 (sky130_fd_sc_hd__a211o_2)
     1    0.006224    0.100897    0.632264   14.578017 v _1174_/X (sky130_fd_sc_hd__a211o_2)
                                                         _0517_ (net)
                      0.100897    0.000481   14.578499 v _1290_/A1 (sky130_fd_sc_hd__a31oi_2)
     1    0.004807    0.213687    0.250113   14.828611 ^ _1290_/Y (sky130_fd_sc_hd__a31oi_2)
                                                         _0633_ (net)
                      0.213687    0.000318   14.828930 ^ _1295_/A2 (sky130_fd_sc_hd__a31o_2)
     1    0.007102    0.103559    0.418373   15.247302 ^ _1295_/X (sky130_fd_sc_hd__a31o_2)
                                                         _0638_ (net)
                      0.103561    0.000606   15.247909 ^ _1304_/A1 (sky130_fd_sc_hd__a31oi_2)
     4    0.022676    0.350835    0.364926   15.612834 v _1304_/Y (sky130_fd_sc_hd__a31oi_2)
                                                         _0647_ (net)
                      0.350966    0.001799   15.614634 v _1319_/A1 (sky130_fd_sc_hd__o211a_2)
     1    0.004625    0.078322    0.639282   16.253916 v _1319_/X (sky130_fd_sc_hd__o211a_2)
                                                         _0660_ (net)
                      0.078322    0.000361   16.254276 v _1324_/A (sky130_fd_sc_hd__nor2_2)
     5    0.027704    0.507336    0.490052   16.744329 ^ _1324_/Y (sky130_fd_sc_hd__nor2_2)
                                                         _0665_ (net)
                      0.507340    0.001315   16.745644 ^ _1328_/A1 (sky130_fd_sc_hd__o211a_2)
     1    0.003506    0.084395    0.543839   17.289482 ^ _1328_/X (sky130_fd_sc_hd__o211a_2)
                                                         _0006_ (net)
                      0.084395    0.000227   17.289709 ^ _1472_/D (sky130_fd_sc_hd__dfrtp_2)
                                             17.289709   data arrival time

                                 20.000000   20.000000   clock CLK (rise edge)
                                  0.000000   20.000000   clock source latency
     1    0.021247    0.158803    0.103819   20.103819 ^ CLK (in)
                                                         CLK (net)
                      0.158854    0.000000   20.103819 ^ clkbuf_0_CLK/A (sky130_fd_sc_hd__clkbuf_16)
    16    0.110692    0.192001    0.346065   20.449884 ^ clkbuf_0_CLK/X (sky130_fd_sc_hd__clkbuf_16)
                                                         clknet_0_CLK (net)
                      0.192394    0.005747   20.455631 ^ clkbuf_4_10_0_CLK/A (sky130_fd_sc_hd__clkbuf_8)
     6    0.018696    0.080479    0.274319   20.729950 ^ clkbuf_4_10_0_CLK/X (sky130_fd_sc_hd__clkbuf_8)
                                                         clknet_4_10_0_CLK (net)
                      0.080488    0.000835   20.730785 ^ _1472_/CLK (sky130_fd_sc_hd__dfrtp_2)
                                 -0.250000   20.480785   clock uncertainty
                                  0.047356   20.528141   clock reconvergence pessimism
                                 -0.140213   20.387928   library setup time
                                             20.387928   data required time
---------------------------------------------------------------------------------------------
                                             20.387928   data required time
                                            -17.289709   data arrival time
---------------------------------------------------------------------------------------------
                                              3.098219   slack (MET)


Startpoint: _1430_ (rising edge-triggered flip-flop clocked by CLK)
Endpoint: _1473_ (rising edge-triggered flip-flop clocked by CLK)
Path Group: CLK
Path Type: max

Fanout         Cap        Slew       Delay        Time   Description
---------------------------------------------------------------------------------------------
                                  0.000000    0.000000   clock CLK (rise edge)
                                  0.000000    0.000000   clock source latency
     1    0.021247    0.158803    0.114747    0.114747 ^ CLK (in)
                                                         CLK (net)
                      0.158854    0.000000    0.114747 ^ clkbuf_0_CLK/A (sky130_fd_sc_hd__clkbuf_16)
    16    0.110692    0.192001    0.382494    0.497241 ^ clkbuf_0_CLK/X (sky130_fd_sc_hd__clkbuf_16)
                                                         clknet_0_CLK (net)
                      0.192739    0.009312    0.506553 ^ clkbuf_4_5_0_CLK/A (sky130_fd_sc_hd__clkbuf_8)
     6    0.018014    0.078899    0.301863    0.808416 ^ clkbuf_4_5_0_CLK/X (sky130_fd_sc_hd__clkbuf_8)
                                                         clknet_4_5_0_CLK (net)
                      0.078905    0.000749    0.809164 ^ _1430_/CLK (sky130_fd_sc_hd__dfrtp_2)
     1    0.004487    0.082617    0.852155    1.661319 v _1430_/Q (sky130_fd_sc_hd__dfrtp_2)
                                                         duty_active[4] (net)
                      0.082617    0.000349    1.661669 v fanout118/A (sky130_fd_sc_hd__clkdlybuf4s25_1)
     5    0.057254    0.761432    1.036290    2.697959 v fanout118/X (sky130_fd_sc_hd__clkdlybuf4s25_1)
                                                         net118 (net)
                      0.761432    0.000174    2.698133 v fanout111/A (sky130_fd_sc_hd__clkdlybuf4s25_1)
     3    0.017195    0.248327    0.882421    3.580555 v fanout111/X (sky130_fd_sc_hd__clkdlybuf4s25_1)
                                                         net111 (net)
                      0.248329    0.001193    3.581748 v load_slew112/A (sky130_fd_sc_hd__clkbuf_4)
     8    0.042917    0.166499    0.450659    4.032406 v load_slew112/X (sky130_fd_sc_hd__clkbuf_4)
                                                         net112 (net)
                      0.166542    0.002748    4.035155 v fanout110/A (sky130_fd_sc_hd__clkdlybuf4s25_1)
     7    0.038863    0.522770    0.896430    4.931585 v fanout110/X (sky130_fd_sc_hd__clkdlybuf4s25_1)
                                                         net110 (net)
                      0.522780    0.003079    4.934665 v fanout108/A (sky130_fd_sc_hd__clkdlybuf4s25_1)
     4    0.016872    0.244099    0.813523    5.748188 v fanout108/X (sky130_fd_sc_hd__clkdlybuf4s25_1)
                                                         net108 (net)
                      0.244099    0.000086    5.748274 v load_slew109/A (sky130_fd_sc_hd__buf_2)
     7    0.035117    0.169471    0.450806    6.199080 v load_slew109/X (sky130_fd_sc_hd__buf_2)
                                                         net109 (net)
                      0.169573    0.004019    6.203100 v _0699_/A (sky130_fd_sc_hd__inv_2)
     1    0.003363    0.057714    0.111045    6.314145 ^ _0699_/Y (sky130_fd_sc_hd__inv_2)
                                                         _0066_ (net)
                      0.057714    0.000236    6.314381 ^ fanout58/A (sky130_fd_sc_hd__clkdlybuf4s25_1)
     5    0.028142    0.458907    0.773781    7.088162 ^ fanout58/X (sky130_fd_sc_hd__clkdlybuf4s25_1)
                                                         net58 (net)
                      0.458907    0.001231    7.089393 ^ fanout55/A (sky130_fd_sc_hd__clkdlybuf4s25_1)
     7    0.034071    0.550930    1.008455    8.097848 ^ fanout55/X (sky130_fd_sc_hd__clkdlybuf4s25_1)
                                                         net55 (net)
                      0.550936    0.002920    8.100768 ^ fanout52/A (sky130_fd_sc_hd__clkdlybuf4s25_1)
    10    0.052690    0.842458    1.257911    9.358680 ^ fanout52/X (sky130_fd_sc_hd__clkdlybuf4s25_1)
                                                         net52 (net)
                      0.842472    0.004819    9.363499 ^ _1031_/S0 (sky130_fd_sc_hd__mux4_2)
     3    0.010822    0.194693    1.481912   10.845411 v _1031_/X (sky130_fd_sc_hd__mux4_2)
                                                         _0374_ (net)
                      0.194693    0.000664   10.846075 v _1038_/A2 (sky130_fd_sc_hd__o22a_2)
     2    0.007455    0.097498    0.504193   11.350268 v _1038_/X (sky130_fd_sc_hd__o22a_2)
                                                         _0381_ (net)
                      0.097498    0.000477   11.350745 v _1061_/A0 (sky130_fd_sc_hd__mux4_2)
     1    0.003035    0.145198    1.067884   12.418630 v _1061_/X (sky130_fd_sc_hd__mux4_2)
                                                         _0404_ (net)
                      0.145198    0.000111   12.418741 v _1062_/B (sky130_fd_sc_hd__or2_2)
     1    0.002817    0.111295    0.674778   13.093518 v _1062_/X (sky130_fd_sc_hd__or2_2)
                                                         _0405_ (net)
                      0.111295    0.000139   13.093657 v _1068_/A1 (sky130_fd_sc_hd__a21o_2)
     2    0.004945    0.073071    0.393673   13.487329 v _1068_/X (sky130_fd_sc_hd__a21o_2)
                                                         _0411_ (net)
                      0.073071    0.000176   13.487506 v _1070_/C (sky130_fd_sc_hd__and3_2)
     1    0.003634    0.075427    0.458001   13.945506 v _1070_/X (sky130_fd_sc_hd__and3_2)
                                                         _0413_ (net)
                      0.075427    0.000247   13.945753 v _1174_/B1 (sky130_fd_sc_hd__a211o_2)
     1    0.006224    0.100897    0.632264   14.578017 v _1174_/X (sky130_fd_sc_hd__a211o_2)
                                                         _0517_ (net)
                      0.100897    0.000481   14.578499 v _1290_/A1 (sky130_fd_sc_hd__a31oi_2)
     1    0.004807    0.213687    0.250113   14.828611 ^ _1290_/Y (sky130_fd_sc_hd__a31oi_2)
                                                         _0633_ (net)
                      0.213687    0.000318   14.828930 ^ _1295_/A2 (sky130_fd_sc_hd__a31o_2)
     1    0.007102    0.103559    0.418373   15.247302 ^ _1295_/X (sky130_fd_sc_hd__a31o_2)
                                                         _0638_ (net)
                      0.103561    0.000606   15.247909 ^ _1304_/A1 (sky130_fd_sc_hd__a31oi_2)
     4    0.022676    0.350835    0.364926   15.612834 v _1304_/Y (sky130_fd_sc_hd__a31oi_2)
                                                         _0647_ (net)
                      0.350966    0.001799   15.614634 v _1319_/A1 (sky130_fd_sc_hd__o211a_2)
     1    0.004625    0.078322    0.639282   16.253916 v _1319_/X (sky130_fd_sc_hd__o211a_2)
                                                         _0660_ (net)
                      0.078322    0.000361   16.254276 v _1324_/A (sky130_fd_sc_hd__nor2_2)
     5    0.027704    0.507336    0.490052   16.744329 ^ _1324_/Y (sky130_fd_sc_hd__nor2_2)
                                                         _0665_ (net)
                      0.507341    0.001483   16.745811 ^ _1327_/A1 (sky130_fd_sc_hd__o211a_2)
     1    0.003484    0.084227    0.543585   17.289396 ^ _1327_/X (sky130_fd_sc_hd__o211a_2)
                                                         _0007_ (net)
                      0.084227    0.000240   17.289637 ^ _1473_/D (sky130_fd_sc_hd__dfrtp_2)
                                             17.289637   data arrival time

                                 20.000000   20.000000   clock CLK (rise edge)
                                  0.000000   20.000000   clock source latency
     1    0.021247    0.158803    0.103819   20.103819 ^ CLK (in)
                                                         CLK (net)
                      0.158854    0.000000   20.103819 ^ clkbuf_0_CLK/A (sky130_fd_sc_hd__clkbuf_16)
    16    0.110692    0.192001    0.346065   20.449884 ^ clkbuf_0_CLK/X (sky130_fd_sc_hd__clkbuf_16)
                                                         clknet_0_CLK (net)
                      0.192394    0.005747   20.455631 ^ clkbuf_4_10_0_CLK/A (sky130_fd_sc_hd__clkbuf_8)
     6    0.018696    0.080479    0.274319   20.729950 ^ clkbuf_4_10_0_CLK/X (sky130_fd_sc_hd__clkbuf_8)
                                                         clknet_4_10_0_CLK (net)
                      0.080487    0.000803   20.730753 ^ _1473_/CLK (sky130_fd_sc_hd__dfrtp_2)
                                 -0.250000   20.480753   clock uncertainty
                                  0.047356   20.528111   clock reconvergence pessimism
                                 -0.140171   20.387939   library setup time
                                             20.387939   data required time
---------------------------------------------------------------------------------------------
                                             20.387939   data required time
                                            -17.289637   data arrival time
---------------------------------------------------------------------------------------------
                                              3.098302   slack (MET)


Startpoint: _1430_ (rising edge-triggered flip-flop clocked by CLK)
Endpoint: _1471_ (rising edge-triggered flip-flop clocked by CLK)
Path Group: CLK
Path Type: max

Fanout         Cap        Slew       Delay        Time   Description
---------------------------------------------------------------------------------------------
                                  0.000000    0.000000   clock CLK (rise edge)
                                  0.000000    0.000000   clock source latency
     1    0.021247    0.158803    0.114747    0.114747 ^ CLK (in)
                                                         CLK (net)
                      0.158854    0.000000    0.114747 ^ clkbuf_0_CLK/A (sky130_fd_sc_hd__clkbuf_16)
    16    0.110692    0.192001    0.382494    0.497241 ^ clkbuf_0_CLK/X (sky130_fd_sc_hd__clkbuf_16)
                                                         clknet_0_CLK (net)
                      0.192739    0.009312    0.506553 ^ clkbuf_4_5_0_CLK/A (sky130_fd_sc_hd__clkbuf_8)
     6    0.018014    0.078899    0.301863    0.808416 ^ clkbuf_4_5_0_CLK/X (sky130_fd_sc_hd__clkbuf_8)
                                                         clknet_4_5_0_CLK (net)
                      0.078905    0.000749    0.809164 ^ _1430_/CLK (sky130_fd_sc_hd__dfrtp_2)
     1    0.004487    0.082617    0.852155    1.661319 v _1430_/Q (sky130_fd_sc_hd__dfrtp_2)
                                                         duty_active[4] (net)
                      0.082617    0.000349    1.661669 v fanout118/A (sky130_fd_sc_hd__clkdlybuf4s25_1)
     5    0.057254    0.761432    1.036290    2.697959 v fanout118/X (sky130_fd_sc_hd__clkdlybuf4s25_1)
                                                         net118 (net)
                      0.761432    0.000174    2.698133 v fanout111/A (sky130_fd_sc_hd__clkdlybuf4s25_1)
     3    0.017195    0.248327    0.882421    3.580555 v fanout111/X (sky130_fd_sc_hd__clkdlybuf4s25_1)
                                                         net111 (net)
                      0.248329    0.001193    3.581748 v load_slew112/A (sky130_fd_sc_hd__clkbuf_4)
     8    0.042917    0.166499    0.450659    4.032406 v load_slew112/X (sky130_fd_sc_hd__clkbuf_4)
                                                         net112 (net)
                      0.166542    0.002748    4.035155 v fanout110/A (sky130_fd_sc_hd__clkdlybuf4s25_1)
     7    0.038863    0.522770    0.896430    4.931585 v fanout110/X (sky130_fd_sc_hd__clkdlybuf4s25_1)
                                                         net110 (net)
                      0.522780    0.003079    4.934665 v fanout108/A (sky130_fd_sc_hd__clkdlybuf4s25_1)
     4    0.016872    0.244099    0.813523    5.748188 v fanout108/X (sky130_fd_sc_hd__clkdlybuf4s25_1)
                                                         net108 (net)
                      0.244099    0.000086    5.748274 v load_slew109/A (sky130_fd_sc_hd__buf_2)
     7    0.035117    0.169471    0.450806    6.199080 v load_slew109/X (sky130_fd_sc_hd__buf_2)
                                                         net109 (net)
                      0.169573    0.004019    6.203100 v _0699_/A (sky130_fd_sc_hd__inv_2)
     1    0.003363    0.057714    0.111045    6.314145 ^ _0699_/Y (sky130_fd_sc_hd__inv_2)
                                                         _0066_ (net)
                      0.057714    0.000236    6.314381 ^ fanout58/A (sky130_fd_sc_hd__clkdlybuf4s25_1)
     5    0.028142    0.458907    0.773781    7.088162 ^ fanout58/X (sky130_fd_sc_hd__clkdlybuf4s25_1)
                                                         net58 (net)
                      0.458907    0.001231    7.089393 ^ fanout55/A (sky130_fd_sc_hd__clkdlybuf4s25_1)
     7    0.034071    0.550930    1.008455    8.097848 ^ fanout55/X (sky130_fd_sc_hd__clkdlybuf4s25_1)
                                                         net55 (net)
                      0.550936    0.002920    8.100768 ^ fanout52/A (sky130_fd_sc_hd__clkdlybuf4s25_1)
    10    0.052690    0.842458    1.257911    9.358680 ^ fanout52/X (sky130_fd_sc_hd__clkdlybuf4s25_1)
                                                         net52 (net)
                      0.842472    0.004819    9.363499 ^ _1031_/S0 (sky130_fd_sc_hd__mux4_2)
     3    0.010822    0.194693    1.481912   10.845411 v _1031_/X (sky130_fd_sc_hd__mux4_2)
                                                         _0374_ (net)
                      0.194693    0.000664   10.846075 v _1038_/A2 (sky130_fd_sc_hd__o22a_2)
     2    0.007455    0.097498    0.504193   11.350268 v _1038_/X (sky130_fd_sc_hd__o22a_2)
                                                         _0381_ (net)
                      0.097498    0.000477   11.350745 v _1061_/A0 (sky130_fd_sc_hd__mux4_2)
     1    0.003035    0.145198    1.067884   12.418630 v _1061_/X (sky130_fd_sc_hd__mux4_2)
                                                         _0404_ (net)
                      0.145198    0.000111   12.418741 v _1062_/B (sky130_fd_sc_hd__or2_2)
     1    0.002817    0.111295    0.674778   13.093518 v _1062_/X (sky130_fd_sc_hd__or2_2)
                                                         _0405_ (net)
                      0.111295    0.000139   13.093657 v _1068_/A1 (sky130_fd_sc_hd__a21o_2)
     2    0.004945    0.073071    0.393673   13.487329 v _1068_/X (sky130_fd_sc_hd__a21o_2)
                                                         _0411_ (net)
                      0.073071    0.000176   13.487506 v _1070_/C (sky130_fd_sc_hd__and3_2)
     1    0.003634    0.075427    0.458001   13.945506 v _1070_/X (sky130_fd_sc_hd__and3_2)
                                                         _0413_ (net)
                      0.075427    0.000247   13.945753 v _1174_/B1 (sky130_fd_sc_hd__a211o_2)
     1    0.006224    0.100897    0.632264   14.578017 v _1174_/X (sky130_fd_sc_hd__a211o_2)
                                                         _0517_ (net)
                      0.100897    0.000481   14.578499 v _1290_/A1 (sky130_fd_sc_hd__a31oi_2)
     1    0.004807    0.213687    0.250113   14.828611 ^ _1290_/Y (sky130_fd_sc_hd__a31oi_2)
                                                         _0633_ (net)
                      0.213687    0.000318   14.828930 ^ _1295_/A2 (sky130_fd_sc_hd__a31o_2)
     1    0.007102    0.103559    0.418373   15.247302 ^ _1295_/X (sky130_fd_sc_hd__a31o_2)
                                                         _0638_ (net)
                      0.103561    0.000606   15.247909 ^ _1304_/A1 (sky130_fd_sc_hd__a31oi_2)
     4    0.022676    0.350835    0.364926   15.612834 v _1304_/Y (sky130_fd_sc_hd__a31oi_2)
                                                         _0647_ (net)
                      0.350964    0.001675   15.614510 v _1308_/A1 (sky130_fd_sc_hd__o2111a_2)
     1    0.004600    0.076699    0.632202   16.246712 v _1308_/X (sky130_fd_sc_hd__o2111a_2)
                                                         _0651_ (net)
                      0.076699    0.000361   16.247072 v _1313_/A (sky130_fd_sc_hd__nor2_2)
     5    0.026458    0.486405    0.473710   16.720781 ^ _1313_/Y (sky130_fd_sc_hd__nor2_2)
                                                         _0656_ (net)
                      0.486407    0.000766   16.721548 ^ _1316_/A1 (sky130_fd_sc_hd__o211a_2)
     1    0.003177    0.081734    0.533545   17.255093 ^ _1316_/X (sky130_fd_sc_hd__o211a_2)
                                                         _0009_ (net)
                      0.081734    0.000135   17.255226 ^ _1471_/D (sky130_fd_sc_hd__dfrtp_2)
                                             17.255226   data arrival time

                                 20.000000   20.000000   clock CLK (rise edge)
                                  0.000000   20.000000   clock source latency
     1    0.021247    0.158803    0.103819   20.103819 ^ CLK (in)
                                                         CLK (net)
                      0.158854    0.000000   20.103819 ^ clkbuf_0_CLK/A (sky130_fd_sc_hd__clkbuf_16)
    16    0.110692    0.192001    0.346065   20.449884 ^ clkbuf_0_CLK/X (sky130_fd_sc_hd__clkbuf_16)
                                                         clknet_0_CLK (net)
                      0.192290    0.004620   20.454504 ^ clkbuf_4_8_0_CLK/A (sky130_fd_sc_hd__clkbuf_8)
     5    0.014905    0.071897    0.266160   20.720665 ^ clkbuf_4_8_0_CLK/X (sky130_fd_sc_hd__clkbuf_8)
                                                         clknet_4_8_0_CLK (net)
                      0.071946    0.000641   20.721306 ^ _1471_/CLK (sky130_fd_sc_hd__dfrtp_2)
                                 -0.250000   20.471308   clock uncertainty
                                  0.047356   20.518663   clock reconvergence pessimism
                                 -0.141053   20.377609   library setup time
                                             20.377609   data required time
---------------------------------------------------------------------------------------------
                                             20.377609   data required time
                                            -17.255226   data arrival time
---------------------------------------------------------------------------------------------
                                              3.122382   slack (MET)


Startpoint: _1430_ (rising edge-triggered flip-flop clocked by CLK)
Endpoint: _1475_ (rising edge-triggered flip-flop clocked by CLK)
Path Group: CLK
Path Type: max

Fanout         Cap        Slew       Delay        Time   Description
---------------------------------------------------------------------------------------------
                                  0.000000    0.000000   clock CLK (rise edge)
                                  0.000000    0.000000   clock source latency
     1    0.021247    0.158803    0.114747    0.114747 ^ CLK (in)
                                                         CLK (net)
                      0.158854    0.000000    0.114747 ^ clkbuf_0_CLK/A (sky130_fd_sc_hd__clkbuf_16)
    16    0.110692    0.192001    0.382494    0.497241 ^ clkbuf_0_CLK/X (sky130_fd_sc_hd__clkbuf_16)
                                                         clknet_0_CLK (net)
                      0.192739    0.009312    0.506553 ^ clkbuf_4_5_0_CLK/A (sky130_fd_sc_hd__clkbuf_8)
     6    0.018014    0.078899    0.301863    0.808416 ^ clkbuf_4_5_0_CLK/X (sky130_fd_sc_hd__clkbuf_8)
                                                         clknet_4_5_0_CLK (net)
                      0.078905    0.000749    0.809164 ^ _1430_/CLK (sky130_fd_sc_hd__dfrtp_2)
     1    0.004487    0.082617    0.852155    1.661319 v _1430_/Q (sky130_fd_sc_hd__dfrtp_2)
                                                         duty_active[4] (net)
                      0.082617    0.000349    1.661669 v fanout118/A (sky130_fd_sc_hd__clkdlybuf4s25_1)
     5    0.057254    0.761432    1.036290    2.697959 v fanout118/X (sky130_fd_sc_hd__clkdlybuf4s25_1)
                                                         net118 (net)
                      0.761432    0.000174    2.698133 v fanout111/A (sky130_fd_sc_hd__clkdlybuf4s25_1)
     3    0.017195    0.248327    0.882421    3.580555 v fanout111/X (sky130_fd_sc_hd__clkdlybuf4s25_1)
                                                         net111 (net)
                      0.248329    0.001193    3.581748 v load_slew112/A (sky130_fd_sc_hd__clkbuf_4)
     8    0.042917    0.166499    0.450659    4.032406 v load_slew112/X (sky130_fd_sc_hd__clkbuf_4)
                                                         net112 (net)
                      0.166542    0.002748    4.035155 v fanout110/A (sky130_fd_sc_hd__clkdlybuf4s25_1)
     7    0.038863    0.522770    0.896430    4.931585 v fanout110/X (sky130_fd_sc_hd__clkdlybuf4s25_1)
                                                         net110 (net)
                      0.522780    0.003079    4.934665 v fanout108/A (sky130_fd_sc_hd__clkdlybuf4s25_1)
     4    0.016872    0.244099    0.813523    5.748188 v fanout108/X (sky130_fd_sc_hd__clkdlybuf4s25_1)
                                                         net108 (net)
                      0.244099    0.000086    5.748274 v load_slew109/A (sky130_fd_sc_hd__buf_2)
     7    0.035117    0.169471    0.450806    6.199080 v load_slew109/X (sky130_fd_sc_hd__buf_2)
                                                         net109 (net)
                      0.169573    0.004019    6.203100 v _0699_/A (sky130_fd_sc_hd__inv_2)
     1    0.003363    0.057714    0.111045    6.314145 ^ _0699_/Y (sky130_fd_sc_hd__inv_2)
                                                         _0066_ (net)
                      0.057714    0.000236    6.314381 ^ fanout58/A (sky130_fd_sc_hd__clkdlybuf4s25_1)
     5    0.028142    0.458907    0.773781    7.088162 ^ fanout58/X (sky130_fd_sc_hd__clkdlybuf4s25_1)
                                                         net58 (net)
                      0.458907    0.001231    7.089393 ^ fanout55/A (sky130_fd_sc_hd__clkdlybuf4s25_1)
     7    0.034071    0.550930    1.008455    8.097848 ^ fanout55/X (sky130_fd_sc_hd__clkdlybuf4s25_1)
                                                         net55 (net)
                      0.550936    0.002920    8.100768 ^ fanout52/A (sky130_fd_sc_hd__clkdlybuf4s25_1)
    10    0.052690    0.842458    1.257911    9.358680 ^ fanout52/X (sky130_fd_sc_hd__clkdlybuf4s25_1)
                                                         net52 (net)
                      0.842472    0.004819    9.363499 ^ _1031_/S0 (sky130_fd_sc_hd__mux4_2)
     3    0.010822    0.194693    1.481912   10.845411 v _1031_/X (sky130_fd_sc_hd__mux4_2)
                                                         _0374_ (net)
                      0.194693    0.000664   10.846075 v _1038_/A2 (sky130_fd_sc_hd__o22a_2)
     2    0.007455    0.097498    0.504193   11.350268 v _1038_/X (sky130_fd_sc_hd__o22a_2)
                                                         _0381_ (net)
                      0.097498    0.000477   11.350745 v _1061_/A0 (sky130_fd_sc_hd__mux4_2)
     1    0.003035    0.145198    1.067884   12.418630 v _1061_/X (sky130_fd_sc_hd__mux4_2)
                                                         _0404_ (net)
                      0.145198    0.000111   12.418741 v _1062_/B (sky130_fd_sc_hd__or2_2)
     1    0.002817    0.111295    0.674778   13.093518 v _1062_/X (sky130_fd_sc_hd__or2_2)
                                                         _0405_ (net)
                      0.111295    0.000139   13.093657 v _1068_/A1 (sky130_fd_sc_hd__a21o_2)
     2    0.004945    0.073071    0.393673   13.487329 v _1068_/X (sky130_fd_sc_hd__a21o_2)
                                                         _0411_ (net)
                      0.073071    0.000176   13.487506 v _1070_/C (sky130_fd_sc_hd__and3_2)
     1    0.003634    0.075427    0.458001   13.945506 v _1070_/X (sky130_fd_sc_hd__and3_2)
                                                         _0413_ (net)
                      0.075427    0.000247   13.945753 v _1174_/B1 (sky130_fd_sc_hd__a211o_2)
     1    0.006224    0.100897    0.632264   14.578017 v _1174_/X (sky130_fd_sc_hd__a211o_2)
                                                         _0517_ (net)
                      0.100897    0.000481   14.578499 v _1290_/A1 (sky130_fd_sc_hd__a31oi_2)
     1    0.004807    0.213687    0.250113   14.828611 ^ _1290_/Y (sky130_fd_sc_hd__a31oi_2)
                                                         _0633_ (net)
                      0.213687    0.000318   14.828930 ^ _1295_/A2 (sky130_fd_sc_hd__a31o_2)
     1    0.007102    0.103559    0.418373   15.247302 ^ _1295_/X (sky130_fd_sc_hd__a31o_2)
                                                         _0638_ (net)
                      0.103561    0.000606   15.247909 ^ _1304_/A1 (sky130_fd_sc_hd__a31oi_2)
     4    0.022676    0.350835    0.364926   15.612834 v _1304_/Y (sky130_fd_sc_hd__a31oi_2)
                                                         _0647_ (net)
                      0.350964    0.001712   15.614547 v _1330_/A1 (sky130_fd_sc_hd__o211a_2)
     1    0.004909    0.079925    0.641945   16.256493 v _1330_/X (sky130_fd_sc_hd__o211a_2)
                                                         _0669_ (net)
                      0.079925    0.000391   16.256882 v _1335_/B (sky130_fd_sc_hd__nor3b_2)
     3    0.009866    0.351736    0.404775   16.661657 ^ _1335_/Y (sky130_fd_sc_hd__nor3b_2)
                                                         _0674_ (net)
                      0.351736    0.000346   16.662004 ^ _1337_/A1 (sky130_fd_sc_hd__o2111a_2)
     1    0.002245    0.080241    0.563714   17.225718 ^ _1337_/X (sky130_fd_sc_hd__o2111a_2)
                                                         _0005_ (net)
                      0.080241    0.000169   17.225887 ^ _1475_/D (sky130_fd_sc_hd__dfrtp_2)
                                             17.225887   data arrival time

                                 20.000000   20.000000   clock CLK (rise edge)
                                  0.000000   20.000000   clock source latency
     1    0.021247    0.158803    0.103819   20.103819 ^ CLK (in)
                                                         CLK (net)
                      0.158854    0.000000   20.103819 ^ clkbuf_0_CLK/A (sky130_fd_sc_hd__clkbuf_16)
    16    0.110692    0.192001    0.346065   20.449884 ^ clkbuf_0_CLK/X (sky130_fd_sc_hd__clkbuf_16)
                                                         clknet_0_CLK (net)
                      0.192389    0.005697   20.455582 ^ clkbuf_4_11_0_CLK/A (sky130_fd_sc_hd__clkbuf_8)
     6    0.017155    0.076953    0.271019   20.726599 ^ clkbuf_4_11_0_CLK/X (sky130_fd_sc_hd__clkbuf_8)
                                                         clknet_4_11_0_CLK (net)
                      0.076962    0.000767   20.727367 ^ _1475_/CLK (sky130_fd_sc_hd__dfrtp_2)
                                 -0.250000   20.477367   clock uncertainty
                                  0.047356   20.524723   clock reconvergence pessimism
                                 -0.139787   20.384937   library setup time
                                             20.384937   data required time
---------------------------------------------------------------------------------------------
                                             20.384937   data required time
                                            -17.225887   data arrival time
---------------------------------------------------------------------------------------------
                                              3.159050   slack (MET)


Startpoint: _1430_ (rising edge-triggered flip-flop clocked by CLK)
Endpoint: _1474_ (rising edge-triggered flip-flop clocked by CLK)
Path Group: CLK
Path Type: max

Fanout         Cap        Slew       Delay        Time   Description
---------------------------------------------------------------------------------------------
                                  0.000000    0.000000   clock CLK (rise edge)
                                  0.000000    0.000000   clock source latency
     1    0.021247    0.158803    0.114747    0.114747 ^ CLK (in)
                                                         CLK (net)
                      0.158854    0.000000    0.114747 ^ clkbuf_0_CLK/A (sky130_fd_sc_hd__clkbuf_16)
    16    0.110692    0.192001    0.382494    0.497241 ^ clkbuf_0_CLK/X (sky130_fd_sc_hd__clkbuf_16)
                                                         clknet_0_CLK (net)
                      0.192739    0.009312    0.506553 ^ clkbuf_4_5_0_CLK/A (sky130_fd_sc_hd__clkbuf_8)
     6    0.018014    0.078899    0.301863    0.808416 ^ clkbuf_4_5_0_CLK/X (sky130_fd_sc_hd__clkbuf_8)
                                                         clknet_4_5_0_CLK (net)
                      0.078905    0.000749    0.809164 ^ _1430_/CLK (sky130_fd_sc_hd__dfrtp_2)
     1    0.004487    0.082617    0.852155    1.661319 v _1430_/Q (sky130_fd_sc_hd__dfrtp_2)
                                                         duty_active[4] (net)
                      0.082617    0.000349    1.661669 v fanout118/A (sky130_fd_sc_hd__clkdlybuf4s25_1)
     5    0.057254    0.761432    1.036290    2.697959 v fanout118/X (sky130_fd_sc_hd__clkdlybuf4s25_1)
                                                         net118 (net)
                      0.761432    0.000174    2.698133 v fanout111/A (sky130_fd_sc_hd__clkdlybuf4s25_1)
     3    0.017195    0.248327    0.882421    3.580555 v fanout111/X (sky130_fd_sc_hd__clkdlybuf4s25_1)
                                                         net111 (net)
                      0.248329    0.001193    3.581748 v load_slew112/A (sky130_fd_sc_hd__clkbuf_4)
     8    0.042917    0.166499    0.450659    4.032406 v load_slew112/X (sky130_fd_sc_hd__clkbuf_4)
                                                         net112 (net)
                      0.166542    0.002748    4.035155 v fanout110/A (sky130_fd_sc_hd__clkdlybuf4s25_1)
     7    0.038863    0.522770    0.896430    4.931585 v fanout110/X (sky130_fd_sc_hd__clkdlybuf4s25_1)
                                                         net110 (net)
                      0.522780    0.003079    4.934665 v fanout108/A (sky130_fd_sc_hd__clkdlybuf4s25_1)
     4    0.016872    0.244099    0.813523    5.748188 v fanout108/X (sky130_fd_sc_hd__clkdlybuf4s25_1)
                                                         net108 (net)
                      0.244099    0.000086    5.748274 v load_slew109/A (sky130_fd_sc_hd__buf_2)
     7    0.035117    0.169471    0.450806    6.199080 v load_slew109/X (sky130_fd_sc_hd__buf_2)
                                                         net109 (net)
                      0.169573    0.004019    6.203100 v _0699_/A (sky130_fd_sc_hd__inv_2)
     1    0.003363    0.057714    0.111045    6.314145 ^ _0699_/Y (sky130_fd_sc_hd__inv_2)
                                                         _0066_ (net)
                      0.057714    0.000236    6.314381 ^ fanout58/A (sky130_fd_sc_hd__clkdlybuf4s25_1)
     5    0.028142    0.458907    0.773781    7.088162 ^ fanout58/X (sky130_fd_sc_hd__clkdlybuf4s25_1)
                                                         net58 (net)
                      0.458907    0.001231    7.089393 ^ fanout55/A (sky130_fd_sc_hd__clkdlybuf4s25_1)
     7    0.034071    0.550930    1.008455    8.097848 ^ fanout55/X (sky130_fd_sc_hd__clkdlybuf4s25_1)
                                                         net55 (net)
                      0.550936    0.002920    8.100768 ^ fanout52/A (sky130_fd_sc_hd__clkdlybuf4s25_1)
    10    0.052690    0.842458    1.257911    9.358680 ^ fanout52/X (sky130_fd_sc_hd__clkdlybuf4s25_1)
                                                         net52 (net)
                      0.842472    0.004819    9.363499 ^ _1031_/S0 (sky130_fd_sc_hd__mux4_2)
     3    0.010822    0.194693    1.481912   10.845411 v _1031_/X (sky130_fd_sc_hd__mux4_2)
                                                         _0374_ (net)
                      0.194693    0.000664   10.846075 v _1038_/A2 (sky130_fd_sc_hd__o22a_2)
     2    0.007455    0.097498    0.504193   11.350268 v _1038_/X (sky130_fd_sc_hd__o22a_2)
                                                         _0381_ (net)
                      0.097498    0.000477   11.350745 v _1061_/A0 (sky130_fd_sc_hd__mux4_2)
     1    0.003035    0.145198    1.067884   12.418630 v _1061_/X (sky130_fd_sc_hd__mux4_2)
                                                         _0404_ (net)
                      0.145198    0.000111   12.418741 v _1062_/B (sky130_fd_sc_hd__or2_2)
     1    0.002817    0.111295    0.674778   13.093518 v _1062_/X (sky130_fd_sc_hd__or2_2)
                                                         _0405_ (net)
                      0.111295    0.000139   13.093657 v _1068_/A1 (sky130_fd_sc_hd__a21o_2)
     2    0.004945    0.073071    0.393673   13.487329 v _1068_/X (sky130_fd_sc_hd__a21o_2)
                                                         _0411_ (net)
                      0.073071    0.000176   13.487506 v _1070_/C (sky130_fd_sc_hd__and3_2)
     1    0.003634    0.075427    0.458001   13.945506 v _1070_/X (sky130_fd_sc_hd__and3_2)
                                                         _0413_ (net)
                      0.075427    0.000247   13.945753 v _1174_/B1 (sky130_fd_sc_hd__a211o_2)
     1    0.006224    0.100897    0.632264   14.578017 v _1174_/X (sky130_fd_sc_hd__a211o_2)
                                                         _0517_ (net)
                      0.100897    0.000481   14.578499 v _1290_/A1 (sky130_fd_sc_hd__a31oi_2)
     1    0.004807    0.213687    0.250113   14.828611 ^ _1290_/Y (sky130_fd_sc_hd__a31oi_2)
                                                         _0633_ (net)
                      0.213687    0.000318   14.828930 ^ _1295_/A2 (sky130_fd_sc_hd__a31o_2)
     1    0.007102    0.103559    0.418373   15.247302 ^ _1295_/X (sky130_fd_sc_hd__a31o_2)
                                                         _0638_ (net)
                      0.103561    0.000606   15.247909 ^ _1304_/A1 (sky130_fd_sc_hd__a31oi_2)
     4    0.022676    0.350835    0.364926   15.612834 v _1304_/Y (sky130_fd_sc_hd__a31oi_2)
                                                         _0647_ (net)
                      0.350964    0.001712   15.614547 v _1330_/A1 (sky130_fd_sc_hd__o211a_2)
     1    0.004909    0.079925    0.641945   16.256493 v _1330_/X (sky130_fd_sc_hd__o211a_2)
                                                         _0669_ (net)
                      0.079925    0.000391   16.256882 v _1335_/B (sky130_fd_sc_hd__nor3b_2)
     3    0.009866    0.351736    0.404775   16.661657 ^ _1335_/Y (sky130_fd_sc_hd__nor3b_2)
                                                         _0674_ (net)
                      0.351736    0.000460   16.662117 ^ _1338_/A1 (sky130_fd_sc_hd__o211a_2)
     1    0.003153    0.081057    0.491044   17.153162 ^ _1338_/X (sky130_fd_sc_hd__o211a_2)
                                                         _0004_ (net)
                      0.081057    0.000135   17.153296 ^ _1474_/D (sky130_fd_sc_hd__dfrtp_2)
                                             17.153296   data arrival time

                                 20.000000   20.000000   clock CLK (rise edge)
                                  0.000000   20.000000   clock source latency
     1    0.021247    0.158803    0.103819   20.103819 ^ CLK (in)
                                                         CLK (net)
                      0.158854    0.000000   20.103819 ^ clkbuf_0_CLK/A (sky130_fd_sc_hd__clkbuf_16)
    16    0.110692    0.192001    0.346065   20.449884 ^ clkbuf_0_CLK/X (sky130_fd_sc_hd__clkbuf_16)
                                                         clknet_0_CLK (net)
                      0.192288    0.004597   20.454481 ^ clkbuf_4_13_0_CLK/A (sky130_fd_sc_hd__clkbuf_8)
     6    0.017372    0.077444    0.271443   20.725925 ^ clkbuf_4_13_0_CLK/X (sky130_fd_sc_hd__clkbuf_8)
                                                         clknet_4_13_0_CLK (net)
                      0.077455    0.000853   20.726778 ^ _1474_/CLK (sky130_fd_sc_hd__dfrtp_2)
                                 -0.250000   20.476778   clock uncertainty
                                  0.047356   20.524134   clock reconvergence pessimism
                                 -0.139906   20.384228   library setup time
                                             20.384228   data required time
---------------------------------------------------------------------------------------------
                                             20.384228   data required time
                                            -17.153296   data arrival time
---------------------------------------------------------------------------------------------
                                              3.230932   slack (MET)


Startpoint: _1430_ (rising edge-triggered flip-flop clocked by CLK)
Endpoint: _1407_ (rising edge-triggered flip-flop clocked by CLK)
Path Group: CLK
Path Type: max

Fanout         Cap        Slew       Delay        Time   Description
---------------------------------------------------------------------------------------------
                                  0.000000    0.000000   clock CLK (rise edge)
                                  0.000000    0.000000   clock source latency
     1    0.021247    0.158803    0.114747    0.114747 ^ CLK (in)
                                                         CLK (net)
                      0.158854    0.000000    0.114747 ^ clkbuf_0_CLK/A (sky130_fd_sc_hd__clkbuf_16)
    16    0.110692    0.192001    0.382494    0.497241 ^ clkbuf_0_CLK/X (sky130_fd_sc_hd__clkbuf_16)
                                                         clknet_0_CLK (net)
                      0.192739    0.009312    0.506553 ^ clkbuf_4_5_0_CLK/A (sky130_fd_sc_hd__clkbuf_8)
     6    0.018014    0.078899    0.301863    0.808416 ^ clkbuf_4_5_0_CLK/X (sky130_fd_sc_hd__clkbuf_8)
                                                         clknet_4_5_0_CLK (net)
                      0.078905    0.000749    0.809164 ^ _1430_/CLK (sky130_fd_sc_hd__dfrtp_2)
     1    0.004487    0.082617    0.852155    1.661319 v _1430_/Q (sky130_fd_sc_hd__dfrtp_2)
                                                         duty_active[4] (net)
                      0.082617    0.000349    1.661669 v fanout118/A (sky130_fd_sc_hd__clkdlybuf4s25_1)
     5    0.057254    0.761432    1.036290    2.697959 v fanout118/X (sky130_fd_sc_hd__clkdlybuf4s25_1)
                                                         net118 (net)
                      0.761432    0.000174    2.698133 v fanout111/A (sky130_fd_sc_hd__clkdlybuf4s25_1)
     3    0.017195    0.248327    0.882421    3.580555 v fanout111/X (sky130_fd_sc_hd__clkdlybuf4s25_1)
                                                         net111 (net)
                      0.248329    0.001193    3.581748 v load_slew112/A (sky130_fd_sc_hd__clkbuf_4)
     8    0.042917    0.166499    0.450659    4.032406 v load_slew112/X (sky130_fd_sc_hd__clkbuf_4)
                                                         net112 (net)
                      0.166542    0.002748    4.035155 v fanout110/A (sky130_fd_sc_hd__clkdlybuf4s25_1)
     7    0.038863    0.522770    0.896430    4.931585 v fanout110/X (sky130_fd_sc_hd__clkdlybuf4s25_1)
                                                         net110 (net)
                      0.522780    0.003079    4.934665 v fanout108/A (sky130_fd_sc_hd__clkdlybuf4s25_1)
     4    0.016872    0.244099    0.813523    5.748188 v fanout108/X (sky130_fd_sc_hd__clkdlybuf4s25_1)
                                                         net108 (net)
                      0.244099    0.000086    5.748274 v load_slew109/A (sky130_fd_sc_hd__buf_2)
     7    0.035117    0.169471    0.450806    6.199080 v load_slew109/X (sky130_fd_sc_hd__buf_2)
                                                         net109 (net)
                      0.169573    0.004019    6.203100 v _0699_/A (sky130_fd_sc_hd__inv_2)
     1    0.003363    0.057714    0.111045    6.314145 ^ _0699_/Y (sky130_fd_sc_hd__inv_2)
                                                         _0066_ (net)
                      0.057714    0.000236    6.314381 ^ fanout58/A (sky130_fd_sc_hd__clkdlybuf4s25_1)
     5    0.028142    0.458907    0.773781    7.088162 ^ fanout58/X (sky130_fd_sc_hd__clkdlybuf4s25_1)
                                                         net58 (net)
                      0.458907    0.001231    7.089393 ^ fanout55/A (sky130_fd_sc_hd__clkdlybuf4s25_1)
     7    0.034071    0.550930    1.008455    8.097848 ^ fanout55/X (sky130_fd_sc_hd__clkdlybuf4s25_1)
                                                         net55 (net)
                      0.550936    0.002920    8.100768 ^ fanout52/A (sky130_fd_sc_hd__clkdlybuf4s25_1)
    10    0.052690    0.842458    1.257911    9.358680 ^ fanout52/X (sky130_fd_sc_hd__clkdlybuf4s25_1)
                                                         net52 (net)
                      0.842472    0.004819    9.363499 ^ _1031_/S0 (sky130_fd_sc_hd__mux4_2)
     3    0.010822    0.194693    1.481912   10.845411 v _1031_/X (sky130_fd_sc_hd__mux4_2)
                                                         _0374_ (net)
                      0.194693    0.000664   10.846075 v _1038_/A2 (sky130_fd_sc_hd__o22a_2)
     2    0.007455    0.097498    0.504193   11.350268 v _1038_/X (sky130_fd_sc_hd__o22a_2)
                                                         _0381_ (net)
                      0.097498    0.000477   11.350745 v _1061_/A0 (sky130_fd_sc_hd__mux4_2)
     1    0.003035    0.145198    1.067884   12.418630 v _1061_/X (sky130_fd_sc_hd__mux4_2)
                                                         _0404_ (net)
                      0.145198    0.000111   12.418741 v _1062_/B (sky130_fd_sc_hd__or2_2)
     1    0.002817    0.111295    0.674778   13.093518 v _1062_/X (sky130_fd_sc_hd__or2_2)
                                                         _0405_ (net)
                      0.111295    0.000139   13.093657 v _1068_/A1 (sky130_fd_sc_hd__a21o_2)
     2    0.004945    0.073071    0.393673   13.487329 v _1068_/X (sky130_fd_sc_hd__a21o_2)
                                                         _0411_ (net)
                      0.073071    0.000176   13.487506 v _1070_/C (sky130_fd_sc_hd__and3_2)
     1    0.003634    0.075427    0.458001   13.945506 v _1070_/X (sky130_fd_sc_hd__and3_2)
                                                         _0413_ (net)
                      0.075427    0.000247   13.945753 v _1174_/B1 (sky130_fd_sc_hd__a211o_2)
     1    0.006224    0.100897    0.632264   14.578017 v _1174_/X (sky130_fd_sc_hd__a211o_2)
                                                         _0517_ (net)
                      0.100897    0.000481   14.578499 v _1290_/A1 (sky130_fd_sc_hd__a31oi_2)
     1    0.004807    0.213687    0.250113   14.828611 ^ _1290_/Y (sky130_fd_sc_hd__a31oi_2)
                                                         _0633_ (net)
                      0.213687    0.000318   14.828930 ^ _1295_/A2 (sky130_fd_sc_hd__a31o_2)
     1    0.007102    0.103559    0.418373   15.247302 ^ _1295_/X (sky130_fd_sc_hd__a31o_2)
                                                         _0638_ (net)
                      0.103561    0.000606   15.247909 ^ _1304_/A1 (sky130_fd_sc_hd__a31oi_2)
     4    0.022676    0.350835    0.364926   15.612834 v _1304_/Y (sky130_fd_sc_hd__a31oi_2)
                                                         _0647_ (net)
                      0.350966    0.001799   15.614634 v _1319_/A1 (sky130_fd_sc_hd__o211a_2)
     1    0.004625    0.078322    0.639282   16.253916 v _1319_/X (sky130_fd_sc_hd__o211a_2)
                                                         _0660_ (net)
                      0.078322    0.000361   16.254276 v _1324_/A (sky130_fd_sc_hd__nor2_2)
     5    0.027704    0.507336    0.490052   16.744329 ^ _1324_/Y (sky130_fd_sc_hd__nor2_2)
                                                         _0665_ (net)
                      0.507344    0.001805   16.746134 ^ _1361_/B1 (sky130_fd_sc_hd__a21oi_2)
     1    0.003795    0.117688    0.170743   16.916878 v _1361_/Y (sky130_fd_sc_hd__a21oi_2)
                                                         _0033_ (net)
                      0.117688    0.000252   16.917130 v _1407_/D (sky130_fd_sc_hd__dfrtp_2)
                                             16.917130   data arrival time

                                 20.000000   20.000000   clock CLK (rise edge)
                                  0.000000   20.000000   clock source latency
     1    0.021247    0.158803    0.103819   20.103819 ^ CLK (in)
                                                         CLK (net)
                      0.158854    0.000000   20.103819 ^ clkbuf_0_CLK/A (sky130_fd_sc_hd__clkbuf_16)
    16    0.110692    0.192001    0.346065   20.449884 ^ clkbuf_0_CLK/X (sky130_fd_sc_hd__clkbuf_16)
                                                         clknet_0_CLK (net)
                      0.192366    0.005466   20.455351 ^ clkbuf_4_14_0_CLK/A (sky130_fd_sc_hd__clkbuf_8)
     6    0.018935    0.081026    0.274854   20.730204 ^ clkbuf_4_14_0_CLK/X (sky130_fd_sc_hd__clkbuf_8)
                                                         clknet_4_14_0_CLK (net)
                      0.081037    0.000897   20.731100 ^ _1407_/CLK (sky130_fd_sc_hd__dfrtp_2)
                                 -0.250000   20.481102   clock uncertainty
                                  0.047356   20.528458   clock reconvergence pessimism
                                 -0.293587   20.234871   library setup time
                                             20.234871   data required time
---------------------------------------------------------------------------------------------
                                             20.234871   data required time
                                            -16.917130   data arrival time
---------------------------------------------------------------------------------------------
                                              3.317741   slack (MET)


Startpoint: _1430_ (rising edge-triggered flip-flop clocked by CLK)
Endpoint: _1403_ (rising edge-triggered flip-flop clocked by CLK)
Path Group: CLK
Path Type: max

Fanout         Cap        Slew       Delay        Time   Description
---------------------------------------------------------------------------------------------
                                  0.000000    0.000000   clock CLK (rise edge)
                                  0.000000    0.000000   clock source latency
     1    0.021247    0.158803    0.114747    0.114747 ^ CLK (in)
                                                         CLK (net)
                      0.158854    0.000000    0.114747 ^ clkbuf_0_CLK/A (sky130_fd_sc_hd__clkbuf_16)
    16    0.110692    0.192001    0.382494    0.497241 ^ clkbuf_0_CLK/X (sky130_fd_sc_hd__clkbuf_16)
                                                         clknet_0_CLK (net)
                      0.192739    0.009312    0.506553 ^ clkbuf_4_5_0_CLK/A (sky130_fd_sc_hd__clkbuf_8)
     6    0.018014    0.078899    0.301863    0.808416 ^ clkbuf_4_5_0_CLK/X (sky130_fd_sc_hd__clkbuf_8)
                                                         clknet_4_5_0_CLK (net)
                      0.078905    0.000749    0.809164 ^ _1430_/CLK (sky130_fd_sc_hd__dfrtp_2)
     1    0.004487    0.082617    0.852155    1.661319 v _1430_/Q (sky130_fd_sc_hd__dfrtp_2)
                                                         duty_active[4] (net)
                      0.082617    0.000349    1.661669 v fanout118/A (sky130_fd_sc_hd__clkdlybuf4s25_1)
     5    0.057254    0.761432    1.036290    2.697959 v fanout118/X (sky130_fd_sc_hd__clkdlybuf4s25_1)
                                                         net118 (net)
                      0.761432    0.000174    2.698133 v fanout111/A (sky130_fd_sc_hd__clkdlybuf4s25_1)
     3    0.017195    0.248327    0.882421    3.580555 v fanout111/X (sky130_fd_sc_hd__clkdlybuf4s25_1)
                                                         net111 (net)
                      0.248329    0.001193    3.581748 v load_slew112/A (sky130_fd_sc_hd__clkbuf_4)
     8    0.042917    0.166499    0.450659    4.032406 v load_slew112/X (sky130_fd_sc_hd__clkbuf_4)
                                                         net112 (net)
                      0.166542    0.002748    4.035155 v fanout110/A (sky130_fd_sc_hd__clkdlybuf4s25_1)
     7    0.038863    0.522770    0.896430    4.931585 v fanout110/X (sky130_fd_sc_hd__clkdlybuf4s25_1)
                                                         net110 (net)
                      0.522780    0.003079    4.934665 v fanout108/A (sky130_fd_sc_hd__clkdlybuf4s25_1)
     4    0.016872    0.244099    0.813523    5.748188 v fanout108/X (sky130_fd_sc_hd__clkdlybuf4s25_1)
                                                         net108 (net)
                      0.244099    0.000086    5.748274 v load_slew109/A (sky130_fd_sc_hd__buf_2)
     7    0.035117    0.169471    0.450806    6.199080 v load_slew109/X (sky130_fd_sc_hd__buf_2)
                                                         net109 (net)
                      0.169573    0.004019    6.203100 v _0699_/A (sky130_fd_sc_hd__inv_2)
     1    0.003363    0.057714    0.111045    6.314145 ^ _0699_/Y (sky130_fd_sc_hd__inv_2)
                                                         _0066_ (net)
                      0.057714    0.000236    6.314381 ^ fanout58/A (sky130_fd_sc_hd__clkdlybuf4s25_1)
     5    0.028142    0.458907    0.773781    7.088162 ^ fanout58/X (sky130_fd_sc_hd__clkdlybuf4s25_1)
                                                         net58 (net)
                      0.458907    0.001231    7.089393 ^ fanout55/A (sky130_fd_sc_hd__clkdlybuf4s25_1)
     7    0.034071    0.550930    1.008455    8.097848 ^ fanout55/X (sky130_fd_sc_hd__clkdlybuf4s25_1)
                                                         net55 (net)
                      0.550936    0.002920    8.100768 ^ fanout52/A (sky130_fd_sc_hd__clkdlybuf4s25_1)
    10    0.052690    0.842458    1.257911    9.358680 ^ fanout52/X (sky130_fd_sc_hd__clkdlybuf4s25_1)
                                                         net52 (net)
                      0.842472    0.004819    9.363499 ^ _1031_/S0 (sky130_fd_sc_hd__mux4_2)
     3    0.010822    0.194693    1.481912   10.845411 v _1031_/X (sky130_fd_sc_hd__mux4_2)
                                                         _0374_ (net)
                      0.194693    0.000664   10.846075 v _1038_/A2 (sky130_fd_sc_hd__o22a_2)
     2    0.007455    0.097498    0.504193   11.350268 v _1038_/X (sky130_fd_sc_hd__o22a_2)
                                                         _0381_ (net)
                      0.097498    0.000477   11.350745 v _1061_/A0 (sky130_fd_sc_hd__mux4_2)
     1    0.003035    0.145198    1.067884   12.418630 v _1061_/X (sky130_fd_sc_hd__mux4_2)
                                                         _0404_ (net)
                      0.145198    0.000111   12.418741 v _1062_/B (sky130_fd_sc_hd__or2_2)
     1    0.002817    0.111295    0.674778   13.093518 v _1062_/X (sky130_fd_sc_hd__or2_2)
                                                         _0405_ (net)
                      0.111295    0.000139   13.093657 v _1068_/A1 (sky130_fd_sc_hd__a21o_2)
     2    0.004945    0.073071    0.393673   13.487329 v _1068_/X (sky130_fd_sc_hd__a21o_2)
                                                         _0411_ (net)
                      0.073071    0.000176   13.487506 v _1070_/C (sky130_fd_sc_hd__and3_2)
     1    0.003634    0.075427    0.458001   13.945506 v _1070_/X (sky130_fd_sc_hd__and3_2)
                                                         _0413_ (net)
                      0.075427    0.000247   13.945753 v _1174_/B1 (sky130_fd_sc_hd__a211o_2)
     1    0.006224    0.100897    0.632264   14.578017 v _1174_/X (sky130_fd_sc_hd__a211o_2)
                                                         _0517_ (net)
                      0.100897    0.000481   14.578499 v _1290_/A1 (sky130_fd_sc_hd__a31oi_2)
     1    0.004807    0.213687    0.250113   14.828611 ^ _1290_/Y (sky130_fd_sc_hd__a31oi_2)
                                                         _0633_ (net)
                      0.213687    0.000318   14.828930 ^ _1295_/A2 (sky130_fd_sc_hd__a31o_2)
     1    0.007102    0.103559    0.418373   15.247302 ^ _1295_/X (sky130_fd_sc_hd__a31o_2)
                                                         _0638_ (net)
                      0.103561    0.000606   15.247909 ^ _1304_/A1 (sky130_fd_sc_hd__a31oi_2)
     4    0.022676    0.350835    0.364926   15.612834 v _1304_/Y (sky130_fd_sc_hd__a31oi_2)
                                                         _0647_ (net)
                      0.350966    0.001799   15.614634 v _1319_/A1 (sky130_fd_sc_hd__o211a_2)
     1    0.004625    0.078322    0.639282   16.253916 v _1319_/X (sky130_fd_sc_hd__o211a_2)
                                                         _0660_ (net)
                      0.078322    0.000361   16.254276 v _1324_/A (sky130_fd_sc_hd__nor2_2)
     5    0.027704    0.507336    0.490052   16.744329 ^ _1324_/Y (sky130_fd_sc_hd__nor2_2)
                                                         _0665_ (net)
                      0.507346    0.002041   16.746370 ^ _1351_/B (sky130_fd_sc_hd__nor2_2)
     1    0.002717    0.090489    0.162879   16.909250 v _1351_/Y (sky130_fd_sc_hd__nor2_2)
                                                         _0029_ (net)
                      0.090489    0.000185   16.909435 v _1403_/D (sky130_fd_sc_hd__dfrtp_2)
                                             16.909435   data arrival time

                                 20.000000   20.000000   clock CLK (rise edge)
                                  0.000000   20.000000   clock source latency
     1    0.021247    0.158803    0.103819   20.103819 ^ CLK (in)
                                                         CLK (net)
                      0.158854    0.000000   20.103819 ^ clkbuf_0_CLK/A (sky130_fd_sc_hd__clkbuf_16)
    16    0.110692    0.192001    0.346065   20.449884 ^ clkbuf_0_CLK/X (sky130_fd_sc_hd__clkbuf_16)
                                                         clknet_0_CLK (net)
                      0.192389    0.005697   20.455582 ^ clkbuf_4_11_0_CLK/A (sky130_fd_sc_hd__clkbuf_8)
     6    0.017155    0.076953    0.271019   20.726599 ^ clkbuf_4_11_0_CLK/X (sky130_fd_sc_hd__clkbuf_8)
                                                         clknet_4_11_0_CLK (net)
                      0.076966    0.000897   20.727497 ^ _1403_/CLK (sky130_fd_sc_hd__dfrtp_2)
                                 -0.250000   20.477497   clock uncertainty
                                  0.047356   20.524853   clock reconvergence pessimism
                                 -0.283311   20.241543   library setup time
                                             20.241543   data required time
---------------------------------------------------------------------------------------------
                                             20.241543   data required time
                                            -16.909435   data arrival time
---------------------------------------------------------------------------------------------
                                              3.332108   slack (MET)


Startpoint: _1430_ (rising edge-triggered flip-flop clocked by CLK)
Endpoint: _1406_ (rising edge-triggered flip-flop clocked by CLK)
Path Group: CLK
Path Type: max

Fanout         Cap        Slew       Delay        Time   Description
---------------------------------------------------------------------------------------------
                                  0.000000    0.000000   clock CLK (rise edge)
                                  0.000000    0.000000   clock source latency
     1    0.021247    0.158803    0.114747    0.114747 ^ CLK (in)
                                                         CLK (net)
                      0.158854    0.000000    0.114747 ^ clkbuf_0_CLK/A (sky130_fd_sc_hd__clkbuf_16)
    16    0.110692    0.192001    0.382494    0.497241 ^ clkbuf_0_CLK/X (sky130_fd_sc_hd__clkbuf_16)
                                                         clknet_0_CLK (net)
                      0.192739    0.009312    0.506553 ^ clkbuf_4_5_0_CLK/A (sky130_fd_sc_hd__clkbuf_8)
     6    0.018014    0.078899    0.301863    0.808416 ^ clkbuf_4_5_0_CLK/X (sky130_fd_sc_hd__clkbuf_8)
                                                         clknet_4_5_0_CLK (net)
                      0.078905    0.000749    0.809164 ^ _1430_/CLK (sky130_fd_sc_hd__dfrtp_2)
     1    0.004487    0.082617    0.852155    1.661319 v _1430_/Q (sky130_fd_sc_hd__dfrtp_2)
                                                         duty_active[4] (net)
                      0.082617    0.000349    1.661669 v fanout118/A (sky130_fd_sc_hd__clkdlybuf4s25_1)
     5    0.057254    0.761432    1.036290    2.697959 v fanout118/X (sky130_fd_sc_hd__clkdlybuf4s25_1)
                                                         net118 (net)
                      0.761432    0.000174    2.698133 v fanout111/A (sky130_fd_sc_hd__clkdlybuf4s25_1)
     3    0.017195    0.248327    0.882421    3.580555 v fanout111/X (sky130_fd_sc_hd__clkdlybuf4s25_1)
                                                         net111 (net)
                      0.248329    0.001193    3.581748 v load_slew112/A (sky130_fd_sc_hd__clkbuf_4)
     8    0.042917    0.166499    0.450659    4.032406 v load_slew112/X (sky130_fd_sc_hd__clkbuf_4)
                                                         net112 (net)
                      0.166542    0.002748    4.035155 v fanout110/A (sky130_fd_sc_hd__clkdlybuf4s25_1)
     7    0.038863    0.522770    0.896430    4.931585 v fanout110/X (sky130_fd_sc_hd__clkdlybuf4s25_1)
                                                         net110 (net)
                      0.522780    0.003079    4.934665 v fanout108/A (sky130_fd_sc_hd__clkdlybuf4s25_1)
     4    0.016872    0.244099    0.813523    5.748188 v fanout108/X (sky130_fd_sc_hd__clkdlybuf4s25_1)
                                                         net108 (net)
                      0.244099    0.000086    5.748274 v load_slew109/A (sky130_fd_sc_hd__buf_2)
     7    0.035117    0.169471    0.450806    6.199080 v load_slew109/X (sky130_fd_sc_hd__buf_2)
                                                         net109 (net)
                      0.169573    0.004019    6.203100 v _0699_/A (sky130_fd_sc_hd__inv_2)
     1    0.003363    0.057714    0.111045    6.314145 ^ _0699_/Y (sky130_fd_sc_hd__inv_2)
                                                         _0066_ (net)
                      0.057714    0.000236    6.314381 ^ fanout58/A (sky130_fd_sc_hd__clkdlybuf4s25_1)
     5    0.028142    0.458907    0.773781    7.088162 ^ fanout58/X (sky130_fd_sc_hd__clkdlybuf4s25_1)
                                                         net58 (net)
                      0.458907    0.001231    7.089393 ^ fanout55/A (sky130_fd_sc_hd__clkdlybuf4s25_1)
     7    0.034071    0.550930    1.008455    8.097848 ^ fanout55/X (sky130_fd_sc_hd__clkdlybuf4s25_1)
                                                         net55 (net)
                      0.550936    0.002920    8.100768 ^ fanout52/A (sky130_fd_sc_hd__clkdlybuf4s25_1)
    10    0.052690    0.842458    1.257911    9.358680 ^ fanout52/X (sky130_fd_sc_hd__clkdlybuf4s25_1)
                                                         net52 (net)
                      0.842472    0.004819    9.363499 ^ _1031_/S0 (sky130_fd_sc_hd__mux4_2)
     3    0.010822    0.194693    1.481912   10.845411 v _1031_/X (sky130_fd_sc_hd__mux4_2)
                                                         _0374_ (net)
                      0.194693    0.000664   10.846075 v _1038_/A2 (sky130_fd_sc_hd__o22a_2)
     2    0.007455    0.097498    0.504193   11.350268 v _1038_/X (sky130_fd_sc_hd__o22a_2)
                                                         _0381_ (net)
                      0.097498    0.000477   11.350745 v _1061_/A0 (sky130_fd_sc_hd__mux4_2)
     1    0.003035    0.145198    1.067884   12.418630 v _1061_/X (sky130_fd_sc_hd__mux4_2)
                                                         _0404_ (net)
                      0.145198    0.000111   12.418741 v _1062_/B (sky130_fd_sc_hd__or2_2)
     1    0.002817    0.111295    0.674778   13.093518 v _1062_/X (sky130_fd_sc_hd__or2_2)
                                                         _0405_ (net)
                      0.111295    0.000139   13.093657 v _1068_/A1 (sky130_fd_sc_hd__a21o_2)
     2    0.004945    0.073071    0.393673   13.487329 v _1068_/X (sky130_fd_sc_hd__a21o_2)
                                                         _0411_ (net)
                      0.073071    0.000176   13.487506 v _1070_/C (sky130_fd_sc_hd__and3_2)
     1    0.003634    0.075427    0.458001   13.945506 v _1070_/X (sky130_fd_sc_hd__and3_2)
                                                         _0413_ (net)
                      0.075427    0.000247   13.945753 v _1174_/B1 (sky130_fd_sc_hd__a211o_2)
     1    0.006224    0.100897    0.632264   14.578017 v _1174_/X (sky130_fd_sc_hd__a211o_2)
                                                         _0517_ (net)
                      0.100897    0.000481   14.578499 v _1290_/A1 (sky130_fd_sc_hd__a31oi_2)
     1    0.004807    0.213687    0.250113   14.828611 ^ _1290_/Y (sky130_fd_sc_hd__a31oi_2)
                                                         _0633_ (net)
                      0.213687    0.000318   14.828930 ^ _1295_/A2 (sky130_fd_sc_hd__a31o_2)
     1    0.007102    0.103559    0.418373   15.247302 ^ _1295_/X (sky130_fd_sc_hd__a31o_2)
                                                         _0638_ (net)
                      0.103561    0.000606   15.247909 ^ _1304_/A1 (sky130_fd_sc_hd__a31oi_2)
     4    0.022676    0.350835    0.364926   15.612834 v _1304_/Y (sky130_fd_sc_hd__a31oi_2)
                                                         _0647_ (net)
                      0.350966    0.001799   15.614634 v _1319_/A1 (sky130_fd_sc_hd__o211a_2)
     1    0.004625    0.078322    0.639282   16.253916 v _1319_/X (sky130_fd_sc_hd__o211a_2)
                                                         _0660_ (net)
                      0.078322    0.000361   16.254276 v _1324_/A (sky130_fd_sc_hd__nor2_2)
     5    0.027704    0.507336    0.490052   16.744329 ^ _1324_/Y (sky130_fd_sc_hd__nor2_2)
                                                         _0665_ (net)
                      0.507342    0.001505   16.745834 ^ _1358_/B1 (sky130_fd_sc_hd__a21oi_2)
     1    0.002099    0.111271    0.150074   16.895906 v _1358_/Y (sky130_fd_sc_hd__a21oi_2)
                                                         _0032_ (net)
                      0.111271    0.000158   16.896065 v _1406_/D (sky130_fd_sc_hd__dfrtp_2)
                                             16.896065   data arrival time

                                 20.000000   20.000000   clock CLK (rise edge)
                                  0.000000   20.000000   clock source latency
     1    0.021247    0.158803    0.103819   20.103819 ^ CLK (in)
                                                         CLK (net)
                      0.158854    0.000000   20.103819 ^ clkbuf_0_CLK/A (sky130_fd_sc_hd__clkbuf_16)
    16    0.110692    0.192001    0.346065   20.449884 ^ clkbuf_0_CLK/X (sky130_fd_sc_hd__clkbuf_16)
                                                         clknet_0_CLK (net)
                      0.192389    0.005697   20.455582 ^ clkbuf_4_11_0_CLK/A (sky130_fd_sc_hd__clkbuf_8)
     6    0.017155    0.076953    0.271019   20.726599 ^ clkbuf_4_11_0_CLK/X (sky130_fd_sc_hd__clkbuf_8)
                                                         clknet_4_11_0_CLK (net)
                      0.076963    0.000801   20.727402 ^ _1406_/CLK (sky130_fd_sc_hd__dfrtp_2)
                                 -0.250000   20.477402   clock uncertainty
                                  0.047356   20.524757   clock reconvergence pessimism
                                 -0.291993   20.232763   library setup time
                                             20.232763   data required time
---------------------------------------------------------------------------------------------
                                             20.232763   data required time
                                            -16.896065   data arrival time
---------------------------------------------------------------------------------------------
                                              3.336698   slack (MET)


Startpoint: _1430_ (rising edge-triggered flip-flop clocked by CLK)
Endpoint: _1409_ (rising edge-triggered flip-flop clocked by CLK)
Path Group: CLK
Path Type: max

Fanout         Cap        Slew       Delay        Time   Description
---------------------------------------------------------------------------------------------
                                  0.000000    0.000000   clock CLK (rise edge)
                                  0.000000    0.000000   clock source latency
     1    0.021247    0.158803    0.114747    0.114747 ^ CLK (in)
                                                         CLK (net)
                      0.158854    0.000000    0.114747 ^ clkbuf_0_CLK/A (sky130_fd_sc_hd__clkbuf_16)
    16    0.110692    0.192001    0.382494    0.497241 ^ clkbuf_0_CLK/X (sky130_fd_sc_hd__clkbuf_16)
                                                         clknet_0_CLK (net)
                      0.192739    0.009312    0.506553 ^ clkbuf_4_5_0_CLK/A (sky130_fd_sc_hd__clkbuf_8)
     6    0.018014    0.078899    0.301863    0.808416 ^ clkbuf_4_5_0_CLK/X (sky130_fd_sc_hd__clkbuf_8)
                                                         clknet_4_5_0_CLK (net)
                      0.078905    0.000749    0.809164 ^ _1430_/CLK (sky130_fd_sc_hd__dfrtp_2)
     1    0.004487    0.082617    0.852155    1.661319 v _1430_/Q (sky130_fd_sc_hd__dfrtp_2)
                                                         duty_active[4] (net)
                      0.082617    0.000349    1.661669 v fanout118/A (sky130_fd_sc_hd__clkdlybuf4s25_1)
     5    0.057254    0.761432    1.036290    2.697959 v fanout118/X (sky130_fd_sc_hd__clkdlybuf4s25_1)
                                                         net118 (net)
                      0.761432    0.000174    2.698133 v fanout111/A (sky130_fd_sc_hd__clkdlybuf4s25_1)
     3    0.017195    0.248327    0.882421    3.580555 v fanout111/X (sky130_fd_sc_hd__clkdlybuf4s25_1)
                                                         net111 (net)
                      0.248329    0.001193    3.581748 v load_slew112/A (sky130_fd_sc_hd__clkbuf_4)
     8    0.042917    0.166499    0.450659    4.032406 v load_slew112/X (sky130_fd_sc_hd__clkbuf_4)
                                                         net112 (net)
                      0.166542    0.002748    4.035155 v fanout110/A (sky130_fd_sc_hd__clkdlybuf4s25_1)
     7    0.038863    0.522770    0.896430    4.931585 v fanout110/X (sky130_fd_sc_hd__clkdlybuf4s25_1)
                                                         net110 (net)
                      0.522780    0.003079    4.934665 v fanout108/A (sky130_fd_sc_hd__clkdlybuf4s25_1)
     4    0.016872    0.244099    0.813523    5.748188 v fanout108/X (sky130_fd_sc_hd__clkdlybuf4s25_1)
                                                         net108 (net)
                      0.244099    0.000086    5.748274 v load_slew109/A (sky130_fd_sc_hd__buf_2)
     7    0.035117    0.169471    0.450806    6.199080 v load_slew109/X (sky130_fd_sc_hd__buf_2)
                                                         net109 (net)
                      0.169573    0.004019    6.203100 v _0699_/A (sky130_fd_sc_hd__inv_2)
     1    0.003363    0.057714    0.111045    6.314145 ^ _0699_/Y (sky130_fd_sc_hd__inv_2)
                                                         _0066_ (net)
                      0.057714    0.000236    6.314381 ^ fanout58/A (sky130_fd_sc_hd__clkdlybuf4s25_1)
     5    0.028142    0.458907    0.773781    7.088162 ^ fanout58/X (sky130_fd_sc_hd__clkdlybuf4s25_1)
                                                         net58 (net)
                      0.458907    0.001231    7.089393 ^ fanout55/A (sky130_fd_sc_hd__clkdlybuf4s25_1)
     7    0.034071    0.550930    1.008455    8.097848 ^ fanout55/X (sky130_fd_sc_hd__clkdlybuf4s25_1)
                                                         net55 (net)
                      0.550936    0.002920    8.100768 ^ fanout52/A (sky130_fd_sc_hd__clkdlybuf4s25_1)
    10    0.052690    0.842458    1.257911    9.358680 ^ fanout52/X (sky130_fd_sc_hd__clkdlybuf4s25_1)
                                                         net52 (net)
                      0.842472    0.004819    9.363499 ^ _1031_/S0 (sky130_fd_sc_hd__mux4_2)
     3    0.010822    0.194693    1.481912   10.845411 v _1031_/X (sky130_fd_sc_hd__mux4_2)
                                                         _0374_ (net)
                      0.194693    0.000664   10.846075 v _1038_/A2 (sky130_fd_sc_hd__o22a_2)
     2    0.007455    0.097498    0.504193   11.350268 v _1038_/X (sky130_fd_sc_hd__o22a_2)
                                                         _0381_ (net)
                      0.097498    0.000477   11.350745 v _1061_/A0 (sky130_fd_sc_hd__mux4_2)
     1    0.003035    0.145198    1.067884   12.418630 v _1061_/X (sky130_fd_sc_hd__mux4_2)
                                                         _0404_ (net)
                      0.145198    0.000111   12.418741 v _1062_/B (sky130_fd_sc_hd__or2_2)
     1    0.002817    0.111295    0.674778   13.093518 v _1062_/X (sky130_fd_sc_hd__or2_2)
                                                         _0405_ (net)
                      0.111295    0.000139   13.093657 v _1068_/A1 (sky130_fd_sc_hd__a21o_2)
     2    0.004945    0.073071    0.393673   13.487329 v _1068_/X (sky130_fd_sc_hd__a21o_2)
                                                         _0411_ (net)
                      0.073071    0.000176   13.487506 v _1070_/C (sky130_fd_sc_hd__and3_2)
     1    0.003634    0.075427    0.458001   13.945506 v _1070_/X (sky130_fd_sc_hd__and3_2)
                                                         _0413_ (net)
                      0.075427    0.000247   13.945753 v _1174_/B1 (sky130_fd_sc_hd__a211o_2)
     1    0.006224    0.100897    0.632264   14.578017 v _1174_/X (sky130_fd_sc_hd__a211o_2)
                                                         _0517_ (net)
                      0.100897    0.000481   14.578499 v _1290_/A1 (sky130_fd_sc_hd__a31oi_2)
     1    0.004807    0.213687    0.250113   14.828611 ^ _1290_/Y (sky130_fd_sc_hd__a31oi_2)
                                                         _0633_ (net)
                      0.213687    0.000318   14.828930 ^ _1295_/A2 (sky130_fd_sc_hd__a31o_2)
     1    0.007102    0.103559    0.418373   15.247302 ^ _1295_/X (sky130_fd_sc_hd__a31o_2)
                                                         _0638_ (net)
                      0.103561    0.000606   15.247909 ^ _1304_/A1 (sky130_fd_sc_hd__a31oi_2)
     4    0.022676    0.350835    0.364926   15.612834 v _1304_/Y (sky130_fd_sc_hd__a31oi_2)
                                                         _0647_ (net)
                      0.350964    0.001675   15.614510 v _1308_/A1 (sky130_fd_sc_hd__o2111a_2)
     1    0.004600    0.076699    0.632202   16.246712 v _1308_/X (sky130_fd_sc_hd__o2111a_2)
                                                         _0651_ (net)
                      0.076699    0.000361   16.247072 v _1313_/A (sky130_fd_sc_hd__nor2_2)
     5    0.026458    0.486405    0.473710   16.720781 ^ _1313_/Y (sky130_fd_sc_hd__nor2_2)
                                                         _0656_ (net)
                      0.486409    0.001213   16.721994 ^ _1363_/B (sky130_fd_sc_hd__nor2_2)
     1    0.004320    0.097155    0.178302   16.900297 v _1363_/Y (sky130_fd_sc_hd__nor2_2)
                                                         _0035_ (net)
                      0.097155    0.000334   16.900631 v _1409_/D (sky130_fd_sc_hd__dfrtp_2)
                                             16.900631   data arrival time

                                 20.000000   20.000000   clock CLK (rise edge)
                                  0.000000   20.000000   clock source latency
     1    0.021247    0.158803    0.103819   20.103819 ^ CLK (in)
                                                         CLK (net)
                      0.158854    0.000000   20.103819 ^ clkbuf_0_CLK/A (sky130_fd_sc_hd__clkbuf_16)
    16    0.110692    0.192001    0.346065   20.449884 ^ clkbuf_0_CLK/X (sky130_fd_sc_hd__clkbuf_16)
                                                         clknet_0_CLK (net)
                      0.192288    0.004597   20.454481 ^ clkbuf_4_13_0_CLK/A (sky130_fd_sc_hd__clkbuf_8)
     6    0.017372    0.077444    0.271443   20.725925 ^ clkbuf_4_13_0_CLK/X (sky130_fd_sc_hd__clkbuf_8)
                                                         clknet_4_13_0_CLK (net)
                      0.077451    0.000725   20.726650 ^ _1409_/CLK (sky130_fd_sc_hd__dfrtp_2)
                                 -0.250000   20.476650   clock uncertainty
                                  0.047356   20.524006   clock reconvergence pessimism
                                 -0.285967   20.238039   library setup time
                                             20.238039   data required time
---------------------------------------------------------------------------------------------
                                             20.238039   data required time
                                            -16.900631   data arrival time
---------------------------------------------------------------------------------------------
                                              3.337409   slack (MET)


Startpoint: _1430_ (rising edge-triggered flip-flop clocked by CLK)
Endpoint: _1413_ (rising edge-triggered flip-flop clocked by CLK)
Path Group: CLK
Path Type: max

Fanout         Cap        Slew       Delay        Time   Description
---------------------------------------------------------------------------------------------
                                  0.000000    0.000000   clock CLK (rise edge)
                                  0.000000    0.000000   clock source latency
     1    0.021247    0.158803    0.114747    0.114747 ^ CLK (in)
                                                         CLK (net)
                      0.158854    0.000000    0.114747 ^ clkbuf_0_CLK/A (sky130_fd_sc_hd__clkbuf_16)
    16    0.110692    0.192001    0.382494    0.497241 ^ clkbuf_0_CLK/X (sky130_fd_sc_hd__clkbuf_16)
                                                         clknet_0_CLK (net)
                      0.192739    0.009312    0.506553 ^ clkbuf_4_5_0_CLK/A (sky130_fd_sc_hd__clkbuf_8)
     6    0.018014    0.078899    0.301863    0.808416 ^ clkbuf_4_5_0_CLK/X (sky130_fd_sc_hd__clkbuf_8)
                                                         clknet_4_5_0_CLK (net)
                      0.078905    0.000749    0.809164 ^ _1430_/CLK (sky130_fd_sc_hd__dfrtp_2)
     1    0.004487    0.082617    0.852155    1.661319 v _1430_/Q (sky130_fd_sc_hd__dfrtp_2)
                                                         duty_active[4] (net)
                      0.082617    0.000349    1.661669 v fanout118/A (sky130_fd_sc_hd__clkdlybuf4s25_1)
     5    0.057254    0.761432    1.036290    2.697959 v fanout118/X (sky130_fd_sc_hd__clkdlybuf4s25_1)
                                                         net118 (net)
                      0.761432    0.000174    2.698133 v fanout111/A (sky130_fd_sc_hd__clkdlybuf4s25_1)
     3    0.017195    0.248327    0.882421    3.580555 v fanout111/X (sky130_fd_sc_hd__clkdlybuf4s25_1)
                                                         net111 (net)
                      0.248329    0.001193    3.581748 v load_slew112/A (sky130_fd_sc_hd__clkbuf_4)
     8    0.042917    0.166499    0.450659    4.032406 v load_slew112/X (sky130_fd_sc_hd__clkbuf_4)
                                                         net112 (net)
                      0.166542    0.002748    4.035155 v fanout110/A (sky130_fd_sc_hd__clkdlybuf4s25_1)
     7    0.038863    0.522770    0.896430    4.931585 v fanout110/X (sky130_fd_sc_hd__clkdlybuf4s25_1)
                                                         net110 (net)
                      0.522780    0.003079    4.934665 v fanout108/A (sky130_fd_sc_hd__clkdlybuf4s25_1)
     4    0.016872    0.244099    0.813523    5.748188 v fanout108/X (sky130_fd_sc_hd__clkdlybuf4s25_1)
                                                         net108 (net)
                      0.244099    0.000086    5.748274 v load_slew109/A (sky130_fd_sc_hd__buf_2)
     7    0.035117    0.169471    0.450806    6.199080 v load_slew109/X (sky130_fd_sc_hd__buf_2)
                                                         net109 (net)
                      0.169573    0.004019    6.203100 v _0699_/A (sky130_fd_sc_hd__inv_2)
     1    0.003363    0.057714    0.111045    6.314145 ^ _0699_/Y (sky130_fd_sc_hd__inv_2)
                                                         _0066_ (net)
                      0.057714    0.000236    6.314381 ^ fanout58/A (sky130_fd_sc_hd__clkdlybuf4s25_1)
     5    0.028142    0.458907    0.773781    7.088162 ^ fanout58/X (sky130_fd_sc_hd__clkdlybuf4s25_1)
                                                         net58 (net)
                      0.458907    0.001231    7.089393 ^ fanout55/A (sky130_fd_sc_hd__clkdlybuf4s25_1)
     7    0.034071    0.550930    1.008455    8.097848 ^ fanout55/X (sky130_fd_sc_hd__clkdlybuf4s25_1)
                                                         net55 (net)
                      0.550936    0.002920    8.100768 ^ fanout52/A (sky130_fd_sc_hd__clkdlybuf4s25_1)
    10    0.052690    0.842458    1.257911    9.358680 ^ fanout52/X (sky130_fd_sc_hd__clkdlybuf4s25_1)
                                                         net52 (net)
                      0.842472    0.004819    9.363499 ^ _1031_/S0 (sky130_fd_sc_hd__mux4_2)
     3    0.010822    0.194693    1.481912   10.845411 v _1031_/X (sky130_fd_sc_hd__mux4_2)
                                                         _0374_ (net)
                      0.194693    0.000664   10.846075 v _1038_/A2 (sky130_fd_sc_hd__o22a_2)
     2    0.007455    0.097498    0.504193   11.350268 v _1038_/X (sky130_fd_sc_hd__o22a_2)
                                                         _0381_ (net)
                      0.097498    0.000477   11.350745 v _1061_/A0 (sky130_fd_sc_hd__mux4_2)
     1    0.003035    0.145198    1.067884   12.418630 v _1061_/X (sky130_fd_sc_hd__mux4_2)
                                                         _0404_ (net)
                      0.145198    0.000111   12.418741 v _1062_/B (sky130_fd_sc_hd__or2_2)
     1    0.002817    0.111295    0.674778   13.093518 v _1062_/X (sky130_fd_sc_hd__or2_2)
                                                         _0405_ (net)
                      0.111295    0.000139   13.093657 v _1068_/A1 (sky130_fd_sc_hd__a21o_2)
     2    0.004945    0.073071    0.393673   13.487329 v _1068_/X (sky130_fd_sc_hd__a21o_2)
                                                         _0411_ (net)
                      0.073071    0.000176   13.487506 v _1070_/C (sky130_fd_sc_hd__and3_2)
     1    0.003634    0.075427    0.458001   13.945506 v _1070_/X (sky130_fd_sc_hd__and3_2)
                                                         _0413_ (net)
                      0.075427    0.000247   13.945753 v _1174_/B1 (sky130_fd_sc_hd__a211o_2)
     1    0.006224    0.100897    0.632264   14.578017 v _1174_/X (sky130_fd_sc_hd__a211o_2)
                                                         _0517_ (net)
                      0.100897    0.000481   14.578499 v _1290_/A1 (sky130_fd_sc_hd__a31oi_2)
     1    0.004807    0.213687    0.250113   14.828611 ^ _1290_/Y (sky130_fd_sc_hd__a31oi_2)
                                                         _0633_ (net)
                      0.213687    0.000318   14.828930 ^ _1295_/A2 (sky130_fd_sc_hd__a31o_2)
     1    0.007102    0.103559    0.418373   15.247302 ^ _1295_/X (sky130_fd_sc_hd__a31o_2)
                                                         _0638_ (net)
                      0.103561    0.000606   15.247909 ^ _1304_/A1 (sky130_fd_sc_hd__a31oi_2)
     4    0.022676    0.350835    0.364926   15.612834 v _1304_/Y (sky130_fd_sc_hd__a31oi_2)
                                                         _0647_ (net)
                      0.350964    0.001675   15.614510 v _1308_/A1 (sky130_fd_sc_hd__o2111a_2)
     1    0.004600    0.076699    0.632202   16.246712 v _1308_/X (sky130_fd_sc_hd__o2111a_2)
                                                         _0651_ (net)
                      0.076699    0.000361   16.247072 v _1313_/A (sky130_fd_sc_hd__nor2_2)
     5    0.026458    0.486405    0.473710   16.720781 ^ _1313_/Y (sky130_fd_sc_hd__nor2_2)
                                                         _0656_ (net)
                      0.486409    0.001243   16.722025 ^ _1373_/B1 (sky130_fd_sc_hd__a21oi_2)
     1    0.003345    0.111887    0.161338   16.883362 v _1373_/Y (sky130_fd_sc_hd__a21oi_2)
                                                         _0039_ (net)
                      0.111887    0.000220   16.883583 v _1413_/D (sky130_fd_sc_hd__dfrtp_2)
                                             16.883583   data arrival time

                                 20.000000   20.000000   clock CLK (rise edge)
                                  0.000000   20.000000   clock source latency
     1    0.021247    0.158803    0.103819   20.103819 ^ CLK (in)
                                                         CLK (net)
                      0.158854    0.000000   20.103819 ^ clkbuf_0_CLK/A (sky130_fd_sc_hd__clkbuf_16)
    16    0.110692    0.192001    0.346065   20.449884 ^ clkbuf_0_CLK/X (sky130_fd_sc_hd__clkbuf_16)
                                                         clknet_0_CLK (net)
                      0.192256    0.004187   20.454071 ^ clkbuf_4_12_0_CLK/A (sky130_fd_sc_hd__clkbuf_8)
     6    0.020022    0.083575    0.276998   20.731070 ^ clkbuf_4_12_0_CLK/X (sky130_fd_sc_hd__clkbuf_8)
                                                         clknet_4_12_0_CLK (net)
                      0.083581    0.000796   20.731865 ^ _1413_/CLK (sky130_fd_sc_hd__dfrtp_2)
                                 -0.250000   20.481865   clock uncertainty
                                  0.047356   20.529222   clock reconvergence pessimism
                                 -0.290485   20.238737   library setup time
                                             20.238737   data required time
---------------------------------------------------------------------------------------------
                                             20.238737   data required time
                                            -16.883583   data arrival time
---------------------------------------------------------------------------------------------
                                              3.355155   slack (MET)


Startpoint: _1430_ (rising edge-triggered flip-flop clocked by CLK)
Endpoint: _1412_ (rising edge-triggered flip-flop clocked by CLK)
Path Group: CLK
Path Type: max

Fanout         Cap        Slew       Delay        Time   Description
---------------------------------------------------------------------------------------------
                                  0.000000    0.000000   clock CLK (rise edge)
                                  0.000000    0.000000   clock source latency
     1    0.021247    0.158803    0.114747    0.114747 ^ CLK (in)
                                                         CLK (net)
                      0.158854    0.000000    0.114747 ^ clkbuf_0_CLK/A (sky130_fd_sc_hd__clkbuf_16)
    16    0.110692    0.192001    0.382494    0.497241 ^ clkbuf_0_CLK/X (sky130_fd_sc_hd__clkbuf_16)
                                                         clknet_0_CLK (net)
                      0.192739    0.009312    0.506553 ^ clkbuf_4_5_0_CLK/A (sky130_fd_sc_hd__clkbuf_8)
     6    0.018014    0.078899    0.301863    0.808416 ^ clkbuf_4_5_0_CLK/X (sky130_fd_sc_hd__clkbuf_8)
                                                         clknet_4_5_0_CLK (net)
                      0.078905    0.000749    0.809164 ^ _1430_/CLK (sky130_fd_sc_hd__dfrtp_2)
     1    0.004487    0.082617    0.852155    1.661319 v _1430_/Q (sky130_fd_sc_hd__dfrtp_2)
                                                         duty_active[4] (net)
                      0.082617    0.000349    1.661669 v fanout118/A (sky130_fd_sc_hd__clkdlybuf4s25_1)
     5    0.057254    0.761432    1.036290    2.697959 v fanout118/X (sky130_fd_sc_hd__clkdlybuf4s25_1)
                                                         net118 (net)
                      0.761432    0.000174    2.698133 v fanout111/A (sky130_fd_sc_hd__clkdlybuf4s25_1)
     3    0.017195    0.248327    0.882421    3.580555 v fanout111/X (sky130_fd_sc_hd__clkdlybuf4s25_1)
                                                         net111 (net)
                      0.248329    0.001193    3.581748 v load_slew112/A (sky130_fd_sc_hd__clkbuf_4)
     8    0.042917    0.166499    0.450659    4.032406 v load_slew112/X (sky130_fd_sc_hd__clkbuf_4)
                                                         net112 (net)
                      0.166542    0.002748    4.035155 v fanout110/A (sky130_fd_sc_hd__clkdlybuf4s25_1)
     7    0.038863    0.522770    0.896430    4.931585 v fanout110/X (sky130_fd_sc_hd__clkdlybuf4s25_1)
                                                         net110 (net)
                      0.522780    0.003079    4.934665 v fanout108/A (sky130_fd_sc_hd__clkdlybuf4s25_1)
     4    0.016872    0.244099    0.813523    5.748188 v fanout108/X (sky130_fd_sc_hd__clkdlybuf4s25_1)
                                                         net108 (net)
                      0.244099    0.000086    5.748274 v load_slew109/A (sky130_fd_sc_hd__buf_2)
     7    0.035117    0.169471    0.450806    6.199080 v load_slew109/X (sky130_fd_sc_hd__buf_2)
                                                         net109 (net)
                      0.169573    0.004019    6.203100 v _0699_/A (sky130_fd_sc_hd__inv_2)
     1    0.003363    0.057714    0.111045    6.314145 ^ _0699_/Y (sky130_fd_sc_hd__inv_2)
                                                         _0066_ (net)
                      0.057714    0.000236    6.314381 ^ fanout58/A (sky130_fd_sc_hd__clkdlybuf4s25_1)
     5    0.028142    0.458907    0.773781    7.088162 ^ fanout58/X (sky130_fd_sc_hd__clkdlybuf4s25_1)
                                                         net58 (net)
                      0.458907    0.001231    7.089393 ^ fanout55/A (sky130_fd_sc_hd__clkdlybuf4s25_1)
     7    0.034071    0.550930    1.008455    8.097848 ^ fanout55/X (sky130_fd_sc_hd__clkdlybuf4s25_1)
                                                         net55 (net)
                      0.550936    0.002920    8.100768 ^ fanout52/A (sky130_fd_sc_hd__clkdlybuf4s25_1)
    10    0.052690    0.842458    1.257911    9.358680 ^ fanout52/X (sky130_fd_sc_hd__clkdlybuf4s25_1)
                                                         net52 (net)
                      0.842472    0.004819    9.363499 ^ _1031_/S0 (sky130_fd_sc_hd__mux4_2)
     3    0.010822    0.194693    1.481912   10.845411 v _1031_/X (sky130_fd_sc_hd__mux4_2)
                                                         _0374_ (net)
                      0.194693    0.000664   10.846075 v _1038_/A2 (sky130_fd_sc_hd__o22a_2)
     2    0.007455    0.097498    0.504193   11.350268 v _1038_/X (sky130_fd_sc_hd__o22a_2)
                                                         _0381_ (net)
                      0.097498    0.000477   11.350745 v _1061_/A0 (sky130_fd_sc_hd__mux4_2)
     1    0.003035    0.145198    1.067884   12.418630 v _1061_/X (sky130_fd_sc_hd__mux4_2)
                                                         _0404_ (net)
                      0.145198    0.000111   12.418741 v _1062_/B (sky130_fd_sc_hd__or2_2)
     1    0.002817    0.111295    0.674778   13.093518 v _1062_/X (sky130_fd_sc_hd__or2_2)
                                                         _0405_ (net)
                      0.111295    0.000139   13.093657 v _1068_/A1 (sky130_fd_sc_hd__a21o_2)
     2    0.004945    0.073071    0.393673   13.487329 v _1068_/X (sky130_fd_sc_hd__a21o_2)
                                                         _0411_ (net)
                      0.073071    0.000176   13.487506 v _1070_/C (sky130_fd_sc_hd__and3_2)
     1    0.003634    0.075427    0.458001   13.945506 v _1070_/X (sky130_fd_sc_hd__and3_2)
                                                         _0413_ (net)
                      0.075427    0.000247   13.945753 v _1174_/B1 (sky130_fd_sc_hd__a211o_2)
     1    0.006224    0.100897    0.632264   14.578017 v _1174_/X (sky130_fd_sc_hd__a211o_2)
                                                         _0517_ (net)
                      0.100897    0.000481   14.578499 v _1290_/A1 (sky130_fd_sc_hd__a31oi_2)
     1    0.004807    0.213687    0.250113   14.828611 ^ _1290_/Y (sky130_fd_sc_hd__a31oi_2)
                                                         _0633_ (net)
                      0.213687    0.000318   14.828930 ^ _1295_/A2 (sky130_fd_sc_hd__a31o_2)
     1    0.007102    0.103559    0.418373   15.247302 ^ _1295_/X (sky130_fd_sc_hd__a31o_2)
                                                         _0638_ (net)
                      0.103561    0.000606   15.247909 ^ _1304_/A1 (sky130_fd_sc_hd__a31oi_2)
     4    0.022676    0.350835    0.364926   15.612834 v _1304_/Y (sky130_fd_sc_hd__a31oi_2)
                                                         _0647_ (net)
                      0.350964    0.001675   15.614510 v _1308_/A1 (sky130_fd_sc_hd__o2111a_2)
     1    0.004600    0.076699    0.632202   16.246712 v _1308_/X (sky130_fd_sc_hd__o2111a_2)
                                                         _0651_ (net)
                      0.076699    0.000361   16.247072 v _1313_/A (sky130_fd_sc_hd__nor2_2)
     5    0.026458    0.486405    0.473710   16.720781 ^ _1313_/Y (sky130_fd_sc_hd__nor2_2)
                                                         _0656_ (net)
                      0.486408    0.000950   16.721731 ^ _1370_/B1 (sky130_fd_sc_hd__a21oi_2)
     1    0.002405    0.108630    0.150221   16.871954 v _1370_/Y (sky130_fd_sc_hd__a21oi_2)
                                                         _0038_ (net)
                      0.108631    0.000171   16.872124 v _1412_/D (sky130_fd_sc_hd__dfrtp_2)
                                             16.872124   data arrival time

                                 20.000000   20.000000   clock CLK (rise edge)
                                  0.000000   20.000000   clock source latency
     1    0.021247    0.158803    0.103819   20.103819 ^ CLK (in)
                                                         CLK (net)
                      0.158854    0.000000   20.103819 ^ clkbuf_0_CLK/A (sky130_fd_sc_hd__clkbuf_16)
    16    0.110692    0.192001    0.346065   20.449884 ^ clkbuf_0_CLK/X (sky130_fd_sc_hd__clkbuf_16)
                                                         clknet_0_CLK (net)
                      0.192256    0.004187   20.454071 ^ clkbuf_4_12_0_CLK/A (sky130_fd_sc_hd__clkbuf_8)
     6    0.020022    0.083575    0.276998   20.731070 ^ clkbuf_4_12_0_CLK/X (sky130_fd_sc_hd__clkbuf_8)
                                                         clknet_4_12_0_CLK (net)
                      0.083577    0.000599   20.731668 ^ _1412_/CLK (sky130_fd_sc_hd__dfrtp_2)
                                 -0.250000   20.481668   clock uncertainty
                                  0.047356   20.529024   clock reconvergence pessimism
                                 -0.289126   20.239899   library setup time
                                             20.239899   data required time
---------------------------------------------------------------------------------------------
                                             20.239899   data required time
                                            -16.872124   data arrival time
---------------------------------------------------------------------------------------------
                                              3.367775   slack (MET)


Startpoint: UV_FAULT (input port clocked by CLK)
Endpoint: GH_A (output port clocked by CLK)
Path Group: CLK
Path Type: max

Fanout         Cap        Slew       Delay        Time   Description
---------------------------------------------------------------------------------------------
                                  0.000000    0.000000   clock CLK (rise edge)
                                  0.000000    0.000000   clock network delay (propagated)
                                  4.000000    4.000000 v input external delay
     1    0.004705    0.025953    0.016059    4.016059 v UV_FAULT (in)
                                                         UV_FAULT (net)
                      0.025955    0.000000    4.016059 v input20/A (sky130_fd_sc_hd__clkdlybuf4s25_1)
     1    0.002649    0.072985    0.454925    4.470984 v input20/X (sky130_fd_sc_hd__clkdlybuf4s25_1)
                                                         net20 (net)
                      0.072985    0.000202    4.471186 v _0712_/B (sky130_fd_sc_hd__or3_2)
     1    0.005674    0.186154    1.138342    5.609528 v _0712_/X (sky130_fd_sc_hd__or3_2)
                                                         _0078_ (net)
                      0.186154    0.000419    5.609947 v _0713_/C (sky130_fd_sc_hd__nor3_2)
     3    0.009506    0.343925    0.343421    5.953368 ^ _0713_/Y (sky130_fd_sc_hd__nor3_2)
                                                         _0079_ (net)
                      0.343925    0.000641    5.954009 ^ fanout37/A (sky130_fd_sc_hd__clkdlybuf4s25_1)
    10    0.035023    0.565562    0.976981    6.930990 ^ fanout37/X (sky130_fd_sc_hd__clkdlybuf4s25_1)
                                                         net37 (net)
                      0.565562    0.001969    6.932959 ^ _0715_/C (sky130_fd_sc_hd__and3_2)
     1    0.012025    0.147996    0.615747    7.548706 ^ _0715_/X (sky130_fd_sc_hd__and3_2)
                                                         net22 (net)
                      0.148004    0.001325    7.550031 ^ output22/A (sky130_fd_sc_hd__clkdlybuf4s25_1)
     1    0.034989    0.564802    0.895954    8.445985 ^ output22/X (sky130_fd_sc_hd__clkdlybuf4s25_1)
                                                         GH_A (net)
                      0.564802    0.001948    8.447932 ^ GH_A (out)
                                              8.447932   data arrival time

                                 20.000000   20.000000   clock CLK (rise edge)
                                  0.000000   20.000000   clock network delay (propagated)
                                 -0.250000   19.750002   clock uncertainty
                                  0.000000   19.750002   clock reconvergence pessimism
                                 -4.000000   15.750001   output external delay
                                             15.750001   data required time
---------------------------------------------------------------------------------------------
                                             15.750001   data required time
                                             -8.447932   data arrival time
---------------------------------------------------------------------------------------------
                                              7.302069   slack (MET)


Startpoint: UV_FAULT (input port clocked by CLK)
Endpoint: GH_B (output port clocked by CLK)
Path Group: CLK
Path Type: max

Fanout         Cap        Slew       Delay        Time   Description
---------------------------------------------------------------------------------------------
                                  0.000000    0.000000   clock CLK (rise edge)
                                  0.000000    0.000000   clock network delay (propagated)
                                  4.000000    4.000000 v input external delay
     1    0.004705    0.025953    0.016059    4.016059 v UV_FAULT (in)
                                                         UV_FAULT (net)
                      0.025955    0.000000    4.016059 v input20/A (sky130_fd_sc_hd__clkdlybuf4s25_1)
     1    0.002649    0.072985    0.454925    4.470984 v input20/X (sky130_fd_sc_hd__clkdlybuf4s25_1)
                                                         net20 (net)
                      0.072985    0.000202    4.471186 v _0712_/B (sky130_fd_sc_hd__or3_2)
     1    0.005674    0.186154    1.138342    5.609528 v _0712_/X (sky130_fd_sc_hd__or3_2)
                                                         _0078_ (net)
                      0.186154    0.000419    5.609947 v _0713_/C (sky130_fd_sc_hd__nor3_2)
     3    0.009506    0.343925    0.343421    5.953368 ^ _0713_/Y (sky130_fd_sc_hd__nor3_2)
                                                         _0079_ (net)
                      0.343925    0.000641    5.954009 ^ fanout37/A (sky130_fd_sc_hd__clkdlybuf4s25_1)
    10    0.035023    0.565562    0.976981    6.930990 ^ fanout37/X (sky130_fd_sc_hd__clkdlybuf4s25_1)
                                                         net37 (net)
                      0.565562    0.001819    6.932808 ^ _0717_/C (sky130_fd_sc_hd__and3_2)
     1    0.006351    0.108838    0.571589    7.504397 ^ _0717_/X (sky130_fd_sc_hd__and3_2)
                                                         net23 (net)
                      0.108838    0.000499    7.504897 ^ output23/A (sky130_fd_sc_hd__clkdlybuf4s25_1)
     1    0.035736    0.576222    0.886058    8.390955 ^ output23/X (sky130_fd_sc_hd__clkdlybuf4s25_1)
                                                         GH_B (net)
                      0.576223    0.002120    8.393075 ^ GH_B (out)
                                              8.393075   data arrival time

                                 20.000000   20.000000   clock CLK (rise edge)
                                  0.000000   20.000000   clock network delay (propagated)
                                 -0.250000   19.750002   clock uncertainty
                                  0.000000   19.750002   clock reconvergence pessimism
                                 -4.000000   15.750001   output external delay
                                             15.750001   data required time
---------------------------------------------------------------------------------------------
                                             15.750001   data required time
                                             -8.393075   data arrival time
---------------------------------------------------------------------------------------------
                                              7.356926   slack (MET)


Startpoint: UV_FAULT (input port clocked by CLK)
Endpoint: GL_A (output port clocked by CLK)
Path Group: CLK
Path Type: max

Fanout         Cap        Slew       Delay        Time   Description
---------------------------------------------------------------------------------------------
                                  0.000000    0.000000   clock CLK (rise edge)
                                  0.000000    0.000000   clock network delay (propagated)
                                  4.000000    4.000000 v input external delay
     1    0.004705    0.025953    0.016059    4.016059 v UV_FAULT (in)
                                                         UV_FAULT (net)
                      0.025955    0.000000    4.016059 v input20/A (sky130_fd_sc_hd__clkdlybuf4s25_1)
     1    0.002649    0.072985    0.454925    4.470984 v input20/X (sky130_fd_sc_hd__clkdlybuf4s25_1)
                                                         net20 (net)
                      0.072985    0.000202    4.471186 v _0712_/B (sky130_fd_sc_hd__or3_2)
     1    0.005674    0.186154    1.138342    5.609528 v _0712_/X (sky130_fd_sc_hd__or3_2)
                                                         _0078_ (net)
                      0.186154    0.000419    5.609947 v _0713_/C (sky130_fd_sc_hd__nor3_2)
     3    0.009506    0.343925    0.343421    5.953368 ^ _0713_/Y (sky130_fd_sc_hd__nor3_2)
                                                         _0079_ (net)
                      0.343925    0.000641    5.954009 ^ fanout37/A (sky130_fd_sc_hd__clkdlybuf4s25_1)
    10    0.035023    0.565562    0.976981    6.930990 ^ fanout37/X (sky130_fd_sc_hd__clkdlybuf4s25_1)
                                                         net37 (net)
                      0.565562    0.001800    6.932790 ^ _0716_/C (sky130_fd_sc_hd__and3_2)
     1    0.005105    0.099714    0.560360    7.493149 ^ _0716_/X (sky130_fd_sc_hd__and3_2)
                                                         net25 (net)
                      0.099714    0.000396    7.493546 ^ output25/A (sky130_fd_sc_hd__clkdlybuf4s25_1)
     1    0.036008    0.580380    0.884922    8.378468 ^ output25/X (sky130_fd_sc_hd__clkdlybuf4s25_1)
                                                         GL_A (net)
                      0.580380    0.002109    8.380576 ^ GL_A (out)
                                              8.380576   data arrival time

                                 20.000000   20.000000   clock CLK (rise edge)
                                  0.000000   20.000000   clock network delay (propagated)
                                 -0.250000   19.750002   clock uncertainty
                                  0.000000   19.750002   clock reconvergence pessimism
                                 -4.000000   15.750001   output external delay
                                             15.750001   data required time
---------------------------------------------------------------------------------------------
                                             15.750001   data required time
                                             -8.380576   data arrival time
---------------------------------------------------------------------------------------------
                                              7.369424   slack (MET)


Startpoint: UV_FAULT (input port clocked by CLK)
Endpoint: GL_B (output port clocked by CLK)
Path Group: CLK
Path Type: max

Fanout         Cap        Slew       Delay        Time   Description
---------------------------------------------------------------------------------------------
                                  0.000000    0.000000   clock CLK (rise edge)
                                  0.000000    0.000000   clock network delay (propagated)
                                  4.000000    4.000000 v input external delay
     1    0.004705    0.025953    0.016059    4.016059 v UV_FAULT (in)
                                                         UV_FAULT (net)
                      0.025955    0.000000    4.016059 v input20/A (sky130_fd_sc_hd__clkdlybuf4s25_1)
     1    0.002649    0.072985    0.454925    4.470984 v input20/X (sky130_fd_sc_hd__clkdlybuf4s25_1)
                                                         net20 (net)
                      0.072985    0.000202    4.471186 v _0712_/B (sky130_fd_sc_hd__or3_2)
     1    0.005674    0.186154    1.138342    5.609528 v _0712_/X (sky130_fd_sc_hd__or3_2)
                                                         _0078_ (net)
                      0.186154    0.000419    5.609947 v _0713_/C (sky130_fd_sc_hd__nor3_2)
     3    0.009506    0.343925    0.343421    5.953368 ^ _0713_/Y (sky130_fd_sc_hd__nor3_2)
                                                         _0079_ (net)
                      0.343925    0.000641    5.954009 ^ fanout37/A (sky130_fd_sc_hd__clkdlybuf4s25_1)
    10    0.035023    0.565562    0.976981    6.930990 ^ fanout37/X (sky130_fd_sc_hd__clkdlybuf4s25_1)
                                                         net37 (net)
                      0.565562    0.001957    6.932947 ^ _0718_/C (sky130_fd_sc_hd__and3_2)
     1    0.002859    0.082461    0.534500    7.467446 ^ _0718_/X (sky130_fd_sc_hd__and3_2)
                                                         net26 (net)
                      0.082461    0.000208    7.467654 ^ output26/A (sky130_fd_sc_hd__clkdlybuf4s25_1)
     1    0.036066    0.581193    0.877474    8.345128 ^ output26/X (sky130_fd_sc_hd__clkdlybuf4s25_1)
                                                         GL_B (net)
                      0.581193    0.002093    8.347221 ^ GL_B (out)
                                              8.347221   data arrival time

                                 20.000000   20.000000   clock CLK (rise edge)
                                  0.000000   20.000000   clock network delay (propagated)
                                 -0.250000   19.750002   clock uncertainty
                                  0.000000   19.750002   clock reconvergence pessimism
                                 -4.000000   15.750001   output external delay
                                             15.750001   data required time
---------------------------------------------------------------------------------------------
                                             15.750001   data required time
                                             -8.347221   data arrival time
---------------------------------------------------------------------------------------------
                                              7.402779   slack (MET)


Startpoint: UV_FAULT (input port clocked by CLK)
Endpoint: RUN (output port clocked by CLK)
Path Group: CLK
Path Type: max

Fanout         Cap        Slew       Delay        Time   Description
---------------------------------------------------------------------------------------------
                                  0.000000    0.000000   clock CLK (rise edge)
                                  0.000000    0.000000   clock network delay (propagated)
                                  4.000000    4.000000 v input external delay
     1    0.004705    0.025953    0.016059    4.016059 v UV_FAULT (in)
                                                         UV_FAULT (net)
                      0.025955    0.000000    4.016059 v input20/A (sky130_fd_sc_hd__clkdlybuf4s25_1)
     1    0.002649    0.072985    0.454925    4.470984 v input20/X (sky130_fd_sc_hd__clkdlybuf4s25_1)
                                                         net20 (net)
                      0.072985    0.000202    4.471186 v _0712_/B (sky130_fd_sc_hd__or3_2)
     1    0.005674    0.186154    1.138342    5.609528 v _0712_/X (sky130_fd_sc_hd__or3_2)
                                                         _0078_ (net)
                      0.186154    0.000419    5.609947 v _0713_/C (sky130_fd_sc_hd__nor3_2)
     3    0.009506    0.343925    0.343421    5.953368 ^ _0713_/Y (sky130_fd_sc_hd__nor3_2)
                                                         _0079_ (net)
                      0.343925    0.000641    5.954009 ^ fanout37/A (sky130_fd_sc_hd__clkdlybuf4s25_1)
    10    0.035023    0.565562    0.976981    6.930990 ^ fanout37/X (sky130_fd_sc_hd__clkdlybuf4s25_1)
                                                         net37 (net)
                      0.565562    0.001878    6.932868 ^ _0721_/B (sky130_fd_sc_hd__and2_2)
     1    0.003959    0.079567    0.466497    7.399365 ^ _0721_/X (sky130_fd_sc_hd__and2_2)
                                                         net28 (net)
                      0.079567    0.000261    7.399626 ^ output28/A (sky130_fd_sc_hd__clkdlybuf4s25_1)
     1    0.035175    0.567399    0.865888    8.265513 ^ output28/X (sky130_fd_sc_hd__clkdlybuf4s25_1)
                                                         RUN (net)
                      0.567399    0.001963    8.267477 ^ RUN (out)
                                              8.267477   data arrival time

                                 20.000000   20.000000   clock CLK (rise edge)
                                  0.000000   20.000000   clock network delay (propagated)
                                 -0.250000   19.750002   clock uncertainty
                                  0.000000   19.750002   clock reconvergence pessimism
                                 -4.000000   15.750001   output external delay
                                             15.750001   data required time
---------------------------------------------------------------------------------------------
                                             15.750001   data required time
                                             -8.267477   data arrival time
---------------------------------------------------------------------------------------------
                                              7.482524   slack (MET)


Startpoint: UV_FAULT (input port clocked by CLK)
Endpoint: GH_C (output port clocked by CLK)
Path Group: CLK
Path Type: max

Fanout         Cap        Slew       Delay        Time   Description
---------------------------------------------------------------------------------------------
                                  0.000000    0.000000   clock CLK (rise edge)
                                  0.000000    0.000000   clock network delay (propagated)
                                  4.000000    4.000000 v input external delay
     1    0.004705    0.025953    0.016059    4.016059 v UV_FAULT (in)
                                                         UV_FAULT (net)
                      0.025955    0.000000    4.016059 v input20/A (sky130_fd_sc_hd__clkdlybuf4s25_1)
     1    0.002649    0.072985    0.454925    4.470984 v input20/X (sky130_fd_sc_hd__clkdlybuf4s25_1)
                                                         net20 (net)
                      0.072985    0.000202    4.471186 v _0712_/B (sky130_fd_sc_hd__or3_2)
     1    0.005674    0.186154    1.138342    5.609528 v _0712_/X (sky130_fd_sc_hd__or3_2)
                                                         _0078_ (net)
                      0.186154    0.000419    5.609947 v _0713_/C (sky130_fd_sc_hd__nor3_2)
     3    0.009506    0.343925    0.343421    5.953368 ^ _0713_/Y (sky130_fd_sc_hd__nor3_2)
                                                         _0079_ (net)
                      0.343925    0.000786    5.954154 ^ _0719_/C (sky130_fd_sc_hd__and3_2)
     1    0.002860    0.080979    0.464627    6.418782 ^ _0719_/X (sky130_fd_sc_hd__and3_2)
                                                         net24 (net)
                      0.080979    0.000221    6.419003 ^ output24/A (sky130_fd_sc_hd__clkdlybuf4s25_1)
     1    0.034519    0.557242    0.859032    7.278035 ^ output24/X (sky130_fd_sc_hd__clkdlybuf4s25_1)
                                                         GH_C (net)
                      0.557242    0.001819    7.279854 ^ GH_C (out)
                                              7.279854   data arrival time

                                 20.000000   20.000000   clock CLK (rise edge)
                                  0.000000   20.000000   clock network delay (propagated)
                                 -0.250000   19.750002   clock uncertainty
                                  0.000000   19.750002   clock reconvergence pessimism
                                 -4.000000   15.750001   output external delay
                                             15.750001   data required time
---------------------------------------------------------------------------------------------
                                             15.750001   data required time
                                             -7.279854   data arrival time
---------------------------------------------------------------------------------------------
                                              8.470147   slack (MET)


Startpoint: UV_FAULT (input port clocked by CLK)
Endpoint: GL_C (output port clocked by CLK)
Path Group: CLK
Path Type: max

Fanout         Cap        Slew       Delay        Time   Description
---------------------------------------------------------------------------------------------
                                  0.000000    0.000000   clock CLK (rise edge)
                                  0.000000    0.000000   clock network delay (propagated)
                                  4.000000    4.000000 v input external delay
     1    0.004705    0.025953    0.016059    4.016059 v UV_FAULT (in)
                                                         UV_FAULT (net)
                      0.025955    0.000000    4.016059 v input20/A (sky130_fd_sc_hd__clkdlybuf4s25_1)
     1    0.002649    0.072985    0.454925    4.470984 v input20/X (sky130_fd_sc_hd__clkdlybuf4s25_1)
                                                         net20 (net)
                      0.072985    0.000202    4.471186 v _0712_/B (sky130_fd_sc_hd__or3_2)
     1    0.005674    0.186154    1.138342    5.609528 v _0712_/X (sky130_fd_sc_hd__or3_2)
                                                         _0078_ (net)
                      0.186154    0.000419    5.609947 v _0713_/C (sky130_fd_sc_hd__nor3_2)
     3    0.009506    0.343925    0.343421    5.953368 ^ _0713_/Y (sky130_fd_sc_hd__nor3_2)
                                                         _0079_ (net)
                      0.343925    0.000801    5.954169 ^ _0720_/C (sky130_fd_sc_hd__and3_2)
     1    0.002758    0.080239    0.463457    6.417626 ^ _0720_/X (sky130_fd_sc_hd__and3_2)
                                                         net27 (net)
                      0.080239    0.000213    6.417840 ^ output27/A (sky130_fd_sc_hd__clkdlybuf4s25_1)
     1    0.034432    0.555914    0.857616    7.275455 ^ output27/X (sky130_fd_sc_hd__clkdlybuf4s25_1)
                                                         GL_C (net)
                      0.555914    0.001918    7.277374 ^ GL_C (out)
                                              7.277374   data arrival time

                                 20.000000   20.000000   clock CLK (rise edge)
                                  0.000000   20.000000   clock network delay (propagated)
                                 -0.250000   19.750002   clock uncertainty
                                  0.000000   19.750002   clock reconvergence pessimism
                                 -4.000000   15.750001   output external delay
                                             15.750001   data required time
---------------------------------------------------------------------------------------------
                                             15.750001   data required time
                                             -7.277374   data arrival time
---------------------------------------------------------------------------------------------
                                              8.472628   slack (MET)


Startpoint: _1417_ (rising edge-triggered flip-flop clocked by CLK)
Endpoint: _1423_ (rising edge-triggered flip-flop clocked by CLK)
Path Group: CLK
Path Type: max

Fanout         Cap        Slew       Delay        Time   Description
---------------------------------------------------------------------------------------------
                                  0.000000    0.000000   clock CLK (rise edge)
                                  0.000000    0.000000   clock source latency
     1    0.021247    0.158803    0.114747    0.114747 ^ CLK (in)
                                                         CLK (net)
                      0.158854    0.000000    0.114747 ^ clkbuf_0_CLK/A (sky130_fd_sc_hd__clkbuf_16)
    16    0.110692    0.192001    0.382494    0.497241 ^ clkbuf_0_CLK/X (sky130_fd_sc_hd__clkbuf_16)
                                                         clknet_0_CLK (net)
                      0.192680    0.008881    0.506122 ^ clkbuf_4_4_0_CLK/A (sky130_fd_sc_hd__clkbuf_8)
     6    0.019226    0.081698    0.304650    0.810772 ^ clkbuf_4_4_0_CLK/X (sky130_fd_sc_hd__clkbuf_8)
                                                         clknet_4_4_0_CLK (net)
                      0.081710    0.001038    0.811810 ^ _1417_/CLK (sky130_fd_sc_hd__dfrtp_2)
     8    0.038720    0.227334    1.029565    1.841375 v _1417_/Q (sky130_fd_sc_hd__dfrtp_2)
                                                         hall.hall_active[1] (net)
                      0.227339    0.001484    1.842858 v _0770_/A0 (sky130_fd_sc_hd__mux2_1)
     7    0.022700    0.278013    0.938176    2.781035 v _0770_/X (sky130_fd_sc_hd__mux2_1)
                                                         _0114_ (net)
                      0.278027    0.002396    2.783430 v _0771_/A_N (sky130_fd_sc_hd__and2b_2)
     2    0.009793    0.112405    0.582710    3.366141 ^ _0771_/X (sky130_fd_sc_hd__and2b_2)
                                                         _0115_ (net)
                      0.112406    0.000530    3.366671 ^ _0773_/C_N (sky130_fd_sc_hd__or3b_2)
     2    0.010103    0.205504    1.178047    4.544718 v _0773_/X (sky130_fd_sc_hd__or3b_2)
                                                         _0117_ (net)
                      0.205504    0.000604    4.545322 v _0774_/B1 (sky130_fd_sc_hd__o21a_2)
     1    0.003813    0.063691    0.291591    4.836913 v _0774_/X (sky130_fd_sc_hd__o21a_2)
                                                         _0118_ (net)
                      0.063691    0.000163    4.837076 v _0775_/B (sky130_fd_sc_hd__or2_2)
     1    0.006002    0.130112    0.679850    5.516925 v _0775_/X (sky130_fd_sc_hd__or2_2)
                                                         _0119_ (net)
                      0.130112    0.000444    5.517369 v _0789_/A1 (sky130_fd_sc_hd__a32o_2)
     1    0.005681    0.081236    0.501082    6.018451 v _0789_/X (sky130_fd_sc_hd__a32o_2)
                                                         _0133_ (net)
                      0.081236    0.000421    6.018872 v _0790_/B1 (sky130_fd_sc_hd__o31a_2)
     1    0.008785    0.116427    0.246451    6.265323 v _0790_/X (sky130_fd_sc_hd__o31a_2)
                                                         _0134_ (net)
                      0.116427    0.001107    6.266430 v _0794_/B1 (sky130_fd_sc_hd__a31o_2)
     1    0.009311    0.092256    0.467684    6.734114 v _0794_/X (sky130_fd_sc_hd__a31o_2)
                                                         _0138_ (net)
                      0.092330    0.000793    6.734907 v _0795_/B (sky130_fd_sc_hd__nor2_2)
     4    0.018050    0.347004    0.332618    7.067525 ^ _0795_/Y (sky130_fd_sc_hd__nor2_2)
                                                         _0139_ (net)
                      0.347009    0.001126    7.068651 ^ _1380_/S (sky130_fd_sc_hd__mux2_1)
     1    0.003705    0.119660    0.844032    7.912682 v _1380_/X (sky130_fd_sc_hd__mux2_1)
                                                         _0049_ (net)
                      0.119660    0.000228    7.912910 v hold169/A (sky130_fd_sc_hd__dlygate4sd3_1)
     1    0.003235    0.109599    1.212078    9.124989 v hold169/X (sky130_fd_sc_hd__dlygate4sd3_1)
                                                         net168 (net)
                      0.109599    0.000138    9.125127 v _1423_/D (sky130_fd_sc_hd__dfrtp_2)
                                              9.125127   data arrival time

                                 20.000000   20.000000   clock CLK (rise edge)
                                  0.000000   20.000000   clock source latency
     1    0.021247    0.158803    0.103819   20.103819 ^ CLK (in)
                                                         CLK (net)
                      0.158854    0.000000   20.103819 ^ clkbuf_0_CLK/A (sky130_fd_sc_hd__clkbuf_16)
    16    0.110692    0.192001    0.346065   20.449884 ^ clkbuf_0_CLK/X (sky130_fd_sc_hd__clkbuf_16)
                                                         clknet_0_CLK (net)
                      0.192665    0.007935   20.457819 ^ clkbuf_4_3_0_CLK/A (sky130_fd_sc_hd__clkbuf_8)
     6    0.019520    0.082381    0.276252   20.734072 ^ clkbuf_4_3_0_CLK/X (sky130_fd_sc_hd__clkbuf_8)
                                                         clknet_4_3_0_CLK (net)
                      0.082391    0.000860   20.734930 ^ _1423_/CLK (sky130_fd_sc_hd__dfrtp_2)
                                 -0.250000   20.484932   clock uncertainty
                                  0.047356   20.532288   clock reconvergence pessimism
                                 -0.289847   20.242441   library setup time
                                             20.242441   data required time
---------------------------------------------------------------------------------------------
                                             20.242441   data required time
                                             -9.125127   data arrival time
---------------------------------------------------------------------------------------------
                                             11.117314   slack (MET)


Startpoint: _1452_ (rising edge-triggered flip-flop clocked by CLK)
Endpoint: _1415_ (rising edge-triggered flip-flop clocked by CLK)
Path Group: CLK
Path Type: max

Fanout         Cap        Slew       Delay        Time   Description
---------------------------------------------------------------------------------------------
                                  0.000000    0.000000   clock CLK (rise edge)
                                  0.000000    0.000000   clock source latency
     1    0.021247    0.158803    0.114747    0.114747 ^ CLK (in)
                                                         CLK (net)
                      0.158854    0.000000    0.114747 ^ clkbuf_0_CLK/A (sky130_fd_sc_hd__clkbuf_16)
    16    0.110692    0.192001    0.382494    0.497241 ^ clkbuf_0_CLK/X (sky130_fd_sc_hd__clkbuf_16)
                                                         clknet_0_CLK (net)
                      0.192652    0.008669    0.505910 ^ clkbuf_4_6_0_CLK/A (sky130_fd_sc_hd__clkbuf_8)
     6    0.016696    0.075917    0.298598    0.804508 ^ clkbuf_4_6_0_CLK/X (sky130_fd_sc_hd__clkbuf_8)
                                                         clknet_4_6_0_CLK (net)
                      0.075926    0.000844    0.805352 ^ _1452_/CLK (sky130_fd_sc_hd__dfrtp_2)
     6    0.026398    0.227512    0.874857    1.680210 ^ _1452_/Q (sky130_fd_sc_hd__dfrtp_2)
                                                         pwm.pwm_counter[0] (net)
                      0.227515    0.001354    1.681564 ^ hold174/A (sky130_fd_sc_hd__dlygate4sd3_1)
     1    0.005537    0.128675    1.198146    2.879709 ^ hold174/X (sky130_fd_sc_hd__dlygate4sd3_1)
                                                         net173 (net)
                      0.128675    0.000422    2.880131 ^ _0707_/A (sky130_fd_sc_hd__inv_2)
     2    0.004242    0.037433    0.082803    2.962935 v _0707_/Y (sky130_fd_sc_hd__inv_2)
                                                         _0011_ (net)
                      0.037433    0.000120    2.963055 v _0731_/C (sky130_fd_sc_hd__or3_2)
     1    0.004552    0.173981    1.029337    3.992392 v _0731_/X (sky130_fd_sc_hd__or3_2)
                                                         _0088_ (net)
                      0.173981    0.000345    3.992737 v _0734_/B (sky130_fd_sc_hd__or4b_2)
     1    0.003225    0.216283    1.598789    5.591526 v _0734_/X (sky130_fd_sc_hd__or4b_2)
                                                         _0091_ (net)
                      0.216283    0.000135    5.591660 v fanout32/A (sky130_fd_sc_hd__clkdlybuf4s25_1)
     5    0.037779    0.508429    0.909997    6.501657 v fanout32/X (sky130_fd_sc_hd__clkdlybuf4s25_1)
                                                         net32 (net)
                      0.508429    0.000612    6.502269 v fanout31/A (sky130_fd_sc_hd__clkdlybuf4s25_1)
     7    0.028910    0.397164    0.927565    7.429834 v fanout31/X (sky130_fd_sc_hd__clkdlybuf4s25_1)
                                                         net31 (net)
                      0.397182    0.003136    7.432970 v _0735_/A (sky130_fd_sc_hd__inv_2)
     3    0.014510    0.164958    0.272778    7.705748 ^ _0735_/Y (sky130_fd_sc_hd__inv_2)
                                                         _0092_ (net)
                      0.164958    0.000630    7.706377 ^ _1375_/A3 (sky130_fd_sc_hd__a31o_2)
     1    0.002978    0.070911    0.370409    8.076787 ^ _1375_/X (sky130_fd_sc_hd__a31o_2)
                                                         _0041_ (net)
                      0.070911    0.000191    8.076978 ^ hold158/A (sky130_fd_sc_hd__dlygate4sd3_1)
     1    0.002073    0.083637    1.081533    9.158510 ^ hold158/X (sky130_fd_sc_hd__dlygate4sd3_1)
                                                         net157 (net)
                      0.083637    0.000158    9.158669 ^ _1415_/D (sky130_fd_sc_hd__dfrtp_2)
                                              9.158669   data arrival time

                                 20.000000   20.000000   clock CLK (rise edge)
                                  0.000000   20.000000   clock source latency
     1    0.021247    0.158803    0.103819   20.103819 ^ CLK (in)
                                                         CLK (net)
                      0.158854    0.000000   20.103819 ^ clkbuf_0_CLK/A (sky130_fd_sc_hd__clkbuf_16)
    16    0.110692    0.192001    0.346065   20.449884 ^ clkbuf_0_CLK/X (sky130_fd_sc_hd__clkbuf_16)
                                                         clknet_0_CLK (net)
                      0.192679    0.008026   20.457911 ^ clkbuf_4_2_0_CLK/A (sky130_fd_sc_hd__clkbuf_8)
     6    0.020724    0.085211    0.278773   20.736683 ^ clkbuf_4_2_0_CLK/X (sky130_fd_sc_hd__clkbuf_8)
                                                         clknet_4_2_0_CLK (net)
                      0.085233    0.001219   20.737902 ^ _1415_/CLK (sky130_fd_sc_hd__dfrtp_2)
                                 -0.250000   20.487902   clock uncertainty
                                  0.047356   20.535257   clock reconvergence pessimism
                                 -0.139181   20.396076   library setup time
                                             20.396076   data required time
---------------------------------------------------------------------------------------------
                                             20.396076   data required time
                                             -9.158669   data arrival time
---------------------------------------------------------------------------------------------
                                             11.237408   slack (MET)


Startpoint: _1452_ (rising edge-triggered flip-flop clocked by CLK)
Endpoint: _1438_ (rising edge-triggered flip-flop clocked by CLK)
Path Group: CLK
Path Type: max

Fanout         Cap        Slew       Delay        Time   Description
---------------------------------------------------------------------------------------------
                                  0.000000    0.000000   clock CLK (rise edge)
                                  0.000000    0.000000   clock source latency
     1    0.021247    0.158803    0.114747    0.114747 ^ CLK (in)
                                                         CLK (net)
                      0.158854    0.000000    0.114747 ^ clkbuf_0_CLK/A (sky130_fd_sc_hd__clkbuf_16)
    16    0.110692    0.192001    0.382494    0.497241 ^ clkbuf_0_CLK/X (sky130_fd_sc_hd__clkbuf_16)
                                                         clknet_0_CLK (net)
                      0.192652    0.008669    0.505910 ^ clkbuf_4_6_0_CLK/A (sky130_fd_sc_hd__clkbuf_8)
     6    0.016696    0.075917    0.298598    0.804508 ^ clkbuf_4_6_0_CLK/X (sky130_fd_sc_hd__clkbuf_8)
                                                         clknet_4_6_0_CLK (net)
                      0.075926    0.000844    0.805352 ^ _1452_/CLK (sky130_fd_sc_hd__dfrtp_2)
     6    0.026398    0.227512    0.874857    1.680210 ^ _1452_/Q (sky130_fd_sc_hd__dfrtp_2)
                                                         pwm.pwm_counter[0] (net)
                      0.227515    0.001354    1.681564 ^ hold174/A (sky130_fd_sc_hd__dlygate4sd3_1)
     1    0.005537    0.128675    1.198146    2.879709 ^ hold174/X (sky130_fd_sc_hd__dlygate4sd3_1)
                                                         net173 (net)
                      0.128675    0.000422    2.880131 ^ _0707_/A (sky130_fd_sc_hd__inv_2)
     2    0.004242    0.037433    0.082803    2.962935 v _0707_/Y (sky130_fd_sc_hd__inv_2)
                                                         _0011_ (net)
                      0.037433    0.000120    2.963055 v _0731_/C (sky130_fd_sc_hd__or3_2)
     1    0.004552    0.173981    1.029337    3.992392 v _0731_/X (sky130_fd_sc_hd__or3_2)
                                                         _0088_ (net)
                      0.173981    0.000345    3.992737 v _0734_/B (sky130_fd_sc_hd__or4b_2)
     1    0.003225    0.216283    1.598789    5.591526 v _0734_/X (sky130_fd_sc_hd__or4b_2)
                                                         _0091_ (net)
                      0.216283    0.000135    5.591660 v fanout32/A (sky130_fd_sc_hd__clkdlybuf4s25_1)
     5    0.037779    0.508429    0.909997    6.501657 v fanout32/X (sky130_fd_sc_hd__clkdlybuf4s25_1)
                                                         net32 (net)
                      0.508429    0.000612    6.502269 v fanout31/A (sky130_fd_sc_hd__clkdlybuf4s25_1)
     7    0.028910    0.397164    0.927565    7.429834 v fanout31/X (sky130_fd_sc_hd__clkdlybuf4s25_1)
                                                         net31 (net)
                      0.397182    0.003154    7.432988 v _0736_/B (sky130_fd_sc_hd__nor2_2)
     3    0.011118    0.258969    0.374286    7.807274 ^ _0736_/Y (sky130_fd_sc_hd__nor2_2)
                                                         _0093_ (net)
                      0.258969    0.001067    7.808341 ^ _0737_/B (sky130_fd_sc_hd__or3b_2)
     1    0.008581    0.097717    0.320026    8.128366 ^ _0737_/X (sky130_fd_sc_hd__or3b_2)
                                                         _0094_ (net)
                      0.097720    0.000727    8.129093 ^ _0738_/B (sky130_fd_sc_hd__nand2_2)
     1    0.004959    0.091667    0.119282    8.248376 v _0738_/Y (sky130_fd_sc_hd__nand2_2)
                                                         _0095_ (net)
                      0.091667    0.000337    8.248713 v _0739_/C (sky130_fd_sc_hd__and3_2)
     1    0.002332    0.068835    0.455181    8.703893 v _0739_/X (sky130_fd_sc_hd__and3_2)
                                                         _0002_ (net)
                      0.068835    0.000166    8.704059 v _1438_/D (sky130_fd_sc_hd__dfrtp_2)
                                              8.704059   data arrival time

                                 20.000000   20.000000   clock CLK (rise edge)
                                  0.000000   20.000000   clock source latency
     1    0.021247    0.158803    0.103819   20.103819 ^ CLK (in)
                                                         CLK (net)
                      0.158854    0.000000   20.103819 ^ clkbuf_0_CLK/A (sky130_fd_sc_hd__clkbuf_16)
    16    0.110692    0.192001    0.346065   20.449884 ^ clkbuf_0_CLK/X (sky130_fd_sc_hd__clkbuf_16)
                                                         clknet_0_CLK (net)
                      0.192679    0.008026   20.457911 ^ clkbuf_4_2_0_CLK/A (sky130_fd_sc_hd__clkbuf_8)
     6    0.020724    0.085211    0.278773   20.736683 ^ clkbuf_4_2_0_CLK/X (sky130_fd_sc_hd__clkbuf_8)
                                                         clknet_4_2_0_CLK (net)
                      0.085234    0.001243   20.737926 ^ _1438_/CLK (sky130_fd_sc_hd__dfrtp_2)
                                 -0.250000   20.487926   clock uncertainty
                                  0.047356   20.535282   clock reconvergence pessimism
                                 -0.272062   20.263222   library setup time
                                             20.263222   data required time
---------------------------------------------------------------------------------------------
                                             20.263222   data required time
                                             -8.704059   data arrival time
---------------------------------------------------------------------------------------------
                                             11.559162   slack (MET)


Startpoint: _1452_ (rising edge-triggered flip-flop clocked by CLK)
Endpoint: _1432_ (rising edge-triggered flip-flop clocked by CLK)
Path Group: CLK
Path Type: max

Fanout         Cap        Slew       Delay        Time   Description
---------------------------------------------------------------------------------------------
                                  0.000000    0.000000   clock CLK (rise edge)
                                  0.000000    0.000000   clock source latency
     1    0.021247    0.158803    0.114747    0.114747 ^ CLK (in)
                                                         CLK (net)
                      0.158854    0.000000    0.114747 ^ clkbuf_0_CLK/A (sky130_fd_sc_hd__clkbuf_16)
    16    0.110692    0.192001    0.382494    0.497241 ^ clkbuf_0_CLK/X (sky130_fd_sc_hd__clkbuf_16)
                                                         clknet_0_CLK (net)
                      0.192652    0.008669    0.505910 ^ clkbuf_4_6_0_CLK/A (sky130_fd_sc_hd__clkbuf_8)
     6    0.016696    0.075917    0.298598    0.804508 ^ clkbuf_4_6_0_CLK/X (sky130_fd_sc_hd__clkbuf_8)
                                                         clknet_4_6_0_CLK (net)
                      0.075926    0.000844    0.805352 ^ _1452_/CLK (sky130_fd_sc_hd__dfrtp_2)
     6    0.026398    0.227512    0.874857    1.680210 ^ _1452_/Q (sky130_fd_sc_hd__dfrtp_2)
                                                         pwm.pwm_counter[0] (net)
                      0.227515    0.001354    1.681564 ^ hold174/A (sky130_fd_sc_hd__dlygate4sd3_1)
     1    0.005537    0.128675    1.198146    2.879709 ^ hold174/X (sky130_fd_sc_hd__dlygate4sd3_1)
                                                         net173 (net)
                      0.128675    0.000422    2.880131 ^ _0707_/A (sky130_fd_sc_hd__inv_2)
     2    0.004242    0.037433    0.082803    2.962935 v _0707_/Y (sky130_fd_sc_hd__inv_2)
                                                         _0011_ (net)
                      0.037433    0.000120    2.963055 v _0731_/C (sky130_fd_sc_hd__or3_2)
     1    0.004552    0.173981    1.029337    3.992392 v _0731_/X (sky130_fd_sc_hd__or3_2)
                                                         _0088_ (net)
                      0.173981    0.000345    3.992737 v _0734_/B (sky130_fd_sc_hd__or4b_2)
     1    0.003225    0.216283    1.598789    5.591526 v _0734_/X (sky130_fd_sc_hd__or4b_2)
                                                         _0091_ (net)
                      0.216283    0.000135    5.591660 v fanout32/A (sky130_fd_sc_hd__clkdlybuf4s25_1)
     5    0.037779    0.508429    0.909997    6.501657 v fanout32/X (sky130_fd_sc_hd__clkdlybuf4s25_1)
                                                         net32 (net)
                      0.508429    0.001052    6.502709 v fanout30/A (sky130_fd_sc_hd__clkdlybuf4s25_1)
    10    0.047422    0.634762    1.111498    7.614207 v fanout30/X (sky130_fd_sc_hd__clkdlybuf4s25_1)
                                                         net30 (net)
                      0.634769    0.003246    7.617454 v _1389_/S (sky130_fd_sc_hd__mux2_1)
     1    0.004363    0.128689    0.993101    8.610555 v _1389_/X (sky130_fd_sc_hd__mux2_1)
                                                         _0058_ (net)
                      0.128689    0.000334    8.610888 v _1432_/D (sky130_fd_sc_hd__dfrtp_2)
                                              8.610888   data arrival time

                                 20.000000   20.000000   clock CLK (rise edge)
                                  0.000000   20.000000   clock source latency
     1    0.021247    0.158803    0.103819   20.103819 ^ CLK (in)
                                                         CLK (net)
                      0.158854    0.000000   20.103819 ^ clkbuf_0_CLK/A (sky130_fd_sc_hd__clkbuf_16)
    16    0.110692    0.192001    0.346065   20.449884 ^ clkbuf_0_CLK/X (sky130_fd_sc_hd__clkbuf_16)
                                                         clknet_0_CLK (net)
                      0.192739    0.008427   20.458311 ^ clkbuf_4_5_0_CLK/A (sky130_fd_sc_hd__clkbuf_8)
     6    0.018014    0.078899    0.273113   20.731424 ^ clkbuf_4_5_0_CLK/X (sky130_fd_sc_hd__clkbuf_8)
                                                         clknet_4_5_0_CLK (net)
                      0.078906    0.000703   20.732128 ^ _1432_/CLK (sky130_fd_sc_hd__dfrtp_2)
                                 -0.250000   20.482128   clock uncertainty
                                  0.047356   20.529484   clock reconvergence pessimism
                                 -0.298751   20.230734   library setup time
                                             20.230734   data required time
---------------------------------------------------------------------------------------------
                                             20.230734   data required time
                                             -8.610888   data arrival time
---------------------------------------------------------------------------------------------
                                             11.619845   slack (MET)


Startpoint: _1452_ (rising edge-triggered flip-flop clocked by CLK)
Endpoint: _1430_ (rising edge-triggered flip-flop clocked by CLK)
Path Group: CLK
Path Type: max

Fanout         Cap        Slew       Delay        Time   Description
---------------------------------------------------------------------------------------------
                                  0.000000    0.000000   clock CLK (rise edge)
                                  0.000000    0.000000   clock source latency
     1    0.021247    0.158803    0.114747    0.114747 ^ CLK (in)
                                                         CLK (net)
                      0.158854    0.000000    0.114747 ^ clkbuf_0_CLK/A (sky130_fd_sc_hd__clkbuf_16)
    16    0.110692    0.192001    0.382494    0.497241 ^ clkbuf_0_CLK/X (sky130_fd_sc_hd__clkbuf_16)
                                                         clknet_0_CLK (net)
                      0.192652    0.008669    0.505910 ^ clkbuf_4_6_0_CLK/A (sky130_fd_sc_hd__clkbuf_8)
     6    0.016696    0.075917    0.298598    0.804508 ^ clkbuf_4_6_0_CLK/X (sky130_fd_sc_hd__clkbuf_8)
                                                         clknet_4_6_0_CLK (net)
                      0.075926    0.000844    0.805352 ^ _1452_/CLK (sky130_fd_sc_hd__dfrtp_2)
     6    0.026398    0.227512    0.874857    1.680210 ^ _1452_/Q (sky130_fd_sc_hd__dfrtp_2)
                                                         pwm.pwm_counter[0] (net)
                      0.227515    0.001354    1.681564 ^ hold174/A (sky130_fd_sc_hd__dlygate4sd3_1)
     1    0.005537    0.128675    1.198146    2.879709 ^ hold174/X (sky130_fd_sc_hd__dlygate4sd3_1)
                                                         net173 (net)
                      0.128675    0.000422    2.880131 ^ _0707_/A (sky130_fd_sc_hd__inv_2)
     2    0.004242    0.037433    0.082803    2.962935 v _0707_/Y (sky130_fd_sc_hd__inv_2)
                                                         _0011_ (net)
                      0.037433    0.000120    2.963055 v _0731_/C (sky130_fd_sc_hd__or3_2)
     1    0.004552    0.173981    1.029337    3.992392 v _0731_/X (sky130_fd_sc_hd__or3_2)
                                                         _0088_ (net)
                      0.173981    0.000345    3.992737 v _0734_/B (sky130_fd_sc_hd__or4b_2)
     1    0.003225    0.216283    1.598789    5.591526 v _0734_/X (sky130_fd_sc_hd__or4b_2)
                                                         _0091_ (net)
                      0.216283    0.000135    5.591660 v fanout32/A (sky130_fd_sc_hd__clkdlybuf4s25_1)
     5    0.037779    0.508429    0.909997    6.501657 v fanout32/X (sky130_fd_sc_hd__clkdlybuf4s25_1)
                                                         net32 (net)
                      0.508429    0.001052    6.502709 v fanout30/A (sky130_fd_sc_hd__clkdlybuf4s25_1)
    10    0.047422    0.634762    1.111498    7.614207 v fanout30/X (sky130_fd_sc_hd__clkdlybuf4s25_1)
                                                         net30 (net)
                      0.634787    0.004724    7.618931 v _1387_/S (sky130_fd_sc_hd__mux2_1)
     1    0.004150    0.125202    0.989255    8.608187 v _1387_/X (sky130_fd_sc_hd__mux2_1)
                                                         _0056_ (net)
                      0.125202    0.000306    8.608493 v _1430_/D (sky130_fd_sc_hd__dfrtp_2)
                                              8.608493   data arrival time

                                 20.000000   20.000000   clock CLK (rise edge)
                                  0.000000   20.000000   clock source latency
     1    0.021247    0.158803    0.103819   20.103819 ^ CLK (in)
                                                         CLK (net)
                      0.158854    0.000000   20.103819 ^ clkbuf_0_CLK/A (sky130_fd_sc_hd__clkbuf_16)
    16    0.110692    0.192001    0.346065   20.449884 ^ clkbuf_0_CLK/X (sky130_fd_sc_hd__clkbuf_16)
                                                         clknet_0_CLK (net)
                      0.192739    0.008427   20.458311 ^ clkbuf_4_5_0_CLK/A (sky130_fd_sc_hd__clkbuf_8)
     6    0.018014    0.078899    0.273113   20.731424 ^ clkbuf_4_5_0_CLK/X (sky130_fd_sc_hd__clkbuf_8)
                                                         clknet_4_5_0_CLK (net)
                      0.078905    0.000677   20.732101 ^ _1430_/CLK (sky130_fd_sc_hd__dfrtp_2)
                                 -0.250000   20.482101   clock uncertainty
                                  0.047356   20.529457   clock reconvergence pessimism
                                 -0.297295   20.232162   library setup time
                                             20.232162   data required time
---------------------------------------------------------------------------------------------
                                             20.232162   data required time
                                             -8.608493   data arrival time
---------------------------------------------------------------------------------------------
                                             11.623671   slack (MET)


Startpoint: _1452_ (rising edge-triggered flip-flop clocked by CLK)
Endpoint: _1435_ (rising edge-triggered flip-flop clocked by CLK)
Path Group: CLK
Path Type: max

Fanout         Cap        Slew       Delay        Time   Description
---------------------------------------------------------------------------------------------
                                  0.000000    0.000000   clock CLK (rise edge)
                                  0.000000    0.000000   clock source latency
     1    0.021247    0.158803    0.114747    0.114747 ^ CLK (in)
                                                         CLK (net)
                      0.158854    0.000000    0.114747 ^ clkbuf_0_CLK/A (sky130_fd_sc_hd__clkbuf_16)
    16    0.110692    0.192001    0.382494    0.497241 ^ clkbuf_0_CLK/X (sky130_fd_sc_hd__clkbuf_16)
                                                         clknet_0_CLK (net)
                      0.192652    0.008669    0.505910 ^ clkbuf_4_6_0_CLK/A (sky130_fd_sc_hd__clkbuf_8)
     6    0.016696    0.075917    0.298598    0.804508 ^ clkbuf_4_6_0_CLK/X (sky130_fd_sc_hd__clkbuf_8)
                                                         clknet_4_6_0_CLK (net)
                      0.075926    0.000844    0.805352 ^ _1452_/CLK (sky130_fd_sc_hd__dfrtp_2)
     6    0.026398    0.227512    0.874857    1.680210 ^ _1452_/Q (sky130_fd_sc_hd__dfrtp_2)
                                                         pwm.pwm_counter[0] (net)
                      0.227515    0.001354    1.681564 ^ hold174/A (sky130_fd_sc_hd__dlygate4sd3_1)
     1    0.005537    0.128675    1.198146    2.879709 ^ hold174/X (sky130_fd_sc_hd__dlygate4sd3_1)
                                                         net173 (net)
                      0.128675    0.000422    2.880131 ^ _0707_/A (sky130_fd_sc_hd__inv_2)
     2    0.004242    0.037433    0.082803    2.962935 v _0707_/Y (sky130_fd_sc_hd__inv_2)
                                                         _0011_ (net)
                      0.037433    0.000120    2.963055 v _0731_/C (sky130_fd_sc_hd__or3_2)
     1    0.004552    0.173981    1.029337    3.992392 v _0731_/X (sky130_fd_sc_hd__or3_2)
                                                         _0088_ (net)
                      0.173981    0.000345    3.992737 v _0734_/B (sky130_fd_sc_hd__or4b_2)
     1    0.003225    0.216283    1.598789    5.591526 v _0734_/X (sky130_fd_sc_hd__or4b_2)
                                                         _0091_ (net)
                      0.216283    0.000135    5.591660 v fanout32/A (sky130_fd_sc_hd__clkdlybuf4s25_1)
     5    0.037779    0.508429    0.909997    6.501657 v fanout32/X (sky130_fd_sc_hd__clkdlybuf4s25_1)
                                                         net32 (net)
                      0.508456    0.004288    6.505945 v _1392_/S (sky130_fd_sc_hd__mux2_1)
     1    0.002295    0.105748    0.900961    7.406906 v _1392_/X (sky130_fd_sc_hd__mux2_1)
                                                         _0061_ (net)
                      0.105748    0.000095    7.407001 v hold160/A (sky130_fd_sc_hd__dlygate4sd3_1)
     1    0.002634    0.104266    1.194270    8.601270 v hold160/X (sky130_fd_sc_hd__dlygate4sd3_1)
                                                         net159 (net)
                      0.104266    0.000190    8.601460 v _1435_/D (sky130_fd_sc_hd__dfrtp_2)
                                              8.601460   data arrival time

                                 20.000000   20.000000   clock CLK (rise edge)
                                  0.000000   20.000000   clock source latency
     1    0.021247    0.158803    0.103819   20.103819 ^ CLK (in)
                                                         CLK (net)
                      0.158854    0.000000   20.103819 ^ clkbuf_0_CLK/A (sky130_fd_sc_hd__clkbuf_16)
    16    0.110692    0.192001    0.346065   20.449884 ^ clkbuf_0_CLK/X (sky130_fd_sc_hd__clkbuf_16)
                                                         clknet_0_CLK (net)
                      0.192352    0.005322   20.455206 ^ clkbuf_4_15_0_CLK/A (sky130_fd_sc_hd__clkbuf_8)
     6    0.015922    0.074184    0.268376   20.723581 ^ clkbuf_4_15_0_CLK/X (sky130_fd_sc_hd__clkbuf_8)
                                                         clknet_4_15_0_CLK (net)
                      0.074195    0.000806   20.724388 ^ _1435_/CLK (sky130_fd_sc_hd__dfrtp_2)
                                 -0.250000   20.474388   clock uncertainty
                                  0.047356   20.521746   clock reconvergence pessimism
                                 -0.289806   20.231939   library setup time
                                             20.231939   data required time
---------------------------------------------------------------------------------------------
                                             20.231939   data required time
                                             -8.601460   data arrival time
---------------------------------------------------------------------------------------------
                                             11.630479   slack (MET)


Startpoint: _1452_ (rising edge-triggered flip-flop clocked by CLK)
Endpoint: _1428_ (rising edge-triggered flip-flop clocked by CLK)
Path Group: CLK
Path Type: max

Fanout         Cap        Slew       Delay        Time   Description
---------------------------------------------------------------------------------------------
                                  0.000000    0.000000   clock CLK (rise edge)
                                  0.000000    0.000000   clock source latency
     1    0.021247    0.158803    0.114747    0.114747 ^ CLK (in)
                                                         CLK (net)
                      0.158854    0.000000    0.114747 ^ clkbuf_0_CLK/A (sky130_fd_sc_hd__clkbuf_16)
    16    0.110692    0.192001    0.382494    0.497241 ^ clkbuf_0_CLK/X (sky130_fd_sc_hd__clkbuf_16)
                                                         clknet_0_CLK (net)
                      0.192652    0.008669    0.505910 ^ clkbuf_4_6_0_CLK/A (sky130_fd_sc_hd__clkbuf_8)
     6    0.016696    0.075917    0.298598    0.804508 ^ clkbuf_4_6_0_CLK/X (sky130_fd_sc_hd__clkbuf_8)
                                                         clknet_4_6_0_CLK (net)
                      0.075926    0.000844    0.805352 ^ _1452_/CLK (sky130_fd_sc_hd__dfrtp_2)
     6    0.026398    0.227512    0.874857    1.680210 ^ _1452_/Q (sky130_fd_sc_hd__dfrtp_2)
                                                         pwm.pwm_counter[0] (net)
                      0.227515    0.001354    1.681564 ^ hold174/A (sky130_fd_sc_hd__dlygate4sd3_1)
     1    0.005537    0.128675    1.198146    2.879709 ^ hold174/X (sky130_fd_sc_hd__dlygate4sd3_1)
                                                         net173 (net)
                      0.128675    0.000422    2.880131 ^ _0707_/A (sky130_fd_sc_hd__inv_2)
     2    0.004242    0.037433    0.082803    2.962935 v _0707_/Y (sky130_fd_sc_hd__inv_2)
                                                         _0011_ (net)
                      0.037433    0.000120    2.963055 v _0731_/C (sky130_fd_sc_hd__or3_2)
     1    0.004552    0.173981    1.029337    3.992392 v _0731_/X (sky130_fd_sc_hd__or3_2)
                                                         _0088_ (net)
                      0.173981    0.000345    3.992737 v _0734_/B (sky130_fd_sc_hd__or4b_2)
     1    0.003225    0.216283    1.598789    5.591526 v _0734_/X (sky130_fd_sc_hd__or4b_2)
                                                         _0091_ (net)
                      0.216283    0.000135    5.591660 v fanout32/A (sky130_fd_sc_hd__clkdlybuf4s25_1)
     5    0.037779    0.508429    0.909997    6.501657 v fanout32/X (sky130_fd_sc_hd__clkdlybuf4s25_1)
                                                         net32 (net)
                      0.508429    0.001052    6.502709 v fanout30/A (sky130_fd_sc_hd__clkdlybuf4s25_1)
    10    0.047422    0.634762    1.111498    7.614207 v fanout30/X (sky130_fd_sc_hd__clkdlybuf4s25_1)
                                                         net30 (net)
                      0.634765    0.002655    7.616862 v _1385_/S (sky130_fd_sc_hd__mux2_1)
     1    0.003697    0.120037    0.981055    8.597918 v _1385_/X (sky130_fd_sc_hd__mux2_1)
                                                         _0054_ (net)
                      0.120037    0.000229    8.598146 v _1428_/D (sky130_fd_sc_hd__dfrtp_2)
                                              8.598146   data arrival time

                                 20.000000   20.000000   clock CLK (rise edge)
                                  0.000000   20.000000   clock source latency
     1    0.021247    0.158803    0.103819   20.103819 ^ CLK (in)
                                                         CLK (net)
                      0.158854    0.000000   20.103819 ^ clkbuf_0_CLK/A (sky130_fd_sc_hd__clkbuf_16)
    16    0.110692    0.192001    0.346065   20.449884 ^ clkbuf_0_CLK/X (sky130_fd_sc_hd__clkbuf_16)
                                                         clknet_0_CLK (net)
                      0.192674    0.007997   20.457882 ^ clkbuf_4_1_0_CLK/A (sky130_fd_sc_hd__clkbuf_8)
     6    0.018223    0.079392    0.273412   20.731293 ^ clkbuf_4_1_0_CLK/X (sky130_fd_sc_hd__clkbuf_8)
                                                         clknet_4_1_0_CLK (net)
                      0.079404    0.000908   20.732201 ^ _1428_/CLK (sky130_fd_sc_hd__dfrtp_2)
                                 -0.250000   20.482201   clock uncertainty
                                  0.047356   20.529558   clock reconvergence pessimism
                                 -0.295004   20.234554   library setup time
                                             20.234554   data required time
---------------------------------------------------------------------------------------------
                                             20.234554   data required time
                                             -8.598146   data arrival time
---------------------------------------------------------------------------------------------
                                             11.636408   slack (MET)


Startpoint: _1452_ (rising edge-triggered flip-flop clocked by CLK)
Endpoint: _1426_ (rising edge-triggered flip-flop clocked by CLK)
Path Group: CLK
Path Type: max

Fanout         Cap        Slew       Delay        Time   Description
---------------------------------------------------------------------------------------------
                                  0.000000    0.000000   clock CLK (rise edge)
                                  0.000000    0.000000   clock source latency
     1    0.021247    0.158803    0.114747    0.114747 ^ CLK (in)
                                                         CLK (net)
                      0.158854    0.000000    0.114747 ^ clkbuf_0_CLK/A (sky130_fd_sc_hd__clkbuf_16)
    16    0.110692    0.192001    0.382494    0.497241 ^ clkbuf_0_CLK/X (sky130_fd_sc_hd__clkbuf_16)
                                                         clknet_0_CLK (net)
                      0.192652    0.008669    0.505910 ^ clkbuf_4_6_0_CLK/A (sky130_fd_sc_hd__clkbuf_8)
     6    0.016696    0.075917    0.298598    0.804508 ^ clkbuf_4_6_0_CLK/X (sky130_fd_sc_hd__clkbuf_8)
                                                         clknet_4_6_0_CLK (net)
                      0.075926    0.000844    0.805352 ^ _1452_/CLK (sky130_fd_sc_hd__dfrtp_2)
     6    0.026398    0.227512    0.874857    1.680210 ^ _1452_/Q (sky130_fd_sc_hd__dfrtp_2)
                                                         pwm.pwm_counter[0] (net)
                      0.227515    0.001354    1.681564 ^ hold174/A (sky130_fd_sc_hd__dlygate4sd3_1)
     1    0.005537    0.128675    1.198146    2.879709 ^ hold174/X (sky130_fd_sc_hd__dlygate4sd3_1)
                                                         net173 (net)
                      0.128675    0.000422    2.880131 ^ _0707_/A (sky130_fd_sc_hd__inv_2)
     2    0.004242    0.037433    0.082803    2.962935 v _0707_/Y (sky130_fd_sc_hd__inv_2)
                                                         _0011_ (net)
                      0.037433    0.000120    2.963055 v _0731_/C (sky130_fd_sc_hd__or3_2)
     1    0.004552    0.173981    1.029337    3.992392 v _0731_/X (sky130_fd_sc_hd__or3_2)
                                                         _0088_ (net)
                      0.173981    0.000345    3.992737 v _0734_/B (sky130_fd_sc_hd__or4b_2)
     1    0.003225    0.216283    1.598789    5.591526 v _0734_/X (sky130_fd_sc_hd__or4b_2)
                                                         _0091_ (net)
                      0.216283    0.000135    5.591660 v fanout32/A (sky130_fd_sc_hd__clkdlybuf4s25_1)
     5    0.037779    0.508429    0.909997    6.501657 v fanout32/X (sky130_fd_sc_hd__clkdlybuf4s25_1)
                                                         net32 (net)
                      0.508429    0.001052    6.502709 v fanout30/A (sky130_fd_sc_hd__clkdlybuf4s25_1)
    10    0.047422    0.634762    1.111498    7.614207 v fanout30/X (sky130_fd_sc_hd__clkdlybuf4s25_1)
                                                         net30 (net)
                      0.634787    0.004738    7.618945 v _1383_/S (sky130_fd_sc_hd__mux2_1)
     1    0.002831    0.110614    0.965338    8.584283 v _1383_/X (sky130_fd_sc_hd__mux2_1)
                                                         _0052_ (net)
                      0.110614    0.000187    8.584470 v _1426_/D (sky130_fd_sc_hd__dfrtp_2)
                                              8.584470   data arrival time

                                 20.000000   20.000000   clock CLK (rise edge)
                                  0.000000   20.000000   clock source latency
     1    0.021247    0.158803    0.103819   20.103819 ^ CLK (in)
                                                         CLK (net)
                      0.158854    0.000000   20.103819 ^ clkbuf_0_CLK/A (sky130_fd_sc_hd__clkbuf_16)
    16    0.110692    0.192001    0.346065   20.449884 ^ clkbuf_0_CLK/X (sky130_fd_sc_hd__clkbuf_16)
                                                         clknet_0_CLK (net)
                      0.192709    0.008228   20.458113 ^ clkbuf_4_7_0_CLK/A (sky130_fd_sc_hd__clkbuf_8)
     6    0.015897    0.074126    0.268509   20.726622 ^ clkbuf_4_7_0_CLK/X (sky130_fd_sc_hd__clkbuf_8)
                                                         clknet_4_7_0_CLK (net)
                      0.074136    0.000746   20.727367 ^ _1426_/CLK (sky130_fd_sc_hd__dfrtp_2)
                                 -0.250000   20.477367   clock uncertainty
                                  0.047356   20.524723   clock reconvergence pessimism
                                 -0.292473   20.232250   library setup time
                                             20.232250   data required time
---------------------------------------------------------------------------------------------
                                             20.232250   data required time
                                             -8.584470   data arrival time
---------------------------------------------------------------------------------------------
                                             11.647780   slack (MET)


Startpoint: _1452_ (rising edge-triggered flip-flop clocked by CLK)
Endpoint: _1427_ (rising edge-triggered flip-flop clocked by CLK)
Path Group: CLK
Path Type: max

Fanout         Cap        Slew       Delay        Time   Description
---------------------------------------------------------------------------------------------
                                  0.000000    0.000000   clock CLK (rise edge)
                                  0.000000    0.000000   clock source latency
     1    0.021247    0.158803    0.114747    0.114747 ^ CLK (in)
                                                         CLK (net)
                      0.158854    0.000000    0.114747 ^ clkbuf_0_CLK/A (sky130_fd_sc_hd__clkbuf_16)
    16    0.110692    0.192001    0.382494    0.497241 ^ clkbuf_0_CLK/X (sky130_fd_sc_hd__clkbuf_16)
                                                         clknet_0_CLK (net)
                      0.192652    0.008669    0.505910 ^ clkbuf_4_6_0_CLK/A (sky130_fd_sc_hd__clkbuf_8)
     6    0.016696    0.075917    0.298598    0.804508 ^ clkbuf_4_6_0_CLK/X (sky130_fd_sc_hd__clkbuf_8)
                                                         clknet_4_6_0_CLK (net)
                      0.075926    0.000844    0.805352 ^ _1452_/CLK (sky130_fd_sc_hd__dfrtp_2)
     6    0.026398    0.227512    0.874857    1.680210 ^ _1452_/Q (sky130_fd_sc_hd__dfrtp_2)
                                                         pwm.pwm_counter[0] (net)
                      0.227515    0.001354    1.681564 ^ hold174/A (sky130_fd_sc_hd__dlygate4sd3_1)
     1    0.005537    0.128675    1.198146    2.879709 ^ hold174/X (sky130_fd_sc_hd__dlygate4sd3_1)
                                                         net173 (net)
                      0.128675    0.000422    2.880131 ^ _0707_/A (sky130_fd_sc_hd__inv_2)
     2    0.004242    0.037433    0.082803    2.962935 v _0707_/Y (sky130_fd_sc_hd__inv_2)
                                                         _0011_ (net)
                      0.037433    0.000120    2.963055 v _0731_/C (sky130_fd_sc_hd__or3_2)
     1    0.004552    0.173981    1.029337    3.992392 v _0731_/X (sky130_fd_sc_hd__or3_2)
                                                         _0088_ (net)
                      0.173981    0.000345    3.992737 v _0734_/B (sky130_fd_sc_hd__or4b_2)
     1    0.003225    0.216283    1.598789    5.591526 v _0734_/X (sky130_fd_sc_hd__or4b_2)
                                                         _0091_ (net)
                      0.216283    0.000135    5.591660 v fanout32/A (sky130_fd_sc_hd__clkdlybuf4s25_1)
     5    0.037779    0.508429    0.909997    6.501657 v fanout32/X (sky130_fd_sc_hd__clkdlybuf4s25_1)
                                                         net32 (net)
                      0.508429    0.001052    6.502709 v fanout30/A (sky130_fd_sc_hd__clkdlybuf4s25_1)
    10    0.047422    0.634762    1.111498    7.614207 v fanout30/X (sky130_fd_sc_hd__clkdlybuf4s25_1)
                                                         net30 (net)
                      0.634790    0.004898    7.619105 v _1384_/S (sky130_fd_sc_hd__mux2_1)
     1    0.002776    0.109806    0.964333    8.583438 v _1384_/X (sky130_fd_sc_hd__mux2_1)
                                                         _0053_ (net)
                      0.109806    0.000187    8.583626 v _1427_/D (sky130_fd_sc_hd__dfrtp_2)
                                              8.583626   data arrival time

                                 20.000000   20.000000   clock CLK (rise edge)
                                  0.000000   20.000000   clock source latency
     1    0.021247    0.158803    0.103819   20.103819 ^ CLK (in)
                                                         CLK (net)
                      0.158854    0.000000   20.103819 ^ clkbuf_0_CLK/A (sky130_fd_sc_hd__clkbuf_16)
    16    0.110692    0.192001    0.346065   20.449884 ^ clkbuf_0_CLK/X (sky130_fd_sc_hd__clkbuf_16)
                                                         clknet_0_CLK (net)
                      0.192739    0.008427   20.458311 ^ clkbuf_4_5_0_CLK/A (sky130_fd_sc_hd__clkbuf_8)
     6    0.018014    0.078899    0.273113   20.731424 ^ clkbuf_4_5_0_CLK/X (sky130_fd_sc_hd__clkbuf_8)
                                                         clknet_4_5_0_CLK (net)
                      0.078906    0.000737   20.732161 ^ _1427_/CLK (sky130_fd_sc_hd__dfrtp_2)
                                 -0.250000   20.482162   clock uncertainty
                                  0.047356   20.529518   clock reconvergence pessimism
                                 -0.290863   20.238655   library setup time
                                             20.238655   data required time
---------------------------------------------------------------------------------------------
                                             20.238655   data required time
                                             -8.583626   data arrival time
---------------------------------------------------------------------------------------------
                                             11.655030   slack (MET)


Startpoint: _1452_ (rising edge-triggered flip-flop clocked by CLK)
Endpoint: _1431_ (rising edge-triggered flip-flop clocked by CLK)
Path Group: CLK
Path Type: max

Fanout         Cap        Slew       Delay        Time   Description
---------------------------------------------------------------------------------------------
                                  0.000000    0.000000   clock CLK (rise edge)
                                  0.000000    0.000000   clock source latency
     1    0.021247    0.158803    0.114747    0.114747 ^ CLK (in)
                                                         CLK (net)
                      0.158854    0.000000    0.114747 ^ clkbuf_0_CLK/A (sky130_fd_sc_hd__clkbuf_16)
    16    0.110692    0.192001    0.382494    0.497241 ^ clkbuf_0_CLK/X (sky130_fd_sc_hd__clkbuf_16)
                                                         clknet_0_CLK (net)
                      0.192652    0.008669    0.505910 ^ clkbuf_4_6_0_CLK/A (sky130_fd_sc_hd__clkbuf_8)
     6    0.016696    0.075917    0.298598    0.804508 ^ clkbuf_4_6_0_CLK/X (sky130_fd_sc_hd__clkbuf_8)
                                                         clknet_4_6_0_CLK (net)
                      0.075926    0.000844    0.805352 ^ _1452_/CLK (sky130_fd_sc_hd__dfrtp_2)
     6    0.026398    0.227512    0.874857    1.680210 ^ _1452_/Q (sky130_fd_sc_hd__dfrtp_2)
                                                         pwm.pwm_counter[0] (net)
                      0.227515    0.001354    1.681564 ^ hold174/A (sky130_fd_sc_hd__dlygate4sd3_1)
     1    0.005537    0.128675    1.198146    2.879709 ^ hold174/X (sky130_fd_sc_hd__dlygate4sd3_1)
                                                         net173 (net)
                      0.128675    0.000422    2.880131 ^ _0707_/A (sky130_fd_sc_hd__inv_2)
     2    0.004242    0.037433    0.082803    2.962935 v _0707_/Y (sky130_fd_sc_hd__inv_2)
                                                         _0011_ (net)
                      0.037433    0.000120    2.963055 v _0731_/C (sky130_fd_sc_hd__or3_2)
     1    0.004552    0.173981    1.029337    3.992392 v _0731_/X (sky130_fd_sc_hd__or3_2)
                                                         _0088_ (net)
                      0.173981    0.000345    3.992737 v _0734_/B (sky130_fd_sc_hd__or4b_2)
     1    0.003225    0.216283    1.598789    5.591526 v _0734_/X (sky130_fd_sc_hd__or4b_2)
                                                         _0091_ (net)
                      0.216283    0.000135    5.591660 v fanout32/A (sky130_fd_sc_hd__clkdlybuf4s25_1)
     5    0.037779    0.508429    0.909997    6.501657 v fanout32/X (sky130_fd_sc_hd__clkdlybuf4s25_1)
                                                         net32 (net)
                      0.508429    0.001052    6.502709 v fanout30/A (sky130_fd_sc_hd__clkdlybuf4s25_1)
    10    0.047422    0.634762    1.111498    7.614207 v fanout30/X (sky130_fd_sc_hd__clkdlybuf4s25_1)
                                                         net30 (net)
                      0.634783    0.004413    7.618620 v _1388_/S (sky130_fd_sc_hd__mux2_1)
     1    0.002262    0.105270    0.955008    8.573628 v _1388_/X (sky130_fd_sc_hd__mux2_1)
                                                         _0057_ (net)
                      0.105270    0.000109    8.573737 v _1431_/D (sky130_fd_sc_hd__dfrtp_2)
                                              8.573737   data arrival time

                                 20.000000   20.000000   clock CLK (rise edge)
                                  0.000000   20.000000   clock source latency
     1    0.021247    0.158803    0.103819   20.103819 ^ CLK (in)
                                                         CLK (net)
                      0.158854    0.000000   20.103819 ^ clkbuf_0_CLK/A (sky130_fd_sc_hd__clkbuf_16)
    16    0.110692    0.192001    0.346065   20.449884 ^ clkbuf_0_CLK/X (sky130_fd_sc_hd__clkbuf_16)
                                                         clknet_0_CLK (net)
                      0.192709    0.008228   20.458113 ^ clkbuf_4_7_0_CLK/A (sky130_fd_sc_hd__clkbuf_8)
     6    0.015897    0.074126    0.268509   20.726622 ^ clkbuf_4_7_0_CLK/X (sky130_fd_sc_hd__clkbuf_8)
                                                         clknet_4_7_0_CLK (net)
                      0.074136    0.000755   20.727375 ^ _1431_/CLK (sky130_fd_sc_hd__dfrtp_2)
                                 -0.250000   20.477377   clock uncertainty
                                  0.047356   20.524733   clock reconvergence pessimism
                                 -0.290241   20.234491   library setup time
                                             20.234491   data required time
---------------------------------------------------------------------------------------------
                                             20.234491   data required time
                                             -8.573737   data arrival time
---------------------------------------------------------------------------------------------
                                             11.660754   slack (MET)


Startpoint: _1452_ (rising edge-triggered flip-flop clocked by CLK)
Endpoint: _1433_ (rising edge-triggered flip-flop clocked by CLK)
Path Group: CLK
Path Type: max

Fanout         Cap        Slew       Delay        Time   Description
---------------------------------------------------------------------------------------------
                                  0.000000    0.000000   clock CLK (rise edge)
                                  0.000000    0.000000   clock source latency
     1    0.021247    0.158803    0.114747    0.114747 ^ CLK (in)
                                                         CLK (net)
                      0.158854    0.000000    0.114747 ^ clkbuf_0_CLK/A (sky130_fd_sc_hd__clkbuf_16)
    16    0.110692    0.192001    0.382494    0.497241 ^ clkbuf_0_CLK/X (sky130_fd_sc_hd__clkbuf_16)
                                                         clknet_0_CLK (net)
                      0.192652    0.008669    0.505910 ^ clkbuf_4_6_0_CLK/A (sky130_fd_sc_hd__clkbuf_8)
     6    0.016696    0.075917    0.298598    0.804508 ^ clkbuf_4_6_0_CLK/X (sky130_fd_sc_hd__clkbuf_8)
                                                         clknet_4_6_0_CLK (net)
                      0.075926    0.000844    0.805352 ^ _1452_/CLK (sky130_fd_sc_hd__dfrtp_2)
     6    0.026398    0.227512    0.874857    1.680210 ^ _1452_/Q (sky130_fd_sc_hd__dfrtp_2)
                                                         pwm.pwm_counter[0] (net)
                      0.227515    0.001354    1.681564 ^ hold174/A (sky130_fd_sc_hd__dlygate4sd3_1)
     1    0.005537    0.128675    1.198146    2.879709 ^ hold174/X (sky130_fd_sc_hd__dlygate4sd3_1)
                                                         net173 (net)
                      0.128675    0.000422    2.880131 ^ _0707_/A (sky130_fd_sc_hd__inv_2)
     2    0.004242    0.037433    0.082803    2.962935 v _0707_/Y (sky130_fd_sc_hd__inv_2)
                                                         _0011_ (net)
                      0.037433    0.000120    2.963055 v _0731_/C (sky130_fd_sc_hd__or3_2)
     1    0.004552    0.173981    1.029337    3.992392 v _0731_/X (sky130_fd_sc_hd__or3_2)
                                                         _0088_ (net)
                      0.173981    0.000345    3.992737 v _0734_/B (sky130_fd_sc_hd__or4b_2)
     1    0.003225    0.216283    1.598789    5.591526 v _0734_/X (sky130_fd_sc_hd__or4b_2)
                                                         _0091_ (net)
                      0.216283    0.000135    5.591660 v fanout32/A (sky130_fd_sc_hd__clkdlybuf4s25_1)
     5    0.037779    0.508429    0.909997    6.501657 v fanout32/X (sky130_fd_sc_hd__clkdlybuf4s25_1)
                                                         net32 (net)
                      0.508429    0.001052    6.502709 v fanout30/A (sky130_fd_sc_hd__clkdlybuf4s25_1)
    10    0.047422    0.634762    1.111498    7.614207 v fanout30/X (sky130_fd_sc_hd__clkdlybuf4s25_1)
                                                         net30 (net)
                      0.634787    0.004743    7.618950 v _1390_/S (sky130_fd_sc_hd__mux2_1)
     1    0.002154    0.106290    0.953039    8.571989 v _1390_/X (sky130_fd_sc_hd__mux2_1)
                                                         _0059_ (net)
                      0.106290    0.000163    8.572152 v _1433_/D (sky130_fd_sc_hd__dfrtp_2)
                                              8.572152   data arrival time

                                 20.000000   20.000000   clock CLK (rise edge)
                                  0.000000   20.000000   clock source latency
     1    0.021247    0.158803    0.103819   20.103819 ^ CLK (in)
                                                         CLK (net)
                      0.158854    0.000000   20.103819 ^ clkbuf_0_CLK/A (sky130_fd_sc_hd__clkbuf_16)
    16    0.110692    0.192001    0.346065   20.449884 ^ clkbuf_0_CLK/X (sky130_fd_sc_hd__clkbuf_16)
                                                         clknet_0_CLK (net)
                      0.192709    0.008228   20.458113 ^ clkbuf_4_7_0_CLK/A (sky130_fd_sc_hd__clkbuf_8)
     6    0.015897    0.074126    0.268509   20.726622 ^ clkbuf_4_7_0_CLK/X (sky130_fd_sc_hd__clkbuf_8)
                                                         clknet_4_7_0_CLK (net)
                      0.074132    0.000641   20.727262 ^ _1433_/CLK (sky130_fd_sc_hd__dfrtp_2)
                                 -0.250000   20.477262   clock uncertainty
                                  0.047356   20.524618   clock reconvergence pessimism
                                 -0.290668   20.233950   library setup time
                                             20.233950   data required time
---------------------------------------------------------------------------------------------
                                             20.233950   data required time
                                             -8.572152   data arrival time
---------------------------------------------------------------------------------------------
                                             11.661798   slack (MET)


Startpoint: _1452_ (rising edge-triggered flip-flop clocked by CLK)
Endpoint: _1429_ (rising edge-triggered flip-flop clocked by CLK)
Path Group: CLK
Path Type: max

Fanout         Cap        Slew       Delay        Time   Description
---------------------------------------------------------------------------------------------
                                  0.000000    0.000000   clock CLK (rise edge)
                                  0.000000    0.000000   clock source latency
     1    0.021247    0.158803    0.114747    0.114747 ^ CLK (in)
                                                         CLK (net)
                      0.158854    0.000000    0.114747 ^ clkbuf_0_CLK/A (sky130_fd_sc_hd__clkbuf_16)
    16    0.110692    0.192001    0.382494    0.497241 ^ clkbuf_0_CLK/X (sky130_fd_sc_hd__clkbuf_16)
                                                         clknet_0_CLK (net)
                      0.192652    0.008669    0.505910 ^ clkbuf_4_6_0_CLK/A (sky130_fd_sc_hd__clkbuf_8)
     6    0.016696    0.075917    0.298598    0.804508 ^ clkbuf_4_6_0_CLK/X (sky130_fd_sc_hd__clkbuf_8)
                                                         clknet_4_6_0_CLK (net)
                      0.075926    0.000844    0.805352 ^ _1452_/CLK (sky130_fd_sc_hd__dfrtp_2)
     6    0.026398    0.227512    0.874857    1.680210 ^ _1452_/Q (sky130_fd_sc_hd__dfrtp_2)
                                                         pwm.pwm_counter[0] (net)
                      0.227515    0.001354    1.681564 ^ hold174/A (sky130_fd_sc_hd__dlygate4sd3_1)
     1    0.005537    0.128675    1.198146    2.879709 ^ hold174/X (sky130_fd_sc_hd__dlygate4sd3_1)
                                                         net173 (net)
                      0.128675    0.000422    2.880131 ^ _0707_/A (sky130_fd_sc_hd__inv_2)
     2    0.004242    0.037433    0.082803    2.962935 v _0707_/Y (sky130_fd_sc_hd__inv_2)
                                                         _0011_ (net)
                      0.037433    0.000120    2.963055 v _0731_/C (sky130_fd_sc_hd__or3_2)
     1    0.004552    0.173981    1.029337    3.992392 v _0731_/X (sky130_fd_sc_hd__or3_2)
                                                         _0088_ (net)
                      0.173981    0.000345    3.992737 v _0734_/B (sky130_fd_sc_hd__or4b_2)
     1    0.003225    0.216283    1.598789    5.591526 v _0734_/X (sky130_fd_sc_hd__or4b_2)
                                                         _0091_ (net)
                      0.216283    0.000135    5.591660 v fanout32/A (sky130_fd_sc_hd__clkdlybuf4s25_1)
     5    0.037779    0.508429    0.909997    6.501657 v fanout32/X (sky130_fd_sc_hd__clkdlybuf4s25_1)
                                                         net32 (net)
                      0.508429    0.001052    6.502709 v fanout30/A (sky130_fd_sc_hd__clkdlybuf4s25_1)
    10    0.047422    0.634762    1.111498    7.614207 v fanout30/X (sky130_fd_sc_hd__clkdlybuf4s25_1)
                                                         net30 (net)
                      0.634770    0.003259    7.617466 v _1386_/S (sky130_fd_sc_hd__mux2_1)
     1    0.002667    0.109074    0.962350    8.579816 v _1386_/X (sky130_fd_sc_hd__mux2_1)
                                                         _0055_ (net)
                      0.109074    0.000187    8.580003 v _1429_/D (sky130_fd_sc_hd__dfrtp_2)
                                              8.580003   data arrival time

                                 20.000000   20.000000   clock CLK (rise edge)
                                  0.000000   20.000000   clock source latency
     1    0.021247    0.158803    0.103819   20.103819 ^ CLK (in)
                                                         CLK (net)
                      0.158854    0.000000   20.103819 ^ clkbuf_0_CLK/A (sky130_fd_sc_hd__clkbuf_16)
    16    0.110692    0.192001    0.346065   20.449884 ^ clkbuf_0_CLK/X (sky130_fd_sc_hd__clkbuf_16)
                                                         clknet_0_CLK (net)
                      0.192680    0.008036   20.457920 ^ clkbuf_4_4_0_CLK/A (sky130_fd_sc_hd__clkbuf_8)
     6    0.019226    0.081698    0.275636   20.733557 ^ clkbuf_4_4_0_CLK/X (sky130_fd_sc_hd__clkbuf_8)
                                                         clknet_4_4_0_CLK (net)
                      0.081706    0.000822   20.734379 ^ _1429_/CLK (sky130_fd_sc_hd__dfrtp_2)
                                 -0.250000   20.484379   clock uncertainty
                                  0.047356   20.531734   clock reconvergence pessimism
                                 -0.289810   20.241924   library setup time
                                             20.241924   data required time
---------------------------------------------------------------------------------------------
                                             20.241924   data required time
                                             -8.580003   data arrival time
---------------------------------------------------------------------------------------------
                                             11.661922   slack (MET)


Startpoint: _1452_ (rising edge-triggered flip-flop clocked by CLK)
Endpoint: _1465_ (rising edge-triggered flip-flop clocked by CLK)
Path Group: CLK
Path Type: max

Fanout         Cap        Slew       Delay        Time   Description
---------------------------------------------------------------------------------------------
                                  0.000000    0.000000   clock CLK (rise edge)
                                  0.000000    0.000000   clock source latency
     1    0.021247    0.158803    0.114747    0.114747 ^ CLK (in)
                                                         CLK (net)
                      0.158854    0.000000    0.114747 ^ clkbuf_0_CLK/A (sky130_fd_sc_hd__clkbuf_16)
    16    0.110692    0.192001    0.382494    0.497241 ^ clkbuf_0_CLK/X (sky130_fd_sc_hd__clkbuf_16)
                                                         clknet_0_CLK (net)
                      0.192652    0.008669    0.505910 ^ clkbuf_4_6_0_CLK/A (sky130_fd_sc_hd__clkbuf_8)
     6    0.016696    0.075917    0.298598    0.804508 ^ clkbuf_4_6_0_CLK/X (sky130_fd_sc_hd__clkbuf_8)
                                                         clknet_4_6_0_CLK (net)
                      0.075926    0.000844    0.805352 ^ _1452_/CLK (sky130_fd_sc_hd__dfrtp_2)
     6    0.026398    0.227512    0.874857    1.680210 ^ _1452_/Q (sky130_fd_sc_hd__dfrtp_2)
                                                         pwm.pwm_counter[0] (net)
                      0.227515    0.001354    1.681564 ^ hold174/A (sky130_fd_sc_hd__dlygate4sd3_1)
     1    0.005537    0.128675    1.198146    2.879709 ^ hold174/X (sky130_fd_sc_hd__dlygate4sd3_1)
                                                         net173 (net)
                      0.128675    0.000422    2.880131 ^ _0707_/A (sky130_fd_sc_hd__inv_2)
     2    0.004242    0.037433    0.082803    2.962935 v _0707_/Y (sky130_fd_sc_hd__inv_2)
                                                         _0011_ (net)
                      0.037433    0.000120    2.963055 v _0731_/C (sky130_fd_sc_hd__or3_2)
     1    0.004552    0.173981    1.029337    3.992392 v _0731_/X (sky130_fd_sc_hd__or3_2)
                                                         _0088_ (net)
                      0.173981    0.000345    3.992737 v _0734_/B (sky130_fd_sc_hd__or4b_2)
     1    0.003225    0.216283    1.598789    5.591526 v _0734_/X (sky130_fd_sc_hd__or4b_2)
                                                         _0091_ (net)
                      0.216283    0.000135    5.591660 v fanout32/A (sky130_fd_sc_hd__clkdlybuf4s25_1)
     5    0.037779    0.508429    0.909997    6.501657 v fanout32/X (sky130_fd_sc_hd__clkdlybuf4s25_1)
                                                         net32 (net)
                      0.508429    0.001052    6.502709 v fanout30/A (sky130_fd_sc_hd__clkdlybuf4s25_1)
    10    0.047422    0.634762    1.111498    7.614207 v fanout30/X (sky130_fd_sc_hd__clkdlybuf4s25_1)
                                                         net30 (net)
                      0.634764    0.002439    7.616646 v _0796_/A1 (sky130_fd_sc_hd__mux2_1)
     1    0.002523    0.108186    0.931204    8.547851 v _0796_/X (sky130_fd_sc_hd__mux2_1)
                                                         _0010_ (net)
                      0.108186    0.000179    8.548030 v _1465_/D (sky130_fd_sc_hd__dfrtp_2)
                                              8.548030   data arrival time

                                 20.000000   20.000000   clock CLK (rise edge)
                                  0.000000   20.000000   clock source latency
     1    0.021247    0.158803    0.103819   20.103819 ^ CLK (in)
                                                         CLK (net)
                      0.158854    0.000000   20.103819 ^ clkbuf_0_CLK/A (sky130_fd_sc_hd__clkbuf_16)
    16    0.110692    0.192001    0.346065   20.449884 ^ clkbuf_0_CLK/X (sky130_fd_sc_hd__clkbuf_16)
                                                         clknet_0_CLK (net)
                      0.192665    0.007935   20.457819 ^ clkbuf_4_3_0_CLK/A (sky130_fd_sc_hd__clkbuf_8)
     6    0.019520    0.082381    0.276252   20.734072 ^ clkbuf_4_3_0_CLK/X (sky130_fd_sc_hd__clkbuf_8)
                                                         clknet_4_3_0_CLK (net)
                      0.082389    0.000817   20.734888 ^ _1465_/CLK (sky130_fd_sc_hd__dfrtp_2)
                                 -0.250000   20.484890   clock uncertainty
                                  0.047356   20.532246   clock reconvergence pessimism
                                 -0.289257   20.242989   library setup time
                                             20.242989   data required time
---------------------------------------------------------------------------------------------
                                             20.242989   data required time
                                             -8.548030   data arrival time
---------------------------------------------------------------------------------------------
                                             11.694959   slack (MET)


Startpoint: _1452_ (rising edge-triggered flip-flop clocked by CLK)
Endpoint: _1417_ (rising edge-triggered flip-flop clocked by CLK)
Path Group: CLK
Path Type: max

Fanout         Cap        Slew       Delay        Time   Description
---------------------------------------------------------------------------------------------
                                  0.000000    0.000000   clock CLK (rise edge)
                                  0.000000    0.000000   clock source latency
     1    0.021247    0.158803    0.114747    0.114747 ^ CLK (in)
                                                         CLK (net)
                      0.158854    0.000000    0.114747 ^ clkbuf_0_CLK/A (sky130_fd_sc_hd__clkbuf_16)
    16    0.110692    0.192001    0.382494    0.497241 ^ clkbuf_0_CLK/X (sky130_fd_sc_hd__clkbuf_16)
                                                         clknet_0_CLK (net)
                      0.192652    0.008669    0.505910 ^ clkbuf_4_6_0_CLK/A (sky130_fd_sc_hd__clkbuf_8)
     6    0.016696    0.075917    0.298598    0.804508 ^ clkbuf_4_6_0_CLK/X (sky130_fd_sc_hd__clkbuf_8)
                                                         clknet_4_6_0_CLK (net)
                      0.075926    0.000844    0.805352 ^ _1452_/CLK (sky130_fd_sc_hd__dfrtp_2)
     6    0.026398    0.227512    0.874857    1.680210 ^ _1452_/Q (sky130_fd_sc_hd__dfrtp_2)
                                                         pwm.pwm_counter[0] (net)
                      0.227515    0.001354    1.681564 ^ hold174/A (sky130_fd_sc_hd__dlygate4sd3_1)
     1    0.005537    0.128675    1.198146    2.879709 ^ hold174/X (sky130_fd_sc_hd__dlygate4sd3_1)
                                                         net173 (net)
                      0.128675    0.000422    2.880131 ^ _0707_/A (sky130_fd_sc_hd__inv_2)
     2    0.004242    0.037433    0.082803    2.962935 v _0707_/Y (sky130_fd_sc_hd__inv_2)
                                                         _0011_ (net)
                      0.037433    0.000120    2.963055 v _0731_/C (sky130_fd_sc_hd__or3_2)
     1    0.004552    0.173981    1.029337    3.992392 v _0731_/X (sky130_fd_sc_hd__or3_2)
                                                         _0088_ (net)
                      0.173981    0.000345    3.992737 v _0734_/B (sky130_fd_sc_hd__or4b_2)
     1    0.003225    0.216283    1.598789    5.591526 v _0734_/X (sky130_fd_sc_hd__or4b_2)
                                                         _0091_ (net)
                      0.216283    0.000135    5.591660 v fanout32/A (sky130_fd_sc_hd__clkdlybuf4s25_1)
     5    0.037779    0.508429    0.909997    6.501657 v fanout32/X (sky130_fd_sc_hd__clkdlybuf4s25_1)
                                                         net32 (net)
                      0.508429    0.000612    6.502269 v fanout31/A (sky130_fd_sc_hd__clkdlybuf4s25_1)
     7    0.028910    0.397164    0.927565    7.429834 v fanout31/X (sky130_fd_sc_hd__clkdlybuf4s25_1)
                                                         net31 (net)
                      0.397167    0.001906    7.431740 v _1377_/S (sky130_fd_sc_hd__mux2_1)
     1    0.003032    0.112622    0.866118    8.297858 v _1377_/X (sky130_fd_sc_hd__mux2_1)
                                                         _0043_ (net)
                      0.112622    0.000203    8.298062 v _1417_/D (sky130_fd_sc_hd__dfrtp_2)
                                              8.298062   data arrival time

                                 20.000000   20.000000   clock CLK (rise edge)
                                  0.000000   20.000000   clock source latency
     1    0.021247    0.158803    0.103819   20.103819 ^ CLK (in)
                                                         CLK (net)
                      0.158854    0.000000   20.103819 ^ clkbuf_0_CLK/A (sky130_fd_sc_hd__clkbuf_16)
    16    0.110692    0.192001    0.346065   20.449884 ^ clkbuf_0_CLK/X (sky130_fd_sc_hd__clkbuf_16)
                                                         clknet_0_CLK (net)
                      0.192680    0.008036   20.457920 ^ clkbuf_4_4_0_CLK/A (sky130_fd_sc_hd__clkbuf_8)
     6    0.019226    0.081698    0.275636   20.733557 ^ clkbuf_4_4_0_CLK/X (sky130_fd_sc_hd__clkbuf_8)
                                                         clknet_4_4_0_CLK (net)
                      0.081710    0.000940   20.734495 ^ _1417_/CLK (sky130_fd_sc_hd__dfrtp_2)
                                 -0.250000   20.484497   clock uncertainty
                                  0.047356   20.531853   clock reconvergence pessimism
                                 -0.291291   20.240562   library setup time
                                             20.240562   data required time
---------------------------------------------------------------------------------------------
                                             20.240562   data required time
                                             -8.298062   data arrival time
---------------------------------------------------------------------------------------------
                                             11.942500   slack (MET)


Startpoint: _1452_ (rising edge-triggered flip-flop clocked by CLK)
Endpoint: _1418_ (rising edge-triggered flip-flop clocked by CLK)
Path Group: CLK
Path Type: max

Fanout         Cap        Slew       Delay        Time   Description
---------------------------------------------------------------------------------------------
                                  0.000000    0.000000   clock CLK (rise edge)
                                  0.000000    0.000000   clock source latency
     1    0.021247    0.158803    0.114747    0.114747 ^ CLK (in)
                                                         CLK (net)
                      0.158854    0.000000    0.114747 ^ clkbuf_0_CLK/A (sky130_fd_sc_hd__clkbuf_16)
    16    0.110692    0.192001    0.382494    0.497241 ^ clkbuf_0_CLK/X (sky130_fd_sc_hd__clkbuf_16)
                                                         clknet_0_CLK (net)
                      0.192652    0.008669    0.505910 ^ clkbuf_4_6_0_CLK/A (sky130_fd_sc_hd__clkbuf_8)
     6    0.016696    0.075917    0.298598    0.804508 ^ clkbuf_4_6_0_CLK/X (sky130_fd_sc_hd__clkbuf_8)
                                                         clknet_4_6_0_CLK (net)
                      0.075926    0.000844    0.805352 ^ _1452_/CLK (sky130_fd_sc_hd__dfrtp_2)
     6    0.026398    0.227512    0.874857    1.680210 ^ _1452_/Q (sky130_fd_sc_hd__dfrtp_2)
                                                         pwm.pwm_counter[0] (net)
                      0.227515    0.001354    1.681564 ^ hold174/A (sky130_fd_sc_hd__dlygate4sd3_1)
     1    0.005537    0.128675    1.198146    2.879709 ^ hold174/X (sky130_fd_sc_hd__dlygate4sd3_1)
                                                         net173 (net)
                      0.128675    0.000422    2.880131 ^ _0707_/A (sky130_fd_sc_hd__inv_2)
     2    0.004242    0.037433    0.082803    2.962935 v _0707_/Y (sky130_fd_sc_hd__inv_2)
                                                         _0011_ (net)
                      0.037433    0.000120    2.963055 v _0731_/C (sky130_fd_sc_hd__or3_2)
     1    0.004552    0.173981    1.029337    3.992392 v _0731_/X (sky130_fd_sc_hd__or3_2)
                                                         _0088_ (net)
                      0.173981    0.000345    3.992737 v _0734_/B (sky130_fd_sc_hd__or4b_2)
     1    0.003225    0.216283    1.598789    5.591526 v _0734_/X (sky130_fd_sc_hd__or4b_2)
                                                         _0091_ (net)
                      0.216283    0.000135    5.591660 v fanout32/A (sky130_fd_sc_hd__clkdlybuf4s25_1)
     5    0.037779    0.508429    0.909997    6.501657 v fanout32/X (sky130_fd_sc_hd__clkdlybuf4s25_1)
                                                         net32 (net)
                      0.508429    0.000612    6.502269 v fanout31/A (sky130_fd_sc_hd__clkdlybuf4s25_1)
     7    0.028910    0.397164    0.927565    7.429834 v fanout31/X (sky130_fd_sc_hd__clkdlybuf4s25_1)
                                                         net31 (net)
                      0.397169    0.002047    7.431881 v _1378_/S (sky130_fd_sc_hd__mux2_1)
     1    0.002369    0.106230    0.854067    8.285948 v _1378_/X (sky130_fd_sc_hd__mux2_1)
                                                         _0044_ (net)
                      0.106230    0.000170    8.286118 v _1418_/D (sky130_fd_sc_hd__dfrtp_2)
                                              8.286118   data arrival time

                                 20.000000   20.000000   clock CLK (rise edge)
                                  0.000000   20.000000   clock source latency
     1    0.021247    0.158803    0.103819   20.103819 ^ CLK (in)
                                                         CLK (net)
                      0.158854    0.000000   20.103819 ^ clkbuf_0_CLK/A (sky130_fd_sc_hd__clkbuf_16)
    16    0.110692    0.192001    0.346065   20.449884 ^ clkbuf_0_CLK/X (sky130_fd_sc_hd__clkbuf_16)
                                                         clknet_0_CLK (net)
                      0.192665    0.007935   20.457819 ^ clkbuf_4_3_0_CLK/A (sky130_fd_sc_hd__clkbuf_8)
     6    0.019520    0.082381    0.276252   20.734072 ^ clkbuf_4_3_0_CLK/X (sky130_fd_sc_hd__clkbuf_8)
                                                         clknet_4_3_0_CLK (net)
                      0.082385    0.000655   20.734726 ^ _1418_/CLK (sky130_fd_sc_hd__dfrtp_2)
                                 -0.250000   20.484728   clock uncertainty
                                  0.047356   20.532084   clock reconvergence pessimism
                                 -0.288441   20.243643   library setup time
                                             20.243643   data required time
---------------------------------------------------------------------------------------------
                                             20.243643   data required time
                                             -8.286118   data arrival time
---------------------------------------------------------------------------------------------
                                             11.957524   slack (MET)


Startpoint: _1452_ (rising edge-triggered flip-flop clocked by CLK)
Endpoint: _1416_ (rising edge-triggered flip-flop clocked by CLK)
Path Group: CLK
Path Type: max

Fanout         Cap        Slew       Delay        Time   Description
---------------------------------------------------------------------------------------------
                                  0.000000    0.000000   clock CLK (rise edge)
                                  0.000000    0.000000   clock source latency
     1    0.021247    0.158803    0.114747    0.114747 ^ CLK (in)
                                                         CLK (net)
                      0.158854    0.000000    0.114747 ^ clkbuf_0_CLK/A (sky130_fd_sc_hd__clkbuf_16)
    16    0.110692    0.192001    0.382494    0.497241 ^ clkbuf_0_CLK/X (sky130_fd_sc_hd__clkbuf_16)
                                                         clknet_0_CLK (net)
                      0.192652    0.008669    0.505910 ^ clkbuf_4_6_0_CLK/A (sky130_fd_sc_hd__clkbuf_8)
     6    0.016696    0.075917    0.298598    0.804508 ^ clkbuf_4_6_0_CLK/X (sky130_fd_sc_hd__clkbuf_8)
                                                         clknet_4_6_0_CLK (net)
                      0.075926    0.000844    0.805352 ^ _1452_/CLK (sky130_fd_sc_hd__dfrtp_2)
     6    0.026398    0.227512    0.874857    1.680210 ^ _1452_/Q (sky130_fd_sc_hd__dfrtp_2)
                                                         pwm.pwm_counter[0] (net)
                      0.227515    0.001354    1.681564 ^ hold174/A (sky130_fd_sc_hd__dlygate4sd3_1)
     1    0.005537    0.128675    1.198146    2.879709 ^ hold174/X (sky130_fd_sc_hd__dlygate4sd3_1)
                                                         net173 (net)
                      0.128675    0.000422    2.880131 ^ _0707_/A (sky130_fd_sc_hd__inv_2)
     2    0.004242    0.037433    0.082803    2.962935 v _0707_/Y (sky130_fd_sc_hd__inv_2)
                                                         _0011_ (net)
                      0.037433    0.000120    2.963055 v _0731_/C (sky130_fd_sc_hd__or3_2)
     1    0.004552    0.173981    1.029337    3.992392 v _0731_/X (sky130_fd_sc_hd__or3_2)
                                                         _0088_ (net)
                      0.173981    0.000345    3.992737 v _0734_/B (sky130_fd_sc_hd__or4b_2)
     1    0.003225    0.216283    1.598789    5.591526 v _0734_/X (sky130_fd_sc_hd__or4b_2)
                                                         _0091_ (net)
                      0.216283    0.000135    5.591660 v fanout32/A (sky130_fd_sc_hd__clkdlybuf4s25_1)
     5    0.037779    0.508429    0.909997    6.501657 v fanout32/X (sky130_fd_sc_hd__clkdlybuf4s25_1)
                                                         net32 (net)
                      0.508429    0.000612    6.502269 v fanout31/A (sky130_fd_sc_hd__clkdlybuf4s25_1)
     7    0.028910    0.397164    0.927565    7.429834 v fanout31/X (sky130_fd_sc_hd__clkdlybuf4s25_1)
                                                         net31 (net)
                      0.397176    0.002744    7.432578 v _1376_/S (sky130_fd_sc_hd__mux2_1)
     1    0.002363    0.106122    0.853962    8.286540 v _1376_/X (sky130_fd_sc_hd__mux2_1)
                                                         _0042_ (net)
                      0.106122    0.000168    8.286708 v _1416_/D (sky130_fd_sc_hd__dfrtp_2)
                                              8.286708   data arrival time

                                 20.000000   20.000000   clock CLK (rise edge)
                                  0.000000   20.000000   clock source latency
     1    0.021247    0.158803    0.103819   20.103819 ^ CLK (in)
                                                         CLK (net)
                      0.158854    0.000000   20.103819 ^ clkbuf_0_CLK/A (sky130_fd_sc_hd__clkbuf_16)
    16    0.110692    0.192001    0.346065   20.449884 ^ clkbuf_0_CLK/X (sky130_fd_sc_hd__clkbuf_16)
                                                         clknet_0_CLK (net)
                      0.192679    0.008026   20.457911 ^ clkbuf_4_2_0_CLK/A (sky130_fd_sc_hd__clkbuf_8)
     6    0.020724    0.085211    0.278773   20.736683 ^ clkbuf_4_2_0_CLK/X (sky130_fd_sc_hd__clkbuf_8)
                                                         clknet_4_2_0_CLK (net)
                      0.085226    0.001046   20.737728 ^ _1416_/CLK (sky130_fd_sc_hd__dfrtp_2)
                                 -0.250000   20.487730   clock uncertainty
                                  0.047356   20.535086   clock reconvergence pessimism
                                 -0.287638   20.247446   library setup time
                                             20.247446   data required time
---------------------------------------------------------------------------------------------
                                             20.247446   data required time
                                             -8.286708   data arrival time
---------------------------------------------------------------------------------------------
                                             11.960739   slack (MET)


Startpoint: _1452_ (rising edge-triggered flip-flop clocked by CLK)
Endpoint: _1453_ (rising edge-triggered flip-flop clocked by CLK)
Path Group: CLK
Path Type: max

Fanout         Cap        Slew       Delay        Time   Description
---------------------------------------------------------------------------------------------
                                  0.000000    0.000000   clock CLK (rise edge)
                                  0.000000    0.000000   clock source latency
     1    0.021247    0.158803    0.114747    0.114747 ^ CLK (in)
                                                         CLK (net)
                      0.158854    0.000000    0.114747 ^ clkbuf_0_CLK/A (sky130_fd_sc_hd__clkbuf_16)
    16    0.110692    0.192001    0.382494    0.497241 ^ clkbuf_0_CLK/X (sky130_fd_sc_hd__clkbuf_16)
                                                         clknet_0_CLK (net)
                      0.192652    0.008669    0.505910 ^ clkbuf_4_6_0_CLK/A (sky130_fd_sc_hd__clkbuf_8)
     6    0.016696    0.075917    0.298598    0.804508 ^ clkbuf_4_6_0_CLK/X (sky130_fd_sc_hd__clkbuf_8)
                                                         clknet_4_6_0_CLK (net)
                      0.075926    0.000844    0.805352 ^ _1452_/CLK (sky130_fd_sc_hd__dfrtp_2)
     6    0.026398    0.227512    0.874857    1.680210 ^ _1452_/Q (sky130_fd_sc_hd__dfrtp_2)
                                                         pwm.pwm_counter[0] (net)
                      0.227515    0.001354    1.681564 ^ hold174/A (sky130_fd_sc_hd__dlygate4sd3_1)
     1    0.005537    0.128675    1.198146    2.879709 ^ hold174/X (sky130_fd_sc_hd__dlygate4sd3_1)
                                                         net173 (net)
                      0.128675    0.000422    2.880131 ^ _0707_/A (sky130_fd_sc_hd__inv_2)
     2    0.004242    0.037433    0.082803    2.962935 v _0707_/Y (sky130_fd_sc_hd__inv_2)
                                                         _0011_ (net)
                      0.037433    0.000120    2.963055 v _0731_/C (sky130_fd_sc_hd__or3_2)
     1    0.004552    0.173981    1.029337    3.992392 v _0731_/X (sky130_fd_sc_hd__or3_2)
                                                         _0088_ (net)
                      0.173981    0.000345    3.992737 v _0734_/B (sky130_fd_sc_hd__or4b_2)
     1    0.003225    0.216283    1.598789    5.591526 v _0734_/X (sky130_fd_sc_hd__or4b_2)
                                                         _0091_ (net)
                      0.216283    0.000135    5.591660 v fanout32/A (sky130_fd_sc_hd__clkdlybuf4s25_1)
     5    0.037779    0.508429    0.909997    6.501657 v fanout32/X (sky130_fd_sc_hd__clkdlybuf4s25_1)
                                                         net32 (net)
                      0.508429    0.001052    6.502709 v fanout30/A (sky130_fd_sc_hd__clkdlybuf4s25_1)
    10    0.047422    0.634762    1.111498    7.614207 v fanout30/X (sky130_fd_sc_hd__clkdlybuf4s25_1)
                                                         net30 (net)
                      0.634763    0.002292    7.616499 v _0745_/A (sky130_fd_sc_hd__and3_2)
     1    0.002788    0.071102    0.667660    8.284159 v _0745_/X (sky130_fd_sc_hd__and3_2)
                                                         _0013_ (net)
                      0.071102    0.000185    8.284343 v _1453_/D (sky130_fd_sc_hd__dfrtp_2)
                                              8.284343   data arrival time

                                 20.000000   20.000000   clock CLK (rise edge)
                                  0.000000   20.000000   clock source latency
     1    0.021247    0.158803    0.103819   20.103819 ^ CLK (in)
                                                         CLK (net)
                      0.158854    0.000000   20.103819 ^ clkbuf_0_CLK/A (sky130_fd_sc_hd__clkbuf_16)
    16    0.110692    0.192001    0.346065   20.449884 ^ clkbuf_0_CLK/X (sky130_fd_sc_hd__clkbuf_16)
                                                         clknet_0_CLK (net)
                      0.192652    0.007844   20.457729 ^ clkbuf_4_6_0_CLK/A (sky130_fd_sc_hd__clkbuf_8)
     6    0.016696    0.075917    0.270161   20.727890 ^ clkbuf_4_6_0_CLK/X (sky130_fd_sc_hd__clkbuf_8)
                                                         clknet_4_6_0_CLK (net)
                      0.075925    0.000721   20.728611 ^ _1453_/CLK (sky130_fd_sc_hd__dfrtp_2)
                                 -0.250000   20.478611   clock uncertainty
                                  0.076620   20.555231   clock reconvergence pessimism
                                 -0.275490   20.279741   library setup time
                                             20.279741   data required time
---------------------------------------------------------------------------------------------
                                             20.279741   data required time
                                             -8.284343   data arrival time
---------------------------------------------------------------------------------------------
                                             11.995398   slack (MET)


Startpoint: _1452_ (rising edge-triggered flip-flop clocked by CLK)
Endpoint: _1425_ (rising edge-triggered flip-flop clocked by CLK)
Path Group: CLK
Path Type: max

Fanout         Cap        Slew       Delay        Time   Description
---------------------------------------------------------------------------------------------
                                  0.000000    0.000000   clock CLK (rise edge)
                                  0.000000    0.000000   clock source latency
     1    0.021247    0.158803    0.114747    0.114747 ^ CLK (in)
                                                         CLK (net)
                      0.158854    0.000000    0.114747 ^ clkbuf_0_CLK/A (sky130_fd_sc_hd__clkbuf_16)
    16    0.110692    0.192001    0.382494    0.497241 ^ clkbuf_0_CLK/X (sky130_fd_sc_hd__clkbuf_16)
                                                         clknet_0_CLK (net)
                      0.192652    0.008669    0.505910 ^ clkbuf_4_6_0_CLK/A (sky130_fd_sc_hd__clkbuf_8)
     6    0.016696    0.075917    0.298598    0.804508 ^ clkbuf_4_6_0_CLK/X (sky130_fd_sc_hd__clkbuf_8)
                                                         clknet_4_6_0_CLK (net)
                      0.075926    0.000844    0.805352 ^ _1452_/CLK (sky130_fd_sc_hd__dfrtp_2)
     6    0.026398    0.227512    0.874857    1.680210 ^ _1452_/Q (sky130_fd_sc_hd__dfrtp_2)
                                                         pwm.pwm_counter[0] (net)
                      0.227515    0.001354    1.681564 ^ hold174/A (sky130_fd_sc_hd__dlygate4sd3_1)
     1    0.005537    0.128675    1.198146    2.879709 ^ hold174/X (sky130_fd_sc_hd__dlygate4sd3_1)
                                                         net173 (net)
                      0.128675    0.000422    2.880131 ^ _0707_/A (sky130_fd_sc_hd__inv_2)
     2    0.004242    0.037433    0.082803    2.962935 v _0707_/Y (sky130_fd_sc_hd__inv_2)
                                                         _0011_ (net)
                      0.037433    0.000120    2.963055 v _0731_/C (sky130_fd_sc_hd__or3_2)
     1    0.004552    0.173981    1.029337    3.992392 v _0731_/X (sky130_fd_sc_hd__or3_2)
                                                         _0088_ (net)
                      0.173981    0.000345    3.992737 v _0734_/B (sky130_fd_sc_hd__or4b_2)
     1    0.003225    0.216283    1.598789    5.591526 v _0734_/X (sky130_fd_sc_hd__or4b_2)
                                                         _0091_ (net)
                      0.216283    0.000135    5.591660 v fanout32/A (sky130_fd_sc_hd__clkdlybuf4s25_1)
     5    0.037779    0.508429    0.909997    6.501657 v fanout32/X (sky130_fd_sc_hd__clkdlybuf4s25_1)
                                                         net32 (net)
                      0.508429    0.000612    6.502269 v fanout31/A (sky130_fd_sc_hd__clkdlybuf4s25_1)
     7    0.028910    0.397164    0.927565    7.429834 v fanout31/X (sky130_fd_sc_hd__clkdlybuf4s25_1)
                                                         net31 (net)
                      0.397182    0.003154    7.432988 v _0736_/B (sky130_fd_sc_hd__nor2_2)
     3    0.011118    0.258969    0.374286    7.807274 ^ _0736_/Y (sky130_fd_sc_hd__nor2_2)
                                                         _0093_ (net)
                      0.258969    0.000725    7.807999 ^ _1382_/B1_N (sky130_fd_sc_hd__o21ba_2)
     1    0.003235    0.061101    0.383269    8.191267 v _1382_/X (sky130_fd_sc_hd__o21ba_2)
                                                         _0051_ (net)
                      0.061101    0.000215    8.191483 v _1425_/D (sky130_fd_sc_hd__dfrtp_2)
                                              8.191483   data arrival time

                                 20.000000   20.000000   clock CLK (rise edge)
                                  0.000000   20.000000   clock source latency
     1    0.021247    0.158803    0.103819   20.103819 ^ CLK (in)
                                                         CLK (net)
                      0.158854    0.000000   20.103819 ^ clkbuf_0_CLK/A (sky130_fd_sc_hd__clkbuf_16)
    16    0.110692    0.192001    0.346065   20.449884 ^ clkbuf_0_CLK/X (sky130_fd_sc_hd__clkbuf_16)
                                                         clknet_0_CLK (net)
                      0.192679    0.008026   20.457911 ^ clkbuf_4_2_0_CLK/A (sky130_fd_sc_hd__clkbuf_8)
     6    0.020724    0.085211    0.278773   20.736683 ^ clkbuf_4_2_0_CLK/X (sky130_fd_sc_hd__clkbuf_8)
                                                         clknet_4_2_0_CLK (net)
                      0.085229    0.001117   20.737799 ^ _1425_/CLK (sky130_fd_sc_hd__dfrtp_2)
                                 -0.250000   20.487801   clock uncertainty
                                  0.047356   20.535156   clock reconvergence pessimism
                                 -0.268833   20.266323   library setup time
                                             20.266323   data required time
---------------------------------------------------------------------------------------------
                                             20.266323   data required time
                                             -8.191483   data arrival time
---------------------------------------------------------------------------------------------
                                             12.074841   slack (MET)


Startpoint: _1452_ (rising edge-triggered flip-flop clocked by CLK)
Endpoint: _1437_ (rising edge-triggered flip-flop clocked by CLK)
Path Group: CLK
Path Type: max

Fanout         Cap        Slew       Delay        Time   Description
---------------------------------------------------------------------------------------------
                                  0.000000    0.000000   clock CLK (rise edge)
                                  0.000000    0.000000   clock source latency
     1    0.021247    0.158803    0.114747    0.114747 ^ CLK (in)
                                                         CLK (net)
                      0.158854    0.000000    0.114747 ^ clkbuf_0_CLK/A (sky130_fd_sc_hd__clkbuf_16)
    16    0.110692    0.192001    0.382494    0.497241 ^ clkbuf_0_CLK/X (sky130_fd_sc_hd__clkbuf_16)
                                                         clknet_0_CLK (net)
                      0.192652    0.008669    0.505910 ^ clkbuf_4_6_0_CLK/A (sky130_fd_sc_hd__clkbuf_8)
     6    0.016696    0.075917    0.298598    0.804508 ^ clkbuf_4_6_0_CLK/X (sky130_fd_sc_hd__clkbuf_8)
                                                         clknet_4_6_0_CLK (net)
                      0.075926    0.000844    0.805352 ^ _1452_/CLK (sky130_fd_sc_hd__dfrtp_2)
     6    0.026398    0.227512    0.874857    1.680210 ^ _1452_/Q (sky130_fd_sc_hd__dfrtp_2)
                                                         pwm.pwm_counter[0] (net)
                      0.227515    0.001354    1.681564 ^ hold174/A (sky130_fd_sc_hd__dlygate4sd3_1)
     1    0.005537    0.128675    1.198146    2.879709 ^ hold174/X (sky130_fd_sc_hd__dlygate4sd3_1)
                                                         net173 (net)
                      0.128675    0.000422    2.880131 ^ _0707_/A (sky130_fd_sc_hd__inv_2)
     2    0.004242    0.037433    0.082803    2.962935 v _0707_/Y (sky130_fd_sc_hd__inv_2)
                                                         _0011_ (net)
                      0.037433    0.000120    2.963055 v _0731_/C (sky130_fd_sc_hd__or3_2)
     1    0.004552    0.173981    1.029337    3.992392 v _0731_/X (sky130_fd_sc_hd__or3_2)
                                                         _0088_ (net)
                      0.173981    0.000345    3.992737 v _0734_/B (sky130_fd_sc_hd__or4b_2)
     1    0.003225    0.216283    1.598789    5.591526 v _0734_/X (sky130_fd_sc_hd__or4b_2)
                                                         _0091_ (net)
                      0.216283    0.000135    5.591660 v fanout32/A (sky130_fd_sc_hd__clkdlybuf4s25_1)
     5    0.037779    0.508429    0.909997    6.501657 v fanout32/X (sky130_fd_sc_hd__clkdlybuf4s25_1)
                                                         net32 (net)
                      0.508429    0.000612    6.502269 v fanout31/A (sky130_fd_sc_hd__clkdlybuf4s25_1)
     7    0.028910    0.397164    0.927565    7.429834 v fanout31/X (sky130_fd_sc_hd__clkdlybuf4s25_1)
                                                         net31 (net)
                      0.397182    0.003154    7.432988 v _0736_/B (sky130_fd_sc_hd__nor2_2)
     3    0.011118    0.258969    0.374286    7.807274 ^ _0736_/Y (sky130_fd_sc_hd__nor2_2)
                                                         _0093_ (net)
                      0.258969    0.001031    7.808305 ^ _0740_/A2 (sky130_fd_sc_hd__o211a_2)
     1    0.002211    0.073461    0.423865    8.232170 ^ _0740_/X (sky130_fd_sc_hd__o211a_2)
                                                         _0001_ (net)
                      0.073461    0.000108    8.232278 ^ _1437_/D (sky130_fd_sc_hd__dfrtp_2)
                                              8.232278   data arrival time

                                 20.000000   20.000000   clock CLK (rise edge)
                                  0.000000   20.000000   clock source latency
     1    0.021247    0.158803    0.103819   20.103819 ^ CLK (in)
                                                         CLK (net)
                      0.158854    0.000000   20.103819 ^ clkbuf_0_CLK/A (sky130_fd_sc_hd__clkbuf_16)
    16    0.110692    0.192001    0.346065   20.449884 ^ clkbuf_0_CLK/X (sky130_fd_sc_hd__clkbuf_16)
                                                         clknet_0_CLK (net)
                      0.192290    0.004620   20.454504 ^ clkbuf_4_8_0_CLK/A (sky130_fd_sc_hd__clkbuf_8)
     5    0.014905    0.071897    0.266160   20.720665 ^ clkbuf_4_8_0_CLK/X (sky130_fd_sc_hd__clkbuf_8)
                                                         clknet_4_8_0_CLK (net)
                      0.071952    0.000774   20.721439 ^ _1437_/CLK (sky130_fd_sc_hd__dfrtp_2)
                                 -0.250000   20.471439   clock uncertainty
                                  0.047356   20.518797   clock reconvergence pessimism
                                 -0.138960   20.379835   library setup time
                                             20.379835   data required time
---------------------------------------------------------------------------------------------
                                             20.379835   data required time
                                             -8.232278   data arrival time
---------------------------------------------------------------------------------------------
                                             12.147557   slack (MET)


Startpoint: _1452_ (rising edge-triggered flip-flop clocked by CLK)
Endpoint: _1457_ (rising edge-triggered flip-flop clocked by CLK)
Path Group: CLK
Path Type: max

Fanout         Cap        Slew       Delay        Time   Description
---------------------------------------------------------------------------------------------
                                  0.000000    0.000000   clock CLK (rise edge)
                                  0.000000    0.000000   clock source latency
     1    0.021247    0.158803    0.114747    0.114747 ^ CLK (in)
                                                         CLK (net)
                      0.158854    0.000000    0.114747 ^ clkbuf_0_CLK/A (sky130_fd_sc_hd__clkbuf_16)
    16    0.110692    0.192001    0.382494    0.497241 ^ clkbuf_0_CLK/X (sky130_fd_sc_hd__clkbuf_16)
                                                         clknet_0_CLK (net)
                      0.192652    0.008669    0.505910 ^ clkbuf_4_6_0_CLK/A (sky130_fd_sc_hd__clkbuf_8)
     6    0.016696    0.075917    0.298598    0.804508 ^ clkbuf_4_6_0_CLK/X (sky130_fd_sc_hd__clkbuf_8)
                                                         clknet_4_6_0_CLK (net)
                      0.075926    0.000844    0.805352 ^ _1452_/CLK (sky130_fd_sc_hd__dfrtp_2)
     6    0.026398    0.227512    0.874857    1.680210 ^ _1452_/Q (sky130_fd_sc_hd__dfrtp_2)
                                                         pwm.pwm_counter[0] (net)
                      0.227515    0.001354    1.681564 ^ hold174/A (sky130_fd_sc_hd__dlygate4sd3_1)
     1    0.005537    0.128675    1.198146    2.879709 ^ hold174/X (sky130_fd_sc_hd__dlygate4sd3_1)
                                                         net173 (net)
                      0.128675    0.000422    2.880131 ^ _0707_/A (sky130_fd_sc_hd__inv_2)
     2    0.004242    0.037433    0.082803    2.962935 v _0707_/Y (sky130_fd_sc_hd__inv_2)
                                                         _0011_ (net)
                      0.037433    0.000120    2.963055 v _0731_/C (sky130_fd_sc_hd__or3_2)
     1    0.004552    0.173981    1.029337    3.992392 v _0731_/X (sky130_fd_sc_hd__or3_2)
                                                         _0088_ (net)
                      0.173981    0.000345    3.992737 v _0734_/B (sky130_fd_sc_hd__or4b_2)
     1    0.003225    0.216283    1.598789    5.591526 v _0734_/X (sky130_fd_sc_hd__or4b_2)
                                                         _0091_ (net)
                      0.216283    0.000135    5.591660 v fanout32/A (sky130_fd_sc_hd__clkdlybuf4s25_1)
     5    0.037779    0.508429    0.909997    6.501657 v fanout32/X (sky130_fd_sc_hd__clkdlybuf4s25_1)
                                                         net32 (net)
                      0.508429    0.000612    6.502269 v fanout31/A (sky130_fd_sc_hd__clkdlybuf4s25_1)
     7    0.028910    0.397164    0.927565    7.429834 v fanout31/X (sky130_fd_sc_hd__clkdlybuf4s25_1)
                                                         net31 (net)
                      0.397166    0.001769    7.431602 v _0756_/A (sky130_fd_sc_hd__and3_2)
     1    0.002720    0.071168    0.541877    7.973480 v _0756_/X (sky130_fd_sc_hd__and3_2)
                                                         _0017_ (net)
                      0.071168    0.000184    7.973664 v _1457_/D (sky130_fd_sc_hd__dfrtp_2)
                                              7.973664   data arrival time

                                 20.000000   20.000000   clock CLK (rise edge)
                                  0.000000   20.000000   clock source latency
     1    0.021247    0.158803    0.103819   20.103819 ^ CLK (in)
                                                         CLK (net)
                      0.158854    0.000000   20.103819 ^ clkbuf_0_CLK/A (sky130_fd_sc_hd__clkbuf_16)
    16    0.110692    0.192001    0.346065   20.449884 ^ clkbuf_0_CLK/X (sky130_fd_sc_hd__clkbuf_16)
                                                         clknet_0_CLK (net)
                      0.192256    0.004187   20.454071 ^ clkbuf_4_12_0_CLK/A (sky130_fd_sc_hd__clkbuf_8)
     6    0.020022    0.083575    0.276998   20.731070 ^ clkbuf_4_12_0_CLK/X (sky130_fd_sc_hd__clkbuf_8)
                                                         clknet_4_12_0_CLK (net)
                      0.083609    0.001467   20.732536 ^ _1457_/CLK (sky130_fd_sc_hd__dfrtp_2)
                                 -0.250000   20.482536   clock uncertainty
                                  0.047356   20.529894   clock reconvergence pessimism
                                 -0.273470   20.256422   library setup time
                                             20.256422   data required time
---------------------------------------------------------------------------------------------
                                             20.256422   data required time
                                             -7.973664   data arrival time
---------------------------------------------------------------------------------------------
                                             12.282759   slack (MET)


Startpoint: _1417_ (rising edge-triggered flip-flop clocked by CLK)
Endpoint: _1424_ (rising edge-triggered flip-flop clocked by CLK)
Path Group: CLK
Path Type: max

Fanout         Cap        Slew       Delay        Time   Description
---------------------------------------------------------------------------------------------
                                  0.000000    0.000000   clock CLK (rise edge)
                                  0.000000    0.000000   clock source latency
     1    0.021247    0.158803    0.114747    0.114747 ^ CLK (in)
                                                         CLK (net)
                      0.158854    0.000000    0.114747 ^ clkbuf_0_CLK/A (sky130_fd_sc_hd__clkbuf_16)
    16    0.110692    0.192001    0.382494    0.497241 ^ clkbuf_0_CLK/X (sky130_fd_sc_hd__clkbuf_16)
                                                         clknet_0_CLK (net)
                      0.192680    0.008881    0.506122 ^ clkbuf_4_4_0_CLK/A (sky130_fd_sc_hd__clkbuf_8)
     6    0.019226    0.081698    0.304650    0.810772 ^ clkbuf_4_4_0_CLK/X (sky130_fd_sc_hd__clkbuf_8)
                                                         clknet_4_4_0_CLK (net)
                      0.081710    0.001038    0.811810 ^ _1417_/CLK (sky130_fd_sc_hd__dfrtp_2)
     8    0.038720    0.227334    1.029565    1.841375 v _1417_/Q (sky130_fd_sc_hd__dfrtp_2)
                                                         hall.hall_active[1] (net)
                      0.227339    0.001484    1.842858 v _0770_/A0 (sky130_fd_sc_hd__mux2_1)
     7    0.022700    0.278013    0.938176    2.781035 v _0770_/X (sky130_fd_sc_hd__mux2_1)
                                                         _0114_ (net)
                      0.278027    0.002396    2.783430 v _0771_/A_N (sky130_fd_sc_hd__and2b_2)
     2    0.009793    0.112405    0.582710    3.366141 ^ _0771_/X (sky130_fd_sc_hd__and2b_2)
                                                         _0115_ (net)
                      0.112406    0.000530    3.366671 ^ _0773_/C_N (sky130_fd_sc_hd__or3b_2)
     2    0.010103    0.205504    1.178047    4.544718 v _0773_/X (sky130_fd_sc_hd__or3b_2)
                                                         _0117_ (net)
                      0.205504    0.000604    4.545322 v _0774_/B1 (sky130_fd_sc_hd__o21a_2)
     1    0.003813    0.063691    0.291591    4.836913 v _0774_/X (sky130_fd_sc_hd__o21a_2)
                                                         _0118_ (net)
                      0.063691    0.000163    4.837076 v _0775_/B (sky130_fd_sc_hd__or2_2)
     1    0.006002    0.130112    0.679850    5.516925 v _0775_/X (sky130_fd_sc_hd__or2_2)
                                                         _0119_ (net)
                      0.130112    0.000444    5.517369 v _0789_/A1 (sky130_fd_sc_hd__a32o_2)
     1    0.005681    0.081236    0.501082    6.018451 v _0789_/X (sky130_fd_sc_hd__a32o_2)
                                                         _0133_ (net)
                      0.081236    0.000421    6.018872 v _0790_/B1 (sky130_fd_sc_hd__o31a_2)
     1    0.008785    0.116427    0.246451    6.265323 v _0790_/X (sky130_fd_sc_hd__o31a_2)
                                                         _0134_ (net)
                      0.116427    0.001107    6.266430 v _0794_/B1 (sky130_fd_sc_hd__a31o_2)
     1    0.009311    0.092256    0.467684    6.734114 v _0794_/X (sky130_fd_sc_hd__a31o_2)
                                                         _0138_ (net)
                      0.092330    0.000793    6.734907 v _0795_/B (sky130_fd_sc_hd__nor2_2)
     4    0.018050    0.347004    0.332618    7.067525 ^ _0795_/Y (sky130_fd_sc_hd__nor2_2)
                                                         _0139_ (net)
                      0.347017    0.001809    7.069334 ^ _1381_/S (sky130_fd_sc_hd__mux2_1)
     1    0.002557    0.107611    0.823293    7.892626 v _1381_/X (sky130_fd_sc_hd__mux2_1)
                                                         _0050_ (net)
                      0.107611    0.000174    7.892800 v _1424_/D (sky130_fd_sc_hd__dfrtp_2)
                                              7.892800   data arrival time

                                 20.000000   20.000000   clock CLK (rise edge)
                                  0.000000   20.000000   clock source latency
     1    0.021247    0.158803    0.103819   20.103819 ^ CLK (in)
                                                         CLK (net)
                      0.158854    0.000000   20.103819 ^ clkbuf_0_CLK/A (sky130_fd_sc_hd__clkbuf_16)
    16    0.110692    0.192001    0.346065   20.449884 ^ clkbuf_0_CLK/X (sky130_fd_sc_hd__clkbuf_16)
                                                         clknet_0_CLK (net)
                      0.192665    0.007935   20.457819 ^ clkbuf_4_3_0_CLK/A (sky130_fd_sc_hd__clkbuf_8)
     6    0.019520    0.082381    0.276252   20.734072 ^ clkbuf_4_3_0_CLK/X (sky130_fd_sc_hd__clkbuf_8)
                                                         clknet_4_3_0_CLK (net)
                      0.082390    0.000838   20.734909 ^ _1424_/CLK (sky130_fd_sc_hd__dfrtp_2)
                                 -0.250000   20.484911   clock uncertainty
                                  0.047356   20.532267   clock reconvergence pessimism
                                 -0.289017   20.243250   library setup time
                                             20.243250   data required time
---------------------------------------------------------------------------------------------
                                             20.243250   data required time
                                             -7.892800   data arrival time
---------------------------------------------------------------------------------------------
                                             12.350449   slack (MET)


Startpoint: _1417_ (rising edge-triggered flip-flop clocked by CLK)
Endpoint: _1422_ (rising edge-triggered flip-flop clocked by CLK)
Path Group: CLK
Path Type: max

Fanout         Cap        Slew       Delay        Time   Description
---------------------------------------------------------------------------------------------
                                  0.000000    0.000000   clock CLK (rise edge)
                                  0.000000    0.000000   clock source latency
     1    0.021247    0.158803    0.114747    0.114747 ^ CLK (in)
                                                         CLK (net)
                      0.158854    0.000000    0.114747 ^ clkbuf_0_CLK/A (sky130_fd_sc_hd__clkbuf_16)
    16    0.110692    0.192001    0.382494    0.497241 ^ clkbuf_0_CLK/X (sky130_fd_sc_hd__clkbuf_16)
                                                         clknet_0_CLK (net)
                      0.192680    0.008881    0.506122 ^ clkbuf_4_4_0_CLK/A (sky130_fd_sc_hd__clkbuf_8)
     6    0.019226    0.081698    0.304650    0.810772 ^ clkbuf_4_4_0_CLK/X (sky130_fd_sc_hd__clkbuf_8)
                                                         clknet_4_4_0_CLK (net)
                      0.081710    0.001038    0.811810 ^ _1417_/CLK (sky130_fd_sc_hd__dfrtp_2)
     8    0.038720    0.227334    1.029565    1.841375 v _1417_/Q (sky130_fd_sc_hd__dfrtp_2)
                                                         hall.hall_active[1] (net)
                      0.227339    0.001484    1.842858 v _0770_/A0 (sky130_fd_sc_hd__mux2_1)
     7    0.022700    0.278013    0.938176    2.781035 v _0770_/X (sky130_fd_sc_hd__mux2_1)
                                                         _0114_ (net)
                      0.278027    0.002396    2.783430 v _0771_/A_N (sky130_fd_sc_hd__and2b_2)
     2    0.009793    0.112405    0.582710    3.366141 ^ _0771_/X (sky130_fd_sc_hd__and2b_2)
                                                         _0115_ (net)
                      0.112406    0.000530    3.366671 ^ _0773_/C_N (sky130_fd_sc_hd__or3b_2)
     2    0.010103    0.205504    1.178047    4.544718 v _0773_/X (sky130_fd_sc_hd__or3b_2)
                                                         _0117_ (net)
                      0.205504    0.000604    4.545322 v _0774_/B1 (sky130_fd_sc_hd__o21a_2)
     1    0.003813    0.063691    0.291591    4.836913 v _0774_/X (sky130_fd_sc_hd__o21a_2)
                                                         _0118_ (net)
                      0.063691    0.000163    4.837076 v _0775_/B (sky130_fd_sc_hd__or2_2)
     1    0.006002    0.130112    0.679850    5.516925 v _0775_/X (sky130_fd_sc_hd__or2_2)
                                                         _0119_ (net)
                      0.130112    0.000444    5.517369 v _0789_/A1 (sky130_fd_sc_hd__a32o_2)
     1    0.005681    0.081236    0.501082    6.018451 v _0789_/X (sky130_fd_sc_hd__a32o_2)
                                                         _0133_ (net)
                      0.081236    0.000421    6.018872 v _0790_/B1 (sky130_fd_sc_hd__o31a_2)
     1    0.008785    0.116427    0.246451    6.265323 v _0790_/X (sky130_fd_sc_hd__o31a_2)
                                                         _0134_ (net)
                      0.116427    0.001107    6.266430 v _0794_/B1 (sky130_fd_sc_hd__a31o_2)
     1    0.009311    0.092256    0.467684    6.734114 v _0794_/X (sky130_fd_sc_hd__a31o_2)
                                                         _0138_ (net)
                      0.092330    0.000793    6.734907 v _0795_/B (sky130_fd_sc_hd__nor2_2)
     4    0.018050    0.347004    0.332618    7.067525 ^ _0795_/Y (sky130_fd_sc_hd__nor2_2)
                                                         _0139_ (net)
                      0.347017    0.001839    7.069364 ^ _1379_/S (sky130_fd_sc_hd__mux2_1)
     1    0.003574    0.118106    0.841641    7.911005 v _1379_/X (sky130_fd_sc_hd__mux2_1)
                                                         _0048_ (net)
                      0.118106    0.000256    7.911260 v _1422_/D (sky130_fd_sc_hd__dfrtp_2)
                                              7.911260   data arrival time

                                 20.000000   20.000000   clock CLK (rise edge)
                                  0.000000   20.000000   clock source latency
     1    0.021247    0.158803    0.103819   20.103819 ^ CLK (in)
                                                         CLK (net)
                      0.158854    0.000000   20.103819 ^ clkbuf_0_CLK/A (sky130_fd_sc_hd__clkbuf_16)
    16    0.110692    0.192001    0.346065   20.449884 ^ clkbuf_0_CLK/X (sky130_fd_sc_hd__clkbuf_16)
                                                         clknet_0_CLK (net)
                      0.192680    0.008036   20.457920 ^ clkbuf_4_4_0_CLK/A (sky130_fd_sc_hd__clkbuf_8)
     6    0.019226    0.081698    0.275636   20.733557 ^ clkbuf_4_4_0_CLK/X (sky130_fd_sc_hd__clkbuf_8)
                                                         clknet_4_4_0_CLK (net)
                      0.081706    0.000821   20.734377 ^ _1422_/CLK (sky130_fd_sc_hd__dfrtp_2)
                                 -0.250000   20.484377   clock uncertainty
                                  0.077216   20.561594   clock reconvergence pessimism
                                 -0.293583   20.268009   library setup time
                                             20.268009   data required time
---------------------------------------------------------------------------------------------
                                             20.268009   data required time
                                             -7.911260   data arrival time
---------------------------------------------------------------------------------------------
                                             12.356750   slack (MET)


Startpoint: _1452_ (rising edge-triggered flip-flop clocked by CLK)
Endpoint: _1459_ (rising edge-triggered flip-flop clocked by CLK)
Path Group: CLK
Path Type: max

Fanout         Cap        Slew       Delay        Time   Description
---------------------------------------------------------------------------------------------
                                  0.000000    0.000000   clock CLK (rise edge)
                                  0.000000    0.000000   clock source latency
     1    0.021247    0.158803    0.114747    0.114747 ^ CLK (in)
                                                         CLK (net)
                      0.158854    0.000000    0.114747 ^ clkbuf_0_CLK/A (sky130_fd_sc_hd__clkbuf_16)
    16    0.110692    0.192001    0.382494    0.497241 ^ clkbuf_0_CLK/X (sky130_fd_sc_hd__clkbuf_16)
                                                         clknet_0_CLK (net)
                      0.192652    0.008669    0.505910 ^ clkbuf_4_6_0_CLK/A (sky130_fd_sc_hd__clkbuf_8)
     6    0.016696    0.075917    0.298598    0.804508 ^ clkbuf_4_6_0_CLK/X (sky130_fd_sc_hd__clkbuf_8)
                                                         clknet_4_6_0_CLK (net)
                      0.075926    0.000844    0.805352 ^ _1452_/CLK (sky130_fd_sc_hd__dfrtp_2)
     6    0.026398    0.227512    0.874857    1.680210 ^ _1452_/Q (sky130_fd_sc_hd__dfrtp_2)
                                                         pwm.pwm_counter[0] (net)
                      0.227515    0.001354    1.681564 ^ hold174/A (sky130_fd_sc_hd__dlygate4sd3_1)
     1    0.005537    0.128675    1.198146    2.879709 ^ hold174/X (sky130_fd_sc_hd__dlygate4sd3_1)
                                                         net173 (net)
                      0.128675    0.000422    2.880131 ^ _0707_/A (sky130_fd_sc_hd__inv_2)
     2    0.004242    0.037433    0.082803    2.962935 v _0707_/Y (sky130_fd_sc_hd__inv_2)
                                                         _0011_ (net)
                      0.037433    0.000120    2.963055 v _0731_/C (sky130_fd_sc_hd__or3_2)
     1    0.004552    0.173981    1.029337    3.992392 v _0731_/X (sky130_fd_sc_hd__or3_2)
                                                         _0088_ (net)
                      0.173981    0.000345    3.992737 v _0734_/B (sky130_fd_sc_hd__or4b_2)
     1    0.003225    0.216283    1.598789    5.591526 v _0734_/X (sky130_fd_sc_hd__or4b_2)
                                                         _0091_ (net)
                      0.216283    0.000135    5.591660 v fanout32/A (sky130_fd_sc_hd__clkdlybuf4s25_1)
     5    0.037779    0.508429    0.909997    6.501657 v fanout32/X (sky130_fd_sc_hd__clkdlybuf4s25_1)
                                                         net32 (net)
                      0.508429    0.000612    6.502269 v fanout31/A (sky130_fd_sc_hd__clkdlybuf4s25_1)
     7    0.028910    0.397164    0.927565    7.429834 v fanout31/X (sky130_fd_sc_hd__clkdlybuf4s25_1)
                                                         net31 (net)
                      0.397182    0.003136    7.432970 v _0735_/A (sky130_fd_sc_hd__inv_2)
     3    0.014510    0.164958    0.272778    7.705748 ^ _0735_/Y (sky130_fd_sc_hd__inv_2)
                                                         _0092_ (net)
                      0.164958    0.000406    7.706153 ^ _0761_/A (sky130_fd_sc_hd__nor3_2)
     1    0.003005    0.065383    0.119294    7.825447 v _0761_/Y (sky130_fd_sc_hd__nor3_2)
                                                         _0019_ (net)
                      0.065383    0.000209    7.825656 v _1459_/D (sky130_fd_sc_hd__dfrtp_2)
                                              7.825656   data arrival time

                                 20.000000   20.000000   clock CLK (rise edge)
                                  0.000000   20.000000   clock source latency
     1    0.021247    0.158803    0.103819   20.103819 ^ CLK (in)
                                                         CLK (net)
                      0.158854    0.000000   20.103819 ^ clkbuf_0_CLK/A (sky130_fd_sc_hd__clkbuf_16)
    16    0.110692    0.192001    0.346065   20.449884 ^ clkbuf_0_CLK/X (sky130_fd_sc_hd__clkbuf_16)
                                                         clknet_0_CLK (net)
                      0.192269    0.004352   20.454237 ^ clkbuf_4_9_0_CLK/A (sky130_fd_sc_hd__clkbuf_8)
     6    0.018064    0.079043    0.272671   20.726908 ^ clkbuf_4_9_0_CLK/X (sky130_fd_sc_hd__clkbuf_8)
                                                         clknet_4_9_0_CLK (net)
                      0.079099    0.001750   20.728657 ^ _1459_/CLK (sky130_fd_sc_hd__dfrtp_2)
                                 -0.250000   20.478657   clock uncertainty
                                  0.047356   20.526014   clock reconvergence pessimism
                                 -0.272255   20.253757   library setup time
                                             20.253757   data required time
---------------------------------------------------------------------------------------------
                                             20.253757   data required time
                                             -7.825656   data arrival time
---------------------------------------------------------------------------------------------
                                             12.428102   slack (MET)


Startpoint: _1452_ (rising edge-triggered flip-flop clocked by CLK)
Endpoint: _1458_ (rising edge-triggered flip-flop clocked by CLK)
Path Group: CLK
Path Type: max

Fanout         Cap        Slew       Delay        Time   Description
---------------------------------------------------------------------------------------------
                                  0.000000    0.000000   clock CLK (rise edge)
                                  0.000000    0.000000   clock source latency
     1    0.021247    0.158803    0.114747    0.114747 ^ CLK (in)
                                                         CLK (net)
                      0.158854    0.000000    0.114747 ^ clkbuf_0_CLK/A (sky130_fd_sc_hd__clkbuf_16)
    16    0.110692    0.192001    0.382494    0.497241 ^ clkbuf_0_CLK/X (sky130_fd_sc_hd__clkbuf_16)
                                                         clknet_0_CLK (net)
                      0.192652    0.008669    0.505910 ^ clkbuf_4_6_0_CLK/A (sky130_fd_sc_hd__clkbuf_8)
     6    0.016696    0.075917    0.298598    0.804508 ^ clkbuf_4_6_0_CLK/X (sky130_fd_sc_hd__clkbuf_8)
                                                         clknet_4_6_0_CLK (net)
                      0.075926    0.000844    0.805352 ^ _1452_/CLK (sky130_fd_sc_hd__dfrtp_2)
     6    0.026398    0.227512    0.874857    1.680210 ^ _1452_/Q (sky130_fd_sc_hd__dfrtp_2)
                                                         pwm.pwm_counter[0] (net)
                      0.227515    0.001354    1.681564 ^ hold174/A (sky130_fd_sc_hd__dlygate4sd3_1)
     1    0.005537    0.128675    1.198146    2.879709 ^ hold174/X (sky130_fd_sc_hd__dlygate4sd3_1)
                                                         net173 (net)
                      0.128675    0.000422    2.880131 ^ _0707_/A (sky130_fd_sc_hd__inv_2)
     2    0.004242    0.037433    0.082803    2.962935 v _0707_/Y (sky130_fd_sc_hd__inv_2)
                                                         _0011_ (net)
                      0.037433    0.000120    2.963055 v _0731_/C (sky130_fd_sc_hd__or3_2)
     1    0.004552    0.173981    1.029337    3.992392 v _0731_/X (sky130_fd_sc_hd__or3_2)
                                                         _0088_ (net)
                      0.173981    0.000345    3.992737 v _0734_/B (sky130_fd_sc_hd__or4b_2)
     1    0.003225    0.216283    1.598789    5.591526 v _0734_/X (sky130_fd_sc_hd__or4b_2)
                                                         _0091_ (net)
                      0.216283    0.000135    5.591660 v fanout32/A (sky130_fd_sc_hd__clkdlybuf4s25_1)
     5    0.037779    0.508429    0.909997    6.501657 v fanout32/X (sky130_fd_sc_hd__clkdlybuf4s25_1)
                                                         net32 (net)
                      0.508429    0.000612    6.502269 v fanout31/A (sky130_fd_sc_hd__clkdlybuf4s25_1)
     7    0.028910    0.397164    0.927565    7.429834 v fanout31/X (sky130_fd_sc_hd__clkdlybuf4s25_1)
                                                         net31 (net)
                      0.397173    0.002486    7.432320 v _0758_/C1 (sky130_fd_sc_hd__o211a_2)
     1    0.002395    0.067065    0.369424    7.801744 v _0758_/X (sky130_fd_sc_hd__o211a_2)
                                                         _0018_ (net)
                      0.067065    0.000172    7.801916 v _1458_/D (sky130_fd_sc_hd__dfrtp_2)
                                              7.801916   data arrival time

                                 20.000000   20.000000   clock CLK (rise edge)
                                  0.000000   20.000000   clock source latency
     1    0.021247    0.158803    0.103819   20.103819 ^ CLK (in)
                                                         CLK (net)
                      0.158854    0.000000   20.103819 ^ clkbuf_0_CLK/A (sky130_fd_sc_hd__clkbuf_16)
    16    0.110692    0.192001    0.346065   20.449884 ^ clkbuf_0_CLK/X (sky130_fd_sc_hd__clkbuf_16)
                                                         clknet_0_CLK (net)
                      0.192256    0.004187   20.454071 ^ clkbuf_4_12_0_CLK/A (sky130_fd_sc_hd__clkbuf_8)
     6    0.020022    0.083575    0.276998   20.731070 ^ clkbuf_4_12_0_CLK/X (sky130_fd_sc_hd__clkbuf_8)
                                                         clknet_4_12_0_CLK (net)
                      0.083607    0.001426   20.732496 ^ _1458_/CLK (sky130_fd_sc_hd__dfrtp_2)
                                 -0.250000   20.482496   clock uncertainty
                                  0.047356   20.529852   clock reconvergence pessimism
                                 -0.271756   20.258097   library setup time
                                             20.258097   data required time
---------------------------------------------------------------------------------------------
                                             20.258097   data required time
                                             -7.801916   data arrival time
---------------------------------------------------------------------------------------------
                                             12.456181   slack (MET)


Startpoint: UV_FAULT (input port clocked by CLK)
Endpoint: _1439_ (rising edge-triggered flip-flop clocked by CLK)
Path Group: CLK
Path Type: max

Fanout         Cap        Slew       Delay        Time   Description
---------------------------------------------------------------------------------------------
                                  0.000000    0.000000   clock CLK (rise edge)
                                  0.000000    0.000000   clock network delay (propagated)
                                  4.000000    4.000000 v input external delay
     1    0.004705    0.025953    0.016059    4.016059 v UV_FAULT (in)
                                                         UV_FAULT (net)
                      0.025955    0.000000    4.016059 v input20/A (sky130_fd_sc_hd__clkdlybuf4s25_1)
     1    0.002649    0.072985    0.454925    4.470984 v input20/X (sky130_fd_sc_hd__clkdlybuf4s25_1)
                                                         net20 (net)
                      0.072985    0.000202    4.471186 v _0712_/B (sky130_fd_sc_hd__or3_2)
     1    0.005674    0.186154    1.138342    5.609528 v _0712_/X (sky130_fd_sc_hd__or3_2)
                                                         _0078_ (net)
                      0.186154    0.000419    5.609947 v _0713_/C (sky130_fd_sc_hd__nor3_2)
     3    0.009506    0.343925    0.343421    5.953368 ^ _0713_/Y (sky130_fd_sc_hd__nor3_2)
                                                         _0079_ (net)
                      0.343925    0.000641    5.954009 ^ fanout37/A (sky130_fd_sc_hd__clkdlybuf4s25_1)
    10    0.035023    0.565562    0.976981    6.930990 ^ fanout37/X (sky130_fd_sc_hd__clkdlybuf4s25_1)
                                                         net37 (net)
                      0.565562    0.001780    6.932770 ^ _0722_/B1 (sky130_fd_sc_hd__o211a_2)
     2    0.008206    0.121916    0.622143    7.554913 ^ _0722_/X (sky130_fd_sc_hd__o211a_2)
                                                         _0080_ (net)
                      0.121995    0.000516    7.555429 ^ _0723_/B1 (sky130_fd_sc_hd__a21oi_2)
     1    0.006961    0.130789    0.093809    7.649238 v _0723_/Y (sky130_fd_sc_hd__a21oi_2)
                                                         _0081_ (net)
                      0.130790    0.000493    7.649731 v _0724_/B (sky130_fd_sc_hd__nor2_2)
     1    0.002220    0.097086    0.142184    7.791915 ^ _0724_/Y (sky130_fd_sc_hd__nor2_2)
                                                         _0003_ (net)
                      0.097086    0.000108    7.792023 ^ _1439_/D (sky130_fd_sc_hd__dfrtp_2)
                                              7.792023   data arrival time

                                 20.000000   20.000000   clock CLK (rise edge)
                                  0.000000   20.000000   clock source latency
     1    0.021247    0.158803    0.103819   20.103819 ^ CLK (in)
                                                         CLK (net)
                      0.158854    0.000000   20.103819 ^ clkbuf_0_CLK/A (sky130_fd_sc_hd__clkbuf_16)
    16    0.110692    0.192001    0.346065   20.449884 ^ clkbuf_0_CLK/X (sky130_fd_sc_hd__clkbuf_16)
                                                         clknet_0_CLK (net)
                      0.192269    0.004352   20.454237 ^ clkbuf_4_9_0_CLK/A (sky130_fd_sc_hd__clkbuf_8)
     6    0.018064    0.079043    0.272671   20.726908 ^ clkbuf_4_9_0_CLK/X (sky130_fd_sc_hd__clkbuf_8)
                                                         clknet_4_9_0_CLK (net)
                      0.079073    0.001366   20.728273 ^ _1439_/CLK (sky130_fd_sc_hd__dfrtp_2)
                                 -0.250000   20.478273   clock uncertainty
                                  0.000000   20.478273   clock reconvergence pessimism
                                 -0.143672   20.334602   library setup time
                                             20.334602   data required time
---------------------------------------------------------------------------------------------
                                             20.334602   data required time
                                             -7.792023   data arrival time
---------------------------------------------------------------------------------------------
                                             12.542579   slack (MET)


Startpoint: _1452_ (rising edge-triggered flip-flop clocked by CLK)
Endpoint: _1434_ (rising edge-triggered flip-flop clocked by CLK)
Path Group: CLK
Path Type: max

Fanout         Cap        Slew       Delay        Time   Description
---------------------------------------------------------------------------------------------
                                  0.000000    0.000000   clock CLK (rise edge)
                                  0.000000    0.000000   clock source latency
     1    0.021247    0.158803    0.114747    0.114747 ^ CLK (in)
                                                         CLK (net)
                      0.158854    0.000000    0.114747 ^ clkbuf_0_CLK/A (sky130_fd_sc_hd__clkbuf_16)
    16    0.110692    0.192001    0.382494    0.497241 ^ clkbuf_0_CLK/X (sky130_fd_sc_hd__clkbuf_16)
                                                         clknet_0_CLK (net)
                      0.192652    0.008669    0.505910 ^ clkbuf_4_6_0_CLK/A (sky130_fd_sc_hd__clkbuf_8)
     6    0.016696    0.075917    0.298598    0.804508 ^ clkbuf_4_6_0_CLK/X (sky130_fd_sc_hd__clkbuf_8)
                                                         clknet_4_6_0_CLK (net)
                      0.075926    0.000844    0.805352 ^ _1452_/CLK (sky130_fd_sc_hd__dfrtp_2)
     6    0.026398    0.227512    0.874857    1.680210 ^ _1452_/Q (sky130_fd_sc_hd__dfrtp_2)
                                                         pwm.pwm_counter[0] (net)
                      0.227515    0.001354    1.681564 ^ hold174/A (sky130_fd_sc_hd__dlygate4sd3_1)
     1    0.005537    0.128675    1.198146    2.879709 ^ hold174/X (sky130_fd_sc_hd__dlygate4sd3_1)
                                                         net173 (net)
                      0.128675    0.000422    2.880131 ^ _0707_/A (sky130_fd_sc_hd__inv_2)
     2    0.004242    0.037433    0.082803    2.962935 v _0707_/Y (sky130_fd_sc_hd__inv_2)
                                                         _0011_ (net)
                      0.037433    0.000120    2.963055 v _0731_/C (sky130_fd_sc_hd__or3_2)
     1    0.004552    0.173981    1.029337    3.992392 v _0731_/X (sky130_fd_sc_hd__or3_2)
                                                         _0088_ (net)
                      0.173981    0.000345    3.992737 v _0734_/B (sky130_fd_sc_hd__or4b_2)
     1    0.003225    0.216283    1.598789    5.591526 v _0734_/X (sky130_fd_sc_hd__or4b_2)
                                                         _0091_ (net)
                      0.216283    0.000135    5.591660 v fanout32/A (sky130_fd_sc_hd__clkdlybuf4s25_1)
     5    0.037779    0.508429    0.909997    6.501657 v fanout32/X (sky130_fd_sc_hd__clkdlybuf4s25_1)
                                                         net32 (net)
                      0.508453    0.004082    6.505739 v _1391_/S (sky130_fd_sc_hd__mux2_1)
     1    0.002356    0.106410    0.902046    7.407785 v _1391_/X (sky130_fd_sc_hd__mux2_1)
                                                         _0060_ (net)
                      0.106410    0.000168    7.407953 v _1434_/D (sky130_fd_sc_hd__dfrtp_2)
                                              7.407953   data arrival time

                                 20.000000   20.000000   clock CLK (rise edge)
                                  0.000000   20.000000   clock source latency
     1    0.021247    0.158803    0.103819   20.103819 ^ CLK (in)
                                                         CLK (net)
                      0.158854    0.000000   20.103819 ^ clkbuf_0_CLK/A (sky130_fd_sc_hd__clkbuf_16)
    16    0.110692    0.192001    0.346065   20.449884 ^ clkbuf_0_CLK/X (sky130_fd_sc_hd__clkbuf_16)
                                                         clknet_0_CLK (net)
                      0.192352    0.005322   20.455206 ^ clkbuf_4_15_0_CLK/A (sky130_fd_sc_hd__clkbuf_8)
     6    0.015922    0.074184    0.268376   20.723581 ^ clkbuf_4_15_0_CLK/X (sky130_fd_sc_hd__clkbuf_8)
                                                         clknet_4_15_0_CLK (net)
                      0.074194    0.000762   20.724344 ^ _1434_/CLK (sky130_fd_sc_hd__dfrtp_2)
                                 -0.250000   20.474344   clock uncertainty
                                  0.047356   20.521700   clock reconvergence pessimism
                                 -0.290702   20.230999   library setup time
                                             20.230999   data required time
---------------------------------------------------------------------------------------------
                                             20.230999   data required time
                                             -7.407953   data arrival time
---------------------------------------------------------------------------------------------
                                             12.823047   slack (MET)


Startpoint: UV_FAULT (input port clocked by CLK)
Endpoint: _1436_ (rising edge-triggered flip-flop clocked by CLK)
Path Group: CLK
Path Type: max

Fanout         Cap        Slew       Delay        Time   Description
---------------------------------------------------------------------------------------------
                                  0.000000    0.000000   clock CLK (rise edge)
                                  0.000000    0.000000   clock network delay (propagated)
                                  4.000000    4.000000 v input external delay
     1    0.004705    0.025953    0.016059    4.016059 v UV_FAULT (in)
                                                         UV_FAULT (net)
                      0.025955    0.000000    4.016059 v input20/A (sky130_fd_sc_hd__clkdlybuf4s25_1)
     1    0.002649    0.072985    0.454925    4.470984 v input20/X (sky130_fd_sc_hd__clkdlybuf4s25_1)
                                                         net20 (net)
                      0.072985    0.000202    4.471186 v _0712_/B (sky130_fd_sc_hd__or3_2)
     1    0.005674    0.186154    1.138342    5.609528 v _0712_/X (sky130_fd_sc_hd__or3_2)
                                                         _0078_ (net)
                      0.186154    0.000419    5.609947 v _0713_/C (sky130_fd_sc_hd__nor3_2)
     3    0.009506    0.343925    0.343421    5.953368 ^ _0713_/Y (sky130_fd_sc_hd__nor3_2)
                                                         _0079_ (net)
                      0.343925    0.000641    5.954009 ^ fanout37/A (sky130_fd_sc_hd__clkdlybuf4s25_1)
    10    0.035023    0.565562    0.976981    6.930990 ^ fanout37/X (sky130_fd_sc_hd__clkdlybuf4s25_1)
                                                         net37 (net)
                      0.565562    0.001760    6.932750 ^ _0742_/B (sky130_fd_sc_hd__and3b_2)
     1    0.003205    0.085376    0.550946    7.483696 ^ _0742_/X (sky130_fd_sc_hd__and3b_2)
                                                         _0000_ (net)
                      0.085376    0.000228    7.483924 ^ _1436_/D (sky130_fd_sc_hd__dfstp_2)
                                              7.483924   data arrival time

                                 20.000000   20.000000   clock CLK (rise edge)
                                  0.000000   20.000000   clock source latency
     1    0.021247    0.158803    0.103819   20.103819 ^ CLK (in)
                                                         CLK (net)
                      0.158854    0.000000   20.103819 ^ clkbuf_0_CLK/A (sky130_fd_sc_hd__clkbuf_16)
    16    0.110692    0.192001    0.346065   20.449884 ^ clkbuf_0_CLK/X (sky130_fd_sc_hd__clkbuf_16)
                                                         clknet_0_CLK (net)
                      0.192290    0.004620   20.454504 ^ clkbuf_4_8_0_CLK/A (sky130_fd_sc_hd__clkbuf_8)
     5    0.014905    0.071897    0.266160   20.720665 ^ clkbuf_4_8_0_CLK/X (sky130_fd_sc_hd__clkbuf_8)
                                                         clknet_4_8_0_CLK (net)
                      0.071957    0.000906   20.721571 ^ _1436_/CLK (sky130_fd_sc_hd__dfstp_2)
                                 -0.250000   20.471571   clock uncertainty
                                  0.000000   20.471571   clock reconvergence pessimism
                                 -0.124358   20.347214   library setup time
                                             20.347214   data required time
---------------------------------------------------------------------------------------------
                                             20.347214   data required time
                                             -7.483924   data arrival time
---------------------------------------------------------------------------------------------
                                             12.863291   slack (MET)


Startpoint: UV_FAULT (input port clocked by CLK)
Endpoint: _1396_ (rising edge-triggered flip-flop clocked by CLK)
Path Group: CLK
Path Type: max

Fanout         Cap        Slew       Delay        Time   Description
---------------------------------------------------------------------------------------------
                                  0.000000    0.000000   clock CLK (rise edge)
                                  0.000000    0.000000   clock network delay (propagated)
                                  4.000000    4.000000 v input external delay
     1    0.004705    0.025953    0.016059    4.016059 v UV_FAULT (in)
                                                         UV_FAULT (net)
                      0.025955    0.000000    4.016059 v input20/A (sky130_fd_sc_hd__clkdlybuf4s25_1)
     1    0.002649    0.072985    0.454925    4.470984 v input20/X (sky130_fd_sc_hd__clkdlybuf4s25_1)
                                                         net20 (net)
                      0.072985    0.000202    4.471186 v _0712_/B (sky130_fd_sc_hd__or3_2)
     1    0.005674    0.186154    1.138342    5.609528 v _0712_/X (sky130_fd_sc_hd__or3_2)
                                                         _0078_ (net)
                      0.186154    0.000419    5.609947 v _0713_/C (sky130_fd_sc_hd__nor3_2)
     3    0.009506    0.343925    0.343421    5.953368 ^ _0713_/Y (sky130_fd_sc_hd__nor3_2)
                                                         _0079_ (net)
                      0.343925    0.000641    5.954009 ^ fanout37/A (sky130_fd_sc_hd__clkdlybuf4s25_1)
    10    0.035023    0.565562    0.976981    6.930990 ^ fanout37/X (sky130_fd_sc_hd__clkdlybuf4s25_1)
                                                         net37 (net)
                      0.565562    0.001725    6.932714 ^ _0714_/A (sky130_fd_sc_hd__inv_2)
     1    0.003027    0.092731    0.170067    7.102782 v _0714_/Y (sky130_fd_sc_hd__inv_2)
                                                         _0022_ (net)
                      0.092731    0.000221    7.103003 v _1396_/D (sky130_fd_sc_hd__dfrtp_2)
                                              7.103003   data arrival time

                                 20.000000   20.000000   clock CLK (rise edge)
                                  0.000000   20.000000   clock source latency
     1    0.021247    0.158803    0.103819   20.103819 ^ CLK (in)
                                                         CLK (net)
                      0.158854    0.000000   20.103819 ^ clkbuf_0_CLK/A (sky130_fd_sc_hd__clkbuf_16)
    16    0.110692    0.192001    0.346065   20.449884 ^ clkbuf_0_CLK/X (sky130_fd_sc_hd__clkbuf_16)
                                                         clknet_0_CLK (net)
                      0.192290    0.004620   20.454504 ^ clkbuf_4_8_0_CLK/A (sky130_fd_sc_hd__clkbuf_8)
     5    0.014905    0.071897    0.266160   20.720665 ^ clkbuf_4_8_0_CLK/X (sky130_fd_sc_hd__clkbuf_8)
                                                         clknet_4_8_0_CLK (net)
                      0.071946    0.000639   20.721304 ^ _1396_/CLK (sky130_fd_sc_hd__dfrtp_2)
                                 -0.250000   20.471306   clock uncertainty
                                  0.000000   20.471306   clock reconvergence pessimism
                                 -0.285587   20.185719   library setup time
                                             20.185719   data required time
---------------------------------------------------------------------------------------------
                                             20.185719   data required time
                                             -7.103003   data arrival time
---------------------------------------------------------------------------------------------
                                             13.082716   slack (MET)


Startpoint: _1396_ (rising edge-triggered flip-flop clocked by CLK)
Endpoint: FAULT (output port clocked by CLK)
Path Group: CLK
Path Type: max

Fanout         Cap        Slew       Delay        Time   Description
---------------------------------------------------------------------------------------------
                                  0.000000    0.000000   clock CLK (rise edge)
                                  0.000000    0.000000   clock source latency
     1    0.021247    0.158803    0.114747    0.114747 ^ CLK (in)
                                                         CLK (net)
                      0.158854    0.000000    0.114747 ^ clkbuf_0_CLK/A (sky130_fd_sc_hd__clkbuf_16)
    16    0.110692    0.192001    0.382494    0.497241 ^ clkbuf_0_CLK/X (sky130_fd_sc_hd__clkbuf_16)
                                                         clknet_0_CLK (net)
                      0.192290    0.005107    0.502347 ^ clkbuf_4_8_0_CLK/A (sky130_fd_sc_hd__clkbuf_8)
     5    0.014905    0.071897    0.294177    0.796524 ^ clkbuf_4_8_0_CLK/X (sky130_fd_sc_hd__clkbuf_8)
                                                         clknet_4_8_0_CLK (net)
                      0.071946    0.000706    0.797230 ^ _1396_/CLK (sky130_fd_sc_hd__dfrtp_2)
     4    0.010584    0.111175    0.892170    1.689400 v _1396_/Q (sky130_fd_sc_hd__dfrtp_2)
                                                         net21 (net)
                      0.111175    0.000431    1.689831 v output21/A (sky130_fd_sc_hd__clkdlybuf4s25_1)
     1    0.034713    0.469893    0.829215    2.519046 v output21/X (sky130_fd_sc_hd__clkdlybuf4s25_1)
                                                         FAULT (net)
                      0.469895    0.001873    2.520919 v FAULT (out)
                                              2.520919   data arrival time

                                 20.000000   20.000000   clock CLK (rise edge)
                                  0.000000   20.000000   clock network delay (propagated)
                                 -0.250000   19.750002   clock uncertainty
                                  0.000000   19.750002   clock reconvergence pessimism
                                 -4.000000   15.750001   output external delay
                                             15.750001   data required time
---------------------------------------------------------------------------------------------
                                             15.750001   data required time
                                             -2.520919   data arrival time
---------------------------------------------------------------------------------------------
                                             13.229082   slack (MET)


Startpoint: _1452_ (rising edge-triggered flip-flop clocked by CLK)
Endpoint: _1462_ (rising edge-triggered flip-flop clocked by CLK)
Path Group: CLK
Path Type: max

Fanout         Cap        Slew       Delay        Time   Description
---------------------------------------------------------------------------------------------
                                  0.000000    0.000000   clock CLK (rise edge)
                                  0.000000    0.000000   clock source latency
     1    0.021247    0.158803    0.114747    0.114747 ^ CLK (in)
                                                         CLK (net)
                      0.158854    0.000000    0.114747 ^ clkbuf_0_CLK/A (sky130_fd_sc_hd__clkbuf_16)
    16    0.110692    0.192001    0.382494    0.497241 ^ clkbuf_0_CLK/X (sky130_fd_sc_hd__clkbuf_16)
                                                         clknet_0_CLK (net)
                      0.192652    0.008669    0.505910 ^ clkbuf_4_6_0_CLK/A (sky130_fd_sc_hd__clkbuf_8)
     6    0.016696    0.075917    0.298598    0.804508 ^ clkbuf_4_6_0_CLK/X (sky130_fd_sc_hd__clkbuf_8)
                                                         clknet_4_6_0_CLK (net)
                      0.075926    0.000844    0.805352 ^ _1452_/CLK (sky130_fd_sc_hd__dfrtp_2)
     6    0.026398    0.227512    0.874857    1.680210 ^ _1452_/Q (sky130_fd_sc_hd__dfrtp_2)
                                                         pwm.pwm_counter[0] (net)
                      0.227515    0.001354    1.681564 ^ hold174/A (sky130_fd_sc_hd__dlygate4sd3_1)
     1    0.005537    0.128675    1.198146    2.879709 ^ hold174/X (sky130_fd_sc_hd__dlygate4sd3_1)
                                                         net173 (net)
                      0.128675    0.000422    2.880131 ^ _0707_/A (sky130_fd_sc_hd__inv_2)
     2    0.004242    0.037433    0.082803    2.962935 v _0707_/Y (sky130_fd_sc_hd__inv_2)
                                                         _0011_ (net)
                      0.037433    0.000120    2.963055 v _0731_/C (sky130_fd_sc_hd__or3_2)
     1    0.004552    0.173981    1.029337    3.992392 v _0731_/X (sky130_fd_sc_hd__or3_2)
                                                         _0088_ (net)
                      0.173981    0.000345    3.992737 v _0734_/B (sky130_fd_sc_hd__or4b_2)
     1    0.003225    0.216283    1.598789    5.591526 v _0734_/X (sky130_fd_sc_hd__or4b_2)
                                                         _0091_ (net)
                      0.216283    0.000135    5.591660 v fanout32/A (sky130_fd_sc_hd__clkdlybuf4s25_1)
     5    0.037779    0.508429    0.909997    6.501657 v fanout32/X (sky130_fd_sc_hd__clkdlybuf4s25_1)
                                                         net32 (net)
                      0.508430    0.001875    6.503532 v _0767_/C1 (sky130_fd_sc_hd__o211a_2)
     1    0.003399    0.071648    0.427828    6.931360 v _0767_/X (sky130_fd_sc_hd__o211a_2)
                                                         _0012_ (net)
                      0.072133    0.000237    6.931597 v _1462_/D (sky130_fd_sc_hd__dfrtp_2)
                                              6.931597   data arrival time

                                 20.000000   20.000000   clock CLK (rise edge)
                                  0.000000   20.000000   clock source latency
     1    0.021247    0.158803    0.103819   20.103819 ^ CLK (in)
                                                         CLK (net)
                      0.158854    0.000000   20.103819 ^ clkbuf_0_CLK/A (sky130_fd_sc_hd__clkbuf_16)
    16    0.110692    0.192001    0.346065   20.449884 ^ clkbuf_0_CLK/X (sky130_fd_sc_hd__clkbuf_16)
                                                         clknet_0_CLK (net)
                      0.192256    0.004187   20.454071 ^ clkbuf_4_12_0_CLK/A (sky130_fd_sc_hd__clkbuf_8)
     6    0.020022    0.083575    0.276998   20.731070 ^ clkbuf_4_12_0_CLK/X (sky130_fd_sc_hd__clkbuf_8)
                                                         clknet_4_12_0_CLK (net)
                      0.083601    0.001323   20.732393 ^ _1462_/CLK (sky130_fd_sc_hd__dfrtp_2)
                                 -0.250000   20.482393   clock uncertainty
                                  0.047356   20.529749   clock reconvergence pessimism
                                 -0.273875   20.255875   library setup time
                                             20.255875   data required time
---------------------------------------------------------------------------------------------
                                             20.255875   data required time
                                             -6.931597   data arrival time
---------------------------------------------------------------------------------------------
                                             13.324277   slack (MET)


Startpoint: _1452_ (rising edge-triggered flip-flop clocked by CLK)
Endpoint: _1461_ (rising edge-triggered flip-flop clocked by CLK)
Path Group: CLK
Path Type: max

Fanout         Cap        Slew       Delay        Time   Description
---------------------------------------------------------------------------------------------
                                  0.000000    0.000000   clock CLK (rise edge)
                                  0.000000    0.000000   clock source latency
     1    0.021247    0.158803    0.114747    0.114747 ^ CLK (in)
                                                         CLK (net)
                      0.158854    0.000000    0.114747 ^ clkbuf_0_CLK/A (sky130_fd_sc_hd__clkbuf_16)
    16    0.110692    0.192001    0.382494    0.497241 ^ clkbuf_0_CLK/X (sky130_fd_sc_hd__clkbuf_16)
                                                         clknet_0_CLK (net)
                      0.192652    0.008669    0.505910 ^ clkbuf_4_6_0_CLK/A (sky130_fd_sc_hd__clkbuf_8)
     6    0.016696    0.075917    0.298598    0.804508 ^ clkbuf_4_6_0_CLK/X (sky130_fd_sc_hd__clkbuf_8)
                                                         clknet_4_6_0_CLK (net)
                      0.075926    0.000844    0.805352 ^ _1452_/CLK (sky130_fd_sc_hd__dfrtp_2)
     6    0.024680    0.169259    0.970082    1.775434 v _1452_/Q (sky130_fd_sc_hd__dfrtp_2)
                                                         pwm.pwm_counter[0] (net)
                      0.169411    0.001129    1.776563 v _0746_/C (sky130_fd_sc_hd__and3_2)
     4    0.022474    0.153243    0.616981    2.393544 v _0746_/X (sky130_fd_sc_hd__and3_2)
                                                         _0099_ (net)
                      0.153250    0.001206    2.394751 v _0750_/C (sky130_fd_sc_hd__and3_2)
     3    0.008716    0.098434    0.535947    2.930698 v _0750_/X (sky130_fd_sc_hd__and3_2)
                                                         _0101_ (net)
                      0.098434    0.000569    2.931267 v _0754_/B (sky130_fd_sc_hd__and2_2)
     4    0.015255    0.123510    0.500312    3.431579 v _0754_/X (sky130_fd_sc_hd__and2_2)
                                                         _0104_ (net)
                      0.123510    0.000508    3.432088 v _0760_/C (sky130_fd_sc_hd__and3_2)
     5    0.029584    0.180503    0.620054    4.052141 v _0760_/X (sky130_fd_sc_hd__and3_2)
                                                         _0108_ (net)
                      0.180559    0.003177    4.055319 v _0764_/A2 (sky130_fd_sc_hd__a21oi_2)
     1    0.002587    0.126344    0.262643    4.317962 ^ _0764_/Y (sky130_fd_sc_hd__a21oi_2)
                                                         _0110_ (net)
                      0.126344    0.000195    4.318157 ^ hold197/A (sky130_fd_sc_hd__dlygate4sd3_1)
     1    0.004983    0.121548    1.149623    5.467779 ^ hold197/X (sky130_fd_sc_hd__dlygate4sd3_1)
                                                         net196 (net)
                      0.121548    0.000246    5.468025 ^ _0765_/B (sky130_fd_sc_hd__nor2_2)
     1    0.003246    0.045108    0.080647    5.548673 v _0765_/Y (sky130_fd_sc_hd__nor2_2)
                                                         _0021_ (net)
                      0.045108    0.000218    5.548891 v _1461_/D (sky130_fd_sc_hd__dfrtp_2)
                                              5.548891   data arrival time

                                 20.000000   20.000000   clock CLK (rise edge)
                                  0.000000   20.000000   clock source latency
     1    0.021247    0.158803    0.103819   20.103819 ^ CLK (in)
                                                         CLK (net)
                      0.158854    0.000000   20.103819 ^ clkbuf_0_CLK/A (sky130_fd_sc_hd__clkbuf_16)
    16    0.110692    0.192001    0.346065   20.449884 ^ clkbuf_0_CLK/X (sky130_fd_sc_hd__clkbuf_16)
                                                         clknet_0_CLK (net)
                      0.192269    0.004352   20.454237 ^ clkbuf_4_9_0_CLK/A (sky130_fd_sc_hd__clkbuf_8)
     6    0.018064    0.079043    0.272671   20.726908 ^ clkbuf_4_9_0_CLK/X (sky130_fd_sc_hd__clkbuf_8)
                                                         clknet_4_9_0_CLK (net)
                      0.079091    0.001652   20.728559 ^ _1461_/CLK (sky130_fd_sc_hd__dfrtp_2)
                                 -0.250000   20.478559   clock uncertainty
                                  0.047356   20.525915   clock reconvergence pessimism
                                 -0.263788   20.262129   library setup time
                                             20.262129   data required time
---------------------------------------------------------------------------------------------
                                             20.262129   data required time
                                             -5.548891   data arrival time
---------------------------------------------------------------------------------------------
                                             14.713237   slack (MET)


Startpoint: _1409_ (rising edge-triggered flip-flop clocked by CLK)
Endpoint: _1414_ (rising edge-triggered flip-flop clocked by CLK)
Path Group: CLK
Path Type: max

Fanout         Cap        Slew       Delay        Time   Description
---------------------------------------------------------------------------------------------
                                  0.000000    0.000000   clock CLK (rise edge)
                                  0.000000    0.000000   clock source latency
     1    0.021247    0.158803    0.114747    0.114747 ^ CLK (in)
                                                         CLK (net)
                      0.158854    0.000000    0.114747 ^ clkbuf_0_CLK/A (sky130_fd_sc_hd__clkbuf_16)
    16    0.110692    0.192001    0.382494    0.497241 ^ clkbuf_0_CLK/X (sky130_fd_sc_hd__clkbuf_16)
                                                         clknet_0_CLK (net)
                      0.192288    0.005081    0.502322 ^ clkbuf_4_13_0_CLK/A (sky130_fd_sc_hd__clkbuf_8)
     6    0.017372    0.077444    0.300015    0.802337 ^ clkbuf_4_13_0_CLK/X (sky130_fd_sc_hd__clkbuf_8)
                                                         clknet_4_13_0_CLK (net)
                      0.077451    0.000802    0.803139 ^ _1409_/CLK (sky130_fd_sc_hd__dfrtp_2)
     5    0.014400    0.130822    0.919015    1.722154 v _1409_/Q (sky130_fd_sc_hd__dfrtp_2)
                                                         gates.phase_c.dead_count[0] (net)
                      0.131023    0.000737    1.722891 v _1309_/A (sky130_fd_sc_hd__or3_2)
     4    0.017252    0.252478    1.337285    3.060176 v _1309_/X (sky130_fd_sc_hd__or3_2)
                                                         _0652_ (net)
                      0.252479    0.001120    3.061297 v _1368_/B (sky130_fd_sc_hd__or2_2)
     4    0.017422    0.184759    0.849061    3.910357 v _1368_/X (sky130_fd_sc_hd__or2_2)
                                                         _0690_ (net)
                      0.184760    0.000957    3.911314 v _1374_/A2 (sky130_fd_sc_hd__o21a_2)
     1    0.002307    0.055725    0.416178    4.327492 v _1374_/X (sky130_fd_sc_hd__o21a_2)
                                                         _0040_ (net)
                      0.055725    0.000166    4.327658 v hold154/A (sky130_fd_sc_hd__dlygate4sd3_1)
     1    0.002853    0.106037    1.174023    5.501681 v hold154/X (sky130_fd_sc_hd__dlygate4sd3_1)
                                                         net153 (net)
                      0.106037    0.000196    5.501877 v _1414_/D (sky130_fd_sc_hd__dfrtp_2)
                                              5.501877   data arrival time

                                 20.000000   20.000000   clock CLK (rise edge)
                                  0.000000   20.000000   clock source latency
     1    0.021247    0.158803    0.103819   20.103819 ^ CLK (in)
                                                         CLK (net)
                      0.158854    0.000000   20.103819 ^ clkbuf_0_CLK/A (sky130_fd_sc_hd__clkbuf_16)
    16    0.110692    0.192001    0.346065   20.449884 ^ clkbuf_0_CLK/X (sky130_fd_sc_hd__clkbuf_16)
                                                         clknet_0_CLK (net)
                      0.192269    0.004352   20.454237 ^ clkbuf_4_9_0_CLK/A (sky130_fd_sc_hd__clkbuf_8)
     6    0.018064    0.079043    0.272671   20.726908 ^ clkbuf_4_9_0_CLK/X (sky130_fd_sc_hd__clkbuf_8)
                                                         clknet_4_9_0_CLK (net)
                      0.079044    0.000520   20.727427 ^ _1414_/CLK (sky130_fd_sc_hd__dfrtp_2)
                                 -0.250000   20.477428   clock uncertainty
                                  0.047356   20.524784   clock reconvergence pessimism
                                 -0.289252   20.235533   library setup time
                                             20.235533   data required time
---------------------------------------------------------------------------------------------
                                             20.235533   data required time
                                             -5.501877   data arrival time
---------------------------------------------------------------------------------------------
                                             14.733656   slack (MET)


Startpoint: _1441_ (rising edge-triggered flip-flop clocked by CLK)
Endpoint: _1431_ (recovery check against rising-edge clock CLK)
Path Group: asynchronous
Path Type: max

Fanout         Cap        Slew       Delay        Time   Description
---------------------------------------------------------------------------------------------
                                  0.000000    0.000000   clock CLK (rise edge)
                                  0.000000    0.000000   clock source latency
     1    0.021247    0.158803    0.114747    0.114747 ^ CLK (in)
                                                         CLK (net)
                      0.158854    0.000000    0.114747 ^ clkbuf_0_CLK/A (sky130_fd_sc_hd__clkbuf_16)
    16    0.110692    0.192001    0.382494    0.497241 ^ clkbuf_0_CLK/X (sky130_fd_sc_hd__clkbuf_16)
                                                         clknet_0_CLK (net)
                      0.192394    0.006351    0.503592 ^ clkbuf_4_10_0_CLK/A (sky130_fd_sc_hd__clkbuf_8)
     6    0.018696    0.080479    0.303195    0.806787 ^ clkbuf_4_10_0_CLK/X (sky130_fd_sc_hd__clkbuf_8)
                                                         clknet_4_10_0_CLK (net)
                      0.080488    0.000924    0.807711 ^ _1441_/CLK (sky130_fd_sc_hd__dfrtp_2)
     1    0.001743    0.062760    0.700361    1.508073 ^ _1441_/Q (sky130_fd_sc_hd__dfrtp_2)
                                                         control.reset_n (net)
                      0.062760    0.000083    1.508156 ^ hold143/A (sky130_fd_sc_hd__dlygate4sd3_1)
     2    0.010929    0.202529    1.197048    2.705204 ^ hold143/X (sky130_fd_sc_hd__dlygate4sd3_1)
                                                         net142 (net)
                      0.202531    0.001086    2.706290 ^ fanout72/A (sky130_fd_sc_hd__clkdlybuf4s25_1)
     8    0.039601    0.637829    0.974377    3.680667 ^ fanout72/X (sky130_fd_sc_hd__clkdlybuf4s25_1)
                                                         net72 (net)
                      0.637833    0.002985    3.683651 ^ fanout69/A (sky130_fd_sc_hd__clkdlybuf4s25_1)
     8    0.039573    0.637195    1.138297    4.821949 ^ fanout69/X (sky130_fd_sc_hd__clkdlybuf4s25_1)
                                                         net69 (net)
                      0.637199    0.002903    4.824852 ^ fanout67/A (sky130_fd_sc_hd__clkdlybuf4s25_1)
     3    0.016775    0.283485    0.874123    5.698975 ^ fanout67/X (sky130_fd_sc_hd__clkdlybuf4s25_1)
                                                         net67 (net)
                      0.283489    0.001696    5.700670 ^ load_slew68/A (sky130_fd_sc_hd__clkbuf_4)
     8    0.034161    0.179816    0.446245    6.146915 ^ load_slew68/X (sky130_fd_sc_hd__clkbuf_4)
                                                         net68 (net)
                      0.179838    0.002147    6.149063 ^ _1431_/RESET_B (sky130_fd_sc_hd__dfrtp_2)
                                              6.149063   data arrival time

                                 20.000000   20.000000   clock CLK (rise edge)
                                  0.000000   20.000000   clock source latency
     1    0.021247    0.158803    0.103819   20.103819 ^ CLK (in)
                                                         CLK (net)
                      0.158854    0.000000   20.103819 ^ clkbuf_0_CLK/A (sky130_fd_sc_hd__clkbuf_16)
    16    0.110692    0.192001    0.346065   20.449884 ^ clkbuf_0_CLK/X (sky130_fd_sc_hd__clkbuf_16)
                                                         clknet_0_CLK (net)
                      0.192709    0.008228   20.458113 ^ clkbuf_4_7_0_CLK/A (sky130_fd_sc_hd__clkbuf_8)
     6    0.015897    0.074126    0.268509   20.726622 ^ clkbuf_4_7_0_CLK/X (sky130_fd_sc_hd__clkbuf_8)
                                                         clknet_4_7_0_CLK (net)
                      0.074136    0.000755   20.727375 ^ _1431_/CLK (sky130_fd_sc_hd__dfrtp_2)
                                 -0.250000   20.477377   clock uncertainty
                                  0.047356   20.524733   clock reconvergence pessimism
                                  0.399003   20.923737   library recovery time
                                             20.923737   data required time
---------------------------------------------------------------------------------------------
                                             20.923737   data required time
                                             -6.149063   data arrival time
---------------------------------------------------------------------------------------------
                                             14.774673   slack (MET)


Startpoint: _1441_ (rising edge-triggered flip-flop clocked by CLK)
Endpoint: _1426_ (recovery check against rising-edge clock CLK)
Path Group: asynchronous
Path Type: max

Fanout         Cap        Slew       Delay        Time   Description
---------------------------------------------------------------------------------------------
                                  0.000000    0.000000   clock CLK (rise edge)
                                  0.000000    0.000000   clock source latency
     1    0.021247    0.158803    0.114747    0.114747 ^ CLK (in)
                                                         CLK (net)
                      0.158854    0.000000    0.114747 ^ clkbuf_0_CLK/A (sky130_fd_sc_hd__clkbuf_16)
    16    0.110692    0.192001    0.382494    0.497241 ^ clkbuf_0_CLK/X (sky130_fd_sc_hd__clkbuf_16)
                                                         clknet_0_CLK (net)
                      0.192394    0.006351    0.503592 ^ clkbuf_4_10_0_CLK/A (sky130_fd_sc_hd__clkbuf_8)
     6    0.018696    0.080479    0.303195    0.806787 ^ clkbuf_4_10_0_CLK/X (sky130_fd_sc_hd__clkbuf_8)
                                                         clknet_4_10_0_CLK (net)
                      0.080488    0.000924    0.807711 ^ _1441_/CLK (sky130_fd_sc_hd__dfrtp_2)
     1    0.001743    0.062760    0.700361    1.508073 ^ _1441_/Q (sky130_fd_sc_hd__dfrtp_2)
                                                         control.reset_n (net)
                      0.062760    0.000083    1.508156 ^ hold143/A (sky130_fd_sc_hd__dlygate4sd3_1)
     2    0.010929    0.202529    1.197048    2.705204 ^ hold143/X (sky130_fd_sc_hd__dlygate4sd3_1)
                                                         net142 (net)
                      0.202531    0.001086    2.706290 ^ fanout72/A (sky130_fd_sc_hd__clkdlybuf4s25_1)
     8    0.039601    0.637829    0.974377    3.680667 ^ fanout72/X (sky130_fd_sc_hd__clkdlybuf4s25_1)
                                                         net72 (net)
                      0.637833    0.002985    3.683651 ^ fanout69/A (sky130_fd_sc_hd__clkdlybuf4s25_1)
     8    0.039573    0.637195    1.138297    4.821949 ^ fanout69/X (sky130_fd_sc_hd__clkdlybuf4s25_1)
                                                         net69 (net)
                      0.637199    0.002903    4.824852 ^ fanout67/A (sky130_fd_sc_hd__clkdlybuf4s25_1)
     3    0.016775    0.283485    0.874123    5.698975 ^ fanout67/X (sky130_fd_sc_hd__clkdlybuf4s25_1)
                                                         net67 (net)
                      0.283489    0.001696    5.700670 ^ load_slew68/A (sky130_fd_sc_hd__clkbuf_4)
     8    0.034161    0.179816    0.446245    6.146915 ^ load_slew68/X (sky130_fd_sc_hd__clkbuf_4)
                                                         net68 (net)
                      0.179833    0.001962    6.148878 ^ _1426_/RESET_B (sky130_fd_sc_hd__dfrtp_2)
                                              6.148878   data arrival time

                                 20.000000   20.000000   clock CLK (rise edge)
                                  0.000000   20.000000   clock source latency
     1    0.021247    0.158803    0.103819   20.103819 ^ CLK (in)
                                                         CLK (net)
                      0.158854    0.000000   20.103819 ^ clkbuf_0_CLK/A (sky130_fd_sc_hd__clkbuf_16)
    16    0.110692    0.192001    0.346065   20.449884 ^ clkbuf_0_CLK/X (sky130_fd_sc_hd__clkbuf_16)
                                                         clknet_0_CLK (net)
                      0.192709    0.008228   20.458113 ^ clkbuf_4_7_0_CLK/A (sky130_fd_sc_hd__clkbuf_8)
     6    0.015897    0.074126    0.268509   20.726622 ^ clkbuf_4_7_0_CLK/X (sky130_fd_sc_hd__clkbuf_8)
                                                         clknet_4_7_0_CLK (net)
                      0.074136    0.000746   20.727367 ^ _1426_/CLK (sky130_fd_sc_hd__dfrtp_2)
                                 -0.250000   20.477367   clock uncertainty
                                  0.047356   20.524723   clock reconvergence pessimism
                                  0.399005   20.923729   library recovery time
                                             20.923729   data required time
---------------------------------------------------------------------------------------------
                                             20.923729   data required time
                                             -6.148878   data arrival time
---------------------------------------------------------------------------------------------
                                             14.774851   slack (MET)


Startpoint: _1403_ (rising edge-triggered flip-flop clocked by CLK)
Endpoint: _1408_ (rising edge-triggered flip-flop clocked by CLK)
Path Group: CLK
Path Type: max

Fanout         Cap        Slew       Delay        Time   Description
---------------------------------------------------------------------------------------------
                                  0.000000    0.000000   clock CLK (rise edge)
                                  0.000000    0.000000   clock source latency
     1    0.021247    0.158803    0.114747    0.114747 ^ CLK (in)
                                                         CLK (net)
                      0.158854    0.000000    0.114747 ^ clkbuf_0_CLK/A (sky130_fd_sc_hd__clkbuf_16)
    16    0.110692    0.192001    0.382494    0.497241 ^ clkbuf_0_CLK/X (sky130_fd_sc_hd__clkbuf_16)
                                                         clknet_0_CLK (net)
                      0.192389    0.006296    0.503537 ^ clkbuf_4_11_0_CLK/A (sky130_fd_sc_hd__clkbuf_8)
     6    0.017155    0.076953    0.299547    0.803084 ^ clkbuf_4_11_0_CLK/X (sky130_fd_sc_hd__clkbuf_8)
                                                         clknet_4_11_0_CLK (net)
                      0.076966    0.000992    0.804075 ^ _1403_/CLK (sky130_fd_sc_hd__dfrtp_2)
     5    0.013218    0.124596    0.911219    1.715295 v _1403_/Q (sky130_fd_sc_hd__dfrtp_2)
                                                         gates.phase_b.dead_count[0] (net)
                      0.124596    0.000824    1.716118 v _1320_/A (sky130_fd_sc_hd__or3_2)
     4    0.016876    0.251480    1.331160    3.047278 v _1320_/X (sky130_fd_sc_hd__or3_2)
                                                         _0661_ (net)
                      0.251480    0.000681    3.047960 v _1356_/B (sky130_fd_sc_hd__or2_2)
     4    0.018112    0.188138    0.853873    3.901833 v _1356_/X (sky130_fd_sc_hd__or2_2)
                                                         _0684_ (net)
                      0.188138    0.001146    3.902979 v _1362_/A2 (sky130_fd_sc_hd__o21a_2)
     1    0.002325    0.055810    0.417844    4.320823 v _1362_/X (sky130_fd_sc_hd__o21a_2)
                                                         _0034_ (net)
                      0.055810    0.000152    4.320976 v hold151/A (sky130_fd_sc_hd__dlygate4sd3_1)
     1    0.002339    0.102288    1.164960    5.485936 v hold151/X (sky130_fd_sc_hd__dlygate4sd3_1)
                                                         net150 (net)
                      0.102288    0.000167    5.486103 v _1408_/D (sky130_fd_sc_hd__dfrtp_2)
                                              5.486103   data arrival time

                                 20.000000   20.000000   clock CLK (rise edge)
                                  0.000000   20.000000   clock source latency
     1    0.021247    0.158803    0.103819   20.103819 ^ CLK (in)
                                                         CLK (net)
                      0.158854    0.000000   20.103819 ^ clkbuf_0_CLK/A (sky130_fd_sc_hd__clkbuf_16)
    16    0.110692    0.192001    0.346065   20.449884 ^ clkbuf_0_CLK/X (sky130_fd_sc_hd__clkbuf_16)
                                                         clknet_0_CLK (net)
                      0.192389    0.005697   20.455582 ^ clkbuf_4_11_0_CLK/A (sky130_fd_sc_hd__clkbuf_8)
     6    0.017155    0.076953    0.271019   20.726599 ^ clkbuf_4_11_0_CLK/X (sky130_fd_sc_hd__clkbuf_8)
                                                         clknet_4_11_0_CLK (net)
                      0.076966    0.000879   20.727480 ^ _1408_/CLK (sky130_fd_sc_hd__dfrtp_2)
                                 -0.250000   20.477480   clock uncertainty
                                  0.076484   20.553965   clock reconvergence pessimism
                                 -0.288240   20.265724   library setup time
                                             20.265724   data required time
---------------------------------------------------------------------------------------------
                                             20.265724   data required time
                                             -5.486103   data arrival time
---------------------------------------------------------------------------------------------
                                             14.779621   slack (MET)


Startpoint: _1441_ (rising edge-triggered flip-flop clocked by CLK)
Endpoint: _1427_ (recovery check against rising-edge clock CLK)
Path Group: asynchronous
Path Type: max

Fanout         Cap        Slew       Delay        Time   Description
---------------------------------------------------------------------------------------------
                                  0.000000    0.000000   clock CLK (rise edge)
                                  0.000000    0.000000   clock source latency
     1    0.021247    0.158803    0.114747    0.114747 ^ CLK (in)
                                                         CLK (net)
                      0.158854    0.000000    0.114747 ^ clkbuf_0_CLK/A (sky130_fd_sc_hd__clkbuf_16)
    16    0.110692    0.192001    0.382494    0.497241 ^ clkbuf_0_CLK/X (sky130_fd_sc_hd__clkbuf_16)
                                                         clknet_0_CLK (net)
                      0.192394    0.006351    0.503592 ^ clkbuf_4_10_0_CLK/A (sky130_fd_sc_hd__clkbuf_8)
     6    0.018696    0.080479    0.303195    0.806787 ^ clkbuf_4_10_0_CLK/X (sky130_fd_sc_hd__clkbuf_8)
                                                         clknet_4_10_0_CLK (net)
                      0.080488    0.000924    0.807711 ^ _1441_/CLK (sky130_fd_sc_hd__dfrtp_2)
     1    0.001743    0.062760    0.700361    1.508073 ^ _1441_/Q (sky130_fd_sc_hd__dfrtp_2)
                                                         control.reset_n (net)
                      0.062760    0.000083    1.508156 ^ hold143/A (sky130_fd_sc_hd__dlygate4sd3_1)
     2    0.010929    0.202529    1.197048    2.705204 ^ hold143/X (sky130_fd_sc_hd__dlygate4sd3_1)
                                                         net142 (net)
                      0.202531    0.001086    2.706290 ^ fanout72/A (sky130_fd_sc_hd__clkdlybuf4s25_1)
     8    0.039601    0.637829    0.974377    3.680667 ^ fanout72/X (sky130_fd_sc_hd__clkdlybuf4s25_1)
                                                         net72 (net)
                      0.637833    0.002985    3.683651 ^ fanout69/A (sky130_fd_sc_hd__clkdlybuf4s25_1)
     8    0.039573    0.637195    1.138297    4.821949 ^ fanout69/X (sky130_fd_sc_hd__clkdlybuf4s25_1)
                                                         net69 (net)
                      0.637199    0.002903    4.824852 ^ fanout67/A (sky130_fd_sc_hd__clkdlybuf4s25_1)
     3    0.016775    0.283485    0.874123    5.698975 ^ fanout67/X (sky130_fd_sc_hd__clkdlybuf4s25_1)
                                                         net67 (net)
                      0.283489    0.001696    5.700670 ^ load_slew68/A (sky130_fd_sc_hd__clkbuf_4)
     8    0.034161    0.179816    0.446245    6.146915 ^ load_slew68/X (sky130_fd_sc_hd__clkbuf_4)
                                                         net68 (net)
                      0.179839    0.002173    6.149088 ^ _1427_/RESET_B (sky130_fd_sc_hd__dfrtp_2)
                                              6.149088   data arrival time

                                 20.000000   20.000000   clock CLK (rise edge)
                                  0.000000   20.000000   clock source latency
     1    0.021247    0.158803    0.103819   20.103819 ^ CLK (in)
                                                         CLK (net)
                      0.158854    0.000000   20.103819 ^ clkbuf_0_CLK/A (sky130_fd_sc_hd__clkbuf_16)
    16    0.110692    0.192001    0.346065   20.449884 ^ clkbuf_0_CLK/X (sky130_fd_sc_hd__clkbuf_16)
                                                         clknet_0_CLK (net)
                      0.192739    0.008427   20.458311 ^ clkbuf_4_5_0_CLK/A (sky130_fd_sc_hd__clkbuf_8)
     6    0.018014    0.078899    0.273113   20.731424 ^ clkbuf_4_5_0_CLK/X (sky130_fd_sc_hd__clkbuf_8)
                                                         clknet_4_5_0_CLK (net)
                      0.078906    0.000737   20.732161 ^ _1427_/CLK (sky130_fd_sc_hd__dfrtp_2)
                                 -0.250000   20.482162   clock uncertainty
                                  0.047356   20.529518   clock reconvergence pessimism
                                  0.400613   20.930132   library recovery time
                                             20.930132   data required time
---------------------------------------------------------------------------------------------
                                             20.930132   data required time
                                             -6.149088   data arrival time
---------------------------------------------------------------------------------------------
                                             14.781043   slack (MET)


Startpoint: _1441_ (rising edge-triggered flip-flop clocked by CLK)
Endpoint: _1442_ (recovery check against rising-edge clock CLK)
Path Group: asynchronous
Path Type: max

Fanout         Cap        Slew       Delay        Time   Description
---------------------------------------------------------------------------------------------
                                  0.000000    0.000000   clock CLK (rise edge)
                                  0.000000    0.000000   clock source latency
     1    0.021247    0.158803    0.114747    0.114747 ^ CLK (in)
                                                         CLK (net)
                      0.158854    0.000000    0.114747 ^ clkbuf_0_CLK/A (sky130_fd_sc_hd__clkbuf_16)
    16    0.110692    0.192001    0.382494    0.497241 ^ clkbuf_0_CLK/X (sky130_fd_sc_hd__clkbuf_16)
                                                         clknet_0_CLK (net)
                      0.192394    0.006351    0.503592 ^ clkbuf_4_10_0_CLK/A (sky130_fd_sc_hd__clkbuf_8)
     6    0.018696    0.080479    0.303195    0.806787 ^ clkbuf_4_10_0_CLK/X (sky130_fd_sc_hd__clkbuf_8)
                                                         clknet_4_10_0_CLK (net)
                      0.080488    0.000924    0.807711 ^ _1441_/CLK (sky130_fd_sc_hd__dfrtp_2)
     1    0.001743    0.062760    0.700361    1.508073 ^ _1441_/Q (sky130_fd_sc_hd__dfrtp_2)
                                                         control.reset_n (net)
                      0.062760    0.000083    1.508156 ^ hold143/A (sky130_fd_sc_hd__dlygate4sd3_1)
     2    0.010929    0.202529    1.197048    2.705204 ^ hold143/X (sky130_fd_sc_hd__dlygate4sd3_1)
                                                         net142 (net)
                      0.202531    0.001086    2.706290 ^ fanout72/A (sky130_fd_sc_hd__clkdlybuf4s25_1)
     8    0.039601    0.637829    0.974377    3.680667 ^ fanout72/X (sky130_fd_sc_hd__clkdlybuf4s25_1)
                                                         net72 (net)
                      0.637833    0.002985    3.683651 ^ fanout69/A (sky130_fd_sc_hd__clkdlybuf4s25_1)
     8    0.039573    0.637195    1.138297    4.821949 ^ fanout69/X (sky130_fd_sc_hd__clkdlybuf4s25_1)
                                                         net69 (net)
                      0.637199    0.002903    4.824852 ^ fanout67/A (sky130_fd_sc_hd__clkdlybuf4s25_1)
     3    0.016775    0.283485    0.874123    5.698975 ^ fanout67/X (sky130_fd_sc_hd__clkdlybuf4s25_1)
                                                         net67 (net)
                      0.283489    0.001696    5.700670 ^ load_slew68/A (sky130_fd_sc_hd__clkbuf_4)
     8    0.034161    0.179816    0.446245    6.146915 ^ load_slew68/X (sky130_fd_sc_hd__clkbuf_4)
                                                         net68 (net)
                      0.179822    0.001404    6.148320 ^ _1442_/RESET_B (sky130_fd_sc_hd__dfrtp_2)
                                              6.148320   data arrival time

                                 20.000000   20.000000   clock CLK (rise edge)
                                  0.000000   20.000000   clock source latency
     1    0.021247    0.158803    0.103819   20.103819 ^ CLK (in)
                                                         CLK (net)
                      0.158854    0.000000   20.103819 ^ clkbuf_0_CLK/A (sky130_fd_sc_hd__clkbuf_16)
    16    0.110692    0.192001    0.346065   20.449884 ^ clkbuf_0_CLK/X (sky130_fd_sc_hd__clkbuf_16)
                                                         clknet_0_CLK (net)
                      0.192739    0.008427   20.458311 ^ clkbuf_4_5_0_CLK/A (sky130_fd_sc_hd__clkbuf_8)
     6    0.018014    0.078899    0.273113   20.731424 ^ clkbuf_4_5_0_CLK/X (sky130_fd_sc_hd__clkbuf_8)
                                                         clknet_4_5_0_CLK (net)
                      0.078907    0.000751   20.732176 ^ _1442_/CLK (sky130_fd_sc_hd__dfrtp_2)
                                 -0.250000   20.482176   clock uncertainty
                                  0.047356   20.529533   clock reconvergence pessimism
                                  0.400620   20.930153   library recovery time
                                             20.930153   data required time
---------------------------------------------------------------------------------------------
                                             20.930153   data required time
                                             -6.148320   data arrival time
---------------------------------------------------------------------------------------------
                                             14.781833   slack (MET)


Startpoint: _1441_ (rising edge-triggered flip-flop clocked by CLK)
Endpoint: _1430_ (recovery check against rising-edge clock CLK)
Path Group: asynchronous
Path Type: max

Fanout         Cap        Slew       Delay        Time   Description
---------------------------------------------------------------------------------------------
                                  0.000000    0.000000   clock CLK (rise edge)
                                  0.000000    0.000000   clock source latency
     1    0.021247    0.158803    0.114747    0.114747 ^ CLK (in)
                                                         CLK (net)
                      0.158854    0.000000    0.114747 ^ clkbuf_0_CLK/A (sky130_fd_sc_hd__clkbuf_16)
    16    0.110692    0.192001    0.382494    0.497241 ^ clkbuf_0_CLK/X (sky130_fd_sc_hd__clkbuf_16)
                                                         clknet_0_CLK (net)
                      0.192394    0.006351    0.503592 ^ clkbuf_4_10_0_CLK/A (sky130_fd_sc_hd__clkbuf_8)
     6    0.018696    0.080479    0.303195    0.806787 ^ clkbuf_4_10_0_CLK/X (sky130_fd_sc_hd__clkbuf_8)
                                                         clknet_4_10_0_CLK (net)
                      0.080488    0.000924    0.807711 ^ _1441_/CLK (sky130_fd_sc_hd__dfrtp_2)
     1    0.001743    0.062760    0.700361    1.508073 ^ _1441_/Q (sky130_fd_sc_hd__dfrtp_2)
                                                         control.reset_n (net)
                      0.062760    0.000083    1.508156 ^ hold143/A (sky130_fd_sc_hd__dlygate4sd3_1)
     2    0.010929    0.202529    1.197048    2.705204 ^ hold143/X (sky130_fd_sc_hd__dlygate4sd3_1)
                                                         net142 (net)
                      0.202531    0.001086    2.706290 ^ fanout72/A (sky130_fd_sc_hd__clkdlybuf4s25_1)
     8    0.039601    0.637829    0.974377    3.680667 ^ fanout72/X (sky130_fd_sc_hd__clkdlybuf4s25_1)
                                                         net72 (net)
                      0.637833    0.002985    3.683651 ^ fanout69/A (sky130_fd_sc_hd__clkdlybuf4s25_1)
     8    0.039573    0.637195    1.138297    4.821949 ^ fanout69/X (sky130_fd_sc_hd__clkdlybuf4s25_1)
                                                         net69 (net)
                      0.637199    0.002903    4.824852 ^ fanout67/A (sky130_fd_sc_hd__clkdlybuf4s25_1)
     3    0.016775    0.283485    0.874123    5.698975 ^ fanout67/X (sky130_fd_sc_hd__clkdlybuf4s25_1)
                                                         net67 (net)
                      0.283489    0.001696    5.700670 ^ load_slew68/A (sky130_fd_sc_hd__clkbuf_4)
     8    0.034161    0.179816    0.446245    6.146915 ^ load_slew68/X (sky130_fd_sc_hd__clkbuf_4)
                                                         net68 (net)
                      0.179821    0.001299    6.148214 ^ _1430_/RESET_B (sky130_fd_sc_hd__dfrtp_2)
                                              6.148214   data arrival time

                                 20.000000   20.000000   clock CLK (rise edge)
                                  0.000000   20.000000   clock source latency
     1    0.021247    0.158803    0.103819   20.103819 ^ CLK (in)
                                                         CLK (net)
                      0.158854    0.000000   20.103819 ^ clkbuf_0_CLK/A (sky130_fd_sc_hd__clkbuf_16)
    16    0.110692    0.192001    0.346065   20.449884 ^ clkbuf_0_CLK/X (sky130_fd_sc_hd__clkbuf_16)
                                                         clknet_0_CLK (net)
                      0.192739    0.008427   20.458311 ^ clkbuf_4_5_0_CLK/A (sky130_fd_sc_hd__clkbuf_8)
     6    0.018014    0.078899    0.273113   20.731424 ^ clkbuf_4_5_0_CLK/X (sky130_fd_sc_hd__clkbuf_8)
                                                         clknet_4_5_0_CLK (net)
                      0.078905    0.000677   20.732101 ^ _1430_/CLK (sky130_fd_sc_hd__dfrtp_2)
                                 -0.250000   20.482101   clock uncertainty
                                  0.047356   20.529457   clock reconvergence pessimism
                                  0.400620   20.930079   library recovery time
                                             20.930079   data required time
---------------------------------------------------------------------------------------------
                                             20.930079   data required time
                                             -6.148214   data arrival time
---------------------------------------------------------------------------------------------
                                             14.781863   slack (MET)


Startpoint: _1441_ (rising edge-triggered flip-flop clocked by CLK)
Endpoint: _1448_ (recovery check against rising-edge clock CLK)
Path Group: asynchronous
Path Type: max

Fanout         Cap        Slew       Delay        Time   Description
---------------------------------------------------------------------------------------------
                                  0.000000    0.000000   clock CLK (rise edge)
                                  0.000000    0.000000   clock source latency
     1    0.021247    0.158803    0.114747    0.114747 ^ CLK (in)
                                                         CLK (net)
                      0.158854    0.000000    0.114747 ^ clkbuf_0_CLK/A (sky130_fd_sc_hd__clkbuf_16)
    16    0.110692    0.192001    0.382494    0.497241 ^ clkbuf_0_CLK/X (sky130_fd_sc_hd__clkbuf_16)
                                                         clknet_0_CLK (net)
                      0.192394    0.006351    0.503592 ^ clkbuf_4_10_0_CLK/A (sky130_fd_sc_hd__clkbuf_8)
     6    0.018696    0.080479    0.303195    0.806787 ^ clkbuf_4_10_0_CLK/X (sky130_fd_sc_hd__clkbuf_8)
                                                         clknet_4_10_0_CLK (net)
                      0.080488    0.000924    0.807711 ^ _1441_/CLK (sky130_fd_sc_hd__dfrtp_2)
     1    0.001743    0.062760    0.700361    1.508073 ^ _1441_/Q (sky130_fd_sc_hd__dfrtp_2)
                                                         control.reset_n (net)
                      0.062760    0.000083    1.508156 ^ hold143/A (sky130_fd_sc_hd__dlygate4sd3_1)
     2    0.010929    0.202529    1.197048    2.705204 ^ hold143/X (sky130_fd_sc_hd__dlygate4sd3_1)
                                                         net142 (net)
                      0.202531    0.001086    2.706290 ^ fanout72/A (sky130_fd_sc_hd__clkdlybuf4s25_1)
     8    0.039601    0.637829    0.974377    3.680667 ^ fanout72/X (sky130_fd_sc_hd__clkdlybuf4s25_1)
                                                         net72 (net)
                      0.637833    0.002985    3.683651 ^ fanout69/A (sky130_fd_sc_hd__clkdlybuf4s25_1)
     8    0.039573    0.637195    1.138297    4.821949 ^ fanout69/X (sky130_fd_sc_hd__clkdlybuf4s25_1)
                                                         net69 (net)
                      0.637199    0.002903    4.824852 ^ fanout67/A (sky130_fd_sc_hd__clkdlybuf4s25_1)
     3    0.016775    0.283485    0.874123    5.698975 ^ fanout67/X (sky130_fd_sc_hd__clkdlybuf4s25_1)
                                                         net67 (net)
                      0.283489    0.001696    5.700670 ^ load_slew68/A (sky130_fd_sc_hd__clkbuf_4)
     8    0.034161    0.179816    0.446245    6.146915 ^ load_slew68/X (sky130_fd_sc_hd__clkbuf_4)
                                                         net68 (net)
                      0.179824    0.001525    6.148440 ^ _1448_/RESET_B (sky130_fd_sc_hd__dfrtp_2)
                                              6.148440   data arrival time

                                 20.000000   20.000000   clock CLK (rise edge)
                                  0.000000   20.000000   clock source latency
     1    0.021247    0.158803    0.103819   20.103819 ^ CLK (in)
                                                         CLK (net)
                      0.158854    0.000000   20.103819 ^ clkbuf_0_CLK/A (sky130_fd_sc_hd__clkbuf_16)
    16    0.110692    0.192001    0.346065   20.449884 ^ clkbuf_0_CLK/X (sky130_fd_sc_hd__clkbuf_16)
                                                         clknet_0_CLK (net)
                      0.192680    0.008036   20.457920 ^ clkbuf_4_4_0_CLK/A (sky130_fd_sc_hd__clkbuf_8)
     6    0.019226    0.081698    0.275636   20.733557 ^ clkbuf_4_4_0_CLK/X (sky130_fd_sc_hd__clkbuf_8)
                                                         clknet_4_4_0_CLK (net)
                      0.081707    0.000840   20.734396 ^ _1448_/CLK (sky130_fd_sc_hd__dfrtp_2)
                                 -0.250000   20.484398   clock uncertainty
                                  0.047356   20.531754   clock reconvergence pessimism
                                  0.401564   20.933315   library recovery time
                                             20.933315   data required time
---------------------------------------------------------------------------------------------
                                             20.933315   data required time
                                             -6.148440   data arrival time
---------------------------------------------------------------------------------------------
                                             14.784876   slack (MET)


Startpoint: _1441_ (rising edge-triggered flip-flop clocked by CLK)
Endpoint: _1446_ (recovery check against rising-edge clock CLK)
Path Group: asynchronous
Path Type: max

Fanout         Cap        Slew       Delay        Time   Description
---------------------------------------------------------------------------------------------
                                  0.000000    0.000000   clock CLK (rise edge)
                                  0.000000    0.000000   clock source latency
     1    0.021247    0.158803    0.114747    0.114747 ^ CLK (in)
                                                         CLK (net)
                      0.158854    0.000000    0.114747 ^ clkbuf_0_CLK/A (sky130_fd_sc_hd__clkbuf_16)
    16    0.110692    0.192001    0.382494    0.497241 ^ clkbuf_0_CLK/X (sky130_fd_sc_hd__clkbuf_16)
                                                         clknet_0_CLK (net)
                      0.192394    0.006351    0.503592 ^ clkbuf_4_10_0_CLK/A (sky130_fd_sc_hd__clkbuf_8)
     6    0.018696    0.080479    0.303195    0.806787 ^ clkbuf_4_10_0_CLK/X (sky130_fd_sc_hd__clkbuf_8)
                                                         clknet_4_10_0_CLK (net)
                      0.080488    0.000924    0.807711 ^ _1441_/CLK (sky130_fd_sc_hd__dfrtp_2)
     1    0.001743    0.062760    0.700361    1.508073 ^ _1441_/Q (sky130_fd_sc_hd__dfrtp_2)
                                                         control.reset_n (net)
                      0.062760    0.000083    1.508156 ^ hold143/A (sky130_fd_sc_hd__dlygate4sd3_1)
     2    0.010929    0.202529    1.197048    2.705204 ^ hold143/X (sky130_fd_sc_hd__dlygate4sd3_1)
                                                         net142 (net)
                      0.202531    0.001086    2.706290 ^ fanout72/A (sky130_fd_sc_hd__clkdlybuf4s25_1)
     8    0.039601    0.637829    0.974377    3.680667 ^ fanout72/X (sky130_fd_sc_hd__clkdlybuf4s25_1)
                                                         net72 (net)
                      0.637833    0.002985    3.683651 ^ fanout69/A (sky130_fd_sc_hd__clkdlybuf4s25_1)
     8    0.039573    0.637195    1.138297    4.821949 ^ fanout69/X (sky130_fd_sc_hd__clkdlybuf4s25_1)
                                                         net69 (net)
                      0.637199    0.002903    4.824852 ^ fanout67/A (sky130_fd_sc_hd__clkdlybuf4s25_1)
     3    0.016775    0.283485    0.874123    5.698975 ^ fanout67/X (sky130_fd_sc_hd__clkdlybuf4s25_1)
                                                         net67 (net)
                      0.283489    0.001696    5.700670 ^ load_slew68/A (sky130_fd_sc_hd__clkbuf_4)
     8    0.034161    0.179816    0.446245    6.146915 ^ load_slew68/X (sky130_fd_sc_hd__clkbuf_4)
                                                         net68 (net)
                      0.179819    0.001176    6.148091 ^ _1446_/RESET_B (sky130_fd_sc_hd__dfrtp_2)
                                              6.148091   data arrival time

                                 20.000000   20.000000   clock CLK (rise edge)
                                  0.000000   20.000000   clock source latency
     1    0.021247    0.158803    0.103819   20.103819 ^ CLK (in)
                                                         CLK (net)
                      0.158854    0.000000   20.103819 ^ clkbuf_0_CLK/A (sky130_fd_sc_hd__clkbuf_16)
    16    0.110692    0.192001    0.346065   20.449884 ^ clkbuf_0_CLK/X (sky130_fd_sc_hd__clkbuf_16)
                                                         clknet_0_CLK (net)
                      0.192680    0.008036   20.457920 ^ clkbuf_4_4_0_CLK/A (sky130_fd_sc_hd__clkbuf_8)
     6    0.019226    0.081698    0.275636   20.733557 ^ clkbuf_4_4_0_CLK/X (sky130_fd_sc_hd__clkbuf_8)
                                                         clknet_4_4_0_CLK (net)
                      0.081707    0.000837   20.734392 ^ _1446_/CLK (sky130_fd_sc_hd__dfrtp_2)
                                 -0.250000   20.484394   clock uncertainty
                                  0.047356   20.531750   clock reconvergence pessimism
                                  0.401566   20.933315   library recovery time
                                             20.933315   data required time
---------------------------------------------------------------------------------------------
                                             20.933315   data required time
                                             -6.148091   data arrival time
---------------------------------------------------------------------------------------------
                                             14.785223   slack (MET)


Startpoint: _1441_ (rising edge-triggered flip-flop clocked by CLK)
Endpoint: _1429_ (recovery check against rising-edge clock CLK)
Path Group: asynchronous
Path Type: max

Fanout         Cap        Slew       Delay        Time   Description
---------------------------------------------------------------------------------------------
                                  0.000000    0.000000   clock CLK (rise edge)
                                  0.000000    0.000000   clock source latency
     1    0.021247    0.158803    0.114747    0.114747 ^ CLK (in)
                                                         CLK (net)
                      0.158854    0.000000    0.114747 ^ clkbuf_0_CLK/A (sky130_fd_sc_hd__clkbuf_16)
    16    0.110692    0.192001    0.382494    0.497241 ^ clkbuf_0_CLK/X (sky130_fd_sc_hd__clkbuf_16)
                                                         clknet_0_CLK (net)
                      0.192394    0.006351    0.503592 ^ clkbuf_4_10_0_CLK/A (sky130_fd_sc_hd__clkbuf_8)
     6    0.018696    0.080479    0.303195    0.806787 ^ clkbuf_4_10_0_CLK/X (sky130_fd_sc_hd__clkbuf_8)
                                                         clknet_4_10_0_CLK (net)
                      0.080488    0.000924    0.807711 ^ _1441_/CLK (sky130_fd_sc_hd__dfrtp_2)
     1    0.001743    0.062760    0.700361    1.508073 ^ _1441_/Q (sky130_fd_sc_hd__dfrtp_2)
                                                         control.reset_n (net)
                      0.062760    0.000083    1.508156 ^ hold143/A (sky130_fd_sc_hd__dlygate4sd3_1)
     2    0.010929    0.202529    1.197048    2.705204 ^ hold143/X (sky130_fd_sc_hd__dlygate4sd3_1)
                                                         net142 (net)
                      0.202531    0.001086    2.706290 ^ fanout72/A (sky130_fd_sc_hd__clkdlybuf4s25_1)
     8    0.039601    0.637829    0.974377    3.680667 ^ fanout72/X (sky130_fd_sc_hd__clkdlybuf4s25_1)
                                                         net72 (net)
                      0.637833    0.002985    3.683651 ^ fanout69/A (sky130_fd_sc_hd__clkdlybuf4s25_1)
     8    0.039573    0.637195    1.138297    4.821949 ^ fanout69/X (sky130_fd_sc_hd__clkdlybuf4s25_1)
                                                         net69 (net)
                      0.637199    0.002903    4.824852 ^ fanout67/A (sky130_fd_sc_hd__clkdlybuf4s25_1)
     3    0.016775    0.283485    0.874123    5.698975 ^ fanout67/X (sky130_fd_sc_hd__clkdlybuf4s25_1)
                                                         net67 (net)
                      0.283489    0.001696    5.700670 ^ load_slew68/A (sky130_fd_sc_hd__clkbuf_4)
     8    0.034161    0.179816    0.446245    6.146915 ^ load_slew68/X (sky130_fd_sc_hd__clkbuf_4)
                                                         net68 (net)
                      0.179817    0.000894    6.147810 ^ _1429_/RESET_B (sky130_fd_sc_hd__dfrtp_2)
                                              6.147810   data arrival time

                                 20.000000   20.000000   clock CLK (rise edge)
                                  0.000000   20.000000   clock source latency
     1    0.021247    0.158803    0.103819   20.103819 ^ CLK (in)
                                                         CLK (net)
                      0.158854    0.000000   20.103819 ^ clkbuf_0_CLK/A (sky130_fd_sc_hd__clkbuf_16)
    16    0.110692    0.192001    0.346065   20.449884 ^ clkbuf_0_CLK/X (sky130_fd_sc_hd__clkbuf_16)
                                                         clknet_0_CLK (net)
                      0.192680    0.008036   20.457920 ^ clkbuf_4_4_0_CLK/A (sky130_fd_sc_hd__clkbuf_8)
     6    0.019226    0.081698    0.275636   20.733557 ^ clkbuf_4_4_0_CLK/X (sky130_fd_sc_hd__clkbuf_8)
                                                         clknet_4_4_0_CLK (net)
                      0.081706    0.000822   20.734379 ^ _1429_/CLK (sky130_fd_sc_hd__dfrtp_2)
                                 -0.250000   20.484379   clock uncertainty
                                  0.047356   20.531734   clock reconvergence pessimism
                                  0.401567   20.933302   library recovery time
                                             20.933302   data required time
---------------------------------------------------------------------------------------------
                                             20.933302   data required time
                                             -6.147810   data arrival time
---------------------------------------------------------------------------------------------
                                             14.785492   slack (MET)


Startpoint: _1441_ (rising edge-triggered flip-flop clocked by CLK)
Endpoint: _1449_ (recovery check against rising-edge clock CLK)
Path Group: asynchronous
Path Type: max

Fanout         Cap        Slew       Delay        Time   Description
---------------------------------------------------------------------------------------------
                                  0.000000    0.000000   clock CLK (rise edge)
                                  0.000000    0.000000   clock source latency
     1    0.021247    0.158803    0.114747    0.114747 ^ CLK (in)
                                                         CLK (net)
                      0.158854    0.000000    0.114747 ^ clkbuf_0_CLK/A (sky130_fd_sc_hd__clkbuf_16)
    16    0.110692    0.192001    0.382494    0.497241 ^ clkbuf_0_CLK/X (sky130_fd_sc_hd__clkbuf_16)
                                                         clknet_0_CLK (net)
                      0.192394    0.006351    0.503592 ^ clkbuf_4_10_0_CLK/A (sky130_fd_sc_hd__clkbuf_8)
     6    0.018696    0.080479    0.303195    0.806787 ^ clkbuf_4_10_0_CLK/X (sky130_fd_sc_hd__clkbuf_8)
                                                         clknet_4_10_0_CLK (net)
                      0.080488    0.000924    0.807711 ^ _1441_/CLK (sky130_fd_sc_hd__dfrtp_2)
     1    0.001743    0.062760    0.700361    1.508073 ^ _1441_/Q (sky130_fd_sc_hd__dfrtp_2)
                                                         control.reset_n (net)
                      0.062760    0.000083    1.508156 ^ hold143/A (sky130_fd_sc_hd__dlygate4sd3_1)
     2    0.010929    0.202529    1.197048    2.705204 ^ hold143/X (sky130_fd_sc_hd__dlygate4sd3_1)
                                                         net142 (net)
                      0.202531    0.001086    2.706290 ^ fanout72/A (sky130_fd_sc_hd__clkdlybuf4s25_1)
     8    0.039601    0.637829    0.974377    3.680667 ^ fanout72/X (sky130_fd_sc_hd__clkdlybuf4s25_1)
                                                         net72 (net)
                      0.637833    0.002985    3.683651 ^ fanout69/A (sky130_fd_sc_hd__clkdlybuf4s25_1)
     8    0.039573    0.637195    1.138297    4.821949 ^ fanout69/X (sky130_fd_sc_hd__clkdlybuf4s25_1)
                                                         net69 (net)
                      0.637199    0.002903    4.824852 ^ fanout67/A (sky130_fd_sc_hd__clkdlybuf4s25_1)
     3    0.016775    0.283485    0.874123    5.698975 ^ fanout67/X (sky130_fd_sc_hd__clkdlybuf4s25_1)
                                                         net67 (net)
                      0.283493    0.002002    5.700977 ^ _1449_/RESET_B (sky130_fd_sc_hd__dfrtp_2)
                                              5.700977   data arrival time

                                 20.000000   20.000000   clock CLK (rise edge)
                                  0.000000   20.000000   clock source latency
     1    0.021247    0.158803    0.103819   20.103819 ^ CLK (in)
                                                         CLK (net)
                      0.158854    0.000000   20.103819 ^ clkbuf_0_CLK/A (sky130_fd_sc_hd__clkbuf_16)
    16    0.110692    0.192001    0.346065   20.449884 ^ clkbuf_0_CLK/X (sky130_fd_sc_hd__clkbuf_16)
                                                         clknet_0_CLK (net)
                      0.192739    0.008427   20.458311 ^ clkbuf_4_5_0_CLK/A (sky130_fd_sc_hd__clkbuf_8)
     6    0.018014    0.078899    0.273113   20.731424 ^ clkbuf_4_5_0_CLK/X (sky130_fd_sc_hd__clkbuf_8)
                                                         clknet_4_5_0_CLK (net)
                      0.078902    0.000522   20.731947 ^ _1449_/CLK (sky130_fd_sc_hd__dfrtp_2)
                                 -0.250000   20.481947   clock uncertainty
                                  0.047356   20.529303   clock reconvergence pessimism
                                  0.356333   20.885637   library recovery time
                                             20.885637   data required time
---------------------------------------------------------------------------------------------
                                             20.885637   data required time
                                             -5.700977   data arrival time
---------------------------------------------------------------------------------------------
                                             15.184661   slack (MET)


Startpoint: _1441_ (rising edge-triggered flip-flop clocked by CLK)
Endpoint: _1432_ (recovery check against rising-edge clock CLK)
Path Group: asynchronous
Path Type: max

Fanout         Cap        Slew       Delay        Time   Description
---------------------------------------------------------------------------------------------
                                  0.000000    0.000000   clock CLK (rise edge)
                                  0.000000    0.000000   clock source latency
     1    0.021247    0.158803    0.114747    0.114747 ^ CLK (in)
                                                         CLK (net)
                      0.158854    0.000000    0.114747 ^ clkbuf_0_CLK/A (sky130_fd_sc_hd__clkbuf_16)
    16    0.110692    0.192001    0.382494    0.497241 ^ clkbuf_0_CLK/X (sky130_fd_sc_hd__clkbuf_16)
                                                         clknet_0_CLK (net)
                      0.192394    0.006351    0.503592 ^ clkbuf_4_10_0_CLK/A (sky130_fd_sc_hd__clkbuf_8)
     6    0.018696    0.080479    0.303195    0.806787 ^ clkbuf_4_10_0_CLK/X (sky130_fd_sc_hd__clkbuf_8)
                                                         clknet_4_10_0_CLK (net)
                      0.080488    0.000924    0.807711 ^ _1441_/CLK (sky130_fd_sc_hd__dfrtp_2)
     1    0.001743    0.062760    0.700361    1.508073 ^ _1441_/Q (sky130_fd_sc_hd__dfrtp_2)
                                                         control.reset_n (net)
                      0.062760    0.000083    1.508156 ^ hold143/A (sky130_fd_sc_hd__dlygate4sd3_1)
     2    0.010929    0.202529    1.197048    2.705204 ^ hold143/X (sky130_fd_sc_hd__dlygate4sd3_1)
                                                         net142 (net)
                      0.202531    0.001086    2.706290 ^ fanout72/A (sky130_fd_sc_hd__clkdlybuf4s25_1)
     8    0.039601    0.637829    0.974377    3.680667 ^ fanout72/X (sky130_fd_sc_hd__clkdlybuf4s25_1)
                                                         net72 (net)
                      0.637833    0.002985    3.683651 ^ fanout69/A (sky130_fd_sc_hd__clkdlybuf4s25_1)
     8    0.039573    0.637195    1.138297    4.821949 ^ fanout69/X (sky130_fd_sc_hd__clkdlybuf4s25_1)
                                                         net69 (net)
                      0.637199    0.002903    4.824852 ^ fanout67/A (sky130_fd_sc_hd__clkdlybuf4s25_1)
     3    0.016775    0.283485    0.874123    5.698975 ^ fanout67/X (sky130_fd_sc_hd__clkdlybuf4s25_1)
                                                         net67 (net)
                      0.283491    0.001878    5.700853 ^ _1432_/RESET_B (sky130_fd_sc_hd__dfrtp_2)
                                              5.700853   data arrival time

                                 20.000000   20.000000   clock CLK (rise edge)
                                  0.000000   20.000000   clock source latency
     1    0.021247    0.158803    0.103819   20.103819 ^ CLK (in)
                                                         CLK (net)
                      0.158854    0.000000   20.103819 ^ clkbuf_0_CLK/A (sky130_fd_sc_hd__clkbuf_16)
    16    0.110692    0.192001    0.346065   20.449884 ^ clkbuf_0_CLK/X (sky130_fd_sc_hd__clkbuf_16)
                                                         clknet_0_CLK (net)
                      0.192739    0.008427   20.458311 ^ clkbuf_4_5_0_CLK/A (sky130_fd_sc_hd__clkbuf_8)
     6    0.018014    0.078899    0.273113   20.731424 ^ clkbuf_4_5_0_CLK/X (sky130_fd_sc_hd__clkbuf_8)
                                                         clknet_4_5_0_CLK (net)
                      0.078906    0.000703   20.732128 ^ _1432_/CLK (sky130_fd_sc_hd__dfrtp_2)
                                 -0.250000   20.482128   clock uncertainty
                                  0.047356   20.529484   clock reconvergence pessimism
                                  0.356335   20.885820   library recovery time
                                             20.885820   data required time
---------------------------------------------------------------------------------------------
                                             20.885820   data required time
                                             -5.700853   data arrival time
---------------------------------------------------------------------------------------------
                                             15.184967   slack (MET)


Startpoint: DUTY[0] (input port clocked by CLK)
Endpoint: _1442_ (rising edge-triggered flip-flop clocked by CLK)
Path Group: CLK
Path Type: max

Fanout         Cap        Slew       Delay        Time   Description
---------------------------------------------------------------------------------------------
                                  0.000000    0.000000   clock CLK (rise edge)
                                  0.000000    0.000000   clock network delay (propagated)
                                  4.000000    4.000000 v input external delay
     1    0.011772    0.054622    0.038770    4.038770 v DUTY[0] (in)
                                                         DUTY[0] (net)
                      0.054629    0.000000    4.038770 v input3/A (sky130_fd_sc_hd__clkdlybuf4s25_1)
     1    0.010346    0.164954    0.557221    4.595990 v input3/X (sky130_fd_sc_hd__clkdlybuf4s25_1)
                                                         net3 (net)
                      0.164955    0.000726    4.596716 v _1442_/D (sky130_fd_sc_hd__dfrtp_2)
                                              4.596716   data arrival time

                                 20.000000   20.000000   clock CLK (rise edge)
                                  0.000000   20.000000   clock source latency
     1    0.021247    0.158803    0.103819   20.103819 ^ CLK (in)
                                                         CLK (net)
                      0.158854    0.000000   20.103819 ^ clkbuf_0_CLK/A (sky130_fd_sc_hd__clkbuf_16)
    16    0.110692    0.192001    0.346065   20.449884 ^ clkbuf_0_CLK/X (sky130_fd_sc_hd__clkbuf_16)
                                                         clknet_0_CLK (net)
                      0.192739    0.008427   20.458311 ^ clkbuf_4_5_0_CLK/A (sky130_fd_sc_hd__clkbuf_8)
     6    0.018014    0.078899    0.273113   20.731424 ^ clkbuf_4_5_0_CLK/X (sky130_fd_sc_hd__clkbuf_8)
                                                         clknet_4_5_0_CLK (net)
                      0.078907    0.000751   20.732176 ^ _1442_/CLK (sky130_fd_sc_hd__dfrtp_2)
                                 -0.250000   20.482176   clock uncertainty
                                  0.000000   20.482176   clock reconvergence pessimism
                                 -0.313900   20.168276   library setup time
                                             20.168276   data required time
---------------------------------------------------------------------------------------------
                                             20.168276   data required time
                                             -4.596716   data arrival time
---------------------------------------------------------------------------------------------
                                             15.571561   slack (MET)


Startpoint: DUTY[7] (input port clocked by CLK)
Endpoint: _1449_ (rising edge-triggered flip-flop clocked by CLK)
Path Group: CLK
Path Type: max

Fanout         Cap        Slew       Delay        Time   Description
---------------------------------------------------------------------------------------------
                                  0.000000    0.000000   clock CLK (rise edge)
                                  0.000000    0.000000   clock network delay (propagated)
                                  4.000000    4.000000 v input external delay
     1    0.010306    0.048523    0.034284    4.034284 v DUTY[7] (in)
                                                         DUTY[7] (net)
                      0.048544    0.000000    4.034284 v input10/A (sky130_fd_sc_hd__clkdlybuf4s25_1)
     1    0.009443    0.153853    0.544276    4.578560 v input10/X (sky130_fd_sc_hd__clkdlybuf4s25_1)
                                                         net10 (net)
                      0.153855    0.000856    4.579416 v _1449_/D (sky130_fd_sc_hd__dfrtp_2)
                                              4.579416   data arrival time

                                 20.000000   20.000000   clock CLK (rise edge)
                                  0.000000   20.000000   clock source latency
     1    0.021247    0.158803    0.103819   20.103819 ^ CLK (in)
                                                         CLK (net)
                      0.158854    0.000000   20.103819 ^ clkbuf_0_CLK/A (sky130_fd_sc_hd__clkbuf_16)
    16    0.110692    0.192001    0.346065   20.449884 ^ clkbuf_0_CLK/X (sky130_fd_sc_hd__clkbuf_16)
                                                         clknet_0_CLK (net)
                      0.192739    0.008427   20.458311 ^ clkbuf_4_5_0_CLK/A (sky130_fd_sc_hd__clkbuf_8)
     6    0.018014    0.078899    0.273113   20.731424 ^ clkbuf_4_5_0_CLK/X (sky130_fd_sc_hd__clkbuf_8)
                                                         clknet_4_5_0_CLK (net)
                      0.078902    0.000522   20.731947 ^ _1449_/CLK (sky130_fd_sc_hd__dfrtp_2)
                                 -0.250000   20.481947   clock uncertainty
                                  0.000000   20.481947   clock reconvergence pessimism
                                 -0.309264   20.172684   library setup time
                                             20.172684   data required time
---------------------------------------------------------------------------------------------
                                             20.172684   data required time
                                             -4.579416   data arrival time
---------------------------------------------------------------------------------------------
                                             15.593267   slack (MET)


Startpoint: DUTY[6] (input port clocked by CLK)
Endpoint: _1448_ (rising edge-triggered flip-flop clocked by CLK)
Path Group: CLK
Path Type: max

Fanout         Cap        Slew       Delay        Time   Description
---------------------------------------------------------------------------------------------
                                  0.000000    0.000000   clock CLK (rise edge)
                                  0.000000    0.000000   clock network delay (propagated)
                                  4.000000    4.000000 v input external delay
     1    0.011391    0.053079    0.037617    4.037617 v DUTY[6] (in)
                                                         DUTY[6] (net)
                      0.053090    0.000000    4.037617 v input9/A (sky130_fd_sc_hd__clkdlybuf4s25_1)
     1    0.008616    0.143652    0.537335    4.574951 v input9/X (sky130_fd_sc_hd__clkdlybuf4s25_1)
                                                         net9 (net)
                      0.143653    0.000732    4.575684 v _1448_/D (sky130_fd_sc_hd__dfrtp_2)
                                              4.575684   data arrival time

                                 20.000000   20.000000   clock CLK (rise edge)
                                  0.000000   20.000000   clock source latency
     1    0.021247    0.158803    0.103819   20.103819 ^ CLK (in)
                                                         CLK (net)
                      0.158854    0.000000   20.103819 ^ clkbuf_0_CLK/A (sky130_fd_sc_hd__clkbuf_16)
    16    0.110692    0.192001    0.346065   20.449884 ^ clkbuf_0_CLK/X (sky130_fd_sc_hd__clkbuf_16)
                                                         clknet_0_CLK (net)
                      0.192680    0.008036   20.457920 ^ clkbuf_4_4_0_CLK/A (sky130_fd_sc_hd__clkbuf_8)
     6    0.019226    0.081698    0.275636   20.733557 ^ clkbuf_4_4_0_CLK/X (sky130_fd_sc_hd__clkbuf_8)
                                                         clknet_4_4_0_CLK (net)
                      0.081707    0.000840   20.734396 ^ _1448_/CLK (sky130_fd_sc_hd__dfrtp_2)
                                 -0.250000   20.484398   clock uncertainty
                                  0.000000   20.484398   clock reconvergence pessimism
                                 -0.304254   20.180143   library setup time
                                             20.180143   data required time
---------------------------------------------------------------------------------------------
                                             20.180143   data required time
                                             -4.575684   data arrival time
---------------------------------------------------------------------------------------------
                                             15.604459   slack (MET)


Startpoint: _1402_ (rising edge-triggered flip-flop clocked by CLK)
Endpoint: _1399_ (rising edge-triggered flip-flop clocked by CLK)
Path Group: CLK
Path Type: max

Fanout         Cap        Slew       Delay        Time   Description
---------------------------------------------------------------------------------------------
                                  0.000000    0.000000   clock CLK (rise edge)
                                  0.000000    0.000000   clock source latency
     1    0.021247    0.158803    0.114747    0.114747 ^ CLK (in)
                                                         CLK (net)
                      0.158854    0.000000    0.114747 ^ clkbuf_0_CLK/A (sky130_fd_sc_hd__clkbuf_16)
    16    0.110692    0.192001    0.382494    0.497241 ^ clkbuf_0_CLK/X (sky130_fd_sc_hd__clkbuf_16)
                                                         clknet_0_CLK (net)
                      0.192366    0.006041    0.503282 ^ clkbuf_4_14_0_CLK/A (sky130_fd_sc_hd__clkbuf_8)
     6    0.018935    0.081026    0.303785    0.807067 ^ clkbuf_4_14_0_CLK/X (sky130_fd_sc_hd__clkbuf_8)
                                                         clknet_4_14_0_CLK (net)
                      0.081029    0.000671    0.807737 ^ _1402_/CLK (sky130_fd_sc_hd__dfrtp_2)
     1    0.001811    0.069059    0.825386    1.633124 v _1402_/Q (sky130_fd_sc_hd__dfrtp_2)
                                                         gates.phase_a.dead_count[5] (net)
                      0.069059    0.000133    1.633256 v hold163/A (sky130_fd_sc_hd__dlygate4sd3_1)
     2    0.007666    0.152434    1.246435    2.879691 v hold163/X (sky130_fd_sc_hd__dlygate4sd3_1)
                                                         net162 (net)
                      0.152434    0.000321    2.880012 v _1333_/A (sky130_fd_sc_hd__nor2_2)
     4    0.017940    0.344900    0.397470    3.277482 ^ _1333_/Y (sky130_fd_sc_hd__nor2_2)
                                                         _0672_ (net)
                      0.344902    0.000791    3.278273 ^ _1344_/A1 (sky130_fd_sc_hd__o21ai_2)
     1    0.002264    0.074387    0.206335    3.484608 v _1344_/Y (sky130_fd_sc_hd__o21ai_2)
                                                         _0025_ (net)
                      0.074387    0.000157    3.484765 v hold166/A (sky130_fd_sc_hd__dlygate4sd3_1)
     1    0.002378    0.102354    1.173995    4.658760 v hold166/X (sky130_fd_sc_hd__dlygate4sd3_1)
                                                         net165 (net)
                      0.102354    0.000181    4.658941 v _1399_/D (sky130_fd_sc_hd__dfrtp_2)
                                              4.658941   data arrival time

                                 20.000000   20.000000   clock CLK (rise edge)
                                  0.000000   20.000000   clock source latency
     1    0.021247    0.158803    0.103819   20.103819 ^ CLK (in)
                                                         CLK (net)
                      0.158854    0.000000   20.103819 ^ clkbuf_0_CLK/A (sky130_fd_sc_hd__clkbuf_16)
    16    0.110692    0.192001    0.346065   20.449884 ^ clkbuf_0_CLK/X (sky130_fd_sc_hd__clkbuf_16)
                                                         clknet_0_CLK (net)
                      0.192366    0.005466   20.455351 ^ clkbuf_4_14_0_CLK/A (sky130_fd_sc_hd__clkbuf_8)
     6    0.018935    0.081026    0.274854   20.730204 ^ clkbuf_4_14_0_CLK/X (sky130_fd_sc_hd__clkbuf_8)
                                                         clknet_4_14_0_CLK (net)
                      0.081035    0.000846   20.731049 ^ _1399_/CLK (sky130_fd_sc_hd__dfrtp_2)
                                 -0.250000   20.481050   clock uncertainty
                                  0.076863   20.557913   clock reconvergence pessimism
                                 -0.287182   20.270731   library setup time
                                             20.270731   data required time
---------------------------------------------------------------------------------------------
                                             20.270731   data required time
                                             -4.658941   data arrival time
---------------------------------------------------------------------------------------------
                                             15.611790   slack (MET)


Startpoint: DUTY[4] (input port clocked by CLK)
Endpoint: _1446_ (rising edge-triggered flip-flop clocked by CLK)
Path Group: CLK
Path Type: max

Fanout         Cap        Slew       Delay        Time   Description
---------------------------------------------------------------------------------------------
                                  0.000000    0.000000   clock CLK (rise edge)
                                  0.000000    0.000000   clock network delay (propagated)
                                  4.000000    4.000000 v input external delay
     1    0.010551    0.049623    0.034866    4.034866 v DUTY[4] (in)
                                                         DUTY[4] (net)
                      0.049629    0.000000    4.034866 v input7/A (sky130_fd_sc_hd__clkdlybuf4s25_1)
     1    0.007487    0.129815    0.523436    4.558302 v input7/X (sky130_fd_sc_hd__clkdlybuf4s25_1)
                                                         net7 (net)
                      0.129815    0.000498    4.558800 v _1446_/D (sky130_fd_sc_hd__dfrtp_2)
                                              4.558800   data arrival time

                                 20.000000   20.000000   clock CLK (rise edge)
                                  0.000000   20.000000   clock source latency
     1    0.021247    0.158803    0.103819   20.103819 ^ CLK (in)
                                                         CLK (net)
                      0.158854    0.000000   20.103819 ^ clkbuf_0_CLK/A (sky130_fd_sc_hd__clkbuf_16)
    16    0.110692    0.192001    0.346065   20.449884 ^ clkbuf_0_CLK/X (sky130_fd_sc_hd__clkbuf_16)
                                                         clknet_0_CLK (net)
                      0.192680    0.008036   20.457920 ^ clkbuf_4_4_0_CLK/A (sky130_fd_sc_hd__clkbuf_8)
     6    0.019226    0.081698    0.275636   20.733557 ^ clkbuf_4_4_0_CLK/X (sky130_fd_sc_hd__clkbuf_8)
                                                         clknet_4_4_0_CLK (net)
                      0.081707    0.000837   20.734392 ^ _1446_/CLK (sky130_fd_sc_hd__dfrtp_2)
                                 -0.250000   20.484394   clock uncertainty
                                  0.000000   20.484394   clock reconvergence pessimism
                                 -0.298474   20.185919   library setup time
                                             20.185919   data required time
---------------------------------------------------------------------------------------------
                                             20.185919   data required time
                                             -4.558800   data arrival time
---------------------------------------------------------------------------------------------
                                             15.627120   slack (MET)


Startpoint: HALL_A (input port clocked by CLK)
Endpoint: _1463_ (rising edge-triggered flip-flop clocked by CLK)
Path Group: CLK
Path Type: max

Fanout         Cap        Slew       Delay        Time   Description
---------------------------------------------------------------------------------------------
                                  0.000000    0.000000   clock CLK (rise edge)
                                  0.000000    0.000000   clock network delay (propagated)
                                  4.000000    4.000000 v input external delay
     1    0.005278    0.028222    0.018004    4.018004 v HALL_A (in)
                                                         HALL_A (net)
                      0.028226    0.000000    4.018004 v input14/A (sky130_fd_sc_hd__clkdlybuf4s25_1)
     1    0.008382    0.140903    0.522963    4.540968 v input14/X (sky130_fd_sc_hd__clkdlybuf4s25_1)
                                                         net14 (net)
                      0.140903    0.000710    4.541678 v _1463_/D (sky130_fd_sc_hd__dfrtp_2)
                                              4.541678   data arrival time

                                 20.000000   20.000000   clock CLK (rise edge)
                                  0.000000   20.000000   clock source latency
     1    0.021247    0.158803    0.103819   20.103819 ^ CLK (in)
                                                         CLK (net)
                      0.158854    0.000000   20.103819 ^ clkbuf_0_CLK/A (sky130_fd_sc_hd__clkbuf_16)
    16    0.110692    0.192001    0.346065   20.449884 ^ clkbuf_0_CLK/X (sky130_fd_sc_hd__clkbuf_16)
                                                         clknet_0_CLK (net)
                      0.192678    0.008018   20.457903 ^ clkbuf_4_0_0_CLK/A (sky130_fd_sc_hd__clkbuf_8)
     6    0.024030    0.093092    0.285894   20.743797 ^ clkbuf_4_0_0_CLK/X (sky130_fd_sc_hd__clkbuf_8)
                                                         clknet_4_0_0_CLK (net)
                      0.093106    0.001108   20.744905 ^ _1463_/CLK (sky130_fd_sc_hd__dfrtp_2)
                                 -0.250000   20.494905   clock uncertainty
                                  0.000000   20.494905   clock reconvergence pessimism
                                 -0.300061   20.194845   library setup time
                                             20.194845   data required time
---------------------------------------------------------------------------------------------
                                             20.194845   data required time
                                             -4.541678   data arrival time
---------------------------------------------------------------------------------------------
                                             15.653168   slack (MET)


Startpoint: DUTY[1] (input port clocked by CLK)
Endpoint: _1443_ (rising edge-triggered flip-flop clocked by CLK)
Path Group: CLK
Path Type: max

Fanout         Cap        Slew       Delay        Time   Description
---------------------------------------------------------------------------------------------
                                  0.000000    0.000000   clock CLK (rise edge)
                                  0.000000    0.000000   clock network delay (propagated)
                                  4.000000    4.000000 v input external delay
     1    0.006965    0.035007    0.023477    4.023477 v DUTY[1] (in)
                                                         DUTY[1] (net)
                      0.035014    0.000000    4.023477 v input4/A (sky130_fd_sc_hd__clkdlybuf4s25_1)
     1    0.006373    0.116563    0.504115    4.527592 v input4/X (sky130_fd_sc_hd__clkdlybuf4s25_1)
                                                         net4 (net)
                      0.116563    0.000596    4.528188 v _1443_/D (sky130_fd_sc_hd__dfrtp_2)
                                              4.528188   data arrival time

                                 20.000000   20.000000   clock CLK (rise edge)
                                  0.000000   20.000000   clock source latency
     1    0.021247    0.158803    0.103819   20.103819 ^ CLK (in)
                                                         CLK (net)
                      0.158854    0.000000   20.103819 ^ clkbuf_0_CLK/A (sky130_fd_sc_hd__clkbuf_16)
    16    0.110692    0.192001    0.346065   20.449884 ^ clkbuf_0_CLK/X (sky130_fd_sc_hd__clkbuf_16)
                                                         clknet_0_CLK (net)
                      0.192709    0.008228   20.458113 ^ clkbuf_4_7_0_CLK/A (sky130_fd_sc_hd__clkbuf_8)
     6    0.015897    0.074126    0.268509   20.726622 ^ clkbuf_4_7_0_CLK/X (sky130_fd_sc_hd__clkbuf_8)
                                                         clknet_4_7_0_CLK (net)
                      0.074137    0.000782   20.727402 ^ _1443_/CLK (sky130_fd_sc_hd__dfrtp_2)
                                 -0.250000   20.477404   clock uncertainty
                                  0.000000   20.477404   clock reconvergence pessimism
                                 -0.294958   20.182446   library setup time
                                             20.182446   data required time
---------------------------------------------------------------------------------------------
                                             20.182446   data required time
                                             -4.528188   data arrival time
---------------------------------------------------------------------------------------------
                                             15.654257   slack (MET)


Startpoint: DUTY[3] (input port clocked by CLK)
Endpoint: _1445_ (rising edge-triggered flip-flop clocked by CLK)
Path Group: CLK
Path Type: max

Fanout         Cap        Slew       Delay        Time   Description
---------------------------------------------------------------------------------------------
                                  0.000000    0.000000   clock CLK (rise edge)
                                  0.000000    0.000000   clock network delay (propagated)
                                  4.000000    4.000000 v input external delay
     1    0.007396    0.036752    0.024812    4.024812 v DUTY[3] (in)
                                                         DUTY[3] (net)
                      0.036758    0.000000    4.024812 v input6/A (sky130_fd_sc_hd__clkdlybuf4s25_1)
     1    0.005879    0.110686    0.499546    4.524358 v input6/X (sky130_fd_sc_hd__clkdlybuf4s25_1)
                                                         net6 (net)
                      0.110686    0.000458    4.524816 v _1445_/D (sky130_fd_sc_hd__dfrtp_2)
                                              4.524816   data arrival time

                                 20.000000   20.000000   clock CLK (rise edge)
                                  0.000000   20.000000   clock source latency
     1    0.021247    0.158803    0.103819   20.103819 ^ CLK (in)
                                                         CLK (net)
                      0.158854    0.000000   20.103819 ^ clkbuf_0_CLK/A (sky130_fd_sc_hd__clkbuf_16)
    16    0.110692    0.192001    0.346065   20.449884 ^ clkbuf_0_CLK/X (sky130_fd_sc_hd__clkbuf_16)
                                                         clknet_0_CLK (net)
                      0.192674    0.007997   20.457882 ^ clkbuf_4_1_0_CLK/A (sky130_fd_sc_hd__clkbuf_8)
     6    0.018223    0.079392    0.273412   20.731293 ^ clkbuf_4_1_0_CLK/X (sky130_fd_sc_hd__clkbuf_8)
                                                         clknet_4_1_0_CLK (net)
                      0.079402    0.000858   20.732151 ^ _1445_/CLK (sky130_fd_sc_hd__dfrtp_2)
                                 -0.250000   20.482151   clock uncertainty
                                  0.000000   20.482151   clock reconvergence pessimism
                                 -0.291098   20.191053   library setup time
                                             20.191053   data required time
---------------------------------------------------------------------------------------------
                                             20.191053   data required time
                                             -4.524816   data arrival time
---------------------------------------------------------------------------------------------
                                             15.666237   slack (MET)


Startpoint: DUTY[2] (input port clocked by CLK)
Endpoint: _1444_ (rising edge-triggered flip-flop clocked by CLK)
Path Group: CLK
Path Type: max

Fanout         Cap        Slew       Delay        Time   Description
---------------------------------------------------------------------------------------------
                                  0.000000    0.000000   clock CLK (rise edge)
                                  0.000000    0.000000   clock network delay (propagated)
                                  4.000000    4.000000 v input external delay
     1    0.007394    0.036757    0.024884    4.024884 v DUTY[2] (in)
                                                         DUTY[2] (net)
                      0.036766    0.000000    4.024884 v input5/A (sky130_fd_sc_hd__clkdlybuf4s25_1)
     1    0.005553    0.106827    0.496060    4.520944 v input5/X (sky130_fd_sc_hd__clkdlybuf4s25_1)
                                                         net5 (net)
                      0.106827    0.000263    4.521207 v _1444_/D (sky130_fd_sc_hd__dfrtp_2)
                                              4.521207   data arrival time

                                 20.000000   20.000000   clock CLK (rise edge)
                                  0.000000   20.000000   clock source latency
     1    0.021247    0.158803    0.103819   20.103819 ^ CLK (in)
                                                         CLK (net)
                      0.158854    0.000000   20.103819 ^ clkbuf_0_CLK/A (sky130_fd_sc_hd__clkbuf_16)
    16    0.110692    0.192001    0.346065   20.449884 ^ clkbuf_0_CLK/X (sky130_fd_sc_hd__clkbuf_16)
                                                         clknet_0_CLK (net)
                      0.192674    0.007997   20.457882 ^ clkbuf_4_1_0_CLK/A (sky130_fd_sc_hd__clkbuf_8)
     6    0.018223    0.079392    0.273412   20.731293 ^ clkbuf_4_1_0_CLK/X (sky130_fd_sc_hd__clkbuf_8)
                                                         clknet_4_1_0_CLK (net)
                      0.079400    0.000798   20.732090 ^ _1444_/CLK (sky130_fd_sc_hd__dfrtp_2)
                                 -0.250000   20.482092   clock uncertainty
                                  0.000000   20.482092   clock reconvergence pessimism
                                 -0.289487   20.192604   library setup time
                                             20.192604   data required time
---------------------------------------------------------------------------------------------
                                             20.192604   data required time
                                             -4.521207   data arrival time
---------------------------------------------------------------------------------------------
                                             15.671397   slack (MET)


Startpoint: DUTY[9] (input port clocked by CLK)
Endpoint: _1451_ (rising edge-triggered flip-flop clocked by CLK)
Path Group: CLK
Path Type: max

Fanout         Cap        Slew       Delay        Time   Description
---------------------------------------------------------------------------------------------
                                  0.000000    0.000000   clock CLK (rise edge)
                                  0.000000    0.000000   clock network delay (propagated)
                                  4.000000    4.000000 v input external delay
     1    0.005037    0.027264    0.017177    4.017177 v DUTY[9] (in)
                                                         DUTY[9] (net)
                      0.027267    0.000000    4.017177 v input12/A (sky130_fd_sc_hd__clkdlybuf4s25_1)
     1    0.005358    0.104621    0.489342    4.506519 v input12/X (sky130_fd_sc_hd__clkdlybuf4s25_1)
                                                         net12 (net)
                      0.104621    0.000381    4.506900 v _1451_/D (sky130_fd_sc_hd__dfrtp_2)
                                              4.506900   data arrival time

                                 20.000000   20.000000   clock CLK (rise edge)
                                  0.000000   20.000000   clock source latency
     1    0.021247    0.158803    0.103819   20.103819 ^ CLK (in)
                                                         CLK (net)
                      0.158854    0.000000   20.103819 ^ clkbuf_0_CLK/A (sky130_fd_sc_hd__clkbuf_16)
    16    0.110692    0.192001    0.346065   20.449884 ^ clkbuf_0_CLK/X (sky130_fd_sc_hd__clkbuf_16)
                                                         clknet_0_CLK (net)
                      0.192352    0.005322   20.455206 ^ clkbuf_4_15_0_CLK/A (sky130_fd_sc_hd__clkbuf_8)
     6    0.015922    0.074184    0.268376   20.723581 ^ clkbuf_4_15_0_CLK/X (sky130_fd_sc_hd__clkbuf_8)
                                                         clknet_4_15_0_CLK (net)
                      0.074193    0.000730   20.724312 ^ _1451_/CLK (sky130_fd_sc_hd__dfrtp_2)
                                 -0.250000   20.474312   clock uncertainty
                                  0.000000   20.474312   clock reconvergence pessimism
                                 -0.289955   20.184359   library setup time
                                             20.184359   data required time
---------------------------------------------------------------------------------------------
                                             20.184359   data required time
                                             -4.506900   data arrival time
---------------------------------------------------------------------------------------------
                                             15.677458   slack (MET)


Startpoint: DUTY[5] (input port clocked by CLK)
Endpoint: _1447_ (rising edge-triggered flip-flop clocked by CLK)
Path Group: CLK
Path Type: max

Fanout         Cap        Slew       Delay        Time   Description
---------------------------------------------------------------------------------------------
                                  0.000000    0.000000   clock CLK (rise edge)
                                  0.000000    0.000000   clock network delay (propagated)
                                  4.000000    4.000000 v input external delay
     1    0.006293    0.032283    0.021321    4.021321 v DUTY[5] (in)
                                                         DUTY[5] (net)
                      0.032289    0.000000    4.021321 v input8/A (sky130_fd_sc_hd__clkdlybuf4s25_1)
     1    0.004790    0.098024    0.485464    4.506785 v input8/X (sky130_fd_sc_hd__clkdlybuf4s25_1)
                                                         net8 (net)
                      0.098024    0.000344    4.507129 v _1447_/D (sky130_fd_sc_hd__dfrtp_2)
                                              4.507129   data arrival time

                                 20.000000   20.000000   clock CLK (rise edge)
                                  0.000000   20.000000   clock source latency
     1    0.021247    0.158803    0.103819   20.103819 ^ CLK (in)
                                                         CLK (net)
                      0.158854    0.000000   20.103819 ^ clkbuf_0_CLK/A (sky130_fd_sc_hd__clkbuf_16)
    16    0.110692    0.192001    0.346065   20.449884 ^ clkbuf_0_CLK/X (sky130_fd_sc_hd__clkbuf_16)
                                                         clknet_0_CLK (net)
                      0.192709    0.008228   20.458113 ^ clkbuf_4_7_0_CLK/A (sky130_fd_sc_hd__clkbuf_8)
     6    0.015897    0.074126    0.268509   20.726622 ^ clkbuf_4_7_0_CLK/X (sky130_fd_sc_hd__clkbuf_8)
                                                         clknet_4_7_0_CLK (net)
                      0.074136    0.000760   20.727381 ^ _1447_/CLK (sky130_fd_sc_hd__dfrtp_2)
                                 -0.250000   20.477383   clock uncertainty
                                  0.000000   20.477383   clock reconvergence pessimism
                                 -0.287213   20.190168   library setup time
                                             20.190168   data required time
---------------------------------------------------------------------------------------------
                                             20.190168   data required time
                                             -4.507129   data arrival time
---------------------------------------------------------------------------------------------
                                             15.683040   slack (MET)


Startpoint: HALL_B (input port clocked by CLK)
Endpoint: _1466_ (rising edge-triggered flip-flop clocked by CLK)
Path Group: CLK
Path Type: max

Fanout         Cap        Slew       Delay        Time   Description
---------------------------------------------------------------------------------------------
                                  0.000000    0.000000   clock CLK (rise edge)
                                  0.000000    0.000000   clock network delay (propagated)
                                  4.000000    4.000000 v input external delay
     1    0.003845    0.022524    0.013221    4.013221 v HALL_B (in)
                                                         HALL_B (net)
                      0.022535    0.000000    4.013221 v input15/A (sky130_fd_sc_hd__clkdlybuf4s25_1)
     1    0.004708    0.096890    0.480063    4.493284 v input15/X (sky130_fd_sc_hd__clkdlybuf4s25_1)
                                                         net15 (net)
                      0.096946    0.000364    4.493648 v _1466_/D (sky130_fd_sc_hd__dfrtp_2)
                                              4.493648   data arrival time

                                 20.000000   20.000000   clock CLK (rise edge)
                                  0.000000   20.000000   clock source latency
     1    0.021247    0.158803    0.103819   20.103819 ^ CLK (in)
                                                         CLK (net)
                      0.158854    0.000000   20.103819 ^ clkbuf_0_CLK/A (sky130_fd_sc_hd__clkbuf_16)
    16    0.110692    0.192001    0.346065   20.449884 ^ clkbuf_0_CLK/X (sky130_fd_sc_hd__clkbuf_16)
                                                         clknet_0_CLK (net)
                      0.192678    0.008018   20.457903 ^ clkbuf_4_0_0_CLK/A (sky130_fd_sc_hd__clkbuf_8)
     6    0.024030    0.093092    0.285894   20.743797 ^ clkbuf_4_0_0_CLK/X (sky130_fd_sc_hd__clkbuf_8)
                                                         clknet_4_0_0_CLK (net)
                      0.093109    0.001178   20.744974 ^ _1466_/CLK (sky130_fd_sc_hd__dfrtp_2)
                                 -0.250000   20.494976   clock uncertainty
                                  0.000000   20.494976   clock reconvergence pessimism
                                 -0.281703   20.213272   library setup time
                                             20.213272   data required time
---------------------------------------------------------------------------------------------
                                             20.213272   data required time
                                             -4.493648   data arrival time
---------------------------------------------------------------------------------------------
                                             15.719624   slack (MET)


Startpoint: DUTY[8] (input port clocked by CLK)
Endpoint: _1450_ (rising edge-triggered flip-flop clocked by CLK)
Path Group: CLK
Path Type: max

Fanout         Cap        Slew       Delay        Time   Description
---------------------------------------------------------------------------------------------
                                  0.000000    0.000000   clock CLK (rise edge)
                                  0.000000    0.000000   clock network delay (propagated)
                                  4.000000    4.000000 v input external delay
     1    0.004110    0.023584    0.014090    4.014090 v DUTY[8] (in)
                                                         DUTY[8] (net)
                      0.023586    0.000000    4.014090 v input11/A (sky130_fd_sc_hd__clkdlybuf4s25_1)
     1    0.002549    0.071840    0.452522    4.466612 v input11/X (sky130_fd_sc_hd__clkdlybuf4s25_1)
                                                         net11 (net)
                      0.071840    0.000114    4.466726 v _1450_/D (sky130_fd_sc_hd__dfrtp_2)
                                              4.466726   data arrival time

                                 20.000000   20.000000   clock CLK (rise edge)
                                  0.000000   20.000000   clock source latency
     1    0.021247    0.158803    0.103819   20.103819 ^ CLK (in)
                                                         CLK (net)
                      0.158854    0.000000   20.103819 ^ clkbuf_0_CLK/A (sky130_fd_sc_hd__clkbuf_16)
    16    0.110692    0.192001    0.346065   20.449884 ^ clkbuf_0_CLK/X (sky130_fd_sc_hd__clkbuf_16)
                                                         clknet_0_CLK (net)
                      0.192366    0.005466   20.455351 ^ clkbuf_4_14_0_CLK/A (sky130_fd_sc_hd__clkbuf_8)
     6    0.018935    0.081026    0.274854   20.730204 ^ clkbuf_4_14_0_CLK/X (sky130_fd_sc_hd__clkbuf_8)
                                                         clknet_4_14_0_CLK (net)
                      0.081040    0.000988   20.731192 ^ _1450_/CLK (sky130_fd_sc_hd__dfrtp_2)
                                 -0.250000   20.481192   clock uncertainty
                                  0.000000   20.481192   clock reconvergence pessimism
                                 -0.274435   20.206758   library setup time
                                             20.206758   data required time
---------------------------------------------------------------------------------------------
                                             20.206758   data required time
                                             -4.466726   data arrival time
---------------------------------------------------------------------------------------------
                                             15.740032   slack (MET)


Startpoint: HALL_C (input port clocked by CLK)
Endpoint: _1468_ (rising edge-triggered flip-flop clocked by CLK)
Path Group: CLK
Path Type: max

Fanout         Cap        Slew       Delay        Time   Description
---------------------------------------------------------------------------------------------
                                  0.000000    0.000000   clock CLK (rise edge)
                                  0.000000    0.000000   clock network delay (propagated)
                                  4.000000    4.000000 v input external delay
     1    0.003151    0.019807    0.010907    4.010907 v HALL_C (in)
                                                         HALL_C (net)
                      0.019808    0.000000    4.010907 v input16/A (sky130_fd_sc_hd__clkdlybuf4s25_1)
     1    0.003071    0.077639    0.457784    4.468690 v input16/X (sky130_fd_sc_hd__clkdlybuf4s25_1)
                                                         net16 (net)
                      0.077639    0.000220    4.468910 v _1468_/D (sky130_fd_sc_hd__dfrtp_2)
                                              4.468910   data arrival time

                                 20.000000   20.000000   clock CLK (rise edge)
                                  0.000000   20.000000   clock source latency
     1    0.021247    0.158803    0.103819   20.103819 ^ CLK (in)
                                                         CLK (net)
                      0.158854    0.000000   20.103819 ^ clkbuf_0_CLK/A (sky130_fd_sc_hd__clkbuf_16)
    16    0.110692    0.192001    0.346065   20.449884 ^ clkbuf_0_CLK/X (sky130_fd_sc_hd__clkbuf_16)
                                                         clknet_0_CLK (net)
                      0.192679    0.008026   20.457911 ^ clkbuf_4_2_0_CLK/A (sky130_fd_sc_hd__clkbuf_8)
     6    0.020724    0.085211    0.278773   20.736683 ^ clkbuf_4_2_0_CLK/X (sky130_fd_sc_hd__clkbuf_8)
                                                         clknet_4_2_0_CLK (net)
                      0.085222    0.000925   20.737608 ^ _1468_/CLK (sky130_fd_sc_hd__dfrtp_2)
                                 -0.250000   20.487608   clock uncertainty
                                  0.000000   20.487608   clock reconvergence pessimism
                                 -0.275743   20.211866   library setup time
                                             20.211866   data required time
---------------------------------------------------------------------------------------------
                                             20.211866   data required time
                                             -4.468910   data arrival time
---------------------------------------------------------------------------------------------
                                             15.742956   slack (MET)


Startpoint: _1454_ (rising edge-triggered flip-flop clocked by CLK)
Endpoint: _1454_ (rising edge-triggered flip-flop clocked by CLK)
Path Group: CLK
Path Type: max

Fanout         Cap        Slew       Delay        Time   Description
---------------------------------------------------------------------------------------------
                                  0.000000    0.000000   clock CLK (rise edge)
                                  0.000000    0.000000   clock source latency
     1    0.021247    0.158803    0.114747    0.114747 ^ CLK (in)
                                                         CLK (net)
                      0.158854    0.000000    0.114747 ^ clkbuf_0_CLK/A (sky130_fd_sc_hd__clkbuf_16)
    16    0.110692    0.192001    0.382494    0.497241 ^ clkbuf_0_CLK/X (sky130_fd_sc_hd__clkbuf_16)
                                                         clknet_0_CLK (net)
                      0.192652    0.008669    0.505910 ^ clkbuf_4_6_0_CLK/A (sky130_fd_sc_hd__clkbuf_8)
     6    0.016696    0.075917    0.298598    0.804508 ^ clkbuf_4_6_0_CLK/X (sky130_fd_sc_hd__clkbuf_8)
                                                         clknet_4_6_0_CLK (net)
                      0.075927    0.000855    0.805363 ^ _1454_/CLK (sky130_fd_sc_hd__dfrtp_2)
     5    0.020099    0.151626    0.951074    1.756437 v _1454_/Q (sky130_fd_sc_hd__dfrtp_2)
                                                         pwm.pwm_counter[2] (net)
                      0.151626    0.000906    1.757343 v hold179/A (sky130_fd_sc_hd__dlygate4sd3_1)
     1    0.005027    0.129380    1.256625    3.013968 v hold179/X (sky130_fd_sc_hd__dlygate4sd3_1)
                                                         net178 (net)
                      0.129380    0.000244    3.014212 v _0747_/B1 (sky130_fd_sc_hd__a21oi_2)
     1    0.002267    0.120872    0.180621    3.194833 ^ _0747_/Y (sky130_fd_sc_hd__a21oi_2)
                                                         _0100_ (net)
                      0.120872    0.000157    3.194991 ^ hold180/A (sky130_fd_sc_hd__dlygate4sd3_1)
     1    0.005335    0.126052    1.151779    4.346769 ^ hold180/X (sky130_fd_sc_hd__dlygate4sd3_1)
                                                         net179 (net)
                      0.126052    0.000274    4.347044 ^ _0748_/B (sky130_fd_sc_hd__nor2_2)
     1    0.003442    0.059466    0.083152    4.430195 v _0748_/Y (sky130_fd_sc_hd__nor2_2)
                                                         _0014_ (net)
                      0.059466    0.000218    4.430413 v _1454_/D (sky130_fd_sc_hd__dfrtp_2)
                                              4.430413   data arrival time

                                 20.000000   20.000000   clock CLK (rise edge)
                                  0.000000   20.000000   clock source latency
     1    0.021247    0.158803    0.103819   20.103819 ^ CLK (in)
                                                         CLK (net)
                      0.158854    0.000000   20.103819 ^ clkbuf_0_CLK/A (sky130_fd_sc_hd__clkbuf_16)
    16    0.110692    0.192001    0.346065   20.449884 ^ clkbuf_0_CLK/X (sky130_fd_sc_hd__clkbuf_16)
                                                         clknet_0_CLK (net)
                      0.192652    0.007844   20.457729 ^ clkbuf_4_6_0_CLK/A (sky130_fd_sc_hd__clkbuf_8)
     6    0.016696    0.075917    0.270161   20.727890 ^ clkbuf_4_6_0_CLK/X (sky130_fd_sc_hd__clkbuf_8)
                                                         clknet_4_6_0_CLK (net)
                      0.075927    0.000773   20.728662 ^ _1454_/CLK (sky130_fd_sc_hd__dfrtp_2)
                                 -0.250000   20.478662   clock uncertainty
                                  0.076701   20.555365   clock reconvergence pessimism
                                 -0.270629   20.284737   library setup time
                                             20.284737   data required time
---------------------------------------------------------------------------------------------
                                             20.284737   data required time
                                             -4.430413   data arrival time
---------------------------------------------------------------------------------------------
                                             15.854322   slack (MET)


Startpoint: _1441_ (rising edge-triggered flip-flop clocked by CLK)
Endpoint: _1428_ (recovery check against rising-edge clock CLK)
Path Group: asynchronous
Path Type: max

Fanout         Cap        Slew       Delay        Time   Description
---------------------------------------------------------------------------------------------
                                  0.000000    0.000000   clock CLK (rise edge)
                                  0.000000    0.000000   clock source latency
     1    0.021247    0.158803    0.114747    0.114747 ^ CLK (in)
                                                         CLK (net)
                      0.158854    0.000000    0.114747 ^ clkbuf_0_CLK/A (sky130_fd_sc_hd__clkbuf_16)
    16    0.110692    0.192001    0.382494    0.497241 ^ clkbuf_0_CLK/X (sky130_fd_sc_hd__clkbuf_16)
                                                         clknet_0_CLK (net)
                      0.192394    0.006351    0.503592 ^ clkbuf_4_10_0_CLK/A (sky130_fd_sc_hd__clkbuf_8)
     6    0.018696    0.080479    0.303195    0.806787 ^ clkbuf_4_10_0_CLK/X (sky130_fd_sc_hd__clkbuf_8)
                                                         clknet_4_10_0_CLK (net)
                      0.080488    0.000924    0.807711 ^ _1441_/CLK (sky130_fd_sc_hd__dfrtp_2)
     1    0.001743    0.062760    0.700361    1.508073 ^ _1441_/Q (sky130_fd_sc_hd__dfrtp_2)
                                                         control.reset_n (net)
                      0.062760    0.000083    1.508156 ^ hold143/A (sky130_fd_sc_hd__dlygate4sd3_1)
     2    0.010929    0.202529    1.197048    2.705204 ^ hold143/X (sky130_fd_sc_hd__dlygate4sd3_1)
                                                         net142 (net)
                      0.202531    0.001086    2.706290 ^ fanout72/A (sky130_fd_sc_hd__clkdlybuf4s25_1)
     8    0.039601    0.637829    0.974377    3.680667 ^ fanout72/X (sky130_fd_sc_hd__clkdlybuf4s25_1)
                                                         net72 (net)
                      0.637832    0.002788    3.683455 ^ fanout65/A (sky130_fd_sc_hd__clkdlybuf4s25_1)
    10    0.041936    0.674525    1.164199    4.847654 ^ fanout65/X (sky130_fd_sc_hd__clkdlybuf4s25_1)
                                                         net65 (net)
                      0.674562    0.005724    4.853378 ^ _1428_/RESET_B (sky130_fd_sc_hd__dfrtp_2)
                                              4.853378   data arrival time

                                 20.000000   20.000000   clock CLK (rise edge)
                                  0.000000   20.000000   clock source latency
     1    0.021247    0.158803    0.103819   20.103819 ^ CLK (in)
                                                         CLK (net)
                      0.158854    0.000000   20.103819 ^ clkbuf_0_CLK/A (sky130_fd_sc_hd__clkbuf_16)
    16    0.110692    0.192001    0.346065   20.449884 ^ clkbuf_0_CLK/X (sky130_fd_sc_hd__clkbuf_16)
                                                         clknet_0_CLK (net)
                      0.192674    0.007997   20.457882 ^ clkbuf_4_1_0_CLK/A (sky130_fd_sc_hd__clkbuf_8)
     6    0.018223    0.079392    0.273412   20.731293 ^ clkbuf_4_1_0_CLK/X (sky130_fd_sc_hd__clkbuf_8)
                                                         clknet_4_1_0_CLK (net)
                      0.079404    0.000908   20.732201 ^ _1428_/CLK (sky130_fd_sc_hd__dfrtp_2)
                                 -0.250000   20.482201   clock uncertainty
                                  0.047356   20.529558   clock reconvergence pessimism
                                  0.189458   20.719015   library recovery time
                                             20.719015   data required time
---------------------------------------------------------------------------------------------
                                             20.719015   data required time
                                             -4.853378   data arrival time
---------------------------------------------------------------------------------------------
                                             15.865637   slack (MET)


Startpoint: _1441_ (rising edge-triggered flip-flop clocked by CLK)
Endpoint: _1444_ (recovery check against rising-edge clock CLK)
Path Group: asynchronous
Path Type: max

Fanout         Cap        Slew       Delay        Time   Description
---------------------------------------------------------------------------------------------
                                  0.000000    0.000000   clock CLK (rise edge)
                                  0.000000    0.000000   clock source latency
     1    0.021247    0.158803    0.114747    0.114747 ^ CLK (in)
                                                         CLK (net)
                      0.158854    0.000000    0.114747 ^ clkbuf_0_CLK/A (sky130_fd_sc_hd__clkbuf_16)
    16    0.110692    0.192001    0.382494    0.497241 ^ clkbuf_0_CLK/X (sky130_fd_sc_hd__clkbuf_16)
                                                         clknet_0_CLK (net)
                      0.192394    0.006351    0.503592 ^ clkbuf_4_10_0_CLK/A (sky130_fd_sc_hd__clkbuf_8)
     6    0.018696    0.080479    0.303195    0.806787 ^ clkbuf_4_10_0_CLK/X (sky130_fd_sc_hd__clkbuf_8)
                                                         clknet_4_10_0_CLK (net)
                      0.080488    0.000924    0.807711 ^ _1441_/CLK (sky130_fd_sc_hd__dfrtp_2)
     1    0.001743    0.062760    0.700361    1.508073 ^ _1441_/Q (sky130_fd_sc_hd__dfrtp_2)
                                                         control.reset_n (net)
                      0.062760    0.000083    1.508156 ^ hold143/A (sky130_fd_sc_hd__dlygate4sd3_1)
     2    0.010929    0.202529    1.197048    2.705204 ^ hold143/X (sky130_fd_sc_hd__dlygate4sd3_1)
                                                         net142 (net)
                      0.202531    0.001086    2.706290 ^ fanout72/A (sky130_fd_sc_hd__clkdlybuf4s25_1)
     8    0.039601    0.637829    0.974377    3.680667 ^ fanout72/X (sky130_fd_sc_hd__clkdlybuf4s25_1)
                                                         net72 (net)
                      0.637832    0.002788    3.683455 ^ fanout65/A (sky130_fd_sc_hd__clkdlybuf4s25_1)
    10    0.041936    0.674525    1.164199    4.847654 ^ fanout65/X (sky130_fd_sc_hd__clkdlybuf4s25_1)
                                                         net65 (net)
                      0.674559    0.005591    4.853245 ^ _1444_/RESET_B (sky130_fd_sc_hd__dfrtp_2)
                                              4.853245   data arrival time

                                 20.000000   20.000000   clock CLK (rise edge)
                                  0.000000   20.000000   clock source latency
     1    0.021247    0.158803    0.103819   20.103819 ^ CLK (in)
                                                         CLK (net)
                      0.158854    0.000000   20.103819 ^ clkbuf_0_CLK/A (sky130_fd_sc_hd__clkbuf_16)
    16    0.110692    0.192001    0.346065   20.449884 ^ clkbuf_0_CLK/X (sky130_fd_sc_hd__clkbuf_16)
                                                         clknet_0_CLK (net)
                      0.192674    0.007997   20.457882 ^ clkbuf_4_1_0_CLK/A (sky130_fd_sc_hd__clkbuf_8)
     6    0.018223    0.079392    0.273412   20.731293 ^ clkbuf_4_1_0_CLK/X (sky130_fd_sc_hd__clkbuf_8)
                                                         clknet_4_1_0_CLK (net)
                      0.079400    0.000798   20.732090 ^ _1444_/CLK (sky130_fd_sc_hd__dfrtp_2)
                                 -0.250000   20.482092   clock uncertainty
                                  0.047356   20.529448   clock reconvergence pessimism
                                  0.189457   20.718904   library recovery time
                                             20.718904   data required time
---------------------------------------------------------------------------------------------
                                             20.718904   data required time
                                             -4.853245   data arrival time
---------------------------------------------------------------------------------------------
                                             15.865660   slack (MET)


Startpoint: _1441_ (rising edge-triggered flip-flop clocked by CLK)
Endpoint: _1445_ (recovery check against rising-edge clock CLK)
Path Group: asynchronous
Path Type: max

Fanout         Cap        Slew       Delay        Time   Description
---------------------------------------------------------------------------------------------
                                  0.000000    0.000000   clock CLK (rise edge)
                                  0.000000    0.000000   clock source latency
     1    0.021247    0.158803    0.114747    0.114747 ^ CLK (in)
                                                         CLK (net)
                      0.158854    0.000000    0.114747 ^ clkbuf_0_CLK/A (sky130_fd_sc_hd__clkbuf_16)
    16    0.110692    0.192001    0.382494    0.497241 ^ clkbuf_0_CLK/X (sky130_fd_sc_hd__clkbuf_16)
                                                         clknet_0_CLK (net)
                      0.192394    0.006351    0.503592 ^ clkbuf_4_10_0_CLK/A (sky130_fd_sc_hd__clkbuf_8)
     6    0.018696    0.080479    0.303195    0.806787 ^ clkbuf_4_10_0_CLK/X (sky130_fd_sc_hd__clkbuf_8)
                                                         clknet_4_10_0_CLK (net)
                      0.080488    0.000924    0.807711 ^ _1441_/CLK (sky130_fd_sc_hd__dfrtp_2)
     1    0.001743    0.062760    0.700361    1.508073 ^ _1441_/Q (sky130_fd_sc_hd__dfrtp_2)
                                                         control.reset_n (net)
                      0.062760    0.000083    1.508156 ^ hold143/A (sky130_fd_sc_hd__dlygate4sd3_1)
     2    0.010929    0.202529    1.197048    2.705204 ^ hold143/X (sky130_fd_sc_hd__dlygate4sd3_1)
                                                         net142 (net)
                      0.202531    0.001086    2.706290 ^ fanout72/A (sky130_fd_sc_hd__clkdlybuf4s25_1)
     8    0.039601    0.637829    0.974377    3.680667 ^ fanout72/X (sky130_fd_sc_hd__clkdlybuf4s25_1)
                                                         net72 (net)
                      0.637832    0.002788    3.683455 ^ fanout65/A (sky130_fd_sc_hd__clkdlybuf4s25_1)
    10    0.041936    0.674525    1.164199    4.847654 ^ fanout65/X (sky130_fd_sc_hd__clkdlybuf4s25_1)
                                                         net65 (net)
                      0.674557    0.005441    4.853095 ^ _1445_/RESET_B (sky130_fd_sc_hd__dfrtp_2)
                                              4.853095   data arrival time

                                 20.000000   20.000000   clock CLK (rise edge)
                                  0.000000   20.000000   clock source latency
     1    0.021247    0.158803    0.103819   20.103819 ^ CLK (in)
                                                         CLK (net)
                      0.158854    0.000000   20.103819 ^ clkbuf_0_CLK/A (sky130_fd_sc_hd__clkbuf_16)
    16    0.110692    0.192001    0.346065   20.449884 ^ clkbuf_0_CLK/X (sky130_fd_sc_hd__clkbuf_16)
                                                         clknet_0_CLK (net)
                      0.192674    0.007997   20.457882 ^ clkbuf_4_1_0_CLK/A (sky130_fd_sc_hd__clkbuf_8)
     6    0.018223    0.079392    0.273412   20.731293 ^ clkbuf_4_1_0_CLK/X (sky130_fd_sc_hd__clkbuf_8)
                                                         clknet_4_1_0_CLK (net)
                      0.079402    0.000858   20.732151 ^ _1445_/CLK (sky130_fd_sc_hd__dfrtp_2)
                                 -0.250000   20.482151   clock uncertainty
                                  0.047356   20.529507   clock reconvergence pessimism
                                  0.189459   20.718967   library recovery time
                                             20.718967   data required time
---------------------------------------------------------------------------------------------
                                             20.718967   data required time
                                             -4.853095   data arrival time
---------------------------------------------------------------------------------------------
                                             15.865872   slack (MET)


Startpoint: _1441_ (rising edge-triggered flip-flop clocked by CLK)
Endpoint: _1464_ (recovery check against rising-edge clock CLK)
Path Group: asynchronous
Path Type: max

Fanout         Cap        Slew       Delay        Time   Description
---------------------------------------------------------------------------------------------
                                  0.000000    0.000000   clock CLK (rise edge)
                                  0.000000    0.000000   clock source latency
     1    0.021247    0.158803    0.114747    0.114747 ^ CLK (in)
                                                         CLK (net)
                      0.158854    0.000000    0.114747 ^ clkbuf_0_CLK/A (sky130_fd_sc_hd__clkbuf_16)
    16    0.110692    0.192001    0.382494    0.497241 ^ clkbuf_0_CLK/X (sky130_fd_sc_hd__clkbuf_16)
                                                         clknet_0_CLK (net)
                      0.192394    0.006351    0.503592 ^ clkbuf_4_10_0_CLK/A (sky130_fd_sc_hd__clkbuf_8)
     6    0.018696    0.080479    0.303195    0.806787 ^ clkbuf_4_10_0_CLK/X (sky130_fd_sc_hd__clkbuf_8)
                                                         clknet_4_10_0_CLK (net)
                      0.080488    0.000924    0.807711 ^ _1441_/CLK (sky130_fd_sc_hd__dfrtp_2)
     1    0.001743    0.062760    0.700361    1.508073 ^ _1441_/Q (sky130_fd_sc_hd__dfrtp_2)
                                                         control.reset_n (net)
                      0.062760    0.000083    1.508156 ^ hold143/A (sky130_fd_sc_hd__dlygate4sd3_1)
     2    0.010929    0.202529    1.197048    2.705204 ^ hold143/X (sky130_fd_sc_hd__dlygate4sd3_1)
                                                         net142 (net)
                      0.202531    0.001086    2.706290 ^ fanout72/A (sky130_fd_sc_hd__clkdlybuf4s25_1)
     8    0.039601    0.637829    0.974377    3.680667 ^ fanout72/X (sky130_fd_sc_hd__clkdlybuf4s25_1)
                                                         net72 (net)
                      0.637832    0.002788    3.683455 ^ fanout65/A (sky130_fd_sc_hd__clkdlybuf4s25_1)
    10    0.041936    0.674525    1.164199    4.847654 ^ fanout65/X (sky130_fd_sc_hd__clkdlybuf4s25_1)
                                                         net65 (net)
                      0.674551    0.005040    4.852695 ^ _1464_/RESET_B (sky130_fd_sc_hd__dfrtp_2)
                                              4.852695   data arrival time

                                 20.000000   20.000000   clock CLK (rise edge)
                                  0.000000   20.000000   clock source latency
     1    0.021247    0.158803    0.103819   20.103819 ^ CLK (in)
                                                         CLK (net)
                      0.158854    0.000000   20.103819 ^ clkbuf_0_CLK/A (sky130_fd_sc_hd__clkbuf_16)
    16    0.110692    0.192001    0.346065   20.449884 ^ clkbuf_0_CLK/X (sky130_fd_sc_hd__clkbuf_16)
                                                         clknet_0_CLK (net)
                      0.192674    0.007997   20.457882 ^ clkbuf_4_1_0_CLK/A (sky130_fd_sc_hd__clkbuf_8)
     6    0.018223    0.079392    0.273412   20.731293 ^ clkbuf_4_1_0_CLK/X (sky130_fd_sc_hd__clkbuf_8)
                                                         clknet_4_1_0_CLK (net)
                      0.079407    0.001009   20.732302 ^ _1464_/CLK (sky130_fd_sc_hd__dfrtp_2)
                                 -0.250000   20.482302   clock uncertainty
                                  0.047356   20.529659   clock reconvergence pessimism
                                  0.189464   20.719124   library recovery time
                                             20.719124   data required time
---------------------------------------------------------------------------------------------
                                             20.719124   data required time
                                             -4.852695   data arrival time
---------------------------------------------------------------------------------------------
                                             15.866428   slack (MET)


Startpoint: _1441_ (rising edge-triggered flip-flop clocked by CLK)
Endpoint: _1421_ (recovery check against rising-edge clock CLK)
Path Group: asynchronous
Path Type: max

Fanout         Cap        Slew       Delay        Time   Description
---------------------------------------------------------------------------------------------
                                  0.000000    0.000000   clock CLK (rise edge)
                                  0.000000    0.000000   clock source latency
     1    0.021247    0.158803    0.114747    0.114747 ^ CLK (in)
                                                         CLK (net)
                      0.158854    0.000000    0.114747 ^ clkbuf_0_CLK/A (sky130_fd_sc_hd__clkbuf_16)
    16    0.110692    0.192001    0.382494    0.497241 ^ clkbuf_0_CLK/X (sky130_fd_sc_hd__clkbuf_16)
                                                         clknet_0_CLK (net)
                      0.192394    0.006351    0.503592 ^ clkbuf_4_10_0_CLK/A (sky130_fd_sc_hd__clkbuf_8)
     6    0.018696    0.080479    0.303195    0.806787 ^ clkbuf_4_10_0_CLK/X (sky130_fd_sc_hd__clkbuf_8)
                                                         clknet_4_10_0_CLK (net)
                      0.080488    0.000924    0.807711 ^ _1441_/CLK (sky130_fd_sc_hd__dfrtp_2)
     1    0.001743    0.062760    0.700361    1.508073 ^ _1441_/Q (sky130_fd_sc_hd__dfrtp_2)
                                                         control.reset_n (net)
                      0.062760    0.000083    1.508156 ^ hold143/A (sky130_fd_sc_hd__dlygate4sd3_1)
     2    0.010929    0.202529    1.197048    2.705204 ^ hold143/X (sky130_fd_sc_hd__dlygate4sd3_1)
                                                         net142 (net)
                      0.202531    0.001086    2.706290 ^ fanout72/A (sky130_fd_sc_hd__clkdlybuf4s25_1)
     8    0.039601    0.637829    0.974377    3.680667 ^ fanout72/X (sky130_fd_sc_hd__clkdlybuf4s25_1)
                                                         net72 (net)
                      0.637832    0.002788    3.683455 ^ fanout65/A (sky130_fd_sc_hd__clkdlybuf4s25_1)
    10    0.041936    0.674525    1.164199    4.847654 ^ fanout65/X (sky130_fd_sc_hd__clkdlybuf4s25_1)
                                                         net65 (net)
                      0.674536    0.003842    4.851496 ^ _1421_/RESET_B (sky130_fd_sc_hd__dfrtp_2)
                                              4.851496   data arrival time

                                 20.000000   20.000000   clock CLK (rise edge)
                                  0.000000   20.000000   clock source latency
     1    0.021247    0.158803    0.103819   20.103819 ^ CLK (in)
                                                         CLK (net)
                      0.158854    0.000000   20.103819 ^ clkbuf_0_CLK/A (sky130_fd_sc_hd__clkbuf_16)
    16    0.110692    0.192001    0.346065   20.449884 ^ clkbuf_0_CLK/X (sky130_fd_sc_hd__clkbuf_16)
                                                         clknet_0_CLK (net)
                      0.192674    0.007997   20.457882 ^ clkbuf_4_1_0_CLK/A (sky130_fd_sc_hd__clkbuf_8)
     6    0.018223    0.079392    0.273412   20.731293 ^ clkbuf_4_1_0_CLK/X (sky130_fd_sc_hd__clkbuf_8)
                                                         clknet_4_1_0_CLK (net)
                      0.079403    0.000879   20.732172 ^ _1421_/CLK (sky130_fd_sc_hd__dfrtp_2)
                                 -0.250000   20.482174   clock uncertainty
                                  0.047356   20.529530   clock reconvergence pessimism
                                  0.189468   20.718996   library recovery time
                                             20.718996   data required time
---------------------------------------------------------------------------------------------
                                             20.718996   data required time
                                             -4.851496   data arrival time
---------------------------------------------------------------------------------------------
                                             15.867499   slack (MET)


Startpoint: _1452_ (rising edge-triggered flip-flop clocked by CLK)
Endpoint: _1460_ (rising edge-triggered flip-flop clocked by CLK)
Path Group: CLK
Path Type: max

Fanout         Cap        Slew       Delay        Time   Description
---------------------------------------------------------------------------------------------
                                  0.000000    0.000000   clock CLK (rise edge)
                                  0.000000    0.000000   clock source latency
     1    0.021247    0.158803    0.114747    0.114747 ^ CLK (in)
                                                         CLK (net)
                      0.158854    0.000000    0.114747 ^ clkbuf_0_CLK/A (sky130_fd_sc_hd__clkbuf_16)
    16    0.110692    0.192001    0.382494    0.497241 ^ clkbuf_0_CLK/X (sky130_fd_sc_hd__clkbuf_16)
                                                         clknet_0_CLK (net)
                      0.192652    0.008669    0.505910 ^ clkbuf_4_6_0_CLK/A (sky130_fd_sc_hd__clkbuf_8)
     6    0.016696    0.075917    0.298598    0.804508 ^ clkbuf_4_6_0_CLK/X (sky130_fd_sc_hd__clkbuf_8)
                                                         clknet_4_6_0_CLK (net)
                      0.075926    0.000844    0.805352 ^ _1452_/CLK (sky130_fd_sc_hd__dfrtp_2)
     6    0.024680    0.169259    0.970082    1.775434 v _1452_/Q (sky130_fd_sc_hd__dfrtp_2)
                                                         pwm.pwm_counter[0] (net)
                      0.169411    0.001129    1.776563 v _0746_/C (sky130_fd_sc_hd__and3_2)
     4    0.022474    0.153243    0.616981    2.393544 v _0746_/X (sky130_fd_sc_hd__and3_2)
                                                         _0099_ (net)
                      0.153250    0.001206    2.394751 v _0750_/C (sky130_fd_sc_hd__and3_2)
     3    0.008716    0.098434    0.535947    2.930698 v _0750_/X (sky130_fd_sc_hd__and3_2)
                                                         _0101_ (net)
                      0.098434    0.000569    2.931267 v _0754_/B (sky130_fd_sc_hd__and2_2)
     4    0.015255    0.123510    0.500312    3.431579 v _0754_/X (sky130_fd_sc_hd__and2_2)
                                                         _0104_ (net)
                      0.123510    0.000508    3.432088 v _0760_/C (sky130_fd_sc_hd__and3_2)
     5    0.029584    0.180503    0.620054    4.052141 v _0760_/X (sky130_fd_sc_hd__and3_2)
                                                         _0108_ (net)
                      0.180544    0.002809    4.054951 v _0762_/B (sky130_fd_sc_hd__xor2_2)
     1    0.002200    0.090889    0.304764    4.359715 v _0762_/X (sky130_fd_sc_hd__xor2_2)
                                                         _0020_ (net)
                      0.090889    0.000163    4.359879 v _1460_/D (sky130_fd_sc_hd__dfrtp_2)
                                              4.359879   data arrival time

                                 20.000000   20.000000   clock CLK (rise edge)
                                  0.000000   20.000000   clock source latency
     1    0.021247    0.158803    0.103819   20.103819 ^ CLK (in)
                                                         CLK (net)
                      0.158854    0.000000   20.103819 ^ clkbuf_0_CLK/A (sky130_fd_sc_hd__clkbuf_16)
    16    0.110692    0.192001    0.346065   20.449884 ^ clkbuf_0_CLK/X (sky130_fd_sc_hd__clkbuf_16)
                                                         clknet_0_CLK (net)
                      0.192269    0.004352   20.454237 ^ clkbuf_4_9_0_CLK/A (sky130_fd_sc_hd__clkbuf_8)
     6    0.018064    0.079043    0.272671   20.726908 ^ clkbuf_4_9_0_CLK/X (sky130_fd_sc_hd__clkbuf_8)
                                                         clknet_4_9_0_CLK (net)
                      0.079094    0.001686   20.728592 ^ _1460_/CLK (sky130_fd_sc_hd__dfrtp_2)
                                 -0.250000   20.478594   clock uncertainty
                                  0.047356   20.525949   clock reconvergence pessimism
                                 -0.282911   20.243038   library setup time
                                             20.243038   data required time
---------------------------------------------------------------------------------------------
                                             20.243038   data required time
                                             -4.359879   data arrival time
---------------------------------------------------------------------------------------------
                                             15.883161   slack (MET)


Startpoint: _1441_ (rising edge-triggered flip-flop clocked by CLK)
Endpoint: _1420_ (recovery check against rising-edge clock CLK)
Path Group: asynchronous
Path Type: max

Fanout         Cap        Slew       Delay        Time   Description
---------------------------------------------------------------------------------------------
                                  0.000000    0.000000   clock CLK (rise edge)
                                  0.000000    0.000000   clock source latency
     1    0.021247    0.158803    0.114747    0.114747 ^ CLK (in)
                                                         CLK (net)
                      0.158854    0.000000    0.114747 ^ clkbuf_0_CLK/A (sky130_fd_sc_hd__clkbuf_16)
    16    0.110692    0.192001    0.382494    0.497241 ^ clkbuf_0_CLK/X (sky130_fd_sc_hd__clkbuf_16)
                                                         clknet_0_CLK (net)
                      0.192394    0.006351    0.503592 ^ clkbuf_4_10_0_CLK/A (sky130_fd_sc_hd__clkbuf_8)
     6    0.018696    0.080479    0.303195    0.806787 ^ clkbuf_4_10_0_CLK/X (sky130_fd_sc_hd__clkbuf_8)
                                                         clknet_4_10_0_CLK (net)
                      0.080488    0.000924    0.807711 ^ _1441_/CLK (sky130_fd_sc_hd__dfrtp_2)
     1    0.001743    0.062760    0.700361    1.508073 ^ _1441_/Q (sky130_fd_sc_hd__dfrtp_2)
                                                         control.reset_n (net)
                      0.062760    0.000083    1.508156 ^ hold143/A (sky130_fd_sc_hd__dlygate4sd3_1)
     2    0.010929    0.202529    1.197048    2.705204 ^ hold143/X (sky130_fd_sc_hd__dlygate4sd3_1)
                                                         net142 (net)
                      0.202531    0.001086    2.706290 ^ fanout72/A (sky130_fd_sc_hd__clkdlybuf4s25_1)
     8    0.039601    0.637829    0.974377    3.680667 ^ fanout72/X (sky130_fd_sc_hd__clkdlybuf4s25_1)
                                                         net72 (net)
                      0.637832    0.002788    3.683455 ^ fanout65/A (sky130_fd_sc_hd__clkdlybuf4s25_1)
    10    0.041936    0.674525    1.164199    4.847654 ^ fanout65/X (sky130_fd_sc_hd__clkdlybuf4s25_1)
                                                         net65 (net)
                      0.674552    0.005151    4.852806 ^ _1420_/RESET_B (sky130_fd_sc_hd__dfrtp_2)
                                              4.852806   data arrival time

                                 20.000000   20.000000   clock CLK (rise edge)
                                  0.000000   20.000000   clock source latency
     1    0.021247    0.158803    0.103819   20.103819 ^ CLK (in)
                                                         CLK (net)
                      0.158854    0.000000   20.103819 ^ clkbuf_0_CLK/A (sky130_fd_sc_hd__clkbuf_16)
    16    0.110692    0.192001    0.346065   20.449884 ^ clkbuf_0_CLK/X (sky130_fd_sc_hd__clkbuf_16)
                                                         clknet_0_CLK (net)
                      0.192678    0.008018   20.457903 ^ clkbuf_4_0_0_CLK/A (sky130_fd_sc_hd__clkbuf_8)
     6    0.024030    0.093092    0.285894   20.743797 ^ clkbuf_4_0_0_CLK/X (sky130_fd_sc_hd__clkbuf_8)
                                                         clknet_4_0_0_CLK (net)
                      0.093106    0.001092   20.744888 ^ _1420_/CLK (sky130_fd_sc_hd__dfrtp_2)
                                 -0.250000   20.494890   clock uncertainty
                                  0.047356   20.542246   clock reconvergence pessimism
                                  0.194293   20.736538   library recovery time
                                             20.736538   data required time
---------------------------------------------------------------------------------------------
                                             20.736538   data required time
                                             -4.852806   data arrival time
---------------------------------------------------------------------------------------------
                                             15.883732   slack (MET)


Startpoint: _1441_ (rising edge-triggered flip-flop clocked by CLK)
Endpoint: _1463_ (recovery check against rising-edge clock CLK)
Path Group: asynchronous
Path Type: max

Fanout         Cap        Slew       Delay        Time   Description
---------------------------------------------------------------------------------------------
                                  0.000000    0.000000   clock CLK (rise edge)
                                  0.000000    0.000000   clock source latency
     1    0.021247    0.158803    0.114747    0.114747 ^ CLK (in)
                                                         CLK (net)
                      0.158854    0.000000    0.114747 ^ clkbuf_0_CLK/A (sky130_fd_sc_hd__clkbuf_16)
    16    0.110692    0.192001    0.382494    0.497241 ^ clkbuf_0_CLK/X (sky130_fd_sc_hd__clkbuf_16)
                                                         clknet_0_CLK (net)
                      0.192394    0.006351    0.503592 ^ clkbuf_4_10_0_CLK/A (sky130_fd_sc_hd__clkbuf_8)
     6    0.018696    0.080479    0.303195    0.806787 ^ clkbuf_4_10_0_CLK/X (sky130_fd_sc_hd__clkbuf_8)
                                                         clknet_4_10_0_CLK (net)
                      0.080488    0.000924    0.807711 ^ _1441_/CLK (sky130_fd_sc_hd__dfrtp_2)
     1    0.001743    0.062760    0.700361    1.508073 ^ _1441_/Q (sky130_fd_sc_hd__dfrtp_2)
                                                         control.reset_n (net)
                      0.062760    0.000083    1.508156 ^ hold143/A (sky130_fd_sc_hd__dlygate4sd3_1)
     2    0.010929    0.202529    1.197048    2.705204 ^ hold143/X (sky130_fd_sc_hd__dlygate4sd3_1)
                                                         net142 (net)
                      0.202531    0.001086    2.706290 ^ fanout72/A (sky130_fd_sc_hd__clkdlybuf4s25_1)
     8    0.039601    0.637829    0.974377    3.680667 ^ fanout72/X (sky130_fd_sc_hd__clkdlybuf4s25_1)
                                                         net72 (net)
                      0.637832    0.002788    3.683455 ^ fanout65/A (sky130_fd_sc_hd__clkdlybuf4s25_1)
    10    0.041936    0.674525    1.164199    4.847654 ^ fanout65/X (sky130_fd_sc_hd__clkdlybuf4s25_1)
                                                         net65 (net)
                      0.674547    0.004793    4.852448 ^ _1463_/RESET_B (sky130_fd_sc_hd__dfrtp_2)
                                              4.852448   data arrival time

                                 20.000000   20.000000   clock CLK (rise edge)
                                  0.000000   20.000000   clock source latency
     1    0.021247    0.158803    0.103819   20.103819 ^ CLK (in)
                                                         CLK (net)
                      0.158854    0.000000   20.103819 ^ clkbuf_0_CLK/A (sky130_fd_sc_hd__clkbuf_16)
    16    0.110692    0.192001    0.346065   20.449884 ^ clkbuf_0_CLK/X (sky130_fd_sc_hd__clkbuf_16)
                                                         clknet_0_CLK (net)
                      0.192678    0.008018   20.457903 ^ clkbuf_4_0_0_CLK/A (sky130_fd_sc_hd__clkbuf_8)
     6    0.024030    0.093092    0.285894   20.743797 ^ clkbuf_4_0_0_CLK/X (sky130_fd_sc_hd__clkbuf_8)
                                                         clknet_4_0_0_CLK (net)
                      0.093106    0.001108   20.744905 ^ _1463_/CLK (sky130_fd_sc_hd__dfrtp_2)
                                 -0.250000   20.494905   clock uncertainty
                                  0.047356   20.542261   clock reconvergence pessimism
                                  0.194296   20.736557   library recovery time
                                             20.736557   data required time
---------------------------------------------------------------------------------------------
                                             20.736557   data required time
                                             -4.852448   data arrival time
---------------------------------------------------------------------------------------------
                                             15.884110   slack (MET)


Startpoint: _1441_ (rising edge-triggered flip-flop clocked by CLK)
Endpoint: _1467_ (recovery check against rising-edge clock CLK)
Path Group: asynchronous
Path Type: max

Fanout         Cap        Slew       Delay        Time   Description
---------------------------------------------------------------------------------------------
                                  0.000000    0.000000   clock CLK (rise edge)
                                  0.000000    0.000000   clock source latency
     1    0.021247    0.158803    0.114747    0.114747 ^ CLK (in)
                                                         CLK (net)
                      0.158854    0.000000    0.114747 ^ clkbuf_0_CLK/A (sky130_fd_sc_hd__clkbuf_16)
    16    0.110692    0.192001    0.382494    0.497241 ^ clkbuf_0_CLK/X (sky130_fd_sc_hd__clkbuf_16)
                                                         clknet_0_CLK (net)
                      0.192394    0.006351    0.503592 ^ clkbuf_4_10_0_CLK/A (sky130_fd_sc_hd__clkbuf_8)
     6    0.018696    0.080479    0.303195    0.806787 ^ clkbuf_4_10_0_CLK/X (sky130_fd_sc_hd__clkbuf_8)
                                                         clknet_4_10_0_CLK (net)
                      0.080488    0.000924    0.807711 ^ _1441_/CLK (sky130_fd_sc_hd__dfrtp_2)
     1    0.001743    0.062760    0.700361    1.508073 ^ _1441_/Q (sky130_fd_sc_hd__dfrtp_2)
                                                         control.reset_n (net)
                      0.062760    0.000083    1.508156 ^ hold143/A (sky130_fd_sc_hd__dlygate4sd3_1)
     2    0.010929    0.202529    1.197048    2.705204 ^ hold143/X (sky130_fd_sc_hd__dlygate4sd3_1)
                                                         net142 (net)
                      0.202531    0.001086    2.706290 ^ fanout72/A (sky130_fd_sc_hd__clkdlybuf4s25_1)
     8    0.039601    0.637829    0.974377    3.680667 ^ fanout72/X (sky130_fd_sc_hd__clkdlybuf4s25_1)
                                                         net72 (net)
                      0.637832    0.002788    3.683455 ^ fanout65/A (sky130_fd_sc_hd__clkdlybuf4s25_1)
    10    0.041936    0.674525    1.164199    4.847654 ^ fanout65/X (sky130_fd_sc_hd__clkdlybuf4s25_1)
                                                         net65 (net)
                      0.674541    0.004285    4.851939 ^ _1467_/RESET_B (sky130_fd_sc_hd__dfrtp_2)
                                              4.851939   data arrival time

                                 20.000000   20.000000   clock CLK (rise edge)
                                  0.000000   20.000000   clock source latency
     1    0.021247    0.158803    0.103819   20.103819 ^ CLK (in)
                                                         CLK (net)
                      0.158854    0.000000   20.103819 ^ clkbuf_0_CLK/A (sky130_fd_sc_hd__clkbuf_16)
    16    0.110692    0.192001    0.346065   20.449884 ^ clkbuf_0_CLK/X (sky130_fd_sc_hd__clkbuf_16)
                                                         clknet_0_CLK (net)
                      0.192678    0.008018   20.457903 ^ clkbuf_4_0_0_CLK/A (sky130_fd_sc_hd__clkbuf_8)
     6    0.024030    0.093092    0.285894   20.743797 ^ clkbuf_4_0_0_CLK/X (sky130_fd_sc_hd__clkbuf_8)
                                                         clknet_4_0_0_CLK (net)
                      0.093105    0.001064   20.744860 ^ _1467_/CLK (sky130_fd_sc_hd__dfrtp_2)
                                 -0.250000   20.494862   clock uncertainty
                                  0.047356   20.542217   clock reconvergence pessimism
                                  0.194298   20.736515   library recovery time
                                             20.736515   data required time
---------------------------------------------------------------------------------------------
                                             20.736515   data required time
                                             -4.851939   data arrival time
---------------------------------------------------------------------------------------------
                                             15.884576   slack (MET)


Startpoint: _1441_ (rising edge-triggered flip-flop clocked by CLK)
Endpoint: _1466_ (recovery check against rising-edge clock CLK)
Path Group: asynchronous
Path Type: max

Fanout         Cap        Slew       Delay        Time   Description
---------------------------------------------------------------------------------------------
                                  0.000000    0.000000   clock CLK (rise edge)
                                  0.000000    0.000000   clock source latency
     1    0.021247    0.158803    0.114747    0.114747 ^ CLK (in)
                                                         CLK (net)
                      0.158854    0.000000    0.114747 ^ clkbuf_0_CLK/A (sky130_fd_sc_hd__clkbuf_16)
    16    0.110692    0.192001    0.382494    0.497241 ^ clkbuf_0_CLK/X (sky130_fd_sc_hd__clkbuf_16)
                                                         clknet_0_CLK (net)
                      0.192394    0.006351    0.503592 ^ clkbuf_4_10_0_CLK/A (sky130_fd_sc_hd__clkbuf_8)
     6    0.018696    0.080479    0.303195    0.806787 ^ clkbuf_4_10_0_CLK/X (sky130_fd_sc_hd__clkbuf_8)
                                                         clknet_4_10_0_CLK (net)
                      0.080488    0.000924    0.807711 ^ _1441_/CLK (sky130_fd_sc_hd__dfrtp_2)
     1    0.001743    0.062760    0.700361    1.508073 ^ _1441_/Q (sky130_fd_sc_hd__dfrtp_2)
                                                         control.reset_n (net)
                      0.062760    0.000083    1.508156 ^ hold143/A (sky130_fd_sc_hd__dlygate4sd3_1)
     2    0.010929    0.202529    1.197048    2.705204 ^ hold143/X (sky130_fd_sc_hd__dlygate4sd3_1)
                                                         net142 (net)
                      0.202531    0.001086    2.706290 ^ fanout72/A (sky130_fd_sc_hd__clkdlybuf4s25_1)
     8    0.039601    0.637829    0.974377    3.680667 ^ fanout72/X (sky130_fd_sc_hd__clkdlybuf4s25_1)
                                                         net72 (net)
                      0.637832    0.002788    3.683455 ^ fanout65/A (sky130_fd_sc_hd__clkdlybuf4s25_1)
    10    0.041936    0.674525    1.164199    4.847654 ^ fanout65/X (sky130_fd_sc_hd__clkdlybuf4s25_1)
                                                         net65 (net)
                      0.674536    0.003819    4.851473 ^ _1466_/RESET_B (sky130_fd_sc_hd__dfrtp_2)
                                              4.851473   data arrival time

                                 20.000000   20.000000   clock CLK (rise edge)
                                  0.000000   20.000000   clock source latency
     1    0.021247    0.158803    0.103819   20.103819 ^ CLK (in)
                                                         CLK (net)
                      0.158854    0.000000   20.103819 ^ clkbuf_0_CLK/A (sky130_fd_sc_hd__clkbuf_16)
    16    0.110692    0.192001    0.346065   20.449884 ^ clkbuf_0_CLK/X (sky130_fd_sc_hd__clkbuf_16)
                                                         clknet_0_CLK (net)
                      0.192678    0.008018   20.457903 ^ clkbuf_4_0_0_CLK/A (sky130_fd_sc_hd__clkbuf_8)
     6    0.024030    0.093092    0.285894   20.743797 ^ clkbuf_4_0_0_CLK/X (sky130_fd_sc_hd__clkbuf_8)
                                                         clknet_4_0_0_CLK (net)
                      0.093109    0.001178   20.744974 ^ _1466_/CLK (sky130_fd_sc_hd__dfrtp_2)
                                 -0.250000   20.494976   clock uncertainty
                                  0.047356   20.542332   clock reconvergence pessimism
                                  0.194302   20.736633   library recovery time
                                             20.736633   data required time
---------------------------------------------------------------------------------------------
                                             20.736633   data required time
                                             -4.851473   data arrival time
---------------------------------------------------------------------------------------------
                                             15.885160   slack (MET)


Startpoint: _1441_ (rising edge-triggered flip-flop clocked by CLK)
Endpoint: _1419_ (recovery check against rising-edge clock CLK)
Path Group: asynchronous
Path Type: max

Fanout         Cap        Slew       Delay        Time   Description
---------------------------------------------------------------------------------------------
                                  0.000000    0.000000   clock CLK (rise edge)
                                  0.000000    0.000000   clock source latency
     1    0.021247    0.158803    0.114747    0.114747 ^ CLK (in)
                                                         CLK (net)
                      0.158854    0.000000    0.114747 ^ clkbuf_0_CLK/A (sky130_fd_sc_hd__clkbuf_16)
    16    0.110692    0.192001    0.382494    0.497241 ^ clkbuf_0_CLK/X (sky130_fd_sc_hd__clkbuf_16)
                                                         clknet_0_CLK (net)
                      0.192394    0.006351    0.503592 ^ clkbuf_4_10_0_CLK/A (sky130_fd_sc_hd__clkbuf_8)
     6    0.018696    0.080479    0.303195    0.806787 ^ clkbuf_4_10_0_CLK/X (sky130_fd_sc_hd__clkbuf_8)
                                                         clknet_4_10_0_CLK (net)
                      0.080488    0.000924    0.807711 ^ _1441_/CLK (sky130_fd_sc_hd__dfrtp_2)
     1    0.001743    0.062760    0.700361    1.508073 ^ _1441_/Q (sky130_fd_sc_hd__dfrtp_2)
                                                         control.reset_n (net)
                      0.062760    0.000083    1.508156 ^ hold143/A (sky130_fd_sc_hd__dlygate4sd3_1)
     2    0.010929    0.202529    1.197048    2.705204 ^ hold143/X (sky130_fd_sc_hd__dlygate4sd3_1)
                                                         net142 (net)
                      0.202531    0.001086    2.706290 ^ fanout72/A (sky130_fd_sc_hd__clkdlybuf4s25_1)
     8    0.039601    0.637829    0.974377    3.680667 ^ fanout72/X (sky130_fd_sc_hd__clkdlybuf4s25_1)
                                                         net72 (net)
                      0.637832    0.002788    3.683455 ^ fanout65/A (sky130_fd_sc_hd__clkdlybuf4s25_1)
    10    0.041936    0.674525    1.164199    4.847654 ^ fanout65/X (sky130_fd_sc_hd__clkdlybuf4s25_1)
                                                         net65 (net)
                      0.674528    0.002905    4.850559 ^ _1419_/RESET_B (sky130_fd_sc_hd__dfrtp_2)
                                              4.850559   data arrival time

                                 20.000000   20.000000   clock CLK (rise edge)
                                  0.000000   20.000000   clock source latency
     1    0.021247    0.158803    0.103819   20.103819 ^ CLK (in)
                                                         CLK (net)
                      0.158854    0.000000   20.103819 ^ clkbuf_0_CLK/A (sky130_fd_sc_hd__clkbuf_16)
    16    0.110692    0.192001    0.346065   20.449884 ^ clkbuf_0_CLK/X (sky130_fd_sc_hd__clkbuf_16)
                                                         clknet_0_CLK (net)
                      0.192678    0.008018   20.457903 ^ clkbuf_4_0_0_CLK/A (sky130_fd_sc_hd__clkbuf_8)
     6    0.024030    0.093092    0.285894   20.743797 ^ clkbuf_4_0_0_CLK/X (sky130_fd_sc_hd__clkbuf_8)
                                                         clknet_4_0_0_CLK (net)
                      0.093112    0.001261   20.745058 ^ _1419_/CLK (sky130_fd_sc_hd__dfrtp_2)
                                 -0.250000   20.495058   clock uncertainty
                                  0.047356   20.542414   clock reconvergence pessimism
                                  0.194306   20.736719   library recovery time
                                             20.736719   data required time
---------------------------------------------------------------------------------------------
                                             20.736719   data required time
                                             -4.850559   data arrival time
---------------------------------------------------------------------------------------------
                                             15.886161   slack (MET)


Startpoint: _1441_ (rising edge-triggered flip-flop clocked by CLK)
Endpoint: _1437_ (recovery check against rising-edge clock CLK)
Path Group: asynchronous
Path Type: max

Fanout         Cap        Slew       Delay        Time   Description
---------------------------------------------------------------------------------------------
                                  0.000000    0.000000   clock CLK (rise edge)
                                  0.000000    0.000000   clock source latency
     1    0.021247    0.158803    0.114747    0.114747 ^ CLK (in)
                                                         CLK (net)
                      0.158854    0.000000    0.114747 ^ clkbuf_0_CLK/A (sky130_fd_sc_hd__clkbuf_16)
    16    0.110692    0.192001    0.382494    0.497241 ^ clkbuf_0_CLK/X (sky130_fd_sc_hd__clkbuf_16)
                                                         clknet_0_CLK (net)
                      0.192394    0.006351    0.503592 ^ clkbuf_4_10_0_CLK/A (sky130_fd_sc_hd__clkbuf_8)
     6    0.018696    0.080479    0.303195    0.806787 ^ clkbuf_4_10_0_CLK/X (sky130_fd_sc_hd__clkbuf_8)
                                                         clknet_4_10_0_CLK (net)
                      0.080488    0.000924    0.807711 ^ _1441_/CLK (sky130_fd_sc_hd__dfrtp_2)
     1    0.001743    0.062760    0.700361    1.508073 ^ _1441_/Q (sky130_fd_sc_hd__dfrtp_2)
                                                         control.reset_n (net)
                      0.062760    0.000083    1.508156 ^ hold143/A (sky130_fd_sc_hd__dlygate4sd3_1)
     2    0.010929    0.202529    1.197048    2.705204 ^ hold143/X (sky130_fd_sc_hd__dlygate4sd3_1)
                                                         net142 (net)
                      0.202531    0.001086    2.706290 ^ fanout72/A (sky130_fd_sc_hd__clkdlybuf4s25_1)
     8    0.039601    0.637829    0.974377    3.680667 ^ fanout72/X (sky130_fd_sc_hd__clkdlybuf4s25_1)
                                                         net72 (net)
                      0.637829    0.000122    3.680789 ^ fanout70/A (sky130_fd_sc_hd__clkdlybuf4s25_1)
     5    0.018327    0.307371    0.892521    4.573311 ^ fanout70/X (sky130_fd_sc_hd__clkdlybuf4s25_1)
                                                         net70 (net)
                      0.307371    0.000611    4.573922 ^ load_slew71/A (sky130_fd_sc_hd__buf_2)
     6    0.027102    0.220006    0.429284    5.003206 ^ load_slew71/X (sky130_fd_sc_hd__buf_2)
                                                         net71 (net)
                      0.220008    0.001176    5.004382 ^ _1437_/RESET_B (sky130_fd_sc_hd__dfrtp_2)
                                              5.004382   data arrival time

                                 20.000000   20.000000   clock CLK (rise edge)
                                  0.000000   20.000000   clock source latency
     1    0.021247    0.158803    0.103819   20.103819 ^ CLK (in)
                                                         CLK (net)
                      0.158854    0.000000   20.103819 ^ clkbuf_0_CLK/A (sky130_fd_sc_hd__clkbuf_16)
    16    0.110692    0.192001    0.346065   20.449884 ^ clkbuf_0_CLK/X (sky130_fd_sc_hd__clkbuf_16)
                                                         clknet_0_CLK (net)
                      0.192290    0.004620   20.454504 ^ clkbuf_4_8_0_CLK/A (sky130_fd_sc_hd__clkbuf_8)
     5    0.014905    0.071897    0.266160   20.720665 ^ clkbuf_4_8_0_CLK/X (sky130_fd_sc_hd__clkbuf_8)
                                                         clknet_4_8_0_CLK (net)
                      0.071952    0.000774   20.721439 ^ _1437_/CLK (sky130_fd_sc_hd__dfrtp_2)
                                 -0.250000   20.471439   clock uncertainty
                                  0.047356   20.518797   clock reconvergence pessimism
                                  0.381098   20.899895   library recovery time
                                             20.899895   data required time
---------------------------------------------------------------------------------------------
                                             20.899895   data required time
                                             -5.004382   data arrival time
---------------------------------------------------------------------------------------------
                                             15.895513   slack (MET)


Startpoint: _1441_ (rising edge-triggered flip-flop clocked by CLK)
Endpoint: _1460_ (recovery check against rising-edge clock CLK)
Path Group: asynchronous
Path Type: max

Fanout         Cap        Slew       Delay        Time   Description
---------------------------------------------------------------------------------------------
                                  0.000000    0.000000   clock CLK (rise edge)
                                  0.000000    0.000000   clock source latency
     1    0.021247    0.158803    0.114747    0.114747 ^ CLK (in)
                                                         CLK (net)
                      0.158854    0.000000    0.114747 ^ clkbuf_0_CLK/A (sky130_fd_sc_hd__clkbuf_16)
    16    0.110692    0.192001    0.382494    0.497241 ^ clkbuf_0_CLK/X (sky130_fd_sc_hd__clkbuf_16)
                                                         clknet_0_CLK (net)
                      0.192394    0.006351    0.503592 ^ clkbuf_4_10_0_CLK/A (sky130_fd_sc_hd__clkbuf_8)
     6    0.018696    0.080479    0.303195    0.806787 ^ clkbuf_4_10_0_CLK/X (sky130_fd_sc_hd__clkbuf_8)
                                                         clknet_4_10_0_CLK (net)
                      0.080488    0.000924    0.807711 ^ _1441_/CLK (sky130_fd_sc_hd__dfrtp_2)
     1    0.001743    0.062760    0.700361    1.508073 ^ _1441_/Q (sky130_fd_sc_hd__dfrtp_2)
                                                         control.reset_n (net)
                      0.062760    0.000083    1.508156 ^ hold143/A (sky130_fd_sc_hd__dlygate4sd3_1)
     2    0.010929    0.202529    1.197048    2.705204 ^ hold143/X (sky130_fd_sc_hd__dlygate4sd3_1)
                                                         net142 (net)
                      0.202531    0.001086    2.706290 ^ fanout72/A (sky130_fd_sc_hd__clkdlybuf4s25_1)
     8    0.039601    0.637829    0.974377    3.680667 ^ fanout72/X (sky130_fd_sc_hd__clkdlybuf4s25_1)
                                                         net72 (net)
                      0.637829    0.000122    3.680789 ^ fanout70/A (sky130_fd_sc_hd__clkdlybuf4s25_1)
     5    0.018327    0.307371    0.892521    4.573311 ^ fanout70/X (sky130_fd_sc_hd__clkdlybuf4s25_1)
                                                         net70 (net)
                      0.307371    0.000611    4.573922 ^ load_slew71/A (sky130_fd_sc_hd__buf_2)
     6    0.027102    0.220006    0.429284    5.003206 ^ load_slew71/X (sky130_fd_sc_hd__buf_2)
                                                         net71 (net)
                      0.220038    0.002800    5.006006 ^ _1460_/RESET_B (sky130_fd_sc_hd__dfrtp_2)
                                              5.006006   data arrival time

                                 20.000000   20.000000   clock CLK (rise edge)
                                  0.000000   20.000000   clock source latency
     1    0.021247    0.158803    0.103819   20.103819 ^ CLK (in)
                                                         CLK (net)
                      0.158854    0.000000   20.103819 ^ clkbuf_0_CLK/A (sky130_fd_sc_hd__clkbuf_16)
    16    0.110692    0.192001    0.346065   20.449884 ^ clkbuf_0_CLK/X (sky130_fd_sc_hd__clkbuf_16)
                                                         clknet_0_CLK (net)
                      0.192269    0.004352   20.454237 ^ clkbuf_4_9_0_CLK/A (sky130_fd_sc_hd__clkbuf_8)
     6    0.018064    0.079043    0.272671   20.726908 ^ clkbuf_4_9_0_CLK/X (sky130_fd_sc_hd__clkbuf_8)
                                                         clknet_4_9_0_CLK (net)
                      0.079094    0.001686   20.728592 ^ _1460_/CLK (sky130_fd_sc_hd__dfrtp_2)
                                 -0.250000   20.478594   clock uncertainty
                                  0.047356   20.525949   clock reconvergence pessimism
                                  0.383504   20.909454   library recovery time
                                             20.909454   data required time
---------------------------------------------------------------------------------------------
                                             20.909454   data required time
                                             -5.006006   data arrival time
---------------------------------------------------------------------------------------------
                                             15.903448   slack (MET)


Startpoint: _1441_ (rising edge-triggered flip-flop clocked by CLK)
Endpoint: _1443_ (recovery check against rising-edge clock CLK)
Path Group: asynchronous
Path Type: max

Fanout         Cap        Slew       Delay        Time   Description
---------------------------------------------------------------------------------------------
                                  0.000000    0.000000   clock CLK (rise edge)
                                  0.000000    0.000000   clock source latency
     1    0.021247    0.158803    0.114747    0.114747 ^ CLK (in)
                                                         CLK (net)
                      0.158854    0.000000    0.114747 ^ clkbuf_0_CLK/A (sky130_fd_sc_hd__clkbuf_16)
    16    0.110692    0.192001    0.382494    0.497241 ^ clkbuf_0_CLK/X (sky130_fd_sc_hd__clkbuf_16)
                                                         clknet_0_CLK (net)
                      0.192394    0.006351    0.503592 ^ clkbuf_4_10_0_CLK/A (sky130_fd_sc_hd__clkbuf_8)
     6    0.018696    0.080479    0.303195    0.806787 ^ clkbuf_4_10_0_CLK/X (sky130_fd_sc_hd__clkbuf_8)
                                                         clknet_4_10_0_CLK (net)
                      0.080488    0.000924    0.807711 ^ _1441_/CLK (sky130_fd_sc_hd__dfrtp_2)
     1    0.001743    0.062760    0.700361    1.508073 ^ _1441_/Q (sky130_fd_sc_hd__dfrtp_2)
                                                         control.reset_n (net)
                      0.062760    0.000083    1.508156 ^ hold143/A (sky130_fd_sc_hd__dlygate4sd3_1)
     2    0.010929    0.202529    1.197048    2.705204 ^ hold143/X (sky130_fd_sc_hd__dlygate4sd3_1)
                                                         net142 (net)
                      0.202531    0.001086    2.706290 ^ fanout72/A (sky130_fd_sc_hd__clkdlybuf4s25_1)
     8    0.039601    0.637829    0.974377    3.680667 ^ fanout72/X (sky130_fd_sc_hd__clkdlybuf4s25_1)
                                                         net72 (net)
                      0.637833    0.002985    3.683651 ^ fanout69/A (sky130_fd_sc_hd__clkdlybuf4s25_1)
     8    0.039573    0.637195    1.138297    4.821949 ^ fanout69/X (sky130_fd_sc_hd__clkdlybuf4s25_1)
                                                         net69 (net)
                      0.637198    0.002797    4.824745 ^ _1443_/RESET_B (sky130_fd_sc_hd__dfrtp_2)
                                              4.824745   data arrival time

                                 20.000000   20.000000   clock CLK (rise edge)
                                  0.000000   20.000000   clock source latency
     1    0.021247    0.158803    0.103819   20.103819 ^ CLK (in)
                                                         CLK (net)
                      0.158854    0.000000   20.103819 ^ clkbuf_0_CLK/A (sky130_fd_sc_hd__clkbuf_16)
    16    0.110692    0.192001    0.346065   20.449884 ^ clkbuf_0_CLK/X (sky130_fd_sc_hd__clkbuf_16)
                                                         clknet_0_CLK (net)
                      0.192709    0.008228   20.458113 ^ clkbuf_4_7_0_CLK/A (sky130_fd_sc_hd__clkbuf_8)
     6    0.015897    0.074126    0.268509   20.726622 ^ clkbuf_4_7_0_CLK/X (sky130_fd_sc_hd__clkbuf_8)
                                                         clknet_4_7_0_CLK (net)
                      0.074137    0.000782   20.727402 ^ _1443_/CLK (sky130_fd_sc_hd__dfrtp_2)
                                 -0.250000   20.477404   clock uncertainty
                                  0.047356   20.524759   clock reconvergence pessimism
                                  0.203566   20.728327   library recovery time
                                             20.728327   data required time
---------------------------------------------------------------------------------------------
                                             20.728327   data required time
                                             -4.824745   data arrival time
---------------------------------------------------------------------------------------------
                                             15.903581   slack (MET)


Startpoint: _1441_ (rising edge-triggered flip-flop clocked by CLK)
Endpoint: _1447_ (recovery check against rising-edge clock CLK)
Path Group: asynchronous
Path Type: max

Fanout         Cap        Slew       Delay        Time   Description
---------------------------------------------------------------------------------------------
                                  0.000000    0.000000   clock CLK (rise edge)
                                  0.000000    0.000000   clock source latency
     1    0.021247    0.158803    0.114747    0.114747 ^ CLK (in)
                                                         CLK (net)
                      0.158854    0.000000    0.114747 ^ clkbuf_0_CLK/A (sky130_fd_sc_hd__clkbuf_16)
    16    0.110692    0.192001    0.382494    0.497241 ^ clkbuf_0_CLK/X (sky130_fd_sc_hd__clkbuf_16)
                                                         clknet_0_CLK (net)
                      0.192394    0.006351    0.503592 ^ clkbuf_4_10_0_CLK/A (sky130_fd_sc_hd__clkbuf_8)
     6    0.018696    0.080479    0.303195    0.806787 ^ clkbuf_4_10_0_CLK/X (sky130_fd_sc_hd__clkbuf_8)
                                                         clknet_4_10_0_CLK (net)
                      0.080488    0.000924    0.807711 ^ _1441_/CLK (sky130_fd_sc_hd__dfrtp_2)
     1    0.001743    0.062760    0.700361    1.508073 ^ _1441_/Q (sky130_fd_sc_hd__dfrtp_2)
                                                         control.reset_n (net)
                      0.062760    0.000083    1.508156 ^ hold143/A (sky130_fd_sc_hd__dlygate4sd3_1)
     2    0.010929    0.202529    1.197048    2.705204 ^ hold143/X (sky130_fd_sc_hd__dlygate4sd3_1)
                                                         net142 (net)
                      0.202531    0.001086    2.706290 ^ fanout72/A (sky130_fd_sc_hd__clkdlybuf4s25_1)
     8    0.039601    0.637829    0.974377    3.680667 ^ fanout72/X (sky130_fd_sc_hd__clkdlybuf4s25_1)
                                                         net72 (net)
                      0.637833    0.002985    3.683651 ^ fanout69/A (sky130_fd_sc_hd__clkdlybuf4s25_1)
     8    0.039573    0.637195    1.138297    4.821949 ^ fanout69/X (sky130_fd_sc_hd__clkdlybuf4s25_1)
                                                         net69 (net)
                      0.637197    0.002583    4.824531 ^ _1447_/RESET_B (sky130_fd_sc_hd__dfrtp_2)
                                              4.824531   data arrival time

                                 20.000000   20.000000   clock CLK (rise edge)
                                  0.000000   20.000000   clock source latency
     1    0.021247    0.158803    0.103819   20.103819 ^ CLK (in)
                                                         CLK (net)
                      0.158854    0.000000   20.103819 ^ clkbuf_0_CLK/A (sky130_fd_sc_hd__clkbuf_16)
    16    0.110692    0.192001    0.346065   20.449884 ^ clkbuf_0_CLK/X (sky130_fd_sc_hd__clkbuf_16)
                                                         clknet_0_CLK (net)
                      0.192709    0.008228   20.458113 ^ clkbuf_4_7_0_CLK/A (sky130_fd_sc_hd__clkbuf_8)
     6    0.015897    0.074126    0.268509   20.726622 ^ clkbuf_4_7_0_CLK/X (sky130_fd_sc_hd__clkbuf_8)
                                                         clknet_4_7_0_CLK (net)
                      0.074136    0.000760   20.727381 ^ _1447_/CLK (sky130_fd_sc_hd__dfrtp_2)
                                 -0.250000   20.477383   clock uncertainty
                                  0.047356   20.524738   clock reconvergence pessimism
                                  0.203567   20.728306   library recovery time
                                             20.728306   data required time
---------------------------------------------------------------------------------------------
                                             20.728306   data required time
                                             -4.824531   data arrival time
---------------------------------------------------------------------------------------------
                                             15.903773   slack (MET)


Startpoint: _1441_ (rising edge-triggered flip-flop clocked by CLK)
Endpoint: _1459_ (recovery check against rising-edge clock CLK)
Path Group: asynchronous
Path Type: max

Fanout         Cap        Slew       Delay        Time   Description
---------------------------------------------------------------------------------------------
                                  0.000000    0.000000   clock CLK (rise edge)
                                  0.000000    0.000000   clock source latency
     1    0.021247    0.158803    0.114747    0.114747 ^ CLK (in)
                                                         CLK (net)
                      0.158854    0.000000    0.114747 ^ clkbuf_0_CLK/A (sky130_fd_sc_hd__clkbuf_16)
    16    0.110692    0.192001    0.382494    0.497241 ^ clkbuf_0_CLK/X (sky130_fd_sc_hd__clkbuf_16)
                                                         clknet_0_CLK (net)
                      0.192394    0.006351    0.503592 ^ clkbuf_4_10_0_CLK/A (sky130_fd_sc_hd__clkbuf_8)
     6    0.018696    0.080479    0.303195    0.806787 ^ clkbuf_4_10_0_CLK/X (sky130_fd_sc_hd__clkbuf_8)
                                                         clknet_4_10_0_CLK (net)
                      0.080488    0.000924    0.807711 ^ _1441_/CLK (sky130_fd_sc_hd__dfrtp_2)
     1    0.001743    0.062760    0.700361    1.508073 ^ _1441_/Q (sky130_fd_sc_hd__dfrtp_2)
                                                         control.reset_n (net)
                      0.062760    0.000083    1.508156 ^ hold143/A (sky130_fd_sc_hd__dlygate4sd3_1)
     2    0.010929    0.202529    1.197048    2.705204 ^ hold143/X (sky130_fd_sc_hd__dlygate4sd3_1)
                                                         net142 (net)
                      0.202531    0.001086    2.706290 ^ fanout72/A (sky130_fd_sc_hd__clkdlybuf4s25_1)
     8    0.039601    0.637829    0.974377    3.680667 ^ fanout72/X (sky130_fd_sc_hd__clkdlybuf4s25_1)
                                                         net72 (net)
                      0.637829    0.000122    3.680789 ^ fanout70/A (sky130_fd_sc_hd__clkdlybuf4s25_1)
     5    0.018327    0.307371    0.892521    4.573311 ^ fanout70/X (sky130_fd_sc_hd__clkdlybuf4s25_1)
                                                         net70 (net)
                      0.307371    0.000611    4.573922 ^ load_slew71/A (sky130_fd_sc_hd__buf_2)
     6    0.027102    0.220006    0.429284    5.003206 ^ load_slew71/X (sky130_fd_sc_hd__buf_2)
                                                         net71 (net)
                      0.220028    0.002436    5.005641 ^ _1459_/RESET_B (sky130_fd_sc_hd__dfrtp_2)
                                              5.005641   data arrival time

                                 20.000000   20.000000   clock CLK (rise edge)
                                  0.000000   20.000000   clock source latency
     1    0.021247    0.158803    0.103819   20.103819 ^ CLK (in)
                                                         CLK (net)
                      0.158854    0.000000   20.103819 ^ clkbuf_0_CLK/A (sky130_fd_sc_hd__clkbuf_16)
    16    0.110692    0.192001    0.346065   20.449884 ^ clkbuf_0_CLK/X (sky130_fd_sc_hd__clkbuf_16)
                                                         clknet_0_CLK (net)
                      0.192269    0.004352   20.454237 ^ clkbuf_4_9_0_CLK/A (sky130_fd_sc_hd__clkbuf_8)
     6    0.018064    0.079043    0.272671   20.726908 ^ clkbuf_4_9_0_CLK/X (sky130_fd_sc_hd__clkbuf_8)
                                                         clknet_4_9_0_CLK (net)
                      0.079099    0.001750   20.728657 ^ _1459_/CLK (sky130_fd_sc_hd__dfrtp_2)
                                 -0.250000   20.478657   clock uncertainty
                                  0.047356   20.526014   clock reconvergence pessimism
                                  0.383510   20.909523   library recovery time
                                             20.909523   data required time
---------------------------------------------------------------------------------------------
                                             20.909523   data required time
                                             -5.005641   data arrival time
---------------------------------------------------------------------------------------------
                                             15.903883   slack (MET)


Startpoint: _1441_ (rising edge-triggered flip-flop clocked by CLK)
Endpoint: _1433_ (recovery check against rising-edge clock CLK)
Path Group: asynchronous
Path Type: max

Fanout         Cap        Slew       Delay        Time   Description
---------------------------------------------------------------------------------------------
                                  0.000000    0.000000   clock CLK (rise edge)
                                  0.000000    0.000000   clock source latency
     1    0.021247    0.158803    0.114747    0.114747 ^ CLK (in)
                                                         CLK (net)
                      0.158854    0.000000    0.114747 ^ clkbuf_0_CLK/A (sky130_fd_sc_hd__clkbuf_16)
    16    0.110692    0.192001    0.382494    0.497241 ^ clkbuf_0_CLK/X (sky130_fd_sc_hd__clkbuf_16)
                                                         clknet_0_CLK (net)
                      0.192394    0.006351    0.503592 ^ clkbuf_4_10_0_CLK/A (sky130_fd_sc_hd__clkbuf_8)
     6    0.018696    0.080479    0.303195    0.806787 ^ clkbuf_4_10_0_CLK/X (sky130_fd_sc_hd__clkbuf_8)
                                                         clknet_4_10_0_CLK (net)
                      0.080488    0.000924    0.807711 ^ _1441_/CLK (sky130_fd_sc_hd__dfrtp_2)
     1    0.001743    0.062760    0.700361    1.508073 ^ _1441_/Q (sky130_fd_sc_hd__dfrtp_2)
                                                         control.reset_n (net)
                      0.062760    0.000083    1.508156 ^ hold143/A (sky130_fd_sc_hd__dlygate4sd3_1)
     2    0.010929    0.202529    1.197048    2.705204 ^ hold143/X (sky130_fd_sc_hd__dlygate4sd3_1)
                                                         net142 (net)
                      0.202531    0.001086    2.706290 ^ fanout72/A (sky130_fd_sc_hd__clkdlybuf4s25_1)
     8    0.039601    0.637829    0.974377    3.680667 ^ fanout72/X (sky130_fd_sc_hd__clkdlybuf4s25_1)
                                                         net72 (net)
                      0.637833    0.002985    3.683651 ^ fanout69/A (sky130_fd_sc_hd__clkdlybuf4s25_1)
     8    0.039573    0.637195    1.138297    4.821949 ^ fanout69/X (sky130_fd_sc_hd__clkdlybuf4s25_1)
                                                         net69 (net)
                      0.637195    0.002209    4.824158 ^ _1433_/RESET_B (sky130_fd_sc_hd__dfrtp_2)
                                              4.824158   data arrival time

                                 20.000000   20.000000   clock CLK (rise edge)
                                  0.000000   20.000000   clock source latency
     1    0.021247    0.158803    0.103819   20.103819 ^ CLK (in)
                                                         CLK (net)
                      0.158854    0.000000   20.103819 ^ clkbuf_0_CLK/A (sky130_fd_sc_hd__clkbuf_16)
    16    0.110692    0.192001    0.346065   20.449884 ^ clkbuf_0_CLK/X (sky130_fd_sc_hd__clkbuf_16)
                                                         clknet_0_CLK (net)
                      0.192709    0.008228   20.458113 ^ clkbuf_4_7_0_CLK/A (sky130_fd_sc_hd__clkbuf_8)
     6    0.015897    0.074126    0.268509   20.726622 ^ clkbuf_4_7_0_CLK/X (sky130_fd_sc_hd__clkbuf_8)
                                                         clknet_4_7_0_CLK (net)
                      0.074132    0.000641   20.727262 ^ _1433_/CLK (sky130_fd_sc_hd__dfrtp_2)
                                 -0.250000   20.477262   clock uncertainty
                                  0.047356   20.524618   clock reconvergence pessimism
                                  0.203566   20.728186   library recovery time
                                             20.728186   data required time
---------------------------------------------------------------------------------------------
                                             20.728186   data required time
                                             -4.824158   data arrival time
---------------------------------------------------------------------------------------------
                                             15.904029   slack (MET)


Startpoint: _1441_ (rising edge-triggered flip-flop clocked by CLK)
Endpoint: _1453_ (recovery check against rising-edge clock CLK)
Path Group: asynchronous
Path Type: max

Fanout         Cap        Slew       Delay        Time   Description
---------------------------------------------------------------------------------------------
                                  0.000000    0.000000   clock CLK (rise edge)
                                  0.000000    0.000000   clock source latency
     1    0.021247    0.158803    0.114747    0.114747 ^ CLK (in)
                                                         CLK (net)
                      0.158854    0.000000    0.114747 ^ clkbuf_0_CLK/A (sky130_fd_sc_hd__clkbuf_16)
    16    0.110692    0.192001    0.382494    0.497241 ^ clkbuf_0_CLK/X (sky130_fd_sc_hd__clkbuf_16)
                                                         clknet_0_CLK (net)
                      0.192394    0.006351    0.503592 ^ clkbuf_4_10_0_CLK/A (sky130_fd_sc_hd__clkbuf_8)
     6    0.018696    0.080479    0.303195    0.806787 ^ clkbuf_4_10_0_CLK/X (sky130_fd_sc_hd__clkbuf_8)
                                                         clknet_4_10_0_CLK (net)
                      0.080488    0.000924    0.807711 ^ _1441_/CLK (sky130_fd_sc_hd__dfrtp_2)
     1    0.001743    0.062760    0.700361    1.508073 ^ _1441_/Q (sky130_fd_sc_hd__dfrtp_2)
                                                         control.reset_n (net)
                      0.062760    0.000083    1.508156 ^ hold143/A (sky130_fd_sc_hd__dlygate4sd3_1)
     2    0.010929    0.202529    1.197048    2.705204 ^ hold143/X (sky130_fd_sc_hd__dlygate4sd3_1)
                                                         net142 (net)
                      0.202531    0.001086    2.706290 ^ fanout72/A (sky130_fd_sc_hd__clkdlybuf4s25_1)
     8    0.039601    0.637829    0.974377    3.680667 ^ fanout72/X (sky130_fd_sc_hd__clkdlybuf4s25_1)
                                                         net72 (net)
                      0.637833    0.002985    3.683651 ^ fanout69/A (sky130_fd_sc_hd__clkdlybuf4s25_1)
     8    0.039573    0.637195    1.138297    4.821949 ^ fanout69/X (sky130_fd_sc_hd__clkdlybuf4s25_1)
                                                         net69 (net)
                      0.637195    0.002106    4.824054 ^ _1453_/RESET_B (sky130_fd_sc_hd__dfrtp_2)
                                              4.824054   data arrival time

                                 20.000000   20.000000   clock CLK (rise edge)
                                  0.000000   20.000000   clock source latency
     1    0.021247    0.158803    0.103819   20.103819 ^ CLK (in)
                                                         CLK (net)
                      0.158854    0.000000   20.103819 ^ clkbuf_0_CLK/A (sky130_fd_sc_hd__clkbuf_16)
    16    0.110692    0.192001    0.346065   20.449884 ^ clkbuf_0_CLK/X (sky130_fd_sc_hd__clkbuf_16)
                                                         clknet_0_CLK (net)
                      0.192652    0.007844   20.457729 ^ clkbuf_4_6_0_CLK/A (sky130_fd_sc_hd__clkbuf_8)
     6    0.016696    0.075917    0.270161   20.727890 ^ clkbuf_4_6_0_CLK/X (sky130_fd_sc_hd__clkbuf_8)
                                                         clknet_4_6_0_CLK (net)
                      0.075925    0.000721   20.728611 ^ _1453_/CLK (sky130_fd_sc_hd__dfrtp_2)
                                 -0.250000   20.478611   clock uncertainty
                                  0.047356   20.525967   clock reconvergence pessimism
                                  0.204196   20.730164   library recovery time
                                             20.730164   data required time
---------------------------------------------------------------------------------------------
                                             20.730164   data required time
                                             -4.824054   data arrival time
---------------------------------------------------------------------------------------------
                                             15.906109   slack (MET)


Startpoint: _1441_ (rising edge-triggered flip-flop clocked by CLK)
Endpoint: _1452_ (recovery check against rising-edge clock CLK)
Path Group: asynchronous
Path Type: max

Fanout         Cap        Slew       Delay        Time   Description
---------------------------------------------------------------------------------------------
                                  0.000000    0.000000   clock CLK (rise edge)
                                  0.000000    0.000000   clock source latency
     1    0.021247    0.158803    0.114747    0.114747 ^ CLK (in)
                                                         CLK (net)
                      0.158854    0.000000    0.114747 ^ clkbuf_0_CLK/A (sky130_fd_sc_hd__clkbuf_16)
    16    0.110692    0.192001    0.382494    0.497241 ^ clkbuf_0_CLK/X (sky130_fd_sc_hd__clkbuf_16)
                                                         clknet_0_CLK (net)
                      0.192394    0.006351    0.503592 ^ clkbuf_4_10_0_CLK/A (sky130_fd_sc_hd__clkbuf_8)
     6    0.018696    0.080479    0.303195    0.806787 ^ clkbuf_4_10_0_CLK/X (sky130_fd_sc_hd__clkbuf_8)
                                                         clknet_4_10_0_CLK (net)
                      0.080488    0.000924    0.807711 ^ _1441_/CLK (sky130_fd_sc_hd__dfrtp_2)
     1    0.001743    0.062760    0.700361    1.508073 ^ _1441_/Q (sky130_fd_sc_hd__dfrtp_2)
                                                         control.reset_n (net)
                      0.062760    0.000083    1.508156 ^ hold143/A (sky130_fd_sc_hd__dlygate4sd3_1)
     2    0.010929    0.202529    1.197048    2.705204 ^ hold143/X (sky130_fd_sc_hd__dlygate4sd3_1)
                                                         net142 (net)
                      0.202531    0.001086    2.706290 ^ fanout72/A (sky130_fd_sc_hd__clkdlybuf4s25_1)
     8    0.039601    0.637829    0.974377    3.680667 ^ fanout72/X (sky130_fd_sc_hd__clkdlybuf4s25_1)
                                                         net72 (net)
                      0.637833    0.002985    3.683651 ^ fanout69/A (sky130_fd_sc_hd__clkdlybuf4s25_1)
     8    0.039573    0.637195    1.138297    4.821949 ^ fanout69/X (sky130_fd_sc_hd__clkdlybuf4s25_1)
                                                         net69 (net)
                      0.637195    0.001929    4.823877 ^ _1452_/RESET_B (sky130_fd_sc_hd__dfrtp_2)
                                              4.823877   data arrival time

                                 20.000000   20.000000   clock CLK (rise edge)
                                  0.000000   20.000000   clock source latency
     1    0.021247    0.158803    0.103819   20.103819 ^ CLK (in)
                                                         CLK (net)
                      0.158854    0.000000   20.103819 ^ clkbuf_0_CLK/A (sky130_fd_sc_hd__clkbuf_16)
    16    0.110692    0.192001    0.346065   20.449884 ^ clkbuf_0_CLK/X (sky130_fd_sc_hd__clkbuf_16)
                                                         clknet_0_CLK (net)
                      0.192652    0.007844   20.457729 ^ clkbuf_4_6_0_CLK/A (sky130_fd_sc_hd__clkbuf_8)
     6    0.016696    0.075917    0.270161   20.727890 ^ clkbuf_4_6_0_CLK/X (sky130_fd_sc_hd__clkbuf_8)
                                                         clknet_4_6_0_CLK (net)
                      0.075926    0.000764   20.728653 ^ _1452_/CLK (sky130_fd_sc_hd__dfrtp_2)
                                 -0.250000   20.478655   clock uncertainty
                                  0.047356   20.526011   clock reconvergence pessimism
                                  0.204197   20.730207   library recovery time
                                             20.730207   data required time
---------------------------------------------------------------------------------------------
                                             20.730207   data required time
                                             -4.823877   data arrival time
---------------------------------------------------------------------------------------------
                                             15.906331   slack (MET)


Startpoint: _1441_ (rising edge-triggered flip-flop clocked by CLK)
Endpoint: _1454_ (recovery check against rising-edge clock CLK)
Path Group: asynchronous
Path Type: max

Fanout         Cap        Slew       Delay        Time   Description
---------------------------------------------------------------------------------------------
                                  0.000000    0.000000   clock CLK (rise edge)
                                  0.000000    0.000000   clock source latency
     1    0.021247    0.158803    0.114747    0.114747 ^ CLK (in)
                                                         CLK (net)
                      0.158854    0.000000    0.114747 ^ clkbuf_0_CLK/A (sky130_fd_sc_hd__clkbuf_16)
    16    0.110692    0.192001    0.382494    0.497241 ^ clkbuf_0_CLK/X (sky130_fd_sc_hd__clkbuf_16)
                                                         clknet_0_CLK (net)
                      0.192394    0.006351    0.503592 ^ clkbuf_4_10_0_CLK/A (sky130_fd_sc_hd__clkbuf_8)
     6    0.018696    0.080479    0.303195    0.806787 ^ clkbuf_4_10_0_CLK/X (sky130_fd_sc_hd__clkbuf_8)
                                                         clknet_4_10_0_CLK (net)
                      0.080488    0.000924    0.807711 ^ _1441_/CLK (sky130_fd_sc_hd__dfrtp_2)
     1    0.001743    0.062760    0.700361    1.508073 ^ _1441_/Q (sky130_fd_sc_hd__dfrtp_2)
                                                         control.reset_n (net)
                      0.062760    0.000083    1.508156 ^ hold143/A (sky130_fd_sc_hd__dlygate4sd3_1)
     2    0.010929    0.202529    1.197048    2.705204 ^ hold143/X (sky130_fd_sc_hd__dlygate4sd3_1)
                                                         net142 (net)
                      0.202531    0.001086    2.706290 ^ fanout72/A (sky130_fd_sc_hd__clkdlybuf4s25_1)
     8    0.039601    0.637829    0.974377    3.680667 ^ fanout72/X (sky130_fd_sc_hd__clkdlybuf4s25_1)
                                                         net72 (net)
                      0.637833    0.002985    3.683651 ^ fanout69/A (sky130_fd_sc_hd__clkdlybuf4s25_1)
     8    0.039573    0.637195    1.138297    4.821949 ^ fanout69/X (sky130_fd_sc_hd__clkdlybuf4s25_1)
                                                         net69 (net)
                      0.637195    0.001943    4.823891 ^ _1454_/RESET_B (sky130_fd_sc_hd__dfrtp_2)
                                              4.823891   data arrival time

                                 20.000000   20.000000   clock CLK (rise edge)
                                  0.000000   20.000000   clock source latency
     1    0.021247    0.158803    0.103819   20.103819 ^ CLK (in)
                                                         CLK (net)
                      0.158854    0.000000   20.103819 ^ clkbuf_0_CLK/A (sky130_fd_sc_hd__clkbuf_16)
    16    0.110692    0.192001    0.346065   20.449884 ^ clkbuf_0_CLK/X (sky130_fd_sc_hd__clkbuf_16)
                                                         clknet_0_CLK (net)
                      0.192652    0.007844   20.457729 ^ clkbuf_4_6_0_CLK/A (sky130_fd_sc_hd__clkbuf_8)
     6    0.016696    0.075917    0.270161   20.727890 ^ clkbuf_4_6_0_CLK/X (sky130_fd_sc_hd__clkbuf_8)
                                                         clknet_4_6_0_CLK (net)
                      0.075927    0.000773   20.728662 ^ _1454_/CLK (sky130_fd_sc_hd__dfrtp_2)
                                 -0.250000   20.478662   clock uncertainty
                                  0.047356   20.526018   clock reconvergence pessimism
                                  0.204197   20.730217   library recovery time
                                             20.730217   data required time
---------------------------------------------------------------------------------------------
                                             20.730217   data required time
                                             -4.823891   data arrival time
---------------------------------------------------------------------------------------------
                                             15.906325   slack (MET)


Startpoint: _1441_ (rising edge-triggered flip-flop clocked by CLK)
Endpoint: _1417_ (recovery check against rising-edge clock CLK)
Path Group: asynchronous
Path Type: max

Fanout         Cap        Slew       Delay        Time   Description
---------------------------------------------------------------------------------------------
                                  0.000000    0.000000   clock CLK (rise edge)
                                  0.000000    0.000000   clock source latency
     1    0.021247    0.158803    0.114747    0.114747 ^ CLK (in)
                                                         CLK (net)
                      0.158854    0.000000    0.114747 ^ clkbuf_0_CLK/A (sky130_fd_sc_hd__clkbuf_16)
    16    0.110692    0.192001    0.382494    0.497241 ^ clkbuf_0_CLK/X (sky130_fd_sc_hd__clkbuf_16)
                                                         clknet_0_CLK (net)
                      0.192394    0.006351    0.503592 ^ clkbuf_4_10_0_CLK/A (sky130_fd_sc_hd__clkbuf_8)
     6    0.018696    0.080479    0.303195    0.806787 ^ clkbuf_4_10_0_CLK/X (sky130_fd_sc_hd__clkbuf_8)
                                                         clknet_4_10_0_CLK (net)
                      0.080488    0.000924    0.807711 ^ _1441_/CLK (sky130_fd_sc_hd__dfrtp_2)
     1    0.001743    0.062760    0.700361    1.508073 ^ _1441_/Q (sky130_fd_sc_hd__dfrtp_2)
                                                         control.reset_n (net)
                      0.062760    0.000083    1.508156 ^ hold143/A (sky130_fd_sc_hd__dlygate4sd3_1)
     2    0.010929    0.202529    1.197048    2.705204 ^ hold143/X (sky130_fd_sc_hd__dlygate4sd3_1)
                                                         net142 (net)
                      0.202531    0.001086    2.706290 ^ fanout72/A (sky130_fd_sc_hd__clkdlybuf4s25_1)
     8    0.039601    0.637829    0.974377    3.680667 ^ fanout72/X (sky130_fd_sc_hd__clkdlybuf4s25_1)
                                                         net72 (net)
                      0.637829    0.000122    3.680789 ^ fanout70/A (sky130_fd_sc_hd__clkdlybuf4s25_1)
     5    0.018327    0.307371    0.892521    4.573311 ^ fanout70/X (sky130_fd_sc_hd__clkdlybuf4s25_1)
                                                         net70 (net)
                      0.307371    0.000611    4.573922 ^ load_slew71/A (sky130_fd_sc_hd__buf_2)
     6    0.027102    0.220006    0.429284    5.003206 ^ load_slew71/X (sky130_fd_sc_hd__buf_2)
                                                         net71 (net)
                      0.220040    0.002880    5.006086 ^ _1417_/RESET_B (sky130_fd_sc_hd__dfrtp_2)
                                              5.006086   data arrival time

                                 20.000000   20.000000   clock CLK (rise edge)
                                  0.000000   20.000000   clock source latency
     1    0.021247    0.158803    0.103819   20.103819 ^ CLK (in)
                                                         CLK (net)
                      0.158854    0.000000   20.103819 ^ clkbuf_0_CLK/A (sky130_fd_sc_hd__clkbuf_16)
    16    0.110692    0.192001    0.346065   20.449884 ^ clkbuf_0_CLK/X (sky130_fd_sc_hd__clkbuf_16)
                                                         clknet_0_CLK (net)
                      0.192680    0.008036   20.457920 ^ clkbuf_4_4_0_CLK/A (sky130_fd_sc_hd__clkbuf_8)
     6    0.019226    0.081698    0.275636   20.733557 ^ clkbuf_4_4_0_CLK/X (sky130_fd_sc_hd__clkbuf_8)
                                                         clknet_4_4_0_CLK (net)
                      0.081710    0.000940   20.734495 ^ _1417_/CLK (sky130_fd_sc_hd__dfrtp_2)
                                 -0.250000   20.484497   clock uncertainty
                                  0.047356   20.531853   clock reconvergence pessimism
                                  0.384389   20.916243   library recovery time
                                             20.916243   data required time
---------------------------------------------------------------------------------------------
                                             20.916243   data required time
                                             -5.006086   data arrival time
---------------------------------------------------------------------------------------------
                                             15.910155   slack (MET)


Startpoint: _1441_ (rising edge-triggered flip-flop clocked by CLK)
Endpoint: _1418_ (recovery check against rising-edge clock CLK)
Path Group: asynchronous
Path Type: max

Fanout         Cap        Slew       Delay        Time   Description
---------------------------------------------------------------------------------------------
                                  0.000000    0.000000   clock CLK (rise edge)
                                  0.000000    0.000000   clock source latency
     1    0.021247    0.158803    0.114747    0.114747 ^ CLK (in)
                                                         CLK (net)
                      0.158854    0.000000    0.114747 ^ clkbuf_0_CLK/A (sky130_fd_sc_hd__clkbuf_16)
    16    0.110692    0.192001    0.382494    0.497241 ^ clkbuf_0_CLK/X (sky130_fd_sc_hd__clkbuf_16)
                                                         clknet_0_CLK (net)
                      0.192394    0.006351    0.503592 ^ clkbuf_4_10_0_CLK/A (sky130_fd_sc_hd__clkbuf_8)
     6    0.018696    0.080479    0.303195    0.806787 ^ clkbuf_4_10_0_CLK/X (sky130_fd_sc_hd__clkbuf_8)
                                                         clknet_4_10_0_CLK (net)
                      0.080488    0.000924    0.807711 ^ _1441_/CLK (sky130_fd_sc_hd__dfrtp_2)
     1    0.001743    0.062760    0.700361    1.508073 ^ _1441_/Q (sky130_fd_sc_hd__dfrtp_2)
                                                         control.reset_n (net)
                      0.062760    0.000083    1.508156 ^ hold143/A (sky130_fd_sc_hd__dlygate4sd3_1)
     2    0.010929    0.202529    1.197048    2.705204 ^ hold143/X (sky130_fd_sc_hd__dlygate4sd3_1)
                                                         net142 (net)
                      0.202531    0.001086    2.706290 ^ fanout72/A (sky130_fd_sc_hd__clkdlybuf4s25_1)
     8    0.039601    0.637829    0.974377    3.680667 ^ fanout72/X (sky130_fd_sc_hd__clkdlybuf4s25_1)
                                                         net72 (net)
                      0.637829    0.000122    3.680789 ^ fanout70/A (sky130_fd_sc_hd__clkdlybuf4s25_1)
     5    0.018327    0.307371    0.892521    4.573311 ^ fanout70/X (sky130_fd_sc_hd__clkdlybuf4s25_1)
                                                         net70 (net)
                      0.307371    0.000611    4.573922 ^ load_slew71/A (sky130_fd_sc_hd__buf_2)
     6    0.027102    0.220006    0.429284    5.003206 ^ load_slew71/X (sky130_fd_sc_hd__buf_2)
                                                         net71 (net)
                      0.220040    0.002882    5.006087 ^ _1418_/RESET_B (sky130_fd_sc_hd__dfrtp_2)
                                              5.006087   data arrival time

                                 20.000000   20.000000   clock CLK (rise edge)
                                  0.000000   20.000000   clock source latency
     1    0.021247    0.158803    0.103819   20.103819 ^ CLK (in)
                                                         CLK (net)
                      0.158854    0.000000   20.103819 ^ clkbuf_0_CLK/A (sky130_fd_sc_hd__clkbuf_16)
    16    0.110692    0.192001    0.346065   20.449884 ^ clkbuf_0_CLK/X (sky130_fd_sc_hd__clkbuf_16)
                                                         clknet_0_CLK (net)
                      0.192665    0.007935   20.457819 ^ clkbuf_4_3_0_CLK/A (sky130_fd_sc_hd__clkbuf_8)
     6    0.019520    0.082381    0.276252   20.734072 ^ clkbuf_4_3_0_CLK/X (sky130_fd_sc_hd__clkbuf_8)
                                                         clknet_4_3_0_CLK (net)
                      0.082385    0.000655   20.734726 ^ _1418_/CLK (sky130_fd_sc_hd__dfrtp_2)
                                 -0.250000   20.484728   clock uncertainty
                                  0.047356   20.532084   clock reconvergence pessimism
                                  0.384618   20.916702   library recovery time
                                             20.916702   data required time
---------------------------------------------------------------------------------------------
                                             20.916702   data required time
                                             -5.006087   data arrival time
---------------------------------------------------------------------------------------------
                                             15.910616   slack (MET)


Startpoint: _1441_ (rising edge-triggered flip-flop clocked by CLK)
Endpoint: _1465_ (recovery check against rising-edge clock CLK)
Path Group: asynchronous
Path Type: max

Fanout         Cap        Slew       Delay        Time   Description
---------------------------------------------------------------------------------------------
                                  0.000000    0.000000   clock CLK (rise edge)
                                  0.000000    0.000000   clock source latency
     1    0.021247    0.158803    0.114747    0.114747 ^ CLK (in)
                                                         CLK (net)
                      0.158854    0.000000    0.114747 ^ clkbuf_0_CLK/A (sky130_fd_sc_hd__clkbuf_16)
    16    0.110692    0.192001    0.382494    0.497241 ^ clkbuf_0_CLK/X (sky130_fd_sc_hd__clkbuf_16)
                                                         clknet_0_CLK (net)
                      0.192394    0.006351    0.503592 ^ clkbuf_4_10_0_CLK/A (sky130_fd_sc_hd__clkbuf_8)
     6    0.018696    0.080479    0.303195    0.806787 ^ clkbuf_4_10_0_CLK/X (sky130_fd_sc_hd__clkbuf_8)
                                                         clknet_4_10_0_CLK (net)
                      0.080488    0.000924    0.807711 ^ _1441_/CLK (sky130_fd_sc_hd__dfrtp_2)
     1    0.001743    0.062760    0.700361    1.508073 ^ _1441_/Q (sky130_fd_sc_hd__dfrtp_2)
                                                         control.reset_n (net)
                      0.062760    0.000083    1.508156 ^ hold143/A (sky130_fd_sc_hd__dlygate4sd3_1)
     2    0.010929    0.202529    1.197048    2.705204 ^ hold143/X (sky130_fd_sc_hd__dlygate4sd3_1)
                                                         net142 (net)
                      0.202531    0.001086    2.706290 ^ fanout72/A (sky130_fd_sc_hd__clkdlybuf4s25_1)
     8    0.039601    0.637829    0.974377    3.680667 ^ fanout72/X (sky130_fd_sc_hd__clkdlybuf4s25_1)
                                                         net72 (net)
                      0.637833    0.002985    3.683651 ^ fanout69/A (sky130_fd_sc_hd__clkdlybuf4s25_1)
     8    0.039573    0.637195    1.138297    4.821949 ^ fanout69/X (sky130_fd_sc_hd__clkdlybuf4s25_1)
                                                         net69 (net)
                      0.637195    0.002141    4.824089 ^ _1465_/RESET_B (sky130_fd_sc_hd__dfrtp_2)
                                              4.824089   data arrival time

                                 20.000000   20.000000   clock CLK (rise edge)
                                  0.000000   20.000000   clock source latency
     1    0.021247    0.158803    0.103819   20.103819 ^ CLK (in)
                                                         CLK (net)
                      0.158854    0.000000   20.103819 ^ clkbuf_0_CLK/A (sky130_fd_sc_hd__clkbuf_16)
    16    0.110692    0.192001    0.346065   20.449884 ^ clkbuf_0_CLK/X (sky130_fd_sc_hd__clkbuf_16)
                                                         clknet_0_CLK (net)
                      0.192665    0.007935   20.457819 ^ clkbuf_4_3_0_CLK/A (sky130_fd_sc_hd__clkbuf_8)
     6    0.019520    0.082381    0.276252   20.734072 ^ clkbuf_4_3_0_CLK/X (sky130_fd_sc_hd__clkbuf_8)
                                                         clknet_4_3_0_CLK (net)
                      0.082389    0.000817   20.734888 ^ _1465_/CLK (sky130_fd_sc_hd__dfrtp_2)
                                 -0.250000   20.484890   clock uncertainty
                                  0.047356   20.532246   clock reconvergence pessimism
                                  0.206468   20.738712   library recovery time
                                             20.738712   data required time
---------------------------------------------------------------------------------------------
                                             20.738712   data required time
                                             -4.824089   data arrival time
---------------------------------------------------------------------------------------------
                                             15.914623   slack (MET)


Startpoint: _1441_ (rising edge-triggered flip-flop clocked by CLK)
Endpoint: _1416_ (recovery check against rising-edge clock CLK)
Path Group: asynchronous
Path Type: max

Fanout         Cap        Slew       Delay        Time   Description
---------------------------------------------------------------------------------------------
                                  0.000000    0.000000   clock CLK (rise edge)
                                  0.000000    0.000000   clock source latency
     1    0.021247    0.158803    0.114747    0.114747 ^ CLK (in)
                                                         CLK (net)
                      0.158854    0.000000    0.114747 ^ clkbuf_0_CLK/A (sky130_fd_sc_hd__clkbuf_16)
    16    0.110692    0.192001    0.382494    0.497241 ^ clkbuf_0_CLK/X (sky130_fd_sc_hd__clkbuf_16)
                                                         clknet_0_CLK (net)
                      0.192394    0.006351    0.503592 ^ clkbuf_4_10_0_CLK/A (sky130_fd_sc_hd__clkbuf_8)
     6    0.018696    0.080479    0.303195    0.806787 ^ clkbuf_4_10_0_CLK/X (sky130_fd_sc_hd__clkbuf_8)
                                                         clknet_4_10_0_CLK (net)
                      0.080488    0.000924    0.807711 ^ _1441_/CLK (sky130_fd_sc_hd__dfrtp_2)
     1    0.001743    0.062760    0.700361    1.508073 ^ _1441_/Q (sky130_fd_sc_hd__dfrtp_2)
                                                         control.reset_n (net)
                      0.062760    0.000083    1.508156 ^ hold143/A (sky130_fd_sc_hd__dlygate4sd3_1)
     2    0.010929    0.202529    1.197048    2.705204 ^ hold143/X (sky130_fd_sc_hd__dlygate4sd3_1)
                                                         net142 (net)
                      0.202531    0.001086    2.706290 ^ fanout72/A (sky130_fd_sc_hd__clkdlybuf4s25_1)
     8    0.039601    0.637829    0.974377    3.680667 ^ fanout72/X (sky130_fd_sc_hd__clkdlybuf4s25_1)
                                                         net72 (net)
                      0.637829    0.000122    3.680789 ^ fanout70/A (sky130_fd_sc_hd__clkdlybuf4s25_1)
     5    0.018327    0.307371    0.892521    4.573311 ^ fanout70/X (sky130_fd_sc_hd__clkdlybuf4s25_1)
                                                         net70 (net)
                      0.307371    0.000611    4.573922 ^ load_slew71/A (sky130_fd_sc_hd__buf_2)
     6    0.027102    0.220006    0.429284    5.003206 ^ load_slew71/X (sky130_fd_sc_hd__buf_2)
                                                         net71 (net)
                      0.220015    0.001777    5.004982 ^ _1416_/RESET_B (sky130_fd_sc_hd__dfrtp_2)
                                              5.004982   data arrival time

                                 20.000000   20.000000   clock CLK (rise edge)
                                  0.000000   20.000000   clock source latency
     1    0.021247    0.158803    0.103819   20.103819 ^ CLK (in)
                                                         CLK (net)
                      0.158854    0.000000   20.103819 ^ clkbuf_0_CLK/A (sky130_fd_sc_hd__clkbuf_16)
    16    0.110692    0.192001    0.346065   20.449884 ^ clkbuf_0_CLK/X (sky130_fd_sc_hd__clkbuf_16)
                                                         clknet_0_CLK (net)
                      0.192679    0.008026   20.457911 ^ clkbuf_4_2_0_CLK/A (sky130_fd_sc_hd__clkbuf_8)
     6    0.020724    0.085211    0.278773   20.736683 ^ clkbuf_4_2_0_CLK/X (sky130_fd_sc_hd__clkbuf_8)
                                                         clknet_4_2_0_CLK (net)
                      0.085226    0.001046   20.737728 ^ _1416_/CLK (sky130_fd_sc_hd__dfrtp_2)
                                 -0.250000   20.487730   clock uncertainty
                                  0.047356   20.535086   clock reconvergence pessimism
                                  0.385591   20.920675   library recovery time
                                             20.920675   data required time
---------------------------------------------------------------------------------------------
                                             20.920675   data required time
                                             -5.004982   data arrival time
---------------------------------------------------------------------------------------------
                                             15.915692   slack (MET)


Startpoint: _1441_ (rising edge-triggered flip-flop clocked by CLK)
Endpoint: _1409_ (recovery check against rising-edge clock CLK)
Path Group: asynchronous
Path Type: max

Fanout         Cap        Slew       Delay        Time   Description
---------------------------------------------------------------------------------------------
                                  0.000000    0.000000   clock CLK (rise edge)
                                  0.000000    0.000000   clock source latency
     1    0.021247    0.158803    0.114747    0.114747 ^ CLK (in)
                                                         CLK (net)
                      0.158854    0.000000    0.114747 ^ clkbuf_0_CLK/A (sky130_fd_sc_hd__clkbuf_16)
    16    0.110692    0.192001    0.382494    0.497241 ^ clkbuf_0_CLK/X (sky130_fd_sc_hd__clkbuf_16)
                                                         clknet_0_CLK (net)
                      0.192394    0.006351    0.503592 ^ clkbuf_4_10_0_CLK/A (sky130_fd_sc_hd__clkbuf_8)
     6    0.018696    0.080479    0.303195    0.806787 ^ clkbuf_4_10_0_CLK/X (sky130_fd_sc_hd__clkbuf_8)
                                                         clknet_4_10_0_CLK (net)
                      0.080488    0.000924    0.807711 ^ _1441_/CLK (sky130_fd_sc_hd__dfrtp_2)
     1    0.001743    0.062760    0.700361    1.508073 ^ _1441_/Q (sky130_fd_sc_hd__dfrtp_2)
                                                         control.reset_n (net)
                      0.062760    0.000083    1.508156 ^ hold143/A (sky130_fd_sc_hd__dlygate4sd3_1)
     2    0.010929    0.202529    1.197048    2.705204 ^ hold143/X (sky130_fd_sc_hd__dlygate4sd3_1)
                                                         net142 (net)
                      0.202529    0.000732    2.705935 ^ fanout79/A (sky130_fd_sc_hd__clkdlybuf4s25_1)
     5    0.030871    0.501304    0.874025    3.579961 ^ fanout79/X (sky130_fd_sc_hd__clkdlybuf4s25_1)
                                                         net79 (net)
                      0.501304    0.001362    3.581322 ^ fanout73/A (sky130_fd_sc_hd__clkdlybuf4s25_1)
     5    0.019250    0.321566    0.853549    4.434871 ^ fanout73/X (sky130_fd_sc_hd__clkdlybuf4s25_1)
                                                         net73 (net)
                      0.321566    0.000532    4.435403 ^ load_slew74/A (sky130_fd_sc_hd__buf_2)
     6    0.033734    0.269348    0.471454    4.906857 ^ load_slew74/X (sky130_fd_sc_hd__buf_2)
                                                         net74 (net)
                      0.269396    0.003743    4.910600 ^ _1409_/RESET_B (sky130_fd_sc_hd__dfrtp_2)
                                              4.910600   data arrival time

                                 20.000000   20.000000   clock CLK (rise edge)
                                  0.000000   20.000000   clock source latency
     1    0.021247    0.158803    0.103819   20.103819 ^ CLK (in)
                                                         CLK (net)
                      0.158854    0.000000   20.103819 ^ clkbuf_0_CLK/A (sky130_fd_sc_hd__clkbuf_16)
    16    0.110692    0.192001    0.346065   20.449884 ^ clkbuf_0_CLK/X (sky130_fd_sc_hd__clkbuf_16)
                                                         clknet_0_CLK (net)
                      0.192288    0.004597   20.454481 ^ clkbuf_4_13_0_CLK/A (sky130_fd_sc_hd__clkbuf_8)
     6    0.017372    0.077444    0.271443   20.725925 ^ clkbuf_4_13_0_CLK/X (sky130_fd_sc_hd__clkbuf_8)
                                                         clknet_4_13_0_CLK (net)
                      0.077451    0.000725   20.726650 ^ _1409_/CLK (sky130_fd_sc_hd__dfrtp_2)
                                 -0.250000   20.476650   clock uncertainty
                                  0.047356   20.524006   clock reconvergence pessimism
                                  0.361861   20.885868   library recovery time
                                             20.885868   data required time
---------------------------------------------------------------------------------------------
                                             20.885868   data required time
                                             -4.910600   data arrival time
---------------------------------------------------------------------------------------------
                                             15.975267   slack (MET)


Startpoint: _1441_ (rising edge-triggered flip-flop clocked by CLK)
Endpoint: _1411_ (recovery check against rising-edge clock CLK)
Path Group: asynchronous
Path Type: max

Fanout         Cap        Slew       Delay        Time   Description
---------------------------------------------------------------------------------------------
                                  0.000000    0.000000   clock CLK (rise edge)
                                  0.000000    0.000000   clock source latency
     1    0.021247    0.158803    0.114747    0.114747 ^ CLK (in)
                                                         CLK (net)
                      0.158854    0.000000    0.114747 ^ clkbuf_0_CLK/A (sky130_fd_sc_hd__clkbuf_16)
    16    0.110692    0.192001    0.382494    0.497241 ^ clkbuf_0_CLK/X (sky130_fd_sc_hd__clkbuf_16)
                                                         clknet_0_CLK (net)
                      0.192394    0.006351    0.503592 ^ clkbuf_4_10_0_CLK/A (sky130_fd_sc_hd__clkbuf_8)
     6    0.018696    0.080479    0.303195    0.806787 ^ clkbuf_4_10_0_CLK/X (sky130_fd_sc_hd__clkbuf_8)
                                                         clknet_4_10_0_CLK (net)
                      0.080488    0.000924    0.807711 ^ _1441_/CLK (sky130_fd_sc_hd__dfrtp_2)
     1    0.001743    0.062760    0.700361    1.508073 ^ _1441_/Q (sky130_fd_sc_hd__dfrtp_2)
                                                         control.reset_n (net)
                      0.062760    0.000083    1.508156 ^ hold143/A (sky130_fd_sc_hd__dlygate4sd3_1)
     2    0.010929    0.202529    1.197048    2.705204 ^ hold143/X (sky130_fd_sc_hd__dlygate4sd3_1)
                                                         net142 (net)
                      0.202529    0.000732    2.705935 ^ fanout79/A (sky130_fd_sc_hd__clkdlybuf4s25_1)
     5    0.030871    0.501304    0.874025    3.579961 ^ fanout79/X (sky130_fd_sc_hd__clkdlybuf4s25_1)
                                                         net79 (net)
                      0.501304    0.001362    3.581322 ^ fanout73/A (sky130_fd_sc_hd__clkdlybuf4s25_1)
     5    0.019250    0.321566    0.853549    4.434871 ^ fanout73/X (sky130_fd_sc_hd__clkdlybuf4s25_1)
                                                         net73 (net)
                      0.321566    0.000532    4.435403 ^ load_slew74/A (sky130_fd_sc_hd__buf_2)
     6    0.033734    0.269348    0.471454    4.906857 ^ load_slew74/X (sky130_fd_sc_hd__buf_2)
                                                         net74 (net)
                      0.269396    0.003742    4.910599 ^ _1411_/RESET_B (sky130_fd_sc_hd__dfrtp_2)
                                              4.910599   data arrival time

                                 20.000000   20.000000   clock CLK (rise edge)
                                  0.000000   20.000000   clock source latency
     1    0.021247    0.158803    0.103819   20.103819 ^ CLK (in)
                                                         CLK (net)
                      0.158854    0.000000   20.103819 ^ clkbuf_0_CLK/A (sky130_fd_sc_hd__clkbuf_16)
    16    0.110692    0.192001    0.346065   20.449884 ^ clkbuf_0_CLK/X (sky130_fd_sc_hd__clkbuf_16)
                                                         clknet_0_CLK (net)
                      0.192288    0.004597   20.454481 ^ clkbuf_4_13_0_CLK/A (sky130_fd_sc_hd__clkbuf_8)
     6    0.017372    0.077444    0.271443   20.725925 ^ clkbuf_4_13_0_CLK/X (sky130_fd_sc_hd__clkbuf_8)
                                                         clknet_4_13_0_CLK (net)
                      0.077455    0.000828   20.726753 ^ _1411_/CLK (sky130_fd_sc_hd__dfrtp_2)
                                 -0.250000   20.476753   clock uncertainty
                                  0.047356   20.524109   clock reconvergence pessimism
                                  0.361863   20.885971   library recovery time
                                             20.885971   data required time
---------------------------------------------------------------------------------------------
                                             20.885971   data required time
                                             -4.910599   data arrival time
---------------------------------------------------------------------------------------------
                                             15.975372   slack (MET)


Startpoint: _1441_ (rising edge-triggered flip-flop clocked by CLK)
Endpoint: _1414_ (recovery check against rising-edge clock CLK)
Path Group: asynchronous
Path Type: max

Fanout         Cap        Slew       Delay        Time   Description
---------------------------------------------------------------------------------------------
                                  0.000000    0.000000   clock CLK (rise edge)
                                  0.000000    0.000000   clock source latency
     1    0.021247    0.158803    0.114747    0.114747 ^ CLK (in)
                                                         CLK (net)
                      0.158854    0.000000    0.114747 ^ clkbuf_0_CLK/A (sky130_fd_sc_hd__clkbuf_16)
    16    0.110692    0.192001    0.382494    0.497241 ^ clkbuf_0_CLK/X (sky130_fd_sc_hd__clkbuf_16)
                                                         clknet_0_CLK (net)
                      0.192394    0.006351    0.503592 ^ clkbuf_4_10_0_CLK/A (sky130_fd_sc_hd__clkbuf_8)
     6    0.018696    0.080479    0.303195    0.806787 ^ clkbuf_4_10_0_CLK/X (sky130_fd_sc_hd__clkbuf_8)
                                                         clknet_4_10_0_CLK (net)
                      0.080488    0.000924    0.807711 ^ _1441_/CLK (sky130_fd_sc_hd__dfrtp_2)
     1    0.001743    0.062760    0.700361    1.508073 ^ _1441_/Q (sky130_fd_sc_hd__dfrtp_2)
                                                         control.reset_n (net)
                      0.062760    0.000083    1.508156 ^ hold143/A (sky130_fd_sc_hd__dlygate4sd3_1)
     2    0.010929    0.202529    1.197048    2.705204 ^ hold143/X (sky130_fd_sc_hd__dlygate4sd3_1)
                                                         net142 (net)
                      0.202529    0.000732    2.705935 ^ fanout79/A (sky130_fd_sc_hd__clkdlybuf4s25_1)
     5    0.030871    0.501304    0.874025    3.579961 ^ fanout79/X (sky130_fd_sc_hd__clkdlybuf4s25_1)
                                                         net79 (net)
                      0.501304    0.001362    3.581322 ^ fanout73/A (sky130_fd_sc_hd__clkdlybuf4s25_1)
     5    0.019250    0.321566    0.853549    4.434871 ^ fanout73/X (sky130_fd_sc_hd__clkdlybuf4s25_1)
                                                         net73 (net)
                      0.321566    0.000532    4.435403 ^ load_slew74/A (sky130_fd_sc_hd__buf_2)
     6    0.033734    0.269348    0.471454    4.906857 ^ load_slew74/X (sky130_fd_sc_hd__buf_2)
                                                         net74 (net)
                      0.269367    0.002602    4.909459 ^ _1414_/RESET_B (sky130_fd_sc_hd__dfrtp_2)
                                              4.909459   data arrival time

                                 20.000000   20.000000   clock CLK (rise edge)
                                  0.000000   20.000000   clock source latency
     1    0.021247    0.158803    0.103819   20.103819 ^ CLK (in)
                                                         CLK (net)
                      0.158854    0.000000   20.103819 ^ clkbuf_0_CLK/A (sky130_fd_sc_hd__clkbuf_16)
    16    0.110692    0.192001    0.346065   20.449884 ^ clkbuf_0_CLK/X (sky130_fd_sc_hd__clkbuf_16)
                                                         clknet_0_CLK (net)
                      0.192269    0.004352   20.454237 ^ clkbuf_4_9_0_CLK/A (sky130_fd_sc_hd__clkbuf_8)
     6    0.018064    0.079043    0.272671   20.726908 ^ clkbuf_4_9_0_CLK/X (sky130_fd_sc_hd__clkbuf_8)
                                                         clknet_4_9_0_CLK (net)
                      0.079044    0.000520   20.727427 ^ _1414_/CLK (sky130_fd_sc_hd__dfrtp_2)
                                 -0.250000   20.477428   clock uncertainty
                                  0.047356   20.524784   clock reconvergence pessimism
                                  0.362416   20.887199   library recovery time
                                             20.887199   data required time
---------------------------------------------------------------------------------------------
                                             20.887199   data required time
                                             -4.909459   data arrival time
---------------------------------------------------------------------------------------------
                                             15.977740   slack (MET)


Startpoint: _1441_ (rising edge-triggered flip-flop clocked by CLK)
Endpoint: _1461_ (recovery check against rising-edge clock CLK)
Path Group: asynchronous
Path Type: max

Fanout         Cap        Slew       Delay        Time   Description
---------------------------------------------------------------------------------------------
                                  0.000000    0.000000   clock CLK (rise edge)
                                  0.000000    0.000000   clock source latency
     1    0.021247    0.158803    0.114747    0.114747 ^ CLK (in)
                                                         CLK (net)
                      0.158854    0.000000    0.114747 ^ clkbuf_0_CLK/A (sky130_fd_sc_hd__clkbuf_16)
    16    0.110692    0.192001    0.382494    0.497241 ^ clkbuf_0_CLK/X (sky130_fd_sc_hd__clkbuf_16)
                                                         clknet_0_CLK (net)
                      0.192394    0.006351    0.503592 ^ clkbuf_4_10_0_CLK/A (sky130_fd_sc_hd__clkbuf_8)
     6    0.018696    0.080479    0.303195    0.806787 ^ clkbuf_4_10_0_CLK/X (sky130_fd_sc_hd__clkbuf_8)
                                                         clknet_4_10_0_CLK (net)
                      0.080488    0.000924    0.807711 ^ _1441_/CLK (sky130_fd_sc_hd__dfrtp_2)
     1    0.001743    0.062760    0.700361    1.508073 ^ _1441_/Q (sky130_fd_sc_hd__dfrtp_2)
                                                         control.reset_n (net)
                      0.062760    0.000083    1.508156 ^ hold143/A (sky130_fd_sc_hd__dlygate4sd3_1)
     2    0.010929    0.202529    1.197048    2.705204 ^ hold143/X (sky130_fd_sc_hd__dlygate4sd3_1)
                                                         net142 (net)
                      0.202529    0.000732    2.705935 ^ fanout79/A (sky130_fd_sc_hd__clkdlybuf4s25_1)
     5    0.030871    0.501304    0.874025    3.579961 ^ fanout79/X (sky130_fd_sc_hd__clkdlybuf4s25_1)
                                                         net79 (net)
                      0.501304    0.001362    3.581322 ^ fanout73/A (sky130_fd_sc_hd__clkdlybuf4s25_1)
     5    0.019250    0.321566    0.853549    4.434871 ^ fanout73/X (sky130_fd_sc_hd__clkdlybuf4s25_1)
                                                         net73 (net)
                      0.321566    0.000532    4.435403 ^ load_slew74/A (sky130_fd_sc_hd__buf_2)
     6    0.033734    0.269348    0.471454    4.906857 ^ load_slew74/X (sky130_fd_sc_hd__buf_2)
                                                         net74 (net)
                      0.269373    0.002904    4.909761 ^ _1461_/RESET_B (sky130_fd_sc_hd__dfrtp_2)
                                              4.909761   data arrival time

                                 20.000000   20.000000   clock CLK (rise edge)
                                  0.000000   20.000000   clock source latency
     1    0.021247    0.158803    0.103819   20.103819 ^ CLK (in)
                                                         CLK (net)
                      0.158854    0.000000   20.103819 ^ clkbuf_0_CLK/A (sky130_fd_sc_hd__clkbuf_16)
    16    0.110692    0.192001    0.346065   20.449884 ^ clkbuf_0_CLK/X (sky130_fd_sc_hd__clkbuf_16)
                                                         clknet_0_CLK (net)
                      0.192269    0.004352   20.454237 ^ clkbuf_4_9_0_CLK/A (sky130_fd_sc_hd__clkbuf_8)
     6    0.018064    0.079043    0.272671   20.726908 ^ clkbuf_4_9_0_CLK/X (sky130_fd_sc_hd__clkbuf_8)
                                                         clknet_4_9_0_CLK (net)
                      0.079091    0.001652   20.728559 ^ _1461_/CLK (sky130_fd_sc_hd__dfrtp_2)
                                 -0.250000   20.478559   clock uncertainty
                                  0.047356   20.525915   clock reconvergence pessimism
                                  0.362429   20.888344   library recovery time
                                             20.888344   data required time
---------------------------------------------------------------------------------------------
                                             20.888344   data required time
                                             -4.909761   data arrival time
---------------------------------------------------------------------------------------------
                                             15.978582   slack (MET)


Startpoint: _1441_ (rising edge-triggered flip-flop clocked by CLK)
Endpoint: _1413_ (recovery check against rising-edge clock CLK)
Path Group: asynchronous
Path Type: max

Fanout         Cap        Slew       Delay        Time   Description
---------------------------------------------------------------------------------------------
                                  0.000000    0.000000   clock CLK (rise edge)
                                  0.000000    0.000000   clock source latency
     1    0.021247    0.158803    0.114747    0.114747 ^ CLK (in)
                                                         CLK (net)
                      0.158854    0.000000    0.114747 ^ clkbuf_0_CLK/A (sky130_fd_sc_hd__clkbuf_16)
    16    0.110692    0.192001    0.382494    0.497241 ^ clkbuf_0_CLK/X (sky130_fd_sc_hd__clkbuf_16)
                                                         clknet_0_CLK (net)
                      0.192394    0.006351    0.503592 ^ clkbuf_4_10_0_CLK/A (sky130_fd_sc_hd__clkbuf_8)
     6    0.018696    0.080479    0.303195    0.806787 ^ clkbuf_4_10_0_CLK/X (sky130_fd_sc_hd__clkbuf_8)
                                                         clknet_4_10_0_CLK (net)
                      0.080488    0.000924    0.807711 ^ _1441_/CLK (sky130_fd_sc_hd__dfrtp_2)
     1    0.001743    0.062760    0.700361    1.508073 ^ _1441_/Q (sky130_fd_sc_hd__dfrtp_2)
                                                         control.reset_n (net)
                      0.062760    0.000083    1.508156 ^ hold143/A (sky130_fd_sc_hd__dlygate4sd3_1)
     2    0.010929    0.202529    1.197048    2.705204 ^ hold143/X (sky130_fd_sc_hd__dlygate4sd3_1)
                                                         net142 (net)
                      0.202529    0.000732    2.705935 ^ fanout79/A (sky130_fd_sc_hd__clkdlybuf4s25_1)
     5    0.030871    0.501304    0.874025    3.579961 ^ fanout79/X (sky130_fd_sc_hd__clkdlybuf4s25_1)
                                                         net79 (net)
                      0.501304    0.001362    3.581322 ^ fanout73/A (sky130_fd_sc_hd__clkdlybuf4s25_1)
     5    0.019250    0.321566    0.853549    4.434871 ^ fanout73/X (sky130_fd_sc_hd__clkdlybuf4s25_1)
                                                         net73 (net)
                      0.321566    0.000532    4.435403 ^ load_slew74/A (sky130_fd_sc_hd__buf_2)
     6    0.033734    0.269348    0.471454    4.906857 ^ load_slew74/X (sky130_fd_sc_hd__buf_2)
                                                         net74 (net)
                      0.269395    0.003704    4.910561 ^ _1413_/RESET_B (sky130_fd_sc_hd__dfrtp_2)
                                              4.910561   data arrival time

                                 20.000000   20.000000   clock CLK (rise edge)
                                  0.000000   20.000000   clock source latency
     1    0.021247    0.158803    0.103819   20.103819 ^ CLK (in)
                                                         CLK (net)
                      0.158854    0.000000   20.103819 ^ clkbuf_0_CLK/A (sky130_fd_sc_hd__clkbuf_16)
    16    0.110692    0.192001    0.346065   20.449884 ^ clkbuf_0_CLK/X (sky130_fd_sc_hd__clkbuf_16)
                                                         clknet_0_CLK (net)
                      0.192256    0.004187   20.454071 ^ clkbuf_4_12_0_CLK/A (sky130_fd_sc_hd__clkbuf_8)
     6    0.020022    0.083575    0.276998   20.731070 ^ clkbuf_4_12_0_CLK/X (sky130_fd_sc_hd__clkbuf_8)
                                                         clknet_4_12_0_CLK (net)
                      0.083581    0.000796   20.731865 ^ _1413_/CLK (sky130_fd_sc_hd__dfrtp_2)
                                 -0.250000   20.481865   clock uncertainty
                                  0.047356   20.529222   clock reconvergence pessimism
                                  0.363947   20.893169   library recovery time
                                             20.893169   data required time
---------------------------------------------------------------------------------------------
                                             20.893169   data required time
                                             -4.910561   data arrival time
---------------------------------------------------------------------------------------------
                                             15.982608   slack (MET)


Startpoint: _1441_ (rising edge-triggered flip-flop clocked by CLK)
Endpoint: _1412_ (recovery check against rising-edge clock CLK)
Path Group: asynchronous
Path Type: max

Fanout         Cap        Slew       Delay        Time   Description
---------------------------------------------------------------------------------------------
                                  0.000000    0.000000   clock CLK (rise edge)
                                  0.000000    0.000000   clock source latency
     1    0.021247    0.158803    0.114747    0.114747 ^ CLK (in)
                                                         CLK (net)
                      0.158854    0.000000    0.114747 ^ clkbuf_0_CLK/A (sky130_fd_sc_hd__clkbuf_16)
    16    0.110692    0.192001    0.382494    0.497241 ^ clkbuf_0_CLK/X (sky130_fd_sc_hd__clkbuf_16)
                                                         clknet_0_CLK (net)
                      0.192394    0.006351    0.503592 ^ clkbuf_4_10_0_CLK/A (sky130_fd_sc_hd__clkbuf_8)
     6    0.018696    0.080479    0.303195    0.806787 ^ clkbuf_4_10_0_CLK/X (sky130_fd_sc_hd__clkbuf_8)
                                                         clknet_4_10_0_CLK (net)
                      0.080488    0.000924    0.807711 ^ _1441_/CLK (sky130_fd_sc_hd__dfrtp_2)
     1    0.001743    0.062760    0.700361    1.508073 ^ _1441_/Q (sky130_fd_sc_hd__dfrtp_2)
                                                         control.reset_n (net)
                      0.062760    0.000083    1.508156 ^ hold143/A (sky130_fd_sc_hd__dlygate4sd3_1)
     2    0.010929    0.202529    1.197048    2.705204 ^ hold143/X (sky130_fd_sc_hd__dlygate4sd3_1)
                                                         net142 (net)
                      0.202529    0.000732    2.705935 ^ fanout79/A (sky130_fd_sc_hd__clkdlybuf4s25_1)
     5    0.030871    0.501304    0.874025    3.579961 ^ fanout79/X (sky130_fd_sc_hd__clkdlybuf4s25_1)
                                                         net79 (net)
                      0.501304    0.001362    3.581322 ^ fanout73/A (sky130_fd_sc_hd__clkdlybuf4s25_1)
     5    0.019250    0.321566    0.853549    4.434871 ^ fanout73/X (sky130_fd_sc_hd__clkdlybuf4s25_1)
                                                         net73 (net)
                      0.321566    0.000532    4.435403 ^ load_slew74/A (sky130_fd_sc_hd__buf_2)
     6    0.033734    0.269348    0.471454    4.906857 ^ load_slew74/X (sky130_fd_sc_hd__buf_2)
                                                         net74 (net)
                      0.269385    0.003363    4.910220 ^ _1412_/RESET_B (sky130_fd_sc_hd__dfrtp_2)
                                              4.910220   data arrival time

                                 20.000000   20.000000   clock CLK (rise edge)
                                  0.000000   20.000000   clock source latency
     1    0.021247    0.158803    0.103819   20.103819 ^ CLK (in)
                                                         CLK (net)
                      0.158854    0.000000   20.103819 ^ clkbuf_0_CLK/A (sky130_fd_sc_hd__clkbuf_16)
    16    0.110692    0.192001    0.346065   20.449884 ^ clkbuf_0_CLK/X (sky130_fd_sc_hd__clkbuf_16)
                                                         clknet_0_CLK (net)
                      0.192256    0.004187   20.454071 ^ clkbuf_4_12_0_CLK/A (sky130_fd_sc_hd__clkbuf_8)
     6    0.020022    0.083575    0.276998   20.731070 ^ clkbuf_4_12_0_CLK/X (sky130_fd_sc_hd__clkbuf_8)
                                                         clknet_4_12_0_CLK (net)
                      0.083577    0.000599   20.731668 ^ _1412_/CLK (sky130_fd_sc_hd__dfrtp_2)
                                 -0.250000   20.481668   clock uncertainty
                                  0.047356   20.529024   clock reconvergence pessimism
                                  0.363950   20.892975   library recovery time
                                             20.892975   data required time
---------------------------------------------------------------------------------------------
                                             20.892975   data required time
                                             -4.910220   data arrival time
---------------------------------------------------------------------------------------------
                                             15.982755   slack (MET)


Startpoint: RESET_N (input port clocked by CLK)
Endpoint: _1441_ (recovery check against rising-edge clock CLK)
Path Group: asynchronous
Path Type: max

Fanout         Cap        Slew       Delay        Time   Description
---------------------------------------------------------------------------------------------
                                  0.000000    0.000000   clock CLK (rise edge)
                                  0.000000    0.000000   clock network delay (propagated)
                                  4.000000    4.000000 ^ input external delay
     1    0.005324    0.049400    0.030649    4.030649 ^ RESET_N (in)
                                                         RESET_N (net)
                      0.049401    0.000000    4.030649 ^ input19/A (sky130_fd_sc_hd__clkdlybuf4s25_1)
     8    0.022878    0.377417    0.709760    4.740409 ^ input19/X (sky130_fd_sc_hd__clkdlybuf4s25_1)
                                                         net19 (net)
                      0.377420    0.001993    4.742402 ^ _1441_/RESET_B (sky130_fd_sc_hd__dfrtp_2)
                                              4.742402   data arrival time

                                 20.000000   20.000000   clock CLK (rise edge)
                                  0.000000   20.000000   clock source latency
     1    0.021247    0.158803    0.103819   20.103819 ^ CLK (in)
                                                         CLK (net)
                      0.158854    0.000000   20.103819 ^ clkbuf_0_CLK/A (sky130_fd_sc_hd__clkbuf_16)
    16    0.110692    0.192001    0.346065   20.449884 ^ clkbuf_0_CLK/X (sky130_fd_sc_hd__clkbuf_16)
                                                         clknet_0_CLK (net)
                      0.192394    0.005747   20.455631 ^ clkbuf_4_10_0_CLK/A (sky130_fd_sc_hd__clkbuf_8)
     6    0.018696    0.080479    0.274319   20.729950 ^ clkbuf_4_10_0_CLK/X (sky130_fd_sc_hd__clkbuf_8)
                                                         clknet_4_10_0_CLK (net)
                      0.080488    0.000837   20.730787 ^ _1441_/CLK (sky130_fd_sc_hd__dfrtp_2)
                                 -0.250000   20.480787   clock uncertainty
                                  0.000000   20.480787   clock reconvergence pessimism
                                  0.316755   20.797543   library recovery time
                                             20.797543   data required time
---------------------------------------------------------------------------------------------
                                             20.797543   data required time
                                             -4.742402   data arrival time
---------------------------------------------------------------------------------------------
                                             16.055140   slack (MET)


Startpoint: RESET_N (input port clocked by CLK)
Endpoint: _1440_ (recovery check against rising-edge clock CLK)
Path Group: asynchronous
Path Type: max

Fanout         Cap        Slew       Delay        Time   Description
---------------------------------------------------------------------------------------------
                                  0.000000    0.000000   clock CLK (rise edge)
                                  0.000000    0.000000   clock network delay (propagated)
                                  4.000000    4.000000 ^ input external delay
     1    0.005324    0.049400    0.030649    4.030649 ^ RESET_N (in)
                                                         RESET_N (net)
                      0.049401    0.000000    4.030649 ^ input19/A (sky130_fd_sc_hd__clkdlybuf4s25_1)
     8    0.022878    0.377417    0.709760    4.740409 ^ input19/X (sky130_fd_sc_hd__clkdlybuf4s25_1)
                                                         net19 (net)
                      0.377421    0.002040    4.742449 ^ _1440_/RESET_B (sky130_fd_sc_hd__dfrtp_2)
                                              4.742449   data arrival time

                                 20.000000   20.000000   clock CLK (rise edge)
                                  0.000000   20.000000   clock source latency
     1    0.021247    0.158803    0.103819   20.103819 ^ CLK (in)
                                                         CLK (net)
                      0.158854    0.000000   20.103819 ^ clkbuf_0_CLK/A (sky130_fd_sc_hd__clkbuf_16)
    16    0.110692    0.192001    0.346065   20.449884 ^ clkbuf_0_CLK/X (sky130_fd_sc_hd__clkbuf_16)
                                                         clknet_0_CLK (net)
                      0.192394    0.005747   20.455631 ^ clkbuf_4_10_0_CLK/A (sky130_fd_sc_hd__clkbuf_8)
     6    0.018696    0.080479    0.274319   20.729950 ^ clkbuf_4_10_0_CLK/X (sky130_fd_sc_hd__clkbuf_8)
                                                         clknet_4_10_0_CLK (net)
                      0.080491    0.000922   20.730871 ^ _1440_/CLK (sky130_fd_sc_hd__dfrtp_2)
                                 -0.250000   20.480873   clock uncertainty
                                  0.000000   20.480873   clock reconvergence pessimism
                                  0.316756   20.797628   library recovery time
                                             20.797628   data required time
---------------------------------------------------------------------------------------------
                                             20.797628   data required time
                                             -4.742449   data arrival time
---------------------------------------------------------------------------------------------
                                             16.055180   slack (MET)


Startpoint: _1441_ (rising edge-triggered flip-flop clocked by CLK)
Endpoint: _1406_ (recovery check against rising-edge clock CLK)
Path Group: asynchronous
Path Type: max

Fanout         Cap        Slew       Delay        Time   Description
---------------------------------------------------------------------------------------------
                                  0.000000    0.000000   clock CLK (rise edge)
                                  0.000000    0.000000   clock source latency
     1    0.021247    0.158803    0.114747    0.114747 ^ CLK (in)
                                                         CLK (net)
                      0.158854    0.000000    0.114747 ^ clkbuf_0_CLK/A (sky130_fd_sc_hd__clkbuf_16)
    16    0.110692    0.192001    0.382494    0.497241 ^ clkbuf_0_CLK/X (sky130_fd_sc_hd__clkbuf_16)
                                                         clknet_0_CLK (net)
                      0.192394    0.006351    0.503592 ^ clkbuf_4_10_0_CLK/A (sky130_fd_sc_hd__clkbuf_8)
     6    0.018696    0.080479    0.303195    0.806787 ^ clkbuf_4_10_0_CLK/X (sky130_fd_sc_hd__clkbuf_8)
                                                         clknet_4_10_0_CLK (net)
                      0.080488    0.000924    0.807711 ^ _1441_/CLK (sky130_fd_sc_hd__dfrtp_2)
     1    0.001743    0.062760    0.700361    1.508073 ^ _1441_/Q (sky130_fd_sc_hd__dfrtp_2)
                                                         control.reset_n (net)
                      0.062760    0.000083    1.508156 ^ hold143/A (sky130_fd_sc_hd__dlygate4sd3_1)
     2    0.010929    0.202529    1.197048    2.705204 ^ hold143/X (sky130_fd_sc_hd__dlygate4sd3_1)
                                                         net142 (net)
                      0.202529    0.000732    2.705935 ^ fanout79/A (sky130_fd_sc_hd__clkdlybuf4s25_1)
     5    0.030871    0.501304    0.874025    3.579961 ^ fanout79/X (sky130_fd_sc_hd__clkdlybuf4s25_1)
                                                         net79 (net)
                      0.501304    0.001384    3.581345 ^ fanout77/A (sky130_fd_sc_hd__clkdlybuf4s25_1)
     3    0.014439    0.247401    0.797660    4.379005 ^ fanout77/X (sky130_fd_sc_hd__clkdlybuf4s25_1)
                                                         net77 (net)
                      0.247401    0.000777    4.379783 ^ load_slew78/A (sky130_fd_sc_hd__buf_2)
     8    0.033029    0.263576    0.438127    4.817909 ^ load_slew78/X (sky130_fd_sc_hd__buf_2)
                                                         net78 (net)
                      0.263592    0.002379    4.820289 ^ _1406_/RESET_B (sky130_fd_sc_hd__dfrtp_2)
                                              4.820289   data arrival time

                                 20.000000   20.000000   clock CLK (rise edge)
                                  0.000000   20.000000   clock source latency
     1    0.021247    0.158803    0.103819   20.103819 ^ CLK (in)
                                                         CLK (net)
                      0.158854    0.000000   20.103819 ^ clkbuf_0_CLK/A (sky130_fd_sc_hd__clkbuf_16)
    16    0.110692    0.192001    0.346065   20.449884 ^ clkbuf_0_CLK/X (sky130_fd_sc_hd__clkbuf_16)
                                                         clknet_0_CLK (net)
                      0.192389    0.005697   20.455582 ^ clkbuf_4_11_0_CLK/A (sky130_fd_sc_hd__clkbuf_8)
     6    0.017155    0.076953    0.271019   20.726599 ^ clkbuf_4_11_0_CLK/X (sky130_fd_sc_hd__clkbuf_8)
                                                         clknet_4_11_0_CLK (net)
                      0.076963    0.000801   20.727402 ^ _1406_/CLK (sky130_fd_sc_hd__dfrtp_2)
                                 -0.250000   20.477402   clock uncertainty
                                  0.047356   20.524757   clock reconvergence pessimism
                                  0.364175   20.888931   library recovery time
                                             20.888931   data required time
---------------------------------------------------------------------------------------------
                                             20.888931   data required time
                                             -4.820289   data arrival time
---------------------------------------------------------------------------------------------
                                             16.068644   slack (MET)


Startpoint: _1441_ (rising edge-triggered flip-flop clocked by CLK)
Endpoint: _1408_ (recovery check against rising-edge clock CLK)
Path Group: asynchronous
Path Type: max

Fanout         Cap        Slew       Delay        Time   Description
---------------------------------------------------------------------------------------------
                                  0.000000    0.000000   clock CLK (rise edge)
                                  0.000000    0.000000   clock source latency
     1    0.021247    0.158803    0.114747    0.114747 ^ CLK (in)
                                                         CLK (net)
                      0.158854    0.000000    0.114747 ^ clkbuf_0_CLK/A (sky130_fd_sc_hd__clkbuf_16)
    16    0.110692    0.192001    0.382494    0.497241 ^ clkbuf_0_CLK/X (sky130_fd_sc_hd__clkbuf_16)
                                                         clknet_0_CLK (net)
                      0.192394    0.006351    0.503592 ^ clkbuf_4_10_0_CLK/A (sky130_fd_sc_hd__clkbuf_8)
     6    0.018696    0.080479    0.303195    0.806787 ^ clkbuf_4_10_0_CLK/X (sky130_fd_sc_hd__clkbuf_8)
                                                         clknet_4_10_0_CLK (net)
                      0.080488    0.000924    0.807711 ^ _1441_/CLK (sky130_fd_sc_hd__dfrtp_2)
     1    0.001743    0.062760    0.700361    1.508073 ^ _1441_/Q (sky130_fd_sc_hd__dfrtp_2)
                                                         control.reset_n (net)
                      0.062760    0.000083    1.508156 ^ hold143/A (sky130_fd_sc_hd__dlygate4sd3_1)
     2    0.010929    0.202529    1.197048    2.705204 ^ hold143/X (sky130_fd_sc_hd__dlygate4sd3_1)
                                                         net142 (net)
                      0.202529    0.000732    2.705935 ^ fanout79/A (sky130_fd_sc_hd__clkdlybuf4s25_1)
     5    0.030871    0.501304    0.874025    3.579961 ^ fanout79/X (sky130_fd_sc_hd__clkdlybuf4s25_1)
                                                         net79 (net)
                      0.501304    0.001384    3.581345 ^ fanout77/A (sky130_fd_sc_hd__clkdlybuf4s25_1)
     3    0.014439    0.247401    0.797660    4.379005 ^ fanout77/X (sky130_fd_sc_hd__clkdlybuf4s25_1)
                                                         net77 (net)
                      0.247401    0.000777    4.379783 ^ load_slew78/A (sky130_fd_sc_hd__buf_2)
     8    0.033029    0.263576    0.438127    4.817909 ^ load_slew78/X (sky130_fd_sc_hd__buf_2)
                                                         net78 (net)
                      0.263592    0.002365    4.820274 ^ _1408_/RESET_B (sky130_fd_sc_hd__dfrtp_2)
                                              4.820274   data arrival time

                                 20.000000   20.000000   clock CLK (rise edge)
                                  0.000000   20.000000   clock source latency
     1    0.021247    0.158803    0.103819   20.103819 ^ CLK (in)
                                                         CLK (net)
                      0.158854    0.000000   20.103819 ^ clkbuf_0_CLK/A (sky130_fd_sc_hd__clkbuf_16)
    16    0.110692    0.192001    0.346065   20.449884 ^ clkbuf_0_CLK/X (sky130_fd_sc_hd__clkbuf_16)
                                                         clknet_0_CLK (net)
                      0.192389    0.005697   20.455582 ^ clkbuf_4_11_0_CLK/A (sky130_fd_sc_hd__clkbuf_8)
     6    0.017155    0.076953    0.271019   20.726599 ^ clkbuf_4_11_0_CLK/X (sky130_fd_sc_hd__clkbuf_8)
                                                         clknet_4_11_0_CLK (net)
                      0.076966    0.000879   20.727480 ^ _1408_/CLK (sky130_fd_sc_hd__dfrtp_2)
                                 -0.250000   20.477480   clock uncertainty
                                  0.047356   20.524836   clock reconvergence pessimism
                                  0.364176   20.889011   library recovery time
                                             20.889011   data required time
---------------------------------------------------------------------------------------------
                                             20.889011   data required time
                                             -4.820274   data arrival time
---------------------------------------------------------------------------------------------
                                             16.068737   slack (MET)


Startpoint: _1441_ (rising edge-triggered flip-flop clocked by CLK)
Endpoint: _1405_ (recovery check against rising-edge clock CLK)
Path Group: asynchronous
Path Type: max

Fanout         Cap        Slew       Delay        Time   Description
---------------------------------------------------------------------------------------------
                                  0.000000    0.000000   clock CLK (rise edge)
                                  0.000000    0.000000   clock source latency
     1    0.021247    0.158803    0.114747    0.114747 ^ CLK (in)
                                                         CLK (net)
                      0.158854    0.000000    0.114747 ^ clkbuf_0_CLK/A (sky130_fd_sc_hd__clkbuf_16)
    16    0.110692    0.192001    0.382494    0.497241 ^ clkbuf_0_CLK/X (sky130_fd_sc_hd__clkbuf_16)
                                                         clknet_0_CLK (net)
                      0.192394    0.006351    0.503592 ^ clkbuf_4_10_0_CLK/A (sky130_fd_sc_hd__clkbuf_8)
     6    0.018696    0.080479    0.303195    0.806787 ^ clkbuf_4_10_0_CLK/X (sky130_fd_sc_hd__clkbuf_8)
                                                         clknet_4_10_0_CLK (net)
                      0.080488    0.000924    0.807711 ^ _1441_/CLK (sky130_fd_sc_hd__dfrtp_2)
     1    0.001743    0.062760    0.700361    1.508073 ^ _1441_/Q (sky130_fd_sc_hd__dfrtp_2)
                                                         control.reset_n (net)
                      0.062760    0.000083    1.508156 ^ hold143/A (sky130_fd_sc_hd__dlygate4sd3_1)
     2    0.010929    0.202529    1.197048    2.705204 ^ hold143/X (sky130_fd_sc_hd__dlygate4sd3_1)
                                                         net142 (net)
                      0.202529    0.000732    2.705935 ^ fanout79/A (sky130_fd_sc_hd__clkdlybuf4s25_1)
     5    0.030871    0.501304    0.874025    3.579961 ^ fanout79/X (sky130_fd_sc_hd__clkdlybuf4s25_1)
                                                         net79 (net)
                      0.501304    0.001384    3.581345 ^ fanout77/A (sky130_fd_sc_hd__clkdlybuf4s25_1)
     3    0.014439    0.247401    0.797660    4.379005 ^ fanout77/X (sky130_fd_sc_hd__clkdlybuf4s25_1)
                                                         net77 (net)
                      0.247401    0.000777    4.379783 ^ load_slew78/A (sky130_fd_sc_hd__buf_2)
     8    0.033029    0.263576    0.438127    4.817909 ^ load_slew78/X (sky130_fd_sc_hd__buf_2)
                                                         net78 (net)
                      0.263586    0.002016    4.819925 ^ _1405_/RESET_B (sky130_fd_sc_hd__dfrtp_2)
                                              4.819925   data arrival time

                                 20.000000   20.000000   clock CLK (rise edge)
                                  0.000000   20.000000   clock source latency
     1    0.021247    0.158803    0.103819   20.103819 ^ CLK (in)
                                                         CLK (net)
                      0.158854    0.000000   20.103819 ^ clkbuf_0_CLK/A (sky130_fd_sc_hd__clkbuf_16)
    16    0.110692    0.192001    0.346065   20.449884 ^ clkbuf_0_CLK/X (sky130_fd_sc_hd__clkbuf_16)
                                                         clknet_0_CLK (net)
                      0.192389    0.005697   20.455582 ^ clkbuf_4_11_0_CLK/A (sky130_fd_sc_hd__clkbuf_8)
     6    0.017155    0.076953    0.271019   20.726599 ^ clkbuf_4_11_0_CLK/X (sky130_fd_sc_hd__clkbuf_8)
                                                         clknet_4_11_0_CLK (net)
                      0.076965    0.000865   20.727465 ^ _1405_/CLK (sky130_fd_sc_hd__dfrtp_2)
                                 -0.250000   20.477467   clock uncertainty
                                  0.047356   20.524822   clock reconvergence pessimism
                                  0.364178   20.889000   library recovery time
                                             20.889000   data required time
---------------------------------------------------------------------------------------------
                                             20.889000   data required time
                                             -4.819925   data arrival time
---------------------------------------------------------------------------------------------
                                             16.069073   slack (MET)


Startpoint: _1441_ (rising edge-triggered flip-flop clocked by CLK)
Endpoint: _1403_ (recovery check against rising-edge clock CLK)
Path Group: asynchronous
Path Type: max

Fanout         Cap        Slew       Delay        Time   Description
---------------------------------------------------------------------------------------------
                                  0.000000    0.000000   clock CLK (rise edge)
                                  0.000000    0.000000   clock source latency
     1    0.021247    0.158803    0.114747    0.114747 ^ CLK (in)
                                                         CLK (net)
                      0.158854    0.000000    0.114747 ^ clkbuf_0_CLK/A (sky130_fd_sc_hd__clkbuf_16)
    16    0.110692    0.192001    0.382494    0.497241 ^ clkbuf_0_CLK/X (sky130_fd_sc_hd__clkbuf_16)
                                                         clknet_0_CLK (net)
                      0.192394    0.006351    0.503592 ^ clkbuf_4_10_0_CLK/A (sky130_fd_sc_hd__clkbuf_8)
     6    0.018696    0.080479    0.303195    0.806787 ^ clkbuf_4_10_0_CLK/X (sky130_fd_sc_hd__clkbuf_8)
                                                         clknet_4_10_0_CLK (net)
                      0.080488    0.000924    0.807711 ^ _1441_/CLK (sky130_fd_sc_hd__dfrtp_2)
     1    0.001743    0.062760    0.700361    1.508073 ^ _1441_/Q (sky130_fd_sc_hd__dfrtp_2)
                                                         control.reset_n (net)
                      0.062760    0.000083    1.508156 ^ hold143/A (sky130_fd_sc_hd__dlygate4sd3_1)
     2    0.010929    0.202529    1.197048    2.705204 ^ hold143/X (sky130_fd_sc_hd__dlygate4sd3_1)
                                                         net142 (net)
                      0.202529    0.000732    2.705935 ^ fanout79/A (sky130_fd_sc_hd__clkdlybuf4s25_1)
     5    0.030871    0.501304    0.874025    3.579961 ^ fanout79/X (sky130_fd_sc_hd__clkdlybuf4s25_1)
                                                         net79 (net)
                      0.501304    0.001384    3.581345 ^ fanout77/A (sky130_fd_sc_hd__clkdlybuf4s25_1)
     3    0.014439    0.247401    0.797660    4.379005 ^ fanout77/X (sky130_fd_sc_hd__clkdlybuf4s25_1)
                                                         net77 (net)
                      0.247401    0.000777    4.379783 ^ load_slew78/A (sky130_fd_sc_hd__buf_2)
     8    0.033029    0.263576    0.438127    4.817909 ^ load_slew78/X (sky130_fd_sc_hd__buf_2)
                                                         net78 (net)
                      0.263584    0.001826    4.819736 ^ _1403_/RESET_B (sky130_fd_sc_hd__dfrtp_2)
                                              4.819736   data arrival time

                                 20.000000   20.000000   clock CLK (rise edge)
                                  0.000000   20.000000   clock source latency
     1    0.021247    0.158803    0.103819   20.103819 ^ CLK (in)
                                                         CLK (net)
                      0.158854    0.000000   20.103819 ^ clkbuf_0_CLK/A (sky130_fd_sc_hd__clkbuf_16)
    16    0.110692    0.192001    0.346065   20.449884 ^ clkbuf_0_CLK/X (sky130_fd_sc_hd__clkbuf_16)
                                                         clknet_0_CLK (net)
                      0.192389    0.005697   20.455582 ^ clkbuf_4_11_0_CLK/A (sky130_fd_sc_hd__clkbuf_8)
     6    0.017155    0.076953    0.271019   20.726599 ^ clkbuf_4_11_0_CLK/X (sky130_fd_sc_hd__clkbuf_8)
                                                         clknet_4_11_0_CLK (net)
                      0.076966    0.000897   20.727497 ^ _1403_/CLK (sky130_fd_sc_hd__dfrtp_2)
                                 -0.250000   20.477497   clock uncertainty
                                  0.047356   20.524853   clock reconvergence pessimism
                                  0.364180   20.889032   library recovery time
                                             20.889032   data required time
---------------------------------------------------------------------------------------------
                                             20.889032   data required time
                                             -4.819736   data arrival time
---------------------------------------------------------------------------------------------
                                             16.069298   slack (MET)


Startpoint: _1441_ (rising edge-triggered flip-flop clocked by CLK)
Endpoint: _1407_ (recovery check against rising-edge clock CLK)
Path Group: asynchronous
Path Type: max

Fanout         Cap        Slew       Delay        Time   Description
---------------------------------------------------------------------------------------------
                                  0.000000    0.000000   clock CLK (rise edge)
                                  0.000000    0.000000   clock source latency
     1    0.021247    0.158803    0.114747    0.114747 ^ CLK (in)
                                                         CLK (net)
                      0.158854    0.000000    0.114747 ^ clkbuf_0_CLK/A (sky130_fd_sc_hd__clkbuf_16)
    16    0.110692    0.192001    0.382494    0.497241 ^ clkbuf_0_CLK/X (sky130_fd_sc_hd__clkbuf_16)
                                                         clknet_0_CLK (net)
                      0.192394    0.006351    0.503592 ^ clkbuf_4_10_0_CLK/A (sky130_fd_sc_hd__clkbuf_8)
     6    0.018696    0.080479    0.303195    0.806787 ^ clkbuf_4_10_0_CLK/X (sky130_fd_sc_hd__clkbuf_8)
                                                         clknet_4_10_0_CLK (net)
                      0.080488    0.000924    0.807711 ^ _1441_/CLK (sky130_fd_sc_hd__dfrtp_2)
     1    0.001743    0.062760    0.700361    1.508073 ^ _1441_/Q (sky130_fd_sc_hd__dfrtp_2)
                                                         control.reset_n (net)
                      0.062760    0.000083    1.508156 ^ hold143/A (sky130_fd_sc_hd__dlygate4sd3_1)
     2    0.010929    0.202529    1.197048    2.705204 ^ hold143/X (sky130_fd_sc_hd__dlygate4sd3_1)
                                                         net142 (net)
                      0.202529    0.000732    2.705935 ^ fanout79/A (sky130_fd_sc_hd__clkdlybuf4s25_1)
     5    0.030871    0.501304    0.874025    3.579961 ^ fanout79/X (sky130_fd_sc_hd__clkdlybuf4s25_1)
                                                         net79 (net)
                      0.501304    0.001384    3.581345 ^ fanout77/A (sky130_fd_sc_hd__clkdlybuf4s25_1)
     3    0.014439    0.247401    0.797660    4.379005 ^ fanout77/X (sky130_fd_sc_hd__clkdlybuf4s25_1)
                                                         net77 (net)
                      0.247401    0.000777    4.379783 ^ load_slew78/A (sky130_fd_sc_hd__buf_2)
     8    0.033029    0.263576    0.438127    4.817909 ^ load_slew78/X (sky130_fd_sc_hd__buf_2)
                                                         net78 (net)
                      0.263589    0.002168    4.820077 ^ _1407_/RESET_B (sky130_fd_sc_hd__dfrtp_2)
                                              4.820077   data arrival time

                                 20.000000   20.000000   clock CLK (rise edge)
                                  0.000000   20.000000   clock source latency
     1    0.021247    0.158803    0.103819   20.103819 ^ CLK (in)
                                                         CLK (net)
                      0.158854    0.000000   20.103819 ^ clkbuf_0_CLK/A (sky130_fd_sc_hd__clkbuf_16)
    16    0.110692    0.192001    0.346065   20.449884 ^ clkbuf_0_CLK/X (sky130_fd_sc_hd__clkbuf_16)
                                                         clknet_0_CLK (net)
                      0.192366    0.005466   20.455351 ^ clkbuf_4_14_0_CLK/A (sky130_fd_sc_hd__clkbuf_8)
     6    0.018935    0.081026    0.274854   20.730204 ^ clkbuf_4_14_0_CLK/X (sky130_fd_sc_hd__clkbuf_8)
                                                         clknet_4_14_0_CLK (net)
                      0.081037    0.000897   20.731100 ^ _1407_/CLK (sky130_fd_sc_hd__dfrtp_2)
                                 -0.250000   20.481102   clock uncertainty
                                  0.047356   20.528458   clock reconvergence pessimism
                                  0.365562   20.894020   library recovery time
                                             20.894020   data required time
---------------------------------------------------------------------------------------------
                                             20.894020   data required time
                                             -4.820077   data arrival time
---------------------------------------------------------------------------------------------
                                             16.073942   slack (MET)


Startpoint: _1441_ (rising edge-triggered flip-flop clocked by CLK)
Endpoint: _1404_ (recovery check against rising-edge clock CLK)
Path Group: asynchronous
Path Type: max

Fanout         Cap        Slew       Delay        Time   Description
---------------------------------------------------------------------------------------------
                                  0.000000    0.000000   clock CLK (rise edge)
                                  0.000000    0.000000   clock source latency
     1    0.021247    0.158803    0.114747    0.114747 ^ CLK (in)
                                                         CLK (net)
                      0.158854    0.000000    0.114747 ^ clkbuf_0_CLK/A (sky130_fd_sc_hd__clkbuf_16)
    16    0.110692    0.192001    0.382494    0.497241 ^ clkbuf_0_CLK/X (sky130_fd_sc_hd__clkbuf_16)
                                                         clknet_0_CLK (net)
                      0.192394    0.006351    0.503592 ^ clkbuf_4_10_0_CLK/A (sky130_fd_sc_hd__clkbuf_8)
     6    0.018696    0.080479    0.303195    0.806787 ^ clkbuf_4_10_0_CLK/X (sky130_fd_sc_hd__clkbuf_8)
                                                         clknet_4_10_0_CLK (net)
                      0.080488    0.000924    0.807711 ^ _1441_/CLK (sky130_fd_sc_hd__dfrtp_2)
     1    0.001743    0.062760    0.700361    1.508073 ^ _1441_/Q (sky130_fd_sc_hd__dfrtp_2)
                                                         control.reset_n (net)
                      0.062760    0.000083    1.508156 ^ hold143/A (sky130_fd_sc_hd__dlygate4sd3_1)
     2    0.010929    0.202529    1.197048    2.705204 ^ hold143/X (sky130_fd_sc_hd__dlygate4sd3_1)
                                                         net142 (net)
                      0.202529    0.000732    2.705935 ^ fanout79/A (sky130_fd_sc_hd__clkdlybuf4s25_1)
     5    0.030871    0.501304    0.874025    3.579961 ^ fanout79/X (sky130_fd_sc_hd__clkdlybuf4s25_1)
                                                         net79 (net)
                      0.501304    0.001384    3.581345 ^ fanout77/A (sky130_fd_sc_hd__clkdlybuf4s25_1)
     3    0.014439    0.247401    0.797660    4.379005 ^ fanout77/X (sky130_fd_sc_hd__clkdlybuf4s25_1)
                                                         net77 (net)
                      0.247401    0.000777    4.379783 ^ load_slew78/A (sky130_fd_sc_hd__buf_2)
     8    0.033029    0.263576    0.438127    4.817909 ^ load_slew78/X (sky130_fd_sc_hd__buf_2)
                                                         net78 (net)
                      0.263584    0.001849    4.819758 ^ _1404_/RESET_B (sky130_fd_sc_hd__dfrtp_2)
                                              4.819758   data arrival time

                                 20.000000   20.000000   clock CLK (rise edge)
                                  0.000000   20.000000   clock source latency
     1    0.021247    0.158803    0.103819   20.103819 ^ CLK (in)
                                                         CLK (net)
                      0.158854    0.000000   20.103819 ^ clkbuf_0_CLK/A (sky130_fd_sc_hd__clkbuf_16)
    16    0.110692    0.192001    0.346065   20.449884 ^ clkbuf_0_CLK/X (sky130_fd_sc_hd__clkbuf_16)
                                                         clknet_0_CLK (net)
                      0.192394    0.005747   20.455631 ^ clkbuf_4_10_0_CLK/A (sky130_fd_sc_hd__clkbuf_8)
     6    0.018696    0.080479    0.274319   20.729950 ^ clkbuf_4_10_0_CLK/X (sky130_fd_sc_hd__clkbuf_8)
                                                         clknet_4_10_0_CLK (net)
                      0.080495    0.001025   20.730974 ^ _1404_/CLK (sky130_fd_sc_hd__dfrtp_2)
                                 -0.250000   20.480976   clock uncertainty
                                  0.076837   20.557812   clock reconvergence pessimism
                                  0.365379   20.923191   library recovery time
                                             20.923191   data required time
---------------------------------------------------------------------------------------------
                                             20.923191   data required time
                                             -4.819758   data arrival time
---------------------------------------------------------------------------------------------
                                             16.103432   slack (MET)


Startpoint: _1441_ (rising edge-triggered flip-flop clocked by CLK)
Endpoint: _1473_ (recovery check against rising-edge clock CLK)
Path Group: asynchronous
Path Type: max

Fanout         Cap        Slew       Delay        Time   Description
---------------------------------------------------------------------------------------------
                                  0.000000    0.000000   clock CLK (rise edge)
                                  0.000000    0.000000   clock source latency
     1    0.021247    0.158803    0.114747    0.114747 ^ CLK (in)
                                                         CLK (net)
                      0.158854    0.000000    0.114747 ^ clkbuf_0_CLK/A (sky130_fd_sc_hd__clkbuf_16)
    16    0.110692    0.192001    0.382494    0.497241 ^ clkbuf_0_CLK/X (sky130_fd_sc_hd__clkbuf_16)
                                                         clknet_0_CLK (net)
                      0.192394    0.006351    0.503592 ^ clkbuf_4_10_0_CLK/A (sky130_fd_sc_hd__clkbuf_8)
     6    0.018696    0.080479    0.303195    0.806787 ^ clkbuf_4_10_0_CLK/X (sky130_fd_sc_hd__clkbuf_8)
                                                         clknet_4_10_0_CLK (net)
                      0.080488    0.000924    0.807711 ^ _1441_/CLK (sky130_fd_sc_hd__dfrtp_2)
     1    0.001743    0.062760    0.700361    1.508073 ^ _1441_/Q (sky130_fd_sc_hd__dfrtp_2)
                                                         control.reset_n (net)
                      0.062760    0.000083    1.508156 ^ hold143/A (sky130_fd_sc_hd__dlygate4sd3_1)
     2    0.010929    0.202529    1.197048    2.705204 ^ hold143/X (sky130_fd_sc_hd__dlygate4sd3_1)
                                                         net142 (net)
                      0.202529    0.000732    2.705935 ^ fanout79/A (sky130_fd_sc_hd__clkdlybuf4s25_1)
     5    0.030871    0.501304    0.874025    3.579961 ^ fanout79/X (sky130_fd_sc_hd__clkdlybuf4s25_1)
                                                         net79 (net)
                      0.501304    0.001384    3.581345 ^ fanout77/A (sky130_fd_sc_hd__clkdlybuf4s25_1)
     3    0.014439    0.247401    0.797660    4.379005 ^ fanout77/X (sky130_fd_sc_hd__clkdlybuf4s25_1)
                                                         net77 (net)
                      0.247401    0.000777    4.379783 ^ load_slew78/A (sky130_fd_sc_hd__buf_2)
     8    0.033029    0.263576    0.438127    4.817909 ^ load_slew78/X (sky130_fd_sc_hd__buf_2)
                                                         net78 (net)
                      0.263581    0.001566    4.819475 ^ _1473_/RESET_B (sky130_fd_sc_hd__dfrtp_2)
                                              4.819475   data arrival time

                                 20.000000   20.000000   clock CLK (rise edge)
                                  0.000000   20.000000   clock source latency
     1    0.021247    0.158803    0.103819   20.103819 ^ CLK (in)
                                                         CLK (net)
                      0.158854    0.000000   20.103819 ^ clkbuf_0_CLK/A (sky130_fd_sc_hd__clkbuf_16)
    16    0.110692    0.192001    0.346065   20.449884 ^ clkbuf_0_CLK/X (sky130_fd_sc_hd__clkbuf_16)
                                                         clknet_0_CLK (net)
                      0.192394    0.005747   20.455631 ^ clkbuf_4_10_0_CLK/A (sky130_fd_sc_hd__clkbuf_8)
     6    0.018696    0.080479    0.274319   20.729950 ^ clkbuf_4_10_0_CLK/X (sky130_fd_sc_hd__clkbuf_8)
                                                         clknet_4_10_0_CLK (net)
                      0.080487    0.000803   20.730753 ^ _1473_/CLK (sky130_fd_sc_hd__dfrtp_2)
                                 -0.250000   20.480753   clock uncertainty
                                  0.076837   20.557590   clock reconvergence pessimism
                                  0.365378   20.922968   library recovery time
                                             20.922968   data required time
---------------------------------------------------------------------------------------------
                                             20.922968   data required time
                                             -4.819475   data arrival time
---------------------------------------------------------------------------------------------
                                             16.103495   slack (MET)


Startpoint: _1441_ (rising edge-triggered flip-flop clocked by CLK)
Endpoint: _1472_ (recovery check against rising-edge clock CLK)
Path Group: asynchronous
Path Type: max

Fanout         Cap        Slew       Delay        Time   Description
---------------------------------------------------------------------------------------------
                                  0.000000    0.000000   clock CLK (rise edge)
                                  0.000000    0.000000   clock source latency
     1    0.021247    0.158803    0.114747    0.114747 ^ CLK (in)
                                                         CLK (net)
                      0.158854    0.000000    0.114747 ^ clkbuf_0_CLK/A (sky130_fd_sc_hd__clkbuf_16)
    16    0.110692    0.192001    0.382494    0.497241 ^ clkbuf_0_CLK/X (sky130_fd_sc_hd__clkbuf_16)
                                                         clknet_0_CLK (net)
                      0.192394    0.006351    0.503592 ^ clkbuf_4_10_0_CLK/A (sky130_fd_sc_hd__clkbuf_8)
     6    0.018696    0.080479    0.303195    0.806787 ^ clkbuf_4_10_0_CLK/X (sky130_fd_sc_hd__clkbuf_8)
                                                         clknet_4_10_0_CLK (net)
                      0.080488    0.000924    0.807711 ^ _1441_/CLK (sky130_fd_sc_hd__dfrtp_2)
     1    0.001743    0.062760    0.700361    1.508073 ^ _1441_/Q (sky130_fd_sc_hd__dfrtp_2)
                                                         control.reset_n (net)
                      0.062760    0.000083    1.508156 ^ hold143/A (sky130_fd_sc_hd__dlygate4sd3_1)
     2    0.010929    0.202529    1.197048    2.705204 ^ hold143/X (sky130_fd_sc_hd__dlygate4sd3_1)
                                                         net142 (net)
                      0.202529    0.000732    2.705935 ^ fanout79/A (sky130_fd_sc_hd__clkdlybuf4s25_1)
     5    0.030871    0.501304    0.874025    3.579961 ^ fanout79/X (sky130_fd_sc_hd__clkdlybuf4s25_1)
                                                         net79 (net)
                      0.501304    0.001384    3.581345 ^ fanout77/A (sky130_fd_sc_hd__clkdlybuf4s25_1)
     3    0.014439    0.247401    0.797660    4.379005 ^ fanout77/X (sky130_fd_sc_hd__clkdlybuf4s25_1)
                                                         net77 (net)
                      0.247401    0.000777    4.379783 ^ load_slew78/A (sky130_fd_sc_hd__buf_2)
     8    0.033029    0.263576    0.438127    4.817909 ^ load_slew78/X (sky130_fd_sc_hd__buf_2)
                                                         net78 (net)
                      0.263580    0.001544    4.819453 ^ _1472_/RESET_B (sky130_fd_sc_hd__dfrtp_2)
                                              4.819453   data arrival time

                                 20.000000   20.000000   clock CLK (rise edge)
                                  0.000000   20.000000   clock source latency
     1    0.021247    0.158803    0.103819   20.103819 ^ CLK (in)
                                                         CLK (net)
                      0.158854    0.000000   20.103819 ^ clkbuf_0_CLK/A (sky130_fd_sc_hd__clkbuf_16)
    16    0.110692    0.192001    0.346065   20.449884 ^ clkbuf_0_CLK/X (sky130_fd_sc_hd__clkbuf_16)
                                                         clknet_0_CLK (net)
                      0.192394    0.005747   20.455631 ^ clkbuf_4_10_0_CLK/A (sky130_fd_sc_hd__clkbuf_8)
     6    0.018696    0.080479    0.274319   20.729950 ^ clkbuf_4_10_0_CLK/X (sky130_fd_sc_hd__clkbuf_8)
                                                         clknet_4_10_0_CLK (net)
                      0.080488    0.000835   20.730785 ^ _1472_/CLK (sky130_fd_sc_hd__dfrtp_2)
                                 -0.250000   20.480785   clock uncertainty
                                  0.076837   20.557623   clock reconvergence pessimism
                                  0.365379   20.923000   library recovery time
                                             20.923000   data required time
---------------------------------------------------------------------------------------------
                                             20.923000   data required time
                                             -4.819453   data arrival time
---------------------------------------------------------------------------------------------
                                             16.103548   slack (MET)


Startpoint: _1441_ (rising edge-triggered flip-flop clocked by CLK)
Endpoint: _1436_ (recovery check against rising-edge clock CLK)
Path Group: asynchronous
Path Type: max

Fanout         Cap        Slew       Delay        Time   Description
---------------------------------------------------------------------------------------------
                                  0.000000    0.000000   clock CLK (rise edge)
                                  0.000000    0.000000   clock source latency
     1    0.021247    0.158803    0.114747    0.114747 ^ CLK (in)
                                                         CLK (net)
                      0.158854    0.000000    0.114747 ^ clkbuf_0_CLK/A (sky130_fd_sc_hd__clkbuf_16)
    16    0.110692    0.192001    0.382494    0.497241 ^ clkbuf_0_CLK/X (sky130_fd_sc_hd__clkbuf_16)
                                                         clknet_0_CLK (net)
                      0.192394    0.006351    0.503592 ^ clkbuf_4_10_0_CLK/A (sky130_fd_sc_hd__clkbuf_8)
     6    0.018696    0.080479    0.303195    0.806787 ^ clkbuf_4_10_0_CLK/X (sky130_fd_sc_hd__clkbuf_8)
                                                         clknet_4_10_0_CLK (net)
                      0.080488    0.000924    0.807711 ^ _1441_/CLK (sky130_fd_sc_hd__dfrtp_2)
     1    0.001743    0.062760    0.700361    1.508073 ^ _1441_/Q (sky130_fd_sc_hd__dfrtp_2)
                                                         control.reset_n (net)
                      0.062760    0.000083    1.508156 ^ hold143/A (sky130_fd_sc_hd__dlygate4sd3_1)
     2    0.010929    0.202529    1.197048    2.705204 ^ hold143/X (sky130_fd_sc_hd__dlygate4sd3_1)
                                                         net142 (net)
                      0.202531    0.001086    2.706290 ^ fanout72/A (sky130_fd_sc_hd__clkdlybuf4s25_1)
     8    0.039601    0.637829    0.974377    3.680667 ^ fanout72/X (sky130_fd_sc_hd__clkdlybuf4s25_1)
                                                         net72 (net)
                      0.637829    0.000122    3.680789 ^ fanout70/A (sky130_fd_sc_hd__clkdlybuf4s25_1)
     5    0.018327    0.307371    0.892521    4.573311 ^ fanout70/X (sky130_fd_sc_hd__clkdlybuf4s25_1)
                                                         net70 (net)
                      0.307371    0.001065    4.574376 ^ _1436_/SET_B (sky130_fd_sc_hd__dfstp_2)
                                              4.574376   data arrival time

                                 20.000000   20.000000   clock CLK (rise edge)
                                  0.000000   20.000000   clock source latency
     1    0.021247    0.158803    0.103819   20.103819 ^ CLK (in)
                                                         CLK (net)
                      0.158854    0.000000   20.103819 ^ clkbuf_0_CLK/A (sky130_fd_sc_hd__clkbuf_16)
    16    0.110692    0.192001    0.346065   20.449884 ^ clkbuf_0_CLK/X (sky130_fd_sc_hd__clkbuf_16)
                                                         clknet_0_CLK (net)
                      0.192290    0.004620   20.454504 ^ clkbuf_4_8_0_CLK/A (sky130_fd_sc_hd__clkbuf_8)
     5    0.014905    0.071897    0.266160   20.720665 ^ clkbuf_4_8_0_CLK/X (sky130_fd_sc_hd__clkbuf_8)
                                                         clknet_4_8_0_CLK (net)
                      0.071957    0.000906   20.721571 ^ _1436_/CLK (sky130_fd_sc_hd__dfstp_2)
                                 -0.250000   20.471571   clock uncertainty
                                  0.047356   20.518929   clock reconvergence pessimism
                                  0.234228   20.753157   library recovery time
                                             20.753157   data required time
---------------------------------------------------------------------------------------------
                                             20.753157   data required time
                                             -4.574376   data arrival time
---------------------------------------------------------------------------------------------
                                             16.178780   slack (MET)


Startpoint: _1441_ (rising edge-triggered flip-flop clocked by CLK)
Endpoint: _1422_ (recovery check against rising-edge clock CLK)
Path Group: asynchronous
Path Type: max

Fanout         Cap        Slew       Delay        Time   Description
---------------------------------------------------------------------------------------------
                                  0.000000    0.000000   clock CLK (rise edge)
                                  0.000000    0.000000   clock source latency
     1    0.021247    0.158803    0.114747    0.114747 ^ CLK (in)
                                                         CLK (net)
                      0.158854    0.000000    0.114747 ^ clkbuf_0_CLK/A (sky130_fd_sc_hd__clkbuf_16)
    16    0.110692    0.192001    0.382494    0.497241 ^ clkbuf_0_CLK/X (sky130_fd_sc_hd__clkbuf_16)
                                                         clknet_0_CLK (net)
                      0.192394    0.006351    0.503592 ^ clkbuf_4_10_0_CLK/A (sky130_fd_sc_hd__clkbuf_8)
     6    0.018696    0.080479    0.303195    0.806787 ^ clkbuf_4_10_0_CLK/X (sky130_fd_sc_hd__clkbuf_8)
                                                         clknet_4_10_0_CLK (net)
                      0.080488    0.000924    0.807711 ^ _1441_/CLK (sky130_fd_sc_hd__dfrtp_2)
     1    0.001743    0.062760    0.700361    1.508073 ^ _1441_/Q (sky130_fd_sc_hd__dfrtp_2)
                                                         control.reset_n (net)
                      0.062760    0.000083    1.508156 ^ hold143/A (sky130_fd_sc_hd__dlygate4sd3_1)
     2    0.010929    0.202529    1.197048    2.705204 ^ hold143/X (sky130_fd_sc_hd__dlygate4sd3_1)
                                                         net142 (net)
                      0.202531    0.001086    2.706290 ^ fanout72/A (sky130_fd_sc_hd__clkdlybuf4s25_1)
     8    0.039601    0.637829    0.974377    3.680667 ^ fanout72/X (sky130_fd_sc_hd__clkdlybuf4s25_1)
                                                         net72 (net)
                      0.637832    0.002798    3.683465 ^ fanout66/A (sky130_fd_sc_hd__clkdlybuf4s25_1)
     5    0.023003    0.379610    0.946591    4.630056 ^ fanout66/X (sky130_fd_sc_hd__clkdlybuf4s25_1)
                                                         net66 (net)
                      0.379613    0.001786    4.631842 ^ _1422_/RESET_B (sky130_fd_sc_hd__dfrtp_2)
                                              4.631842   data arrival time

                                 20.000000   20.000000   clock CLK (rise edge)
                                  0.000000   20.000000   clock source latency
     1    0.021247    0.158803    0.103819   20.103819 ^ CLK (in)
                                                         CLK (net)
                      0.158854    0.000000   20.103819 ^ clkbuf_0_CLK/A (sky130_fd_sc_hd__clkbuf_16)
    16    0.110692    0.192001    0.346065   20.449884 ^ clkbuf_0_CLK/X (sky130_fd_sc_hd__clkbuf_16)
                                                         clknet_0_CLK (net)
                      0.192680    0.008036   20.457920 ^ clkbuf_4_4_0_CLK/A (sky130_fd_sc_hd__clkbuf_8)
     6    0.019226    0.081698    0.275636   20.733557 ^ clkbuf_4_4_0_CLK/X (sky130_fd_sc_hd__clkbuf_8)
                                                         clknet_4_4_0_CLK (net)
                      0.081706    0.000821   20.734377 ^ _1422_/CLK (sky130_fd_sc_hd__dfrtp_2)
                                 -0.250000   20.484377   clock uncertainty
                                  0.047356   20.531733   clock reconvergence pessimism
                                  0.316237   20.847971   library recovery time
                                             20.847971   data required time
---------------------------------------------------------------------------------------------
                                             20.847971   data required time
                                             -4.631842   data arrival time
---------------------------------------------------------------------------------------------
                                             16.216129   slack (MET)


Startpoint: _1441_ (rising edge-triggered flip-flop clocked by CLK)
Endpoint: _1424_ (recovery check against rising-edge clock CLK)
Path Group: asynchronous
Path Type: max

Fanout         Cap        Slew       Delay        Time   Description
---------------------------------------------------------------------------------------------
                                  0.000000    0.000000   clock CLK (rise edge)
                                  0.000000    0.000000   clock source latency
     1    0.021247    0.158803    0.114747    0.114747 ^ CLK (in)
                                                         CLK (net)
                      0.158854    0.000000    0.114747 ^ clkbuf_0_CLK/A (sky130_fd_sc_hd__clkbuf_16)
    16    0.110692    0.192001    0.382494    0.497241 ^ clkbuf_0_CLK/X (sky130_fd_sc_hd__clkbuf_16)
                                                         clknet_0_CLK (net)
                      0.192394    0.006351    0.503592 ^ clkbuf_4_10_0_CLK/A (sky130_fd_sc_hd__clkbuf_8)
     6    0.018696    0.080479    0.303195    0.806787 ^ clkbuf_4_10_0_CLK/X (sky130_fd_sc_hd__clkbuf_8)
                                                         clknet_4_10_0_CLK (net)
                      0.080488    0.000924    0.807711 ^ _1441_/CLK (sky130_fd_sc_hd__dfrtp_2)
     1    0.001743    0.062760    0.700361    1.508073 ^ _1441_/Q (sky130_fd_sc_hd__dfrtp_2)
                                                         control.reset_n (net)
                      0.062760    0.000083    1.508156 ^ hold143/A (sky130_fd_sc_hd__dlygate4sd3_1)
     2    0.010929    0.202529    1.197048    2.705204 ^ hold143/X (sky130_fd_sc_hd__dlygate4sd3_1)
                                                         net142 (net)
                      0.202531    0.001086    2.706290 ^ fanout72/A (sky130_fd_sc_hd__clkdlybuf4s25_1)
     8    0.039601    0.637829    0.974377    3.680667 ^ fanout72/X (sky130_fd_sc_hd__clkdlybuf4s25_1)
                                                         net72 (net)
                      0.637832    0.002798    3.683465 ^ fanout66/A (sky130_fd_sc_hd__clkdlybuf4s25_1)
     5    0.023003    0.379610    0.946591    4.630056 ^ fanout66/X (sky130_fd_sc_hd__clkdlybuf4s25_1)
                                                         net66 (net)
                      0.379612    0.001756    4.631813 ^ _1424_/RESET_B (sky130_fd_sc_hd__dfrtp_2)
                                              4.631813   data arrival time

                                 20.000000   20.000000   clock CLK (rise edge)
                                  0.000000   20.000000   clock source latency
     1    0.021247    0.158803    0.103819   20.103819 ^ CLK (in)
                                                         CLK (net)
                      0.158854    0.000000   20.103819 ^ clkbuf_0_CLK/A (sky130_fd_sc_hd__clkbuf_16)
    16    0.110692    0.192001    0.346065   20.449884 ^ clkbuf_0_CLK/X (sky130_fd_sc_hd__clkbuf_16)
                                                         clknet_0_CLK (net)
                      0.192665    0.007935   20.457819 ^ clkbuf_4_3_0_CLK/A (sky130_fd_sc_hd__clkbuf_8)
     6    0.019520    0.082381    0.276252   20.734072 ^ clkbuf_4_3_0_CLK/X (sky130_fd_sc_hd__clkbuf_8)
                                                         clknet_4_3_0_CLK (net)
                      0.082390    0.000838   20.734909 ^ _1424_/CLK (sky130_fd_sc_hd__dfrtp_2)
                                 -0.250000   20.484911   clock uncertainty
                                  0.047356   20.532267   clock reconvergence pessimism
                                  0.316472   20.848738   library recovery time
                                             20.848738   data required time
---------------------------------------------------------------------------------------------
                                             20.848738   data required time
                                             -4.631813   data arrival time
---------------------------------------------------------------------------------------------
                                             16.216925   slack (MET)


Startpoint: _1441_ (rising edge-triggered flip-flop clocked by CLK)
Endpoint: _1423_ (recovery check against rising-edge clock CLK)
Path Group: asynchronous
Path Type: max

Fanout         Cap        Slew       Delay        Time   Description
---------------------------------------------------------------------------------------------
                                  0.000000    0.000000   clock CLK (rise edge)
                                  0.000000    0.000000   clock source latency
     1    0.021247    0.158803    0.114747    0.114747 ^ CLK (in)
                                                         CLK (net)
                      0.158854    0.000000    0.114747 ^ clkbuf_0_CLK/A (sky130_fd_sc_hd__clkbuf_16)
    16    0.110692    0.192001    0.382494    0.497241 ^ clkbuf_0_CLK/X (sky130_fd_sc_hd__clkbuf_16)
                                                         clknet_0_CLK (net)
                      0.192394    0.006351    0.503592 ^ clkbuf_4_10_0_CLK/A (sky130_fd_sc_hd__clkbuf_8)
     6    0.018696    0.080479    0.303195    0.806787 ^ clkbuf_4_10_0_CLK/X (sky130_fd_sc_hd__clkbuf_8)
                                                         clknet_4_10_0_CLK (net)
                      0.080488    0.000924    0.807711 ^ _1441_/CLK (sky130_fd_sc_hd__dfrtp_2)
     1    0.001743    0.062760    0.700361    1.508073 ^ _1441_/Q (sky130_fd_sc_hd__dfrtp_2)
                                                         control.reset_n (net)
                      0.062760    0.000083    1.508156 ^ hold143/A (sky130_fd_sc_hd__dlygate4sd3_1)
     2    0.010929    0.202529    1.197048    2.705204 ^ hold143/X (sky130_fd_sc_hd__dlygate4sd3_1)
                                                         net142 (net)
                      0.202531    0.001086    2.706290 ^ fanout72/A (sky130_fd_sc_hd__clkdlybuf4s25_1)
     8    0.039601    0.637829    0.974377    3.680667 ^ fanout72/X (sky130_fd_sc_hd__clkdlybuf4s25_1)
                                                         net72 (net)
                      0.637832    0.002798    3.683465 ^ fanout66/A (sky130_fd_sc_hd__clkdlybuf4s25_1)
     5    0.023003    0.379610    0.946591    4.630056 ^ fanout66/X (sky130_fd_sc_hd__clkdlybuf4s25_1)
                                                         net66 (net)
                      0.379612    0.001628    4.631684 ^ _1423_/RESET_B (sky130_fd_sc_hd__dfrtp_2)
                                              4.631684   data arrival time

                                 20.000000   20.000000   clock CLK (rise edge)
                                  0.000000   20.000000   clock source latency
     1    0.021247    0.158803    0.103819   20.103819 ^ CLK (in)
                                                         CLK (net)
                      0.158854    0.000000   20.103819 ^ clkbuf_0_CLK/A (sky130_fd_sc_hd__clkbuf_16)
    16    0.110692    0.192001    0.346065   20.449884 ^ clkbuf_0_CLK/X (sky130_fd_sc_hd__clkbuf_16)
                                                         clknet_0_CLK (net)
                      0.192665    0.007935   20.457819 ^ clkbuf_4_3_0_CLK/A (sky130_fd_sc_hd__clkbuf_8)
     6    0.019520    0.082381    0.276252   20.734072 ^ clkbuf_4_3_0_CLK/X (sky130_fd_sc_hd__clkbuf_8)
                                                         clknet_4_3_0_CLK (net)
                      0.082391    0.000860   20.734930 ^ _1423_/CLK (sky130_fd_sc_hd__dfrtp_2)
                                 -0.250000   20.484932   clock uncertainty
                                  0.047356   20.532288   clock reconvergence pessimism
                                  0.316473   20.848761   library recovery time
                                             20.848761   data required time
---------------------------------------------------------------------------------------------
                                             20.848761   data required time
                                             -4.631684   data arrival time
---------------------------------------------------------------------------------------------
                                             16.217075   slack (MET)


Startpoint: _1441_ (rising edge-triggered flip-flop clocked by CLK)
Endpoint: _1469_ (recovery check against rising-edge clock CLK)
Path Group: asynchronous
Path Type: max

Fanout         Cap        Slew       Delay        Time   Description
---------------------------------------------------------------------------------------------
                                  0.000000    0.000000   clock CLK (rise edge)
                                  0.000000    0.000000   clock source latency
     1    0.021247    0.158803    0.114747    0.114747 ^ CLK (in)
                                                         CLK (net)
                      0.158854    0.000000    0.114747 ^ clkbuf_0_CLK/A (sky130_fd_sc_hd__clkbuf_16)
    16    0.110692    0.192001    0.382494    0.497241 ^ clkbuf_0_CLK/X (sky130_fd_sc_hd__clkbuf_16)
                                                         clknet_0_CLK (net)
                      0.192394    0.006351    0.503592 ^ clkbuf_4_10_0_CLK/A (sky130_fd_sc_hd__clkbuf_8)
     6    0.018696    0.080479    0.303195    0.806787 ^ clkbuf_4_10_0_CLK/X (sky130_fd_sc_hd__clkbuf_8)
                                                         clknet_4_10_0_CLK (net)
                      0.080488    0.000924    0.807711 ^ _1441_/CLK (sky130_fd_sc_hd__dfrtp_2)
     1    0.001743    0.062760    0.700361    1.508073 ^ _1441_/Q (sky130_fd_sc_hd__dfrtp_2)
                                                         control.reset_n (net)
                      0.062760    0.000083    1.508156 ^ hold143/A (sky130_fd_sc_hd__dlygate4sd3_1)
     2    0.010929    0.202529    1.197048    2.705204 ^ hold143/X (sky130_fd_sc_hd__dlygate4sd3_1)
                                                         net142 (net)
                      0.202531    0.001086    2.706290 ^ fanout72/A (sky130_fd_sc_hd__clkdlybuf4s25_1)
     8    0.039601    0.637829    0.974377    3.680667 ^ fanout72/X (sky130_fd_sc_hd__clkdlybuf4s25_1)
                                                         net72 (net)
                      0.637832    0.002798    3.683465 ^ fanout66/A (sky130_fd_sc_hd__clkdlybuf4s25_1)
     5    0.023003    0.379610    0.946591    4.630056 ^ fanout66/X (sky130_fd_sc_hd__clkdlybuf4s25_1)
                                                         net66 (net)
                      0.379610    0.001038    4.631095 ^ _1469_/RESET_B (sky130_fd_sc_hd__dfrtp_2)
                                              4.631095   data arrival time

                                 20.000000   20.000000   clock CLK (rise edge)
                                  0.000000   20.000000   clock source latency
     1    0.021247    0.158803    0.103819   20.103819 ^ CLK (in)
                                                         CLK (net)
                      0.158854    0.000000   20.103819 ^ clkbuf_0_CLK/A (sky130_fd_sc_hd__clkbuf_16)
    16    0.110692    0.192001    0.346065   20.449884 ^ clkbuf_0_CLK/X (sky130_fd_sc_hd__clkbuf_16)
                                                         clknet_0_CLK (net)
                      0.192665    0.007935   20.457819 ^ clkbuf_4_3_0_CLK/A (sky130_fd_sc_hd__clkbuf_8)
     6    0.019520    0.082381    0.276252   20.734072 ^ clkbuf_4_3_0_CLK/X (sky130_fd_sc_hd__clkbuf_8)
                                                         clknet_4_3_0_CLK (net)
                      0.082396    0.001004   20.735075 ^ _1469_/CLK (sky130_fd_sc_hd__dfrtp_2)
                                 -0.250000   20.485075   clock uncertainty
                                  0.047356   20.532431   clock reconvergence pessimism
                                  0.316475   20.848907   library recovery time
                                             20.848907   data required time
---------------------------------------------------------------------------------------------
                                             20.848907   data required time
                                             -4.631095   data arrival time
---------------------------------------------------------------------------------------------
                                             16.217812   slack (MET)


Startpoint: _1441_ (rising edge-triggered flip-flop clocked by CLK)
Endpoint: _1468_ (recovery check against rising-edge clock CLK)
Path Group: asynchronous
Path Type: max

Fanout         Cap        Slew       Delay        Time   Description
---------------------------------------------------------------------------------------------
                                  0.000000    0.000000   clock CLK (rise edge)
                                  0.000000    0.000000   clock source latency
     1    0.021247    0.158803    0.114747    0.114747 ^ CLK (in)
                                                         CLK (net)
                      0.158854    0.000000    0.114747 ^ clkbuf_0_CLK/A (sky130_fd_sc_hd__clkbuf_16)
    16    0.110692    0.192001    0.382494    0.497241 ^ clkbuf_0_CLK/X (sky130_fd_sc_hd__clkbuf_16)
                                                         clknet_0_CLK (net)
                      0.192394    0.006351    0.503592 ^ clkbuf_4_10_0_CLK/A (sky130_fd_sc_hd__clkbuf_8)
     6    0.018696    0.080479    0.303195    0.806787 ^ clkbuf_4_10_0_CLK/X (sky130_fd_sc_hd__clkbuf_8)
                                                         clknet_4_10_0_CLK (net)
                      0.080488    0.000924    0.807711 ^ _1441_/CLK (sky130_fd_sc_hd__dfrtp_2)
     1    0.001743    0.062760    0.700361    1.508073 ^ _1441_/Q (sky130_fd_sc_hd__dfrtp_2)
                                                         control.reset_n (net)
                      0.062760    0.000083    1.508156 ^ hold143/A (sky130_fd_sc_hd__dlygate4sd3_1)
     2    0.010929    0.202529    1.197048    2.705204 ^ hold143/X (sky130_fd_sc_hd__dlygate4sd3_1)
                                                         net142 (net)
                      0.202531    0.001086    2.706290 ^ fanout72/A (sky130_fd_sc_hd__clkdlybuf4s25_1)
     8    0.039601    0.637829    0.974377    3.680667 ^ fanout72/X (sky130_fd_sc_hd__clkdlybuf4s25_1)
                                                         net72 (net)
                      0.637832    0.002798    3.683465 ^ fanout66/A (sky130_fd_sc_hd__clkdlybuf4s25_1)
     5    0.023003    0.379610    0.946591    4.630056 ^ fanout66/X (sky130_fd_sc_hd__clkdlybuf4s25_1)
                                                         net66 (net)
                      0.379610    0.001279    4.631335 ^ _1468_/RESET_B (sky130_fd_sc_hd__dfrtp_2)
                                              4.631335   data arrival time

                                 20.000000   20.000000   clock CLK (rise edge)
                                  0.000000   20.000000   clock source latency
     1    0.021247    0.158803    0.103819   20.103819 ^ CLK (in)
                                                         CLK (net)
                      0.158854    0.000000   20.103819 ^ clkbuf_0_CLK/A (sky130_fd_sc_hd__clkbuf_16)
    16    0.110692    0.192001    0.346065   20.449884 ^ clkbuf_0_CLK/X (sky130_fd_sc_hd__clkbuf_16)
                                                         clknet_0_CLK (net)
                      0.192679    0.008026   20.457911 ^ clkbuf_4_2_0_CLK/A (sky130_fd_sc_hd__clkbuf_8)
     6    0.020724    0.085211    0.278773   20.736683 ^ clkbuf_4_2_0_CLK/X (sky130_fd_sc_hd__clkbuf_8)
                                                         clknet_4_2_0_CLK (net)
                      0.085222    0.000925   20.737608 ^ _1468_/CLK (sky130_fd_sc_hd__dfrtp_2)
                                 -0.250000   20.487608   clock uncertainty
                                  0.047356   20.534964   clock reconvergence pessimism
                                  0.317446   20.852409   library recovery time
                                             20.852409   data required time
---------------------------------------------------------------------------------------------
                                             20.852409   data required time
                                             -4.631335   data arrival time
---------------------------------------------------------------------------------------------
                                             16.221075   slack (MET)


Startpoint: _1441_ (rising edge-triggered flip-flop clocked by CLK)
Endpoint: _1434_ (recovery check against rising-edge clock CLK)
Path Group: asynchronous
Path Type: max

Fanout         Cap        Slew       Delay        Time   Description
---------------------------------------------------------------------------------------------
                                  0.000000    0.000000   clock CLK (rise edge)
                                  0.000000    0.000000   clock source latency
     1    0.021247    0.158803    0.114747    0.114747 ^ CLK (in)
                                                         CLK (net)
                      0.158854    0.000000    0.114747 ^ clkbuf_0_CLK/A (sky130_fd_sc_hd__clkbuf_16)
    16    0.110692    0.192001    0.382494    0.497241 ^ clkbuf_0_CLK/X (sky130_fd_sc_hd__clkbuf_16)
                                                         clknet_0_CLK (net)
                      0.192394    0.006351    0.503592 ^ clkbuf_4_10_0_CLK/A (sky130_fd_sc_hd__clkbuf_8)
     6    0.018696    0.080479    0.303195    0.806787 ^ clkbuf_4_10_0_CLK/X (sky130_fd_sc_hd__clkbuf_8)
                                                         clknet_4_10_0_CLK (net)
                      0.080488    0.000924    0.807711 ^ _1441_/CLK (sky130_fd_sc_hd__dfrtp_2)
     1    0.001743    0.062760    0.700361    1.508073 ^ _1441_/Q (sky130_fd_sc_hd__dfrtp_2)
                                                         control.reset_n (net)
                      0.062760    0.000083    1.508156 ^ hold143/A (sky130_fd_sc_hd__dlygate4sd3_1)
     2    0.010929    0.202529    1.197048    2.705204 ^ hold143/X (sky130_fd_sc_hd__dlygate4sd3_1)
                                                         net142 (net)
                      0.202529    0.000732    2.705935 ^ fanout79/A (sky130_fd_sc_hd__clkdlybuf4s25_1)
     5    0.030871    0.501304    0.874025    3.579961 ^ fanout79/X (sky130_fd_sc_hd__clkdlybuf4s25_1)
                                                         net79 (net)
                      0.501304    0.001887    3.581848 ^ fanout75/A (sky130_fd_sc_hd__clkdlybuf4s25_1)
     2    0.006181    0.122447    0.700718    4.282566 ^ fanout75/X (sky130_fd_sc_hd__clkdlybuf4s25_1)
                                                         net75 (net)
                      0.122447    0.000361    4.282927 ^ load_slew76/A (sky130_fd_sc_hd__clkbuf_4)
     9    0.035822    0.186077    0.374698    4.657625 ^ load_slew76/X (sky130_fd_sc_hd__clkbuf_4)
                                                         net76 (net)
                      0.186115    0.002741    4.660367 ^ _1434_/RESET_B (sky130_fd_sc_hd__dfrtp_2)
                                              4.660367   data arrival time

                                 20.000000   20.000000   clock CLK (rise edge)
                                  0.000000   20.000000   clock source latency
     1    0.021247    0.158803    0.103819   20.103819 ^ CLK (in)
                                                         CLK (net)
                      0.158854    0.000000   20.103819 ^ clkbuf_0_CLK/A (sky130_fd_sc_hd__clkbuf_16)
    16    0.110692    0.192001    0.346065   20.449884 ^ clkbuf_0_CLK/X (sky130_fd_sc_hd__clkbuf_16)
                                                         clknet_0_CLK (net)
                      0.192352    0.005322   20.455206 ^ clkbuf_4_15_0_CLK/A (sky130_fd_sc_hd__clkbuf_8)
     6    0.015922    0.074184    0.268376   20.723581 ^ clkbuf_4_15_0_CLK/X (sky130_fd_sc_hd__clkbuf_8)
                                                         clknet_4_15_0_CLK (net)
                      0.074194    0.000762   20.724344 ^ _1434_/CLK (sky130_fd_sc_hd__dfrtp_2)
                                 -0.250000   20.474344   clock uncertainty
                                  0.047356   20.521700   clock reconvergence pessimism
                                  0.396340   20.918041   library recovery time
                                             20.918041   data required time
---------------------------------------------------------------------------------------------
                                             20.918041   data required time
                                             -4.660367   data arrival time
---------------------------------------------------------------------------------------------
                                             16.257675   slack (MET)


Startpoint: _1441_ (rising edge-triggered flip-flop clocked by CLK)
Endpoint: _1435_ (recovery check against rising-edge clock CLK)
Path Group: asynchronous
Path Type: max

Fanout         Cap        Slew       Delay        Time   Description
---------------------------------------------------------------------------------------------
                                  0.000000    0.000000   clock CLK (rise edge)
                                  0.000000    0.000000   clock source latency
     1    0.021247    0.158803    0.114747    0.114747 ^ CLK (in)
                                                         CLK (net)
                      0.158854    0.000000    0.114747 ^ clkbuf_0_CLK/A (sky130_fd_sc_hd__clkbuf_16)
    16    0.110692    0.192001    0.382494    0.497241 ^ clkbuf_0_CLK/X (sky130_fd_sc_hd__clkbuf_16)
                                                         clknet_0_CLK (net)
                      0.192394    0.006351    0.503592 ^ clkbuf_4_10_0_CLK/A (sky130_fd_sc_hd__clkbuf_8)
     6    0.018696    0.080479    0.303195    0.806787 ^ clkbuf_4_10_0_CLK/X (sky130_fd_sc_hd__clkbuf_8)
                                                         clknet_4_10_0_CLK (net)
                      0.080488    0.000924    0.807711 ^ _1441_/CLK (sky130_fd_sc_hd__dfrtp_2)
     1    0.001743    0.062760    0.700361    1.508073 ^ _1441_/Q (sky130_fd_sc_hd__dfrtp_2)
                                                         control.reset_n (net)
                      0.062760    0.000083    1.508156 ^ hold143/A (sky130_fd_sc_hd__dlygate4sd3_1)
     2    0.010929    0.202529    1.197048    2.705204 ^ hold143/X (sky130_fd_sc_hd__dlygate4sd3_1)
                                                         net142 (net)
                      0.202529    0.000732    2.705935 ^ fanout79/A (sky130_fd_sc_hd__clkdlybuf4s25_1)
     5    0.030871    0.501304    0.874025    3.579961 ^ fanout79/X (sky130_fd_sc_hd__clkdlybuf4s25_1)
                                                         net79 (net)
                      0.501304    0.001887    3.581848 ^ fanout75/A (sky130_fd_sc_hd__clkdlybuf4s25_1)
     2    0.006181    0.122447    0.700718    4.282566 ^ fanout75/X (sky130_fd_sc_hd__clkdlybuf4s25_1)
                                                         net75 (net)
                      0.122447    0.000361    4.282927 ^ load_slew76/A (sky130_fd_sc_hd__clkbuf_4)
     9    0.035822    0.186077    0.374698    4.657625 ^ load_slew76/X (sky130_fd_sc_hd__clkbuf_4)
                                                         net76 (net)
                      0.186109    0.002556    4.660181 ^ _1435_/RESET_B (sky130_fd_sc_hd__dfrtp_2)
                                              4.660181   data arrival time

                                 20.000000   20.000000   clock CLK (rise edge)
                                  0.000000   20.000000   clock source latency
     1    0.021247    0.158803    0.103819   20.103819 ^ CLK (in)
                                                         CLK (net)
                      0.158854    0.000000   20.103819 ^ clkbuf_0_CLK/A (sky130_fd_sc_hd__clkbuf_16)
    16    0.110692    0.192001    0.346065   20.449884 ^ clkbuf_0_CLK/X (sky130_fd_sc_hd__clkbuf_16)
                                                         clknet_0_CLK (net)
                      0.192352    0.005322   20.455206 ^ clkbuf_4_15_0_CLK/A (sky130_fd_sc_hd__clkbuf_8)
     6    0.015922    0.074184    0.268376   20.723581 ^ clkbuf_4_15_0_CLK/X (sky130_fd_sc_hd__clkbuf_8)
                                                         clknet_4_15_0_CLK (net)
                      0.074195    0.000806   20.724388 ^ _1435_/CLK (sky130_fd_sc_hd__dfrtp_2)
                                 -0.250000   20.474388   clock uncertainty
                                  0.047356   20.521746   clock reconvergence pessimism
                                  0.396343   20.918089   library recovery time
                                             20.918089   data required time
---------------------------------------------------------------------------------------------
                                             20.918089   data required time
                                             -4.660181   data arrival time
---------------------------------------------------------------------------------------------
                                             16.257908   slack (MET)


Startpoint: _1441_ (rising edge-triggered flip-flop clocked by CLK)
Endpoint: _1400_ (recovery check against rising-edge clock CLK)
Path Group: asynchronous
Path Type: max

Fanout         Cap        Slew       Delay        Time   Description
---------------------------------------------------------------------------------------------
                                  0.000000    0.000000   clock CLK (rise edge)
                                  0.000000    0.000000   clock source latency
     1    0.021247    0.158803    0.114747    0.114747 ^ CLK (in)
                                                         CLK (net)
                      0.158854    0.000000    0.114747 ^ clkbuf_0_CLK/A (sky130_fd_sc_hd__clkbuf_16)
    16    0.110692    0.192001    0.382494    0.497241 ^ clkbuf_0_CLK/X (sky130_fd_sc_hd__clkbuf_16)
                                                         clknet_0_CLK (net)
                      0.192394    0.006351    0.503592 ^ clkbuf_4_10_0_CLK/A (sky130_fd_sc_hd__clkbuf_8)
     6    0.018696    0.080479    0.303195    0.806787 ^ clkbuf_4_10_0_CLK/X (sky130_fd_sc_hd__clkbuf_8)
                                                         clknet_4_10_0_CLK (net)
                      0.080488    0.000924    0.807711 ^ _1441_/CLK (sky130_fd_sc_hd__dfrtp_2)
     1    0.001743    0.062760    0.700361    1.508073 ^ _1441_/Q (sky130_fd_sc_hd__dfrtp_2)
                                                         control.reset_n (net)
                      0.062760    0.000083    1.508156 ^ hold143/A (sky130_fd_sc_hd__dlygate4sd3_1)
     2    0.010929    0.202529    1.197048    2.705204 ^ hold143/X (sky130_fd_sc_hd__dlygate4sd3_1)
                                                         net142 (net)
                      0.202529    0.000732    2.705935 ^ fanout79/A (sky130_fd_sc_hd__clkdlybuf4s25_1)
     5    0.030871    0.501304    0.874025    3.579961 ^ fanout79/X (sky130_fd_sc_hd__clkdlybuf4s25_1)
                                                         net79 (net)
                      0.501304    0.001887    3.581848 ^ fanout75/A (sky130_fd_sc_hd__clkdlybuf4s25_1)
     2    0.006181    0.122447    0.700718    4.282566 ^ fanout75/X (sky130_fd_sc_hd__clkdlybuf4s25_1)
                                                         net75 (net)
                      0.122447    0.000361    4.282927 ^ load_slew76/A (sky130_fd_sc_hd__clkbuf_4)
     9    0.035822    0.186077    0.374698    4.657625 ^ load_slew76/X (sky130_fd_sc_hd__clkbuf_4)
                                                         net76 (net)
                      0.186105    0.002426    4.660051 ^ _1400_/RESET_B (sky130_fd_sc_hd__dfrtp_2)
                                              4.660051   data arrival time

                                 20.000000   20.000000   clock CLK (rise edge)
                                  0.000000   20.000000   clock source latency
     1    0.021247    0.158803    0.103819   20.103819 ^ CLK (in)
                                                         CLK (net)
                      0.158854    0.000000   20.103819 ^ clkbuf_0_CLK/A (sky130_fd_sc_hd__clkbuf_16)
    16    0.110692    0.192001    0.346065   20.449884 ^ clkbuf_0_CLK/X (sky130_fd_sc_hd__clkbuf_16)
                                                         clknet_0_CLK (net)
                      0.192352    0.005322   20.455206 ^ clkbuf_4_15_0_CLK/A (sky130_fd_sc_hd__clkbuf_8)
     6    0.015922    0.074184    0.268376   20.723581 ^ clkbuf_4_15_0_CLK/X (sky130_fd_sc_hd__clkbuf_8)
                                                         clknet_4_15_0_CLK (net)
                      0.074195    0.000790   20.724373 ^ _1400_/CLK (sky130_fd_sc_hd__dfrtp_2)
                                 -0.250000   20.474373   clock uncertainty
                                  0.047356   20.521729   clock reconvergence pessimism
                                  0.396345   20.918074   library recovery time
                                             20.918074   data required time
---------------------------------------------------------------------------------------------
                                             20.918074   data required time
                                             -4.660051   data arrival time
---------------------------------------------------------------------------------------------
                                             16.258020   slack (MET)


Startpoint: _1441_ (rising edge-triggered flip-flop clocked by CLK)
Endpoint: _1397_ (recovery check against rising-edge clock CLK)
Path Group: asynchronous
Path Type: max

Fanout         Cap        Slew       Delay        Time   Description
---------------------------------------------------------------------------------------------
                                  0.000000    0.000000   clock CLK (rise edge)
                                  0.000000    0.000000   clock source latency
     1    0.021247    0.158803    0.114747    0.114747 ^ CLK (in)
                                                         CLK (net)
                      0.158854    0.000000    0.114747 ^ clkbuf_0_CLK/A (sky130_fd_sc_hd__clkbuf_16)
    16    0.110692    0.192001    0.382494    0.497241 ^ clkbuf_0_CLK/X (sky130_fd_sc_hd__clkbuf_16)
                                                         clknet_0_CLK (net)
                      0.192394    0.006351    0.503592 ^ clkbuf_4_10_0_CLK/A (sky130_fd_sc_hd__clkbuf_8)
     6    0.018696    0.080479    0.303195    0.806787 ^ clkbuf_4_10_0_CLK/X (sky130_fd_sc_hd__clkbuf_8)
                                                         clknet_4_10_0_CLK (net)
                      0.080488    0.000924    0.807711 ^ _1441_/CLK (sky130_fd_sc_hd__dfrtp_2)
     1    0.001743    0.062760    0.700361    1.508073 ^ _1441_/Q (sky130_fd_sc_hd__dfrtp_2)
                                                         control.reset_n (net)
                      0.062760    0.000083    1.508156 ^ hold143/A (sky130_fd_sc_hd__dlygate4sd3_1)
     2    0.010929    0.202529    1.197048    2.705204 ^ hold143/X (sky130_fd_sc_hd__dlygate4sd3_1)
                                                         net142 (net)
                      0.202529    0.000732    2.705935 ^ fanout79/A (sky130_fd_sc_hd__clkdlybuf4s25_1)
     5    0.030871    0.501304    0.874025    3.579961 ^ fanout79/X (sky130_fd_sc_hd__clkdlybuf4s25_1)
                                                         net79 (net)
                      0.501304    0.001887    3.581848 ^ fanout75/A (sky130_fd_sc_hd__clkdlybuf4s25_1)
     2    0.006181    0.122447    0.700718    4.282566 ^ fanout75/X (sky130_fd_sc_hd__clkdlybuf4s25_1)
                                                         net75 (net)
                      0.122447    0.000361    4.282927 ^ load_slew76/A (sky130_fd_sc_hd__clkbuf_4)
     9    0.035822    0.186077    0.374698    4.657625 ^ load_slew76/X (sky130_fd_sc_hd__clkbuf_4)
                                                         net76 (net)
                      0.186089    0.001781    4.659406 ^ _1397_/RESET_B (sky130_fd_sc_hd__dfrtp_2)
                                              4.659406   data arrival time

                                 20.000000   20.000000   clock CLK (rise edge)
                                  0.000000   20.000000   clock source latency
     1    0.021247    0.158803    0.103819   20.103819 ^ CLK (in)
                                                         CLK (net)
                      0.158854    0.000000   20.103819 ^ clkbuf_0_CLK/A (sky130_fd_sc_hd__clkbuf_16)
    16    0.110692    0.192001    0.346065   20.449884 ^ clkbuf_0_CLK/X (sky130_fd_sc_hd__clkbuf_16)
                                                         clknet_0_CLK (net)
                      0.192352    0.005322   20.455206 ^ clkbuf_4_15_0_CLK/A (sky130_fd_sc_hd__clkbuf_8)
     6    0.015922    0.074184    0.268376   20.723581 ^ clkbuf_4_15_0_CLK/X (sky130_fd_sc_hd__clkbuf_8)
                                                         clknet_4_15_0_CLK (net)
                      0.074190    0.000661   20.724243 ^ _1397_/CLK (sky130_fd_sc_hd__dfrtp_2)
                                 -0.250000   20.474243   clock uncertainty
                                  0.047356   20.521599   clock reconvergence pessimism
                                  0.396350   20.917950   library recovery time
                                             20.917950   data required time
---------------------------------------------------------------------------------------------
                                             20.917950   data required time
                                             -4.659406   data arrival time
---------------------------------------------------------------------------------------------
                                             16.258543   slack (MET)


Startpoint: _1441_ (rising edge-triggered flip-flop clocked by CLK)
Endpoint: _1398_ (recovery check against rising-edge clock CLK)
Path Group: asynchronous
Path Type: max

Fanout         Cap        Slew       Delay        Time   Description
---------------------------------------------------------------------------------------------
                                  0.000000    0.000000   clock CLK (rise edge)
                                  0.000000    0.000000   clock source latency
     1    0.021247    0.158803    0.114747    0.114747 ^ CLK (in)
                                                         CLK (net)
                      0.158854    0.000000    0.114747 ^ clkbuf_0_CLK/A (sky130_fd_sc_hd__clkbuf_16)
    16    0.110692    0.192001    0.382494    0.497241 ^ clkbuf_0_CLK/X (sky130_fd_sc_hd__clkbuf_16)
                                                         clknet_0_CLK (net)
                      0.192394    0.006351    0.503592 ^ clkbuf_4_10_0_CLK/A (sky130_fd_sc_hd__clkbuf_8)
     6    0.018696    0.080479    0.303195    0.806787 ^ clkbuf_4_10_0_CLK/X (sky130_fd_sc_hd__clkbuf_8)
                                                         clknet_4_10_0_CLK (net)
                      0.080488    0.000924    0.807711 ^ _1441_/CLK (sky130_fd_sc_hd__dfrtp_2)
     1    0.001743    0.062760    0.700361    1.508073 ^ _1441_/Q (sky130_fd_sc_hd__dfrtp_2)
                                                         control.reset_n (net)
                      0.062760    0.000083    1.508156 ^ hold143/A (sky130_fd_sc_hd__dlygate4sd3_1)
     2    0.010929    0.202529    1.197048    2.705204 ^ hold143/X (sky130_fd_sc_hd__dlygate4sd3_1)
                                                         net142 (net)
                      0.202529    0.000732    2.705935 ^ fanout79/A (sky130_fd_sc_hd__clkdlybuf4s25_1)
     5    0.030871    0.501304    0.874025    3.579961 ^ fanout79/X (sky130_fd_sc_hd__clkdlybuf4s25_1)
                                                         net79 (net)
                      0.501304    0.001887    3.581848 ^ fanout75/A (sky130_fd_sc_hd__clkdlybuf4s25_1)
     2    0.006181    0.122447    0.700718    4.282566 ^ fanout75/X (sky130_fd_sc_hd__clkdlybuf4s25_1)
                                                         net75 (net)
                      0.122447    0.000361    4.282927 ^ load_slew76/A (sky130_fd_sc_hd__clkbuf_4)
     9    0.035822    0.186077    0.374698    4.657625 ^ load_slew76/X (sky130_fd_sc_hd__clkbuf_4)
                                                         net76 (net)
                      0.186088    0.001697    4.659322 ^ _1398_/RESET_B (sky130_fd_sc_hd__dfrtp_2)
                                              4.659322   data arrival time

                                 20.000000   20.000000   clock CLK (rise edge)
                                  0.000000   20.000000   clock source latency
     1    0.021247    0.158803    0.103819   20.103819 ^ CLK (in)
                                                         CLK (net)
                      0.158854    0.000000   20.103819 ^ clkbuf_0_CLK/A (sky130_fd_sc_hd__clkbuf_16)
    16    0.110692    0.192001    0.346065   20.449884 ^ clkbuf_0_CLK/X (sky130_fd_sc_hd__clkbuf_16)
                                                         clknet_0_CLK (net)
                      0.192288    0.004597   20.454481 ^ clkbuf_4_13_0_CLK/A (sky130_fd_sc_hd__clkbuf_8)
     6    0.017372    0.077444    0.271443   20.725925 ^ clkbuf_4_13_0_CLK/X (sky130_fd_sc_hd__clkbuf_8)
                                                         clknet_4_13_0_CLK (net)
                      0.077454    0.000814   20.726738 ^ _1398_/CLK (sky130_fd_sc_hd__dfrtp_2)
                                 -0.250000   20.476740   clock uncertainty
                                  0.047356   20.524096   clock reconvergence pessimism
                                  0.397453   20.921547   library recovery time
                                             20.921547   data required time
---------------------------------------------------------------------------------------------
                                             20.921547   data required time
                                             -4.659322   data arrival time
---------------------------------------------------------------------------------------------
                                             16.262226   slack (MET)


Startpoint: _1441_ (rising edge-triggered flip-flop clocked by CLK)
Endpoint: _1450_ (recovery check against rising-edge clock CLK)
Path Group: asynchronous
Path Type: max

Fanout         Cap        Slew       Delay        Time   Description
---------------------------------------------------------------------------------------------
                                  0.000000    0.000000   clock CLK (rise edge)
                                  0.000000    0.000000   clock source latency
     1    0.021247    0.158803    0.114747    0.114747 ^ CLK (in)
                                                         CLK (net)
                      0.158854    0.000000    0.114747 ^ clkbuf_0_CLK/A (sky130_fd_sc_hd__clkbuf_16)
    16    0.110692    0.192001    0.382494    0.497241 ^ clkbuf_0_CLK/X (sky130_fd_sc_hd__clkbuf_16)
                                                         clknet_0_CLK (net)
                      0.192394    0.006351    0.503592 ^ clkbuf_4_10_0_CLK/A (sky130_fd_sc_hd__clkbuf_8)
     6    0.018696    0.080479    0.303195    0.806787 ^ clkbuf_4_10_0_CLK/X (sky130_fd_sc_hd__clkbuf_8)
                                                         clknet_4_10_0_CLK (net)
                      0.080488    0.000924    0.807711 ^ _1441_/CLK (sky130_fd_sc_hd__dfrtp_2)
     1    0.001743    0.062760    0.700361    1.508073 ^ _1441_/Q (sky130_fd_sc_hd__dfrtp_2)
                                                         control.reset_n (net)
                      0.062760    0.000083    1.508156 ^ hold143/A (sky130_fd_sc_hd__dlygate4sd3_1)
     2    0.010929    0.202529    1.197048    2.705204 ^ hold143/X (sky130_fd_sc_hd__dlygate4sd3_1)
                                                         net142 (net)
                      0.202529    0.000732    2.705935 ^ fanout79/A (sky130_fd_sc_hd__clkdlybuf4s25_1)
     5    0.030871    0.501304    0.874025    3.579961 ^ fanout79/X (sky130_fd_sc_hd__clkdlybuf4s25_1)
                                                         net79 (net)
                      0.501304    0.001887    3.581848 ^ fanout75/A (sky130_fd_sc_hd__clkdlybuf4s25_1)
     2    0.006181    0.122447    0.700718    4.282566 ^ fanout75/X (sky130_fd_sc_hd__clkdlybuf4s25_1)
                                                         net75 (net)
                      0.122447    0.000361    4.282927 ^ load_slew76/A (sky130_fd_sc_hd__clkbuf_4)
     9    0.035822    0.186077    0.374698    4.657625 ^ load_slew76/X (sky130_fd_sc_hd__clkbuf_4)
                                                         net76 (net)
                      0.186115    0.002750    4.660375 ^ _1450_/RESET_B (sky130_fd_sc_hd__dfrtp_2)
                                              4.660375   data arrival time

                                 20.000000   20.000000   clock CLK (rise edge)
                                  0.000000   20.000000   clock source latency
     1    0.021247    0.158803    0.103819   20.103819 ^ CLK (in)
                                                         CLK (net)
                      0.158854    0.000000   20.103819 ^ clkbuf_0_CLK/A (sky130_fd_sc_hd__clkbuf_16)
    16    0.110692    0.192001    0.346065   20.449884 ^ clkbuf_0_CLK/X (sky130_fd_sc_hd__clkbuf_16)
                                                         clknet_0_CLK (net)
                      0.192366    0.005466   20.455351 ^ clkbuf_4_14_0_CLK/A (sky130_fd_sc_hd__clkbuf_8)
     6    0.018935    0.081026    0.274854   20.730204 ^ clkbuf_4_14_0_CLK/X (sky130_fd_sc_hd__clkbuf_8)
                                                         clknet_4_14_0_CLK (net)
                      0.081040    0.000988   20.731192 ^ _1450_/CLK (sky130_fd_sc_hd__dfrtp_2)
                                 -0.250000   20.481192   clock uncertainty
                                  0.047356   20.528549   clock reconvergence pessimism
                                  0.398652   20.927200   library recovery time
                                             20.927200   data required time
---------------------------------------------------------------------------------------------
                                             20.927200   data required time
                                             -4.660375   data arrival time
---------------------------------------------------------------------------------------------
                                             16.266825   slack (MET)


Startpoint: _1441_ (rising edge-triggered flip-flop clocked by CLK)
Endpoint: _1399_ (recovery check against rising-edge clock CLK)
Path Group: asynchronous
Path Type: max

Fanout         Cap        Slew       Delay        Time   Description
---------------------------------------------------------------------------------------------
                                  0.000000    0.000000   clock CLK (rise edge)
                                  0.000000    0.000000   clock source latency
     1    0.021247    0.158803    0.114747    0.114747 ^ CLK (in)
                                                         CLK (net)
                      0.158854    0.000000    0.114747 ^ clkbuf_0_CLK/A (sky130_fd_sc_hd__clkbuf_16)
    16    0.110692    0.192001    0.382494    0.497241 ^ clkbuf_0_CLK/X (sky130_fd_sc_hd__clkbuf_16)
                                                         clknet_0_CLK (net)
                      0.192394    0.006351    0.503592 ^ clkbuf_4_10_0_CLK/A (sky130_fd_sc_hd__clkbuf_8)
     6    0.018696    0.080479    0.303195    0.806787 ^ clkbuf_4_10_0_CLK/X (sky130_fd_sc_hd__clkbuf_8)
                                                         clknet_4_10_0_CLK (net)
                      0.080488    0.000924    0.807711 ^ _1441_/CLK (sky130_fd_sc_hd__dfrtp_2)
     1    0.001743    0.062760    0.700361    1.508073 ^ _1441_/Q (sky130_fd_sc_hd__dfrtp_2)
                                                         control.reset_n (net)
                      0.062760    0.000083    1.508156 ^ hold143/A (sky130_fd_sc_hd__dlygate4sd3_1)
     2    0.010929    0.202529    1.197048    2.705204 ^ hold143/X (sky130_fd_sc_hd__dlygate4sd3_1)
                                                         net142 (net)
                      0.202529    0.000732    2.705935 ^ fanout79/A (sky130_fd_sc_hd__clkdlybuf4s25_1)
     5    0.030871    0.501304    0.874025    3.579961 ^ fanout79/X (sky130_fd_sc_hd__clkdlybuf4s25_1)
                                                         net79 (net)
                      0.501304    0.001887    3.581848 ^ fanout75/A (sky130_fd_sc_hd__clkdlybuf4s25_1)
     2    0.006181    0.122447    0.700718    4.282566 ^ fanout75/X (sky130_fd_sc_hd__clkdlybuf4s25_1)
                                                         net75 (net)
                      0.122447    0.000361    4.282927 ^ load_slew76/A (sky130_fd_sc_hd__clkbuf_4)
     9    0.035822    0.186077    0.374698    4.657625 ^ load_slew76/X (sky130_fd_sc_hd__clkbuf_4)
                                                         net76 (net)
                      0.186099    0.002202    4.659827 ^ _1399_/RESET_B (sky130_fd_sc_hd__dfrtp_2)
                                              4.659827   data arrival time

                                 20.000000   20.000000   clock CLK (rise edge)
                                  0.000000   20.000000   clock source latency
     1    0.021247    0.158803    0.103819   20.103819 ^ CLK (in)
                                                         CLK (net)
                      0.158854    0.000000   20.103819 ^ clkbuf_0_CLK/A (sky130_fd_sc_hd__clkbuf_16)
    16    0.110692    0.192001    0.346065   20.449884 ^ clkbuf_0_CLK/X (sky130_fd_sc_hd__clkbuf_16)
                                                         clknet_0_CLK (net)
                      0.192366    0.005466   20.455351 ^ clkbuf_4_14_0_CLK/A (sky130_fd_sc_hd__clkbuf_8)
     6    0.018935    0.081026    0.274854   20.730204 ^ clkbuf_4_14_0_CLK/X (sky130_fd_sc_hd__clkbuf_8)
                                                         clknet_4_14_0_CLK (net)
                      0.081035    0.000846   20.731049 ^ _1399_/CLK (sky130_fd_sc_hd__dfrtp_2)
                                 -0.250000   20.481050   clock uncertainty
                                  0.047356   20.528406   clock reconvergence pessimism
                                  0.398657   20.927063   library recovery time
                                             20.927063   data required time
---------------------------------------------------------------------------------------------
                                             20.927063   data required time
                                             -4.659827   data arrival time
---------------------------------------------------------------------------------------------
                                             16.267237   slack (MET)


Startpoint: _1441_ (rising edge-triggered flip-flop clocked by CLK)
Endpoint: _1401_ (recovery check against rising-edge clock CLK)
Path Group: asynchronous
Path Type: max

Fanout         Cap        Slew       Delay        Time   Description
---------------------------------------------------------------------------------------------
                                  0.000000    0.000000   clock CLK (rise edge)
                                  0.000000    0.000000   clock source latency
     1    0.021247    0.158803    0.114747    0.114747 ^ CLK (in)
                                                         CLK (net)
                      0.158854    0.000000    0.114747 ^ clkbuf_0_CLK/A (sky130_fd_sc_hd__clkbuf_16)
    16    0.110692    0.192001    0.382494    0.497241 ^ clkbuf_0_CLK/X (sky130_fd_sc_hd__clkbuf_16)
                                                         clknet_0_CLK (net)
                      0.192394    0.006351    0.503592 ^ clkbuf_4_10_0_CLK/A (sky130_fd_sc_hd__clkbuf_8)
     6    0.018696    0.080479    0.303195    0.806787 ^ clkbuf_4_10_0_CLK/X (sky130_fd_sc_hd__clkbuf_8)
                                                         clknet_4_10_0_CLK (net)
                      0.080488    0.000924    0.807711 ^ _1441_/CLK (sky130_fd_sc_hd__dfrtp_2)
     1    0.001743    0.062760    0.700361    1.508073 ^ _1441_/Q (sky130_fd_sc_hd__dfrtp_2)
                                                         control.reset_n (net)
                      0.062760    0.000083    1.508156 ^ hold143/A (sky130_fd_sc_hd__dlygate4sd3_1)
     2    0.010929    0.202529    1.197048    2.705204 ^ hold143/X (sky130_fd_sc_hd__dlygate4sd3_1)
                                                         net142 (net)
                      0.202529    0.000732    2.705935 ^ fanout79/A (sky130_fd_sc_hd__clkdlybuf4s25_1)
     5    0.030871    0.501304    0.874025    3.579961 ^ fanout79/X (sky130_fd_sc_hd__clkdlybuf4s25_1)
                                                         net79 (net)
                      0.501304    0.001887    3.581848 ^ fanout75/A (sky130_fd_sc_hd__clkdlybuf4s25_1)
     2    0.006181    0.122447    0.700718    4.282566 ^ fanout75/X (sky130_fd_sc_hd__clkdlybuf4s25_1)
                                                         net75 (net)
                      0.122447    0.000361    4.282927 ^ load_slew76/A (sky130_fd_sc_hd__clkbuf_4)
     9    0.035822    0.186077    0.374698    4.657625 ^ load_slew76/X (sky130_fd_sc_hd__clkbuf_4)
                                                         net76 (net)
                      0.186100    0.002254    4.659879 ^ _1401_/RESET_B (sky130_fd_sc_hd__dfrtp_2)
                                              4.659879   data arrival time

                                 20.000000   20.000000   clock CLK (rise edge)
                                  0.000000   20.000000   clock source latency
     1    0.021247    0.158803    0.103819   20.103819 ^ CLK (in)
                                                         CLK (net)
                      0.158854    0.000000   20.103819 ^ clkbuf_0_CLK/A (sky130_fd_sc_hd__clkbuf_16)
    16    0.110692    0.192001    0.346065   20.449884 ^ clkbuf_0_CLK/X (sky130_fd_sc_hd__clkbuf_16)
                                                         clknet_0_CLK (net)
                      0.192366    0.005466   20.455351 ^ clkbuf_4_14_0_CLK/A (sky130_fd_sc_hd__clkbuf_8)
     6    0.018935    0.081026    0.274854   20.730204 ^ clkbuf_4_14_0_CLK/X (sky130_fd_sc_hd__clkbuf_8)
                                                         clknet_4_14_0_CLK (net)
                      0.081037    0.000894   20.731098 ^ _1401_/CLK (sky130_fd_sc_hd__dfrtp_2)
                                 -0.250000   20.481098   clock uncertainty
                                  0.047356   20.528454   clock reconvergence pessimism
                                  0.398657   20.927111   library recovery time
                                             20.927111   data required time
---------------------------------------------------------------------------------------------
                                             20.927111   data required time
                                             -4.659879   data arrival time
---------------------------------------------------------------------------------------------
                                             16.267231   slack (MET)


Startpoint: _1441_ (rising edge-triggered flip-flop clocked by CLK)
Endpoint: _1402_ (recovery check against rising-edge clock CLK)
Path Group: asynchronous
Path Type: max

Fanout         Cap        Slew       Delay        Time   Description
---------------------------------------------------------------------------------------------
                                  0.000000    0.000000   clock CLK (rise edge)
                                  0.000000    0.000000   clock source latency
     1    0.021247    0.158803    0.114747    0.114747 ^ CLK (in)
                                                         CLK (net)
                      0.158854    0.000000    0.114747 ^ clkbuf_0_CLK/A (sky130_fd_sc_hd__clkbuf_16)
    16    0.110692    0.192001    0.382494    0.497241 ^ clkbuf_0_CLK/X (sky130_fd_sc_hd__clkbuf_16)
                                                         clknet_0_CLK (net)
                      0.192394    0.006351    0.503592 ^ clkbuf_4_10_0_CLK/A (sky130_fd_sc_hd__clkbuf_8)
     6    0.018696    0.080479    0.303195    0.806787 ^ clkbuf_4_10_0_CLK/X (sky130_fd_sc_hd__clkbuf_8)
                                                         clknet_4_10_0_CLK (net)
                      0.080488    0.000924    0.807711 ^ _1441_/CLK (sky130_fd_sc_hd__dfrtp_2)
     1    0.001743    0.062760    0.700361    1.508073 ^ _1441_/Q (sky130_fd_sc_hd__dfrtp_2)
                                                         control.reset_n (net)
                      0.062760    0.000083    1.508156 ^ hold143/A (sky130_fd_sc_hd__dlygate4sd3_1)
     2    0.010929    0.202529    1.197048    2.705204 ^ hold143/X (sky130_fd_sc_hd__dlygate4sd3_1)
                                                         net142 (net)
                      0.202529    0.000732    2.705935 ^ fanout79/A (sky130_fd_sc_hd__clkdlybuf4s25_1)
     5    0.030871    0.501304    0.874025    3.579961 ^ fanout79/X (sky130_fd_sc_hd__clkdlybuf4s25_1)
                                                         net79 (net)
                      0.501304    0.001887    3.581848 ^ fanout75/A (sky130_fd_sc_hd__clkdlybuf4s25_1)
     2    0.006181    0.122447    0.700718    4.282566 ^ fanout75/X (sky130_fd_sc_hd__clkdlybuf4s25_1)
                                                         net75 (net)
                      0.122447    0.000361    4.282927 ^ load_slew76/A (sky130_fd_sc_hd__clkbuf_4)
     9    0.035822    0.186077    0.374698    4.657625 ^ load_slew76/X (sky130_fd_sc_hd__clkbuf_4)
                                                         net76 (net)
                      0.186093    0.001951    4.659576 ^ _1402_/RESET_B (sky130_fd_sc_hd__dfrtp_2)
                                              4.659576   data arrival time

                                 20.000000   20.000000   clock CLK (rise edge)
                                  0.000000   20.000000   clock source latency
     1    0.021247    0.158803    0.103819   20.103819 ^ CLK (in)
                                                         CLK (net)
                      0.158854    0.000000   20.103819 ^ clkbuf_0_CLK/A (sky130_fd_sc_hd__clkbuf_16)
    16    0.110692    0.192001    0.346065   20.449884 ^ clkbuf_0_CLK/X (sky130_fd_sc_hd__clkbuf_16)
                                                         clknet_0_CLK (net)
                      0.192366    0.005466   20.455351 ^ clkbuf_4_14_0_CLK/A (sky130_fd_sc_hd__clkbuf_8)
     6    0.018935    0.081026    0.274854   20.730204 ^ clkbuf_4_14_0_CLK/X (sky130_fd_sc_hd__clkbuf_8)
                                                         clknet_4_14_0_CLK (net)
                      0.081029    0.000606   20.730810 ^ _1402_/CLK (sky130_fd_sc_hd__dfrtp_2)
                                 -0.250000   20.480810   clock uncertainty
                                  0.047356   20.528166   clock reconvergence pessimism
                                  0.398658   20.926823   library recovery time
                                             20.926823   data required time
---------------------------------------------------------------------------------------------
                                             20.926823   data required time
                                             -4.659576   data arrival time
---------------------------------------------------------------------------------------------
                                             16.267248   slack (MET)


Startpoint: _1441_ (rising edge-triggered flip-flop clocked by CLK)
Endpoint: _1425_ (recovery check against rising-edge clock CLK)
Path Group: asynchronous
Path Type: max

Fanout         Cap        Slew       Delay        Time   Description
---------------------------------------------------------------------------------------------
                                  0.000000    0.000000   clock CLK (rise edge)
                                  0.000000    0.000000   clock source latency
     1    0.021247    0.158803    0.114747    0.114747 ^ CLK (in)
                                                         CLK (net)
                      0.158854    0.000000    0.114747 ^ clkbuf_0_CLK/A (sky130_fd_sc_hd__clkbuf_16)
    16    0.110692    0.192001    0.382494    0.497241 ^ clkbuf_0_CLK/X (sky130_fd_sc_hd__clkbuf_16)
                                                         clknet_0_CLK (net)
                      0.192394    0.006351    0.503592 ^ clkbuf_4_10_0_CLK/A (sky130_fd_sc_hd__clkbuf_8)
     6    0.018696    0.080479    0.303195    0.806787 ^ clkbuf_4_10_0_CLK/X (sky130_fd_sc_hd__clkbuf_8)
                                                         clknet_4_10_0_CLK (net)
                      0.080488    0.000924    0.807711 ^ _1441_/CLK (sky130_fd_sc_hd__dfrtp_2)
     1    0.001743    0.062760    0.700361    1.508073 ^ _1441_/Q (sky130_fd_sc_hd__dfrtp_2)
                                                         control.reset_n (net)
                      0.062760    0.000083    1.508156 ^ hold143/A (sky130_fd_sc_hd__dlygate4sd3_1)
     2    0.010929    0.202529    1.197048    2.705204 ^ hold143/X (sky130_fd_sc_hd__dlygate4sd3_1)
                                                         net142 (net)
                      0.202531    0.001086    2.706290 ^ fanout72/A (sky130_fd_sc_hd__clkdlybuf4s25_1)
     8    0.039601    0.637829    0.974377    3.680667 ^ fanout72/X (sky130_fd_sc_hd__clkdlybuf4s25_1)
                                                         net72 (net)
                      0.637829    0.000122    3.680789 ^ fanout70/A (sky130_fd_sc_hd__clkdlybuf4s25_1)
     5    0.018327    0.307371    0.892521    4.573311 ^ fanout70/X (sky130_fd_sc_hd__clkdlybuf4s25_1)
                                                         net70 (net)
                      0.307375    0.001710    4.575021 ^ _1425_/RESET_B (sky130_fd_sc_hd__dfrtp_2)
                                              4.575021   data arrival time

                                 20.000000   20.000000   clock CLK (rise edge)
                                  0.000000   20.000000   clock source latency
     1    0.021247    0.158803    0.103819   20.103819 ^ CLK (in)
                                                         CLK (net)
                      0.158854    0.000000   20.103819 ^ clkbuf_0_CLK/A (sky130_fd_sc_hd__clkbuf_16)
    16    0.110692    0.192001    0.346065   20.449884 ^ clkbuf_0_CLK/X (sky130_fd_sc_hd__clkbuf_16)
                                                         clknet_0_CLK (net)
                      0.192679    0.008026   20.457911 ^ clkbuf_4_2_0_CLK/A (sky130_fd_sc_hd__clkbuf_8)
     6    0.020724    0.085211    0.278773   20.736683 ^ clkbuf_4_2_0_CLK/X (sky130_fd_sc_hd__clkbuf_8)
                                                         clknet_4_2_0_CLK (net)
                      0.085229    0.001117   20.737799 ^ _1425_/CLK (sky130_fd_sc_hd__dfrtp_2)
                                 -0.250000   20.487801   clock uncertainty
                                  0.047356   20.535156   clock reconvergence pessimism
                                  0.348291   20.883446   library recovery time
                                             20.883446   data required time
---------------------------------------------------------------------------------------------
                                             20.883446   data required time
                                             -4.575021   data arrival time
---------------------------------------------------------------------------------------------
                                             16.308426   slack (MET)


Startpoint: _1441_ (rising edge-triggered flip-flop clocked by CLK)
Endpoint: _1415_ (recovery check against rising-edge clock CLK)
Path Group: asynchronous
Path Type: max

Fanout         Cap        Slew       Delay        Time   Description
---------------------------------------------------------------------------------------------
                                  0.000000    0.000000   clock CLK (rise edge)
                                  0.000000    0.000000   clock source latency
     1    0.021247    0.158803    0.114747    0.114747 ^ CLK (in)
                                                         CLK (net)
                      0.158854    0.000000    0.114747 ^ clkbuf_0_CLK/A (sky130_fd_sc_hd__clkbuf_16)
    16    0.110692    0.192001    0.382494    0.497241 ^ clkbuf_0_CLK/X (sky130_fd_sc_hd__clkbuf_16)
                                                         clknet_0_CLK (net)
                      0.192394    0.006351    0.503592 ^ clkbuf_4_10_0_CLK/A (sky130_fd_sc_hd__clkbuf_8)
     6    0.018696    0.080479    0.303195    0.806787 ^ clkbuf_4_10_0_CLK/X (sky130_fd_sc_hd__clkbuf_8)
                                                         clknet_4_10_0_CLK (net)
                      0.080488    0.000924    0.807711 ^ _1441_/CLK (sky130_fd_sc_hd__dfrtp_2)
     1    0.001743    0.062760    0.700361    1.508073 ^ _1441_/Q (sky130_fd_sc_hd__dfrtp_2)
                                                         control.reset_n (net)
                      0.062760    0.000083    1.508156 ^ hold143/A (sky130_fd_sc_hd__dlygate4sd3_1)
     2    0.010929    0.202529    1.197048    2.705204 ^ hold143/X (sky130_fd_sc_hd__dlygate4sd3_1)
                                                         net142 (net)
                      0.202531    0.001086    2.706290 ^ fanout72/A (sky130_fd_sc_hd__clkdlybuf4s25_1)
     8    0.039601    0.637829    0.974377    3.680667 ^ fanout72/X (sky130_fd_sc_hd__clkdlybuf4s25_1)
                                                         net72 (net)
                      0.637829    0.000122    3.680789 ^ fanout70/A (sky130_fd_sc_hd__clkdlybuf4s25_1)
     5    0.018327    0.307371    0.892521    4.573311 ^ fanout70/X (sky130_fd_sc_hd__clkdlybuf4s25_1)
                                                         net70 (net)
                      0.307375    0.001698    4.575009 ^ _1415_/RESET_B (sky130_fd_sc_hd__dfrtp_2)
                                              4.575009   data arrival time

                                 20.000000   20.000000   clock CLK (rise edge)
                                  0.000000   20.000000   clock source latency
     1    0.021247    0.158803    0.103819   20.103819 ^ CLK (in)
                                                         CLK (net)
                      0.158854    0.000000   20.103819 ^ clkbuf_0_CLK/A (sky130_fd_sc_hd__clkbuf_16)
    16    0.110692    0.192001    0.346065   20.449884 ^ clkbuf_0_CLK/X (sky130_fd_sc_hd__clkbuf_16)
                                                         clknet_0_CLK (net)
                      0.192679    0.008026   20.457911 ^ clkbuf_4_2_0_CLK/A (sky130_fd_sc_hd__clkbuf_8)
     6    0.020724    0.085211    0.278773   20.736683 ^ clkbuf_4_2_0_CLK/X (sky130_fd_sc_hd__clkbuf_8)
                                                         clknet_4_2_0_CLK (net)
                      0.085233    0.001219   20.737902 ^ _1415_/CLK (sky130_fd_sc_hd__dfrtp_2)
                                 -0.250000   20.487902   clock uncertainty
                                  0.047356   20.535257   clock reconvergence pessimism
                                  0.348293   20.883551   library recovery time
                                             20.883551   data required time
---------------------------------------------------------------------------------------------
                                             20.883551   data required time
                                             -4.575009   data arrival time
---------------------------------------------------------------------------------------------
                                             16.308540   slack (MET)


Startpoint: _1441_ (rising edge-triggered flip-flop clocked by CLK)
Endpoint: _1438_ (recovery check against rising-edge clock CLK)
Path Group: asynchronous
Path Type: max

Fanout         Cap        Slew       Delay        Time   Description
---------------------------------------------------------------------------------------------
                                  0.000000    0.000000   clock CLK (rise edge)
                                  0.000000    0.000000   clock source latency
     1    0.021247    0.158803    0.114747    0.114747 ^ CLK (in)
                                                         CLK (net)
                      0.158854    0.000000    0.114747 ^ clkbuf_0_CLK/A (sky130_fd_sc_hd__clkbuf_16)
    16    0.110692    0.192001    0.382494    0.497241 ^ clkbuf_0_CLK/X (sky130_fd_sc_hd__clkbuf_16)
                                                         clknet_0_CLK (net)
                      0.192394    0.006351    0.503592 ^ clkbuf_4_10_0_CLK/A (sky130_fd_sc_hd__clkbuf_8)
     6    0.018696    0.080479    0.303195    0.806787 ^ clkbuf_4_10_0_CLK/X (sky130_fd_sc_hd__clkbuf_8)
                                                         clknet_4_10_0_CLK (net)
                      0.080488    0.000924    0.807711 ^ _1441_/CLK (sky130_fd_sc_hd__dfrtp_2)
     1    0.001743    0.062760    0.700361    1.508073 ^ _1441_/Q (sky130_fd_sc_hd__dfrtp_2)
                                                         control.reset_n (net)
                      0.062760    0.000083    1.508156 ^ hold143/A (sky130_fd_sc_hd__dlygate4sd3_1)
     2    0.010929    0.202529    1.197048    2.705204 ^ hold143/X (sky130_fd_sc_hd__dlygate4sd3_1)
                                                         net142 (net)
                      0.202531    0.001086    2.706290 ^ fanout72/A (sky130_fd_sc_hd__clkdlybuf4s25_1)
     8    0.039601    0.637829    0.974377    3.680667 ^ fanout72/X (sky130_fd_sc_hd__clkdlybuf4s25_1)
                                                         net72 (net)
                      0.637829    0.000122    3.680789 ^ fanout70/A (sky130_fd_sc_hd__clkdlybuf4s25_1)
     5    0.018327    0.307371    0.892521    4.573311 ^ fanout70/X (sky130_fd_sc_hd__clkdlybuf4s25_1)
                                                         net70 (net)
                      0.307373    0.001490    4.574800 ^ _1438_/RESET_B (sky130_fd_sc_hd__dfrtp_2)
                                              4.574800   data arrival time

                                 20.000000   20.000000   clock CLK (rise edge)
                                  0.000000   20.000000   clock source latency
     1    0.021247    0.158803    0.103819   20.103819 ^ CLK (in)
                                                         CLK (net)
                      0.158854    0.000000   20.103819 ^ clkbuf_0_CLK/A (sky130_fd_sc_hd__clkbuf_16)
    16    0.110692    0.192001    0.346065   20.449884 ^ clkbuf_0_CLK/X (sky130_fd_sc_hd__clkbuf_16)
                                                         clknet_0_CLK (net)
                      0.192679    0.008026   20.457911 ^ clkbuf_4_2_0_CLK/A (sky130_fd_sc_hd__clkbuf_8)
     6    0.020724    0.085211    0.278773   20.736683 ^ clkbuf_4_2_0_CLK/X (sky130_fd_sc_hd__clkbuf_8)
                                                         clknet_4_2_0_CLK (net)
                      0.085234    0.001243   20.737926 ^ _1438_/CLK (sky130_fd_sc_hd__dfrtp_2)
                                 -0.250000   20.487926   clock uncertainty
                                  0.047356   20.535282   clock reconvergence pessimism
                                  0.348294   20.883575   library recovery time
                                             20.883575   data required time
---------------------------------------------------------------------------------------------
                                             20.883575   data required time
                                             -4.574800   data arrival time
---------------------------------------------------------------------------------------------
                                             16.308775   slack (MET)


Startpoint: _1412_ (rising edge-triggered flip-flop clocked by CLK)
Endpoint: _1410_ (rising edge-triggered flip-flop clocked by CLK)
Path Group: CLK
Path Type: max

Fanout         Cap        Slew       Delay        Time   Description
---------------------------------------------------------------------------------------------
                                  0.000000    0.000000   clock CLK (rise edge)
                                  0.000000    0.000000   clock source latency
     1    0.021247    0.158803    0.114747    0.114747 ^ CLK (in)
                                                         CLK (net)
                      0.158854    0.000000    0.114747 ^ clkbuf_0_CLK/A (sky130_fd_sc_hd__clkbuf_16)
    16    0.110692    0.192001    0.382494    0.497241 ^ clkbuf_0_CLK/X (sky130_fd_sc_hd__clkbuf_16)
                                                         clknet_0_CLK (net)
                      0.192256    0.004626    0.501867 ^ clkbuf_4_12_0_CLK/A (sky130_fd_sc_hd__clkbuf_8)
     6    0.020022    0.083575    0.306156    0.808023 ^ clkbuf_4_12_0_CLK/X (sky130_fd_sc_hd__clkbuf_8)
                                                         clknet_4_12_0_CLK (net)
                      0.083577    0.000663    0.808686 ^ _1412_/CLK (sky130_fd_sc_hd__dfrtp_2)
     3    0.007334    0.096813    0.876945    1.685630 v _1412_/Q (sky130_fd_sc_hd__dfrtp_2)
                                                         gates.phase_c.dead_count[3] (net)
                      0.096813    0.000500    1.686131 v _1311_/A (sky130_fd_sc_hd__or3_2)
     3    0.013486    0.227582    1.284310    2.970441 v _1311_/X (sky130_fd_sc_hd__or3_2)
                                                         _0654_ (net)
                      0.227582    0.000874    2.971316 v _1314_/B (sky130_fd_sc_hd__nor2_2)
     2    0.007162    0.173959    0.249502    3.220817 ^ _1314_/Y (sky130_fd_sc_hd__nor2_2)
                                                         _0657_ (net)
                      0.173959    0.000399    3.221216 ^ _1364_/C (sky130_fd_sc_hd__or3_2)
     1    0.001847    0.043373    0.230833    3.452049 ^ _1364_/X (sky130_fd_sc_hd__or3_2)
                                                         _0688_ (net)
                      0.043373    0.000133    3.452182 ^ _1365_/B1_N (sky130_fd_sc_hd__a21bo_2)
     1    0.002762    0.059643    0.402912    3.855094 v _1365_/X (sky130_fd_sc_hd__a21bo_2)
                                                         _0036_ (net)
                      0.059643    0.000187    3.855281 v _1410_/D (sky130_fd_sc_hd__dfrtp_2)
                                              3.855281   data arrival time

                                 20.000000   20.000000   clock CLK (rise edge)
                                  0.000000   20.000000   clock source latency
     1    0.021247    0.158803    0.103819   20.103819 ^ CLK (in)
                                                         CLK (net)
                      0.158854    0.000000   20.103819 ^ clkbuf_0_CLK/A (sky130_fd_sc_hd__clkbuf_16)
    16    0.110692    0.192001    0.346065   20.449884 ^ clkbuf_0_CLK/X (sky130_fd_sc_hd__clkbuf_16)
                                                         clknet_0_CLK (net)
                      0.192288    0.004597   20.454481 ^ clkbuf_4_13_0_CLK/A (sky130_fd_sc_hd__clkbuf_8)
     6    0.017372    0.077444    0.271443   20.725925 ^ clkbuf_4_13_0_CLK/X (sky130_fd_sc_hd__clkbuf_8)
                                                         clknet_4_13_0_CLK (net)
                      0.077453    0.000778   20.726704 ^ _1410_/CLK (sky130_fd_sc_hd__dfrtp_2)
                                 -0.250000   20.476704   clock uncertainty
                                  0.047356   20.524059   clock reconvergence pessimism
                                 -0.270296   20.253763   library setup time
                                             20.253763   data required time
---------------------------------------------------------------------------------------------
                                             20.253763   data required time
                                             -3.855281   data arrival time
---------------------------------------------------------------------------------------------
                                             16.398483   slack (MET)


Startpoint: _1441_ (rising edge-triggered flip-flop clocked by CLK)
Endpoint: _1396_ (recovery check against rising-edge clock CLK)
Path Group: asynchronous
Path Type: max

Fanout         Cap        Slew       Delay        Time   Description
---------------------------------------------------------------------------------------------
                                  0.000000    0.000000   clock CLK (rise edge)
                                  0.000000    0.000000   clock source latency
     1    0.021247    0.158803    0.114747    0.114747 ^ CLK (in)
                                                         CLK (net)
                      0.158854    0.000000    0.114747 ^ clkbuf_0_CLK/A (sky130_fd_sc_hd__clkbuf_16)
    16    0.110692    0.192001    0.382494    0.497241 ^ clkbuf_0_CLK/X (sky130_fd_sc_hd__clkbuf_16)
                                                         clknet_0_CLK (net)
                      0.192394    0.006351    0.503592 ^ clkbuf_4_10_0_CLK/A (sky130_fd_sc_hd__clkbuf_8)
     6    0.018696    0.080479    0.303195    0.806787 ^ clkbuf_4_10_0_CLK/X (sky130_fd_sc_hd__clkbuf_8)
                                                         clknet_4_10_0_CLK (net)
                      0.080488    0.000924    0.807711 ^ _1441_/CLK (sky130_fd_sc_hd__dfrtp_2)
     1    0.001743    0.062760    0.700361    1.508073 ^ _1441_/Q (sky130_fd_sc_hd__dfrtp_2)
                                                         control.reset_n (net)
                      0.062760    0.000083    1.508156 ^ hold143/A (sky130_fd_sc_hd__dlygate4sd3_1)
     2    0.010929    0.202529    1.197048    2.705204 ^ hold143/X (sky130_fd_sc_hd__dlygate4sd3_1)
                                                         net142 (net)
                      0.202529    0.000732    2.705935 ^ fanout79/A (sky130_fd_sc_hd__clkdlybuf4s25_1)
     5    0.030871    0.501304    0.874025    3.579961 ^ fanout79/X (sky130_fd_sc_hd__clkdlybuf4s25_1)
                                                         net79 (net)
                      0.501304    0.001362    3.581322 ^ fanout73/A (sky130_fd_sc_hd__clkdlybuf4s25_1)
     5    0.019250    0.321566    0.853549    4.434871 ^ fanout73/X (sky130_fd_sc_hd__clkdlybuf4s25_1)
                                                         net73 (net)
                      0.321566    0.000975    4.435846 ^ _1396_/RESET_B (sky130_fd_sc_hd__dfrtp_2)
                                              4.435846   data arrival time

                                 20.000000   20.000000   clock CLK (rise edge)
                                  0.000000   20.000000   clock source latency
     1    0.021247    0.158803    0.103819   20.103819 ^ CLK (in)
                                                         CLK (net)
                      0.158854    0.000000   20.103819 ^ clkbuf_0_CLK/A (sky130_fd_sc_hd__clkbuf_16)
    16    0.110692    0.192001    0.346065   20.449884 ^ clkbuf_0_CLK/X (sky130_fd_sc_hd__clkbuf_16)
                                                         clknet_0_CLK (net)
                      0.192290    0.004620   20.454504 ^ clkbuf_4_8_0_CLK/A (sky130_fd_sc_hd__clkbuf_8)
     5    0.014905    0.071897    0.266160   20.720665 ^ clkbuf_4_8_0_CLK/X (sky130_fd_sc_hd__clkbuf_8)
                                                         clknet_4_8_0_CLK (net)
                      0.071946    0.000639   20.721304 ^ _1396_/CLK (sky130_fd_sc_hd__dfrtp_2)
                                 -0.250000   20.471306   clock uncertainty
                                  0.047356   20.518661   clock reconvergence pessimism
                                  0.337692   20.856354   library recovery time
                                             20.856354   data required time
---------------------------------------------------------------------------------------------
                                             20.856354   data required time
                                             -4.435846   data arrival time
---------------------------------------------------------------------------------------------
                                             16.420507   slack (MET)


Startpoint: _1441_ (rising edge-triggered flip-flop clocked by CLK)
Endpoint: _1471_ (recovery check against rising-edge clock CLK)
Path Group: asynchronous
Path Type: max

Fanout         Cap        Slew       Delay        Time   Description
---------------------------------------------------------------------------------------------
                                  0.000000    0.000000   clock CLK (rise edge)
                                  0.000000    0.000000   clock source latency
     1    0.021247    0.158803    0.114747    0.114747 ^ CLK (in)
                                                         CLK (net)
                      0.158854    0.000000    0.114747 ^ clkbuf_0_CLK/A (sky130_fd_sc_hd__clkbuf_16)
    16    0.110692    0.192001    0.382494    0.497241 ^ clkbuf_0_CLK/X (sky130_fd_sc_hd__clkbuf_16)
                                                         clknet_0_CLK (net)
                      0.192394    0.006351    0.503592 ^ clkbuf_4_10_0_CLK/A (sky130_fd_sc_hd__clkbuf_8)
     6    0.018696    0.080479    0.303195    0.806787 ^ clkbuf_4_10_0_CLK/X (sky130_fd_sc_hd__clkbuf_8)
                                                         clknet_4_10_0_CLK (net)
                      0.080488    0.000924    0.807711 ^ _1441_/CLK (sky130_fd_sc_hd__dfrtp_2)
     1    0.001743    0.062760    0.700361    1.508073 ^ _1441_/Q (sky130_fd_sc_hd__dfrtp_2)
                                                         control.reset_n (net)
                      0.062760    0.000083    1.508156 ^ hold143/A (sky130_fd_sc_hd__dlygate4sd3_1)
     2    0.010929    0.202529    1.197048    2.705204 ^ hold143/X (sky130_fd_sc_hd__dlygate4sd3_1)
                                                         net142 (net)
                      0.202529    0.000732    2.705935 ^ fanout79/A (sky130_fd_sc_hd__clkdlybuf4s25_1)
     5    0.030871    0.501304    0.874025    3.579961 ^ fanout79/X (sky130_fd_sc_hd__clkdlybuf4s25_1)
                                                         net79 (net)
                      0.501304    0.001362    3.581322 ^ fanout73/A (sky130_fd_sc_hd__clkdlybuf4s25_1)
     5    0.019250    0.321566    0.853549    4.434871 ^ fanout73/X (sky130_fd_sc_hd__clkdlybuf4s25_1)
                                                         net73 (net)
                      0.321566    0.000904    4.435775 ^ _1471_/RESET_B (sky130_fd_sc_hd__dfrtp_2)
                                              4.435775   data arrival time

                                 20.000000   20.000000   clock CLK (rise edge)
                                  0.000000   20.000000   clock source latency
     1    0.021247    0.158803    0.103819   20.103819 ^ CLK (in)
                                                         CLK (net)
                      0.158854    0.000000   20.103819 ^ clkbuf_0_CLK/A (sky130_fd_sc_hd__clkbuf_16)
    16    0.110692    0.192001    0.346065   20.449884 ^ clkbuf_0_CLK/X (sky130_fd_sc_hd__clkbuf_16)
                                                         clknet_0_CLK (net)
                      0.192290    0.004620   20.454504 ^ clkbuf_4_8_0_CLK/A (sky130_fd_sc_hd__clkbuf_8)
     5    0.014905    0.071897    0.266160   20.720665 ^ clkbuf_4_8_0_CLK/X (sky130_fd_sc_hd__clkbuf_8)
                                                         clknet_4_8_0_CLK (net)
                      0.071946    0.000641   20.721306 ^ _1471_/CLK (sky130_fd_sc_hd__dfrtp_2)
                                 -0.250000   20.471308   clock uncertainty
                                  0.047356   20.518663   clock reconvergence pessimism
                                  0.337692   20.856356   library recovery time
                                             20.856356   data required time
---------------------------------------------------------------------------------------------
                                             20.856356   data required time
                                             -4.435775   data arrival time
---------------------------------------------------------------------------------------------
                                             16.420580   slack (MET)


Startpoint: _1441_ (rising edge-triggered flip-flop clocked by CLK)
Endpoint: _1470_ (recovery check against rising-edge clock CLK)
Path Group: asynchronous
Path Type: max

Fanout         Cap        Slew       Delay        Time   Description
---------------------------------------------------------------------------------------------
                                  0.000000    0.000000   clock CLK (rise edge)
                                  0.000000    0.000000   clock source latency
     1    0.021247    0.158803    0.114747    0.114747 ^ CLK (in)
                                                         CLK (net)
                      0.158854    0.000000    0.114747 ^ clkbuf_0_CLK/A (sky130_fd_sc_hd__clkbuf_16)
    16    0.110692    0.192001    0.382494    0.497241 ^ clkbuf_0_CLK/X (sky130_fd_sc_hd__clkbuf_16)
                                                         clknet_0_CLK (net)
                      0.192394    0.006351    0.503592 ^ clkbuf_4_10_0_CLK/A (sky130_fd_sc_hd__clkbuf_8)
     6    0.018696    0.080479    0.303195    0.806787 ^ clkbuf_4_10_0_CLK/X (sky130_fd_sc_hd__clkbuf_8)
                                                         clknet_4_10_0_CLK (net)
                      0.080488    0.000924    0.807711 ^ _1441_/CLK (sky130_fd_sc_hd__dfrtp_2)
     1    0.001743    0.062760    0.700361    1.508073 ^ _1441_/Q (sky130_fd_sc_hd__dfrtp_2)
                                                         control.reset_n (net)
                      0.062760    0.000083    1.508156 ^ hold143/A (sky130_fd_sc_hd__dlygate4sd3_1)
     2    0.010929    0.202529    1.197048    2.705204 ^ hold143/X (sky130_fd_sc_hd__dlygate4sd3_1)
                                                         net142 (net)
                      0.202529    0.000732    2.705935 ^ fanout79/A (sky130_fd_sc_hd__clkdlybuf4s25_1)
     5    0.030871    0.501304    0.874025    3.579961 ^ fanout79/X (sky130_fd_sc_hd__clkdlybuf4s25_1)
                                                         net79 (net)
                      0.501304    0.001362    3.581322 ^ fanout73/A (sky130_fd_sc_hd__clkdlybuf4s25_1)
     5    0.019250    0.321566    0.853549    4.434871 ^ fanout73/X (sky130_fd_sc_hd__clkdlybuf4s25_1)
                                                         net73 (net)
                      0.321566    0.000850    4.435721 ^ _1470_/RESET_B (sky130_fd_sc_hd__dfrtp_2)
                                              4.435721   data arrival time

                                 20.000000   20.000000   clock CLK (rise edge)
                                  0.000000   20.000000   clock source latency
     1    0.021247    0.158803    0.103819   20.103819 ^ CLK (in)
                                                         CLK (net)
                      0.158854    0.000000   20.103819 ^ clkbuf_0_CLK/A (sky130_fd_sc_hd__clkbuf_16)
    16    0.110692    0.192001    0.346065   20.449884 ^ clkbuf_0_CLK/X (sky130_fd_sc_hd__clkbuf_16)
                                                         clknet_0_CLK (net)
                      0.192290    0.004620   20.454504 ^ clkbuf_4_8_0_CLK/A (sky130_fd_sc_hd__clkbuf_8)
     5    0.014905    0.071897    0.266160   20.720665 ^ clkbuf_4_8_0_CLK/X (sky130_fd_sc_hd__clkbuf_8)
                                                         clknet_4_8_0_CLK (net)
                      0.071947    0.000659   20.721323 ^ _1470_/CLK (sky130_fd_sc_hd__dfrtp_2)
                                 -0.250000   20.471325   clock uncertainty
                                  0.047356   20.518681   clock reconvergence pessimism
                                  0.337692   20.856373   library recovery time
                                             20.856373   data required time
---------------------------------------------------------------------------------------------
                                             20.856373   data required time
                                             -4.435721   data arrival time
---------------------------------------------------------------------------------------------
                                             16.420652   slack (MET)


Startpoint: _1406_ (rising edge-triggered flip-flop clocked by CLK)
Endpoint: _1404_ (rising edge-triggered flip-flop clocked by CLK)
Path Group: CLK
Path Type: max

Fanout         Cap        Slew       Delay        Time   Description
---------------------------------------------------------------------------------------------
                                  0.000000    0.000000   clock CLK (rise edge)
                                  0.000000    0.000000   clock source latency
     1    0.021247    0.158803    0.114747    0.114747 ^ CLK (in)
                                                         CLK (net)
                      0.158854    0.000000    0.114747 ^ clkbuf_0_CLK/A (sky130_fd_sc_hd__clkbuf_16)
    16    0.110692    0.192001    0.382494    0.497241 ^ clkbuf_0_CLK/X (sky130_fd_sc_hd__clkbuf_16)
                                                         clknet_0_CLK (net)
                      0.192389    0.006296    0.503537 ^ clkbuf_4_11_0_CLK/A (sky130_fd_sc_hd__clkbuf_8)
     6    0.017155    0.076953    0.299547    0.803084 ^ clkbuf_4_11_0_CLK/X (sky130_fd_sc_hd__clkbuf_8)
                                                         clknet_4_11_0_CLK (net)
                      0.076963    0.000884    0.803968 ^ _1406_/CLK (sky130_fd_sc_hd__dfrtp_2)
     3    0.007662    0.098102    0.875914    1.679882 v _1406_/Q (sky130_fd_sc_hd__dfrtp_2)
                                                         gates.phase_b.dead_count[3] (net)
                      0.098102    0.000338    1.680220 v _1322_/A (sky130_fd_sc_hd__or3_2)
     3    0.013753    0.229405    1.287584    2.967804 v _1322_/X (sky130_fd_sc_hd__or3_2)
                                                         _0663_ (net)
                      0.229405    0.000967    2.968771 v _1325_/B (sky130_fd_sc_hd__nor2_2)
     2    0.004887    0.141411    0.220382    3.189154 ^ _1325_/Y (sky130_fd_sc_hd__nor2_2)
                                                         _0666_ (net)
                      0.141411    0.000255    3.189409 ^ _1352_/C (sky130_fd_sc_hd__or3_2)
     1    0.004599    0.061455    0.235599    3.425008 ^ _1352_/X (sky130_fd_sc_hd__or3_2)
                                                         _0682_ (net)
                      0.061456    0.000349    3.425357 ^ _1353_/B1_N (sky130_fd_sc_hd__a21bo_2)
     1    0.002280    0.057184    0.407418    3.832775 v _1353_/X (sky130_fd_sc_hd__a21bo_2)
                                                         _0030_ (net)
                      0.057184    0.000162    3.832937 v _1404_/D (sky130_fd_sc_hd__dfrtp_2)
                                              3.832937   data arrival time

                                 20.000000   20.000000   clock CLK (rise edge)
                                  0.000000   20.000000   clock source latency
     1    0.021247    0.158803    0.103819   20.103819 ^ CLK (in)
                                                         CLK (net)
                      0.158854    0.000000   20.103819 ^ clkbuf_0_CLK/A (sky130_fd_sc_hd__clkbuf_16)
    16    0.110692    0.192001    0.346065   20.449884 ^ clkbuf_0_CLK/X (sky130_fd_sc_hd__clkbuf_16)
                                                         clknet_0_CLK (net)
                      0.192394    0.005747   20.455631 ^ clkbuf_4_10_0_CLK/A (sky130_fd_sc_hd__clkbuf_8)
     6    0.018696    0.080479    0.274319   20.729950 ^ clkbuf_4_10_0_CLK/X (sky130_fd_sc_hd__clkbuf_8)
                                                         clknet_4_10_0_CLK (net)
                      0.080495    0.001025   20.730974 ^ _1404_/CLK (sky130_fd_sc_hd__dfrtp_2)
                                 -0.250000   20.480976   clock uncertainty
                                  0.047356   20.528332   clock reconvergence pessimism
                                 -0.268458   20.259872   library setup time
                                             20.259872   data required time
---------------------------------------------------------------------------------------------
                                             20.259872   data required time
                                             -3.832937   data arrival time
---------------------------------------------------------------------------------------------
                                             16.426935   slack (MET)


Startpoint: _1441_ (rising edge-triggered flip-flop clocked by CLK)
Endpoint: _1439_ (recovery check against rising-edge clock CLK)
Path Group: asynchronous
Path Type: max

Fanout         Cap        Slew       Delay        Time   Description
---------------------------------------------------------------------------------------------
                                  0.000000    0.000000   clock CLK (rise edge)
                                  0.000000    0.000000   clock source latency
     1    0.021247    0.158803    0.114747    0.114747 ^ CLK (in)
                                                         CLK (net)
                      0.158854    0.000000    0.114747 ^ clkbuf_0_CLK/A (sky130_fd_sc_hd__clkbuf_16)
    16    0.110692    0.192001    0.382494    0.497241 ^ clkbuf_0_CLK/X (sky130_fd_sc_hd__clkbuf_16)
                                                         clknet_0_CLK (net)
                      0.192394    0.006351    0.503592 ^ clkbuf_4_10_0_CLK/A (sky130_fd_sc_hd__clkbuf_8)
     6    0.018696    0.080479    0.303195    0.806787 ^ clkbuf_4_10_0_CLK/X (sky130_fd_sc_hd__clkbuf_8)
                                                         clknet_4_10_0_CLK (net)
                      0.080488    0.000924    0.807711 ^ _1441_/CLK (sky130_fd_sc_hd__dfrtp_2)
     1    0.001743    0.062760    0.700361    1.508073 ^ _1441_/Q (sky130_fd_sc_hd__dfrtp_2)
                                                         control.reset_n (net)
                      0.062760    0.000083    1.508156 ^ hold143/A (sky130_fd_sc_hd__dlygate4sd3_1)
     2    0.010929    0.202529    1.197048    2.705204 ^ hold143/X (sky130_fd_sc_hd__dlygate4sd3_1)
                                                         net142 (net)
                      0.202529    0.000732    2.705935 ^ fanout79/A (sky130_fd_sc_hd__clkdlybuf4s25_1)
     5    0.030871    0.501304    0.874025    3.579961 ^ fanout79/X (sky130_fd_sc_hd__clkdlybuf4s25_1)
                                                         net79 (net)
                      0.501304    0.001362    3.581322 ^ fanout73/A (sky130_fd_sc_hd__clkdlybuf4s25_1)
     5    0.019250    0.321566    0.853549    4.434871 ^ fanout73/X (sky130_fd_sc_hd__clkdlybuf4s25_1)
                                                         net73 (net)
                      0.321566    0.001040    4.435911 ^ _1439_/RESET_B (sky130_fd_sc_hd__dfrtp_2)
                                              4.435911   data arrival time

                                 20.000000   20.000000   clock CLK (rise edge)
                                  0.000000   20.000000   clock source latency
     1    0.021247    0.158803    0.103819   20.103819 ^ CLK (in)
                                                         CLK (net)
                      0.158854    0.000000   20.103819 ^ clkbuf_0_CLK/A (sky130_fd_sc_hd__clkbuf_16)
    16    0.110692    0.192001    0.346065   20.449884 ^ clkbuf_0_CLK/X (sky130_fd_sc_hd__clkbuf_16)
                                                         clknet_0_CLK (net)
                      0.192269    0.004352   20.454237 ^ clkbuf_4_9_0_CLK/A (sky130_fd_sc_hd__clkbuf_8)
     6    0.018064    0.079043    0.272671   20.726908 ^ clkbuf_4_9_0_CLK/X (sky130_fd_sc_hd__clkbuf_8)
                                                         clknet_4_9_0_CLK (net)
                      0.079073    0.001366   20.728273 ^ _1439_/CLK (sky130_fd_sc_hd__dfrtp_2)
                                 -0.250000   20.478273   clock uncertainty
                                  0.047356   20.525629   clock reconvergence pessimism
                                  0.340128   20.865757   library recovery time
                                             20.865757   data required time
---------------------------------------------------------------------------------------------
                                             20.865757   data required time
                                             -4.435911   data arrival time
---------------------------------------------------------------------------------------------
                                             16.429846   slack (MET)


Startpoint: _1404_ (rising edge-triggered flip-flop clocked by CLK)
Endpoint: _1405_ (rising edge-triggered flip-flop clocked by CLK)
Path Group: CLK
Path Type: max

Fanout         Cap        Slew       Delay        Time   Description
---------------------------------------------------------------------------------------------
                                  0.000000    0.000000   clock CLK (rise edge)
                                  0.000000    0.000000   clock source latency
     1    0.021247    0.158803    0.114747    0.114747 ^ CLK (in)
                                                         CLK (net)
                      0.158854    0.000000    0.114747 ^ clkbuf_0_CLK/A (sky130_fd_sc_hd__clkbuf_16)
    16    0.110692    0.192001    0.382494    0.497241 ^ clkbuf_0_CLK/X (sky130_fd_sc_hd__clkbuf_16)
                                                         clknet_0_CLK (net)
                      0.192394    0.006351    0.503592 ^ clkbuf_4_10_0_CLK/A (sky130_fd_sc_hd__clkbuf_8)
     6    0.018696    0.080479    0.303195    0.806787 ^ clkbuf_4_10_0_CLK/X (sky130_fd_sc_hd__clkbuf_8)
                                                         clknet_4_10_0_CLK (net)
                      0.080495    0.001131    0.807918 ^ _1404_/CLK (sky130_fd_sc_hd__dfrtp_2)
     4    0.009815    0.107637    0.891319    1.699237 v _1404_/Q (sky130_fd_sc_hd__dfrtp_2)
                                                         gates.phase_b.dead_count[1] (net)
                      0.107637    0.000497    1.699734 v hold176/A (sky130_fd_sc_hd__dlygate4sd3_1)
     2    0.008410    0.159700    1.274479    2.974213 v hold176/X (sky130_fd_sc_hd__dlygate4sd3_1)
                                                         net175 (net)
                      0.159700    0.000527    2.974740 v _1354_/A2 (sky130_fd_sc_hd__o21a_2)
     1    0.004267    0.065533    0.421543    3.396283 v _1354_/X (sky130_fd_sc_hd__o21a_2)
                                                         _0683_ (net)
                      0.065533    0.000290    3.396573 v _1355_/B1 (sky130_fd_sc_hd__a21o_2)
     1    0.002295    0.054819    0.344659    3.741232 v _1355_/X (sky130_fd_sc_hd__a21o_2)
                                                         _0031_ (net)
                      0.054819    0.000113    3.741345 v _1405_/D (sky130_fd_sc_hd__dfrtp_2)
                                              3.741345   data arrival time

                                 20.000000   20.000000   clock CLK (rise edge)
                                  0.000000   20.000000   clock source latency
     1    0.021247    0.158803    0.103819   20.103819 ^ CLK (in)
                                                         CLK (net)
                      0.158854    0.000000   20.103819 ^ clkbuf_0_CLK/A (sky130_fd_sc_hd__clkbuf_16)
    16    0.110692    0.192001    0.346065   20.449884 ^ clkbuf_0_CLK/X (sky130_fd_sc_hd__clkbuf_16)
                                                         clknet_0_CLK (net)
                      0.192389    0.005697   20.455582 ^ clkbuf_4_11_0_CLK/A (sky130_fd_sc_hd__clkbuf_8)
     6    0.017155    0.076953    0.271019   20.726599 ^ clkbuf_4_11_0_CLK/X (sky130_fd_sc_hd__clkbuf_8)
                                                         clknet_4_11_0_CLK (net)
                      0.076965    0.000865   20.727465 ^ _1405_/CLK (sky130_fd_sc_hd__dfrtp_2)
                                 -0.250000   20.477467   clock uncertainty
                                  0.047356   20.524822   clock reconvergence pessimism
                                 -0.268411   20.256411   library setup time
                                             20.256411   data required time
---------------------------------------------------------------------------------------------
                                             20.256411   data required time
                                             -3.741345   data arrival time
---------------------------------------------------------------------------------------------
                                             16.515066   slack (MET)


Startpoint: _1441_ (rising edge-triggered flip-flop clocked by CLK)
Endpoint: _1474_ (recovery check against rising-edge clock CLK)
Path Group: asynchronous
Path Type: max

Fanout         Cap        Slew       Delay        Time   Description
---------------------------------------------------------------------------------------------
                                  0.000000    0.000000   clock CLK (rise edge)
                                  0.000000    0.000000   clock source latency
     1    0.021247    0.158803    0.114747    0.114747 ^ CLK (in)
                                                         CLK (net)
                      0.158854    0.000000    0.114747 ^ clkbuf_0_CLK/A (sky130_fd_sc_hd__clkbuf_16)
    16    0.110692    0.192001    0.382494    0.497241 ^ clkbuf_0_CLK/X (sky130_fd_sc_hd__clkbuf_16)
                                                         clknet_0_CLK (net)
                      0.192394    0.006351    0.503592 ^ clkbuf_4_10_0_CLK/A (sky130_fd_sc_hd__clkbuf_8)
     6    0.018696    0.080479    0.303195    0.806787 ^ clkbuf_4_10_0_CLK/X (sky130_fd_sc_hd__clkbuf_8)
                                                         clknet_4_10_0_CLK (net)
                      0.080488    0.000924    0.807711 ^ _1441_/CLK (sky130_fd_sc_hd__dfrtp_2)
     1    0.001743    0.062760    0.700361    1.508073 ^ _1441_/Q (sky130_fd_sc_hd__dfrtp_2)
                                                         control.reset_n (net)
                      0.062760    0.000083    1.508156 ^ hold143/A (sky130_fd_sc_hd__dlygate4sd3_1)
     2    0.010929    0.202529    1.197048    2.705204 ^ hold143/X (sky130_fd_sc_hd__dlygate4sd3_1)
                                                         net142 (net)
                      0.202529    0.000732    2.705935 ^ fanout79/A (sky130_fd_sc_hd__clkdlybuf4s25_1)
     5    0.030871    0.501304    0.874025    3.579961 ^ fanout79/X (sky130_fd_sc_hd__clkdlybuf4s25_1)
                                                         net79 (net)
                      0.501304    0.001384    3.581345 ^ fanout77/A (sky130_fd_sc_hd__clkdlybuf4s25_1)
     3    0.014439    0.247401    0.797660    4.379005 ^ fanout77/X (sky130_fd_sc_hd__clkdlybuf4s25_1)
                                                         net77 (net)
                      0.247402    0.001193    4.380198 ^ _1474_/RESET_B (sky130_fd_sc_hd__dfrtp_2)
                                              4.380198   data arrival time

                                 20.000000   20.000000   clock CLK (rise edge)
                                  0.000000   20.000000   clock source latency
     1    0.021247    0.158803    0.103819   20.103819 ^ CLK (in)
                                                         CLK (net)
                      0.158854    0.000000   20.103819 ^ clkbuf_0_CLK/A (sky130_fd_sc_hd__clkbuf_16)
    16    0.110692    0.192001    0.346065   20.449884 ^ clkbuf_0_CLK/X (sky130_fd_sc_hd__clkbuf_16)
                                                         clknet_0_CLK (net)
                      0.192288    0.004597   20.454481 ^ clkbuf_4_13_0_CLK/A (sky130_fd_sc_hd__clkbuf_8)
     6    0.017372    0.077444    0.271443   20.725925 ^ clkbuf_4_13_0_CLK/X (sky130_fd_sc_hd__clkbuf_8)
                                                         clknet_4_13_0_CLK (net)
                      0.077455    0.000853   20.726778 ^ _1474_/CLK (sky130_fd_sc_hd__dfrtp_2)
                                 -0.250000   20.476778   clock uncertainty
                                  0.047356   20.524134   clock reconvergence pessimism
                                  0.371259   20.895393   library recovery time
                                             20.895393   data required time
---------------------------------------------------------------------------------------------
                                             20.895393   data required time
                                             -4.380198   data arrival time
---------------------------------------------------------------------------------------------
                                             16.515196   slack (MET)


Startpoint: _1441_ (rising edge-triggered flip-flop clocked by CLK)
Endpoint: _1475_ (recovery check against rising-edge clock CLK)
Path Group: asynchronous
Path Type: max

Fanout         Cap        Slew       Delay        Time   Description
---------------------------------------------------------------------------------------------
                                  0.000000    0.000000   clock CLK (rise edge)
                                  0.000000    0.000000   clock source latency
     1    0.021247    0.158803    0.114747    0.114747 ^ CLK (in)
                                                         CLK (net)
                      0.158854    0.000000    0.114747 ^ clkbuf_0_CLK/A (sky130_fd_sc_hd__clkbuf_16)
    16    0.110692    0.192001    0.382494    0.497241 ^ clkbuf_0_CLK/X (sky130_fd_sc_hd__clkbuf_16)
                                                         clknet_0_CLK (net)
                      0.192394    0.006351    0.503592 ^ clkbuf_4_10_0_CLK/A (sky130_fd_sc_hd__clkbuf_8)
     6    0.018696    0.080479    0.303195    0.806787 ^ clkbuf_4_10_0_CLK/X (sky130_fd_sc_hd__clkbuf_8)
                                                         clknet_4_10_0_CLK (net)
                      0.080488    0.000924    0.807711 ^ _1441_/CLK (sky130_fd_sc_hd__dfrtp_2)
     1    0.001743    0.062760    0.700361    1.508073 ^ _1441_/Q (sky130_fd_sc_hd__dfrtp_2)
                                                         control.reset_n (net)
                      0.062760    0.000083    1.508156 ^ hold143/A (sky130_fd_sc_hd__dlygate4sd3_1)
     2    0.010929    0.202529    1.197048    2.705204 ^ hold143/X (sky130_fd_sc_hd__dlygate4sd3_1)
                                                         net142 (net)
                      0.202529    0.000732    2.705935 ^ fanout79/A (sky130_fd_sc_hd__clkdlybuf4s25_1)
     5    0.030871    0.501304    0.874025    3.579961 ^ fanout79/X (sky130_fd_sc_hd__clkdlybuf4s25_1)
                                                         net79 (net)
                      0.501304    0.001384    3.581345 ^ fanout77/A (sky130_fd_sc_hd__clkdlybuf4s25_1)
     3    0.014439    0.247401    0.797660    4.379005 ^ fanout77/X (sky130_fd_sc_hd__clkdlybuf4s25_1)
                                                         net77 (net)
                      0.247404    0.001350    4.380356 ^ _1475_/RESET_B (sky130_fd_sc_hd__dfrtp_2)
                                              4.380356   data arrival time

                                 20.000000   20.000000   clock CLK (rise edge)
                                  0.000000   20.000000   clock source latency
     1    0.021247    0.158803    0.103819   20.103819 ^ CLK (in)
                                                         CLK (net)
                      0.158854    0.000000   20.103819 ^ clkbuf_0_CLK/A (sky130_fd_sc_hd__clkbuf_16)
    16    0.110692    0.192001    0.346065   20.449884 ^ clkbuf_0_CLK/X (sky130_fd_sc_hd__clkbuf_16)
                                                         clknet_0_CLK (net)
                      0.192389    0.005697   20.455582 ^ clkbuf_4_11_0_CLK/A (sky130_fd_sc_hd__clkbuf_8)
     6    0.017155    0.076953    0.271019   20.726599 ^ clkbuf_4_11_0_CLK/X (sky130_fd_sc_hd__clkbuf_8)
                                                         clknet_4_11_0_CLK (net)
                      0.076962    0.000767   20.727367 ^ _1475_/CLK (sky130_fd_sc_hd__dfrtp_2)
                                 -0.250000   20.477367   clock uncertainty
                                  0.047356   20.524723   clock reconvergence pessimism
                                  0.371091   20.895813   library recovery time
                                             20.895813   data required time
---------------------------------------------------------------------------------------------
                                             20.895813   data required time
                                             -4.380356   data arrival time
---------------------------------------------------------------------------------------------
                                             16.515457   slack (MET)


Startpoint: _1441_ (rising edge-triggered flip-flop clocked by CLK)
Endpoint: _1410_ (recovery check against rising-edge clock CLK)
Path Group: asynchronous
Path Type: max

Fanout         Cap        Slew       Delay        Time   Description
---------------------------------------------------------------------------------------------
                                  0.000000    0.000000   clock CLK (rise edge)
                                  0.000000    0.000000   clock source latency
     1    0.021247    0.158803    0.114747    0.114747 ^ CLK (in)
                                                         CLK (net)
                      0.158854    0.000000    0.114747 ^ clkbuf_0_CLK/A (sky130_fd_sc_hd__clkbuf_16)
    16    0.110692    0.192001    0.382494    0.497241 ^ clkbuf_0_CLK/X (sky130_fd_sc_hd__clkbuf_16)
                                                         clknet_0_CLK (net)
                      0.192394    0.006351    0.503592 ^ clkbuf_4_10_0_CLK/A (sky130_fd_sc_hd__clkbuf_8)
     6    0.018696    0.080479    0.303195    0.806787 ^ clkbuf_4_10_0_CLK/X (sky130_fd_sc_hd__clkbuf_8)
                                                         clknet_4_10_0_CLK (net)
                      0.080488    0.000924    0.807711 ^ _1441_/CLK (sky130_fd_sc_hd__dfrtp_2)
     1    0.001743    0.062760    0.700361    1.508073 ^ _1441_/Q (sky130_fd_sc_hd__dfrtp_2)
                                                         control.reset_n (net)
                      0.062760    0.000083    1.508156 ^ hold143/A (sky130_fd_sc_hd__dlygate4sd3_1)
     2    0.010929    0.202529    1.197048    2.705204 ^ hold143/X (sky130_fd_sc_hd__dlygate4sd3_1)
                                                         net142 (net)
                      0.202529    0.000732    2.705935 ^ fanout79/A (sky130_fd_sc_hd__clkdlybuf4s25_1)
     5    0.030871    0.501304    0.874025    3.579961 ^ fanout79/X (sky130_fd_sc_hd__clkdlybuf4s25_1)
                                                         net79 (net)
                      0.501304    0.001887    3.581848 ^ fanout75/A (sky130_fd_sc_hd__clkdlybuf4s25_1)
     2    0.006181    0.122447    0.700718    4.282566 ^ fanout75/X (sky130_fd_sc_hd__clkdlybuf4s25_1)
                                                         net75 (net)
                      0.122447    0.000307    4.282873 ^ _1410_/RESET_B (sky130_fd_sc_hd__dfrtp_2)
                                              4.282873   data arrival time

                                 20.000000   20.000000   clock CLK (rise edge)
                                  0.000000   20.000000   clock source latency
     1    0.021247    0.158803    0.103819   20.103819 ^ CLK (in)
                                                         CLK (net)
                      0.158854    0.000000   20.103819 ^ clkbuf_0_CLK/A (sky130_fd_sc_hd__clkbuf_16)
    16    0.110692    0.192001    0.346065   20.449884 ^ clkbuf_0_CLK/X (sky130_fd_sc_hd__clkbuf_16)
                                                         clknet_0_CLK (net)
                      0.192288    0.004597   20.454481 ^ clkbuf_4_13_0_CLK/A (sky130_fd_sc_hd__clkbuf_8)
     6    0.017372    0.077444    0.271443   20.725925 ^ clkbuf_4_13_0_CLK/X (sky130_fd_sc_hd__clkbuf_8)
                                                         clknet_4_13_0_CLK (net)
                      0.077453    0.000778   20.726704 ^ _1410_/CLK (sky130_fd_sc_hd__dfrtp_2)
                                 -0.250000   20.476704   clock uncertainty
                                  0.047356   20.524059   clock reconvergence pessimism
                                  0.424641   20.948700   library recovery time
                                             20.948700   data required time
---------------------------------------------------------------------------------------------
                                             20.948700   data required time
                                             -4.282873   data arrival time
---------------------------------------------------------------------------------------------
                                             16.665827   slack (MET)


Startpoint: _1411_ (rising edge-triggered flip-flop clocked by CLK)
Endpoint: _1411_ (rising edge-triggered flip-flop clocked by CLK)
Path Group: CLK
Path Type: max

Fanout         Cap        Slew       Delay        Time   Description
---------------------------------------------------------------------------------------------
                                  0.000000    0.000000   clock CLK (rise edge)
                                  0.000000    0.000000   clock source latency
     1    0.021247    0.158803    0.114747    0.114747 ^ CLK (in)
                                                         CLK (net)
                      0.158854    0.000000    0.114747 ^ clkbuf_0_CLK/A (sky130_fd_sc_hd__clkbuf_16)
    16    0.110692    0.192001    0.382494    0.497241 ^ clkbuf_0_CLK/X (sky130_fd_sc_hd__clkbuf_16)
                                                         clknet_0_CLK (net)
                      0.192288    0.005081    0.502322 ^ clkbuf_4_13_0_CLK/A (sky130_fd_sc_hd__clkbuf_8)
     6    0.017372    0.077444    0.300015    0.802337 ^ clkbuf_4_13_0_CLK/X (sky130_fd_sc_hd__clkbuf_8)
                                                         clknet_4_13_0_CLK (net)
                      0.077455    0.000916    0.803253 ^ _1411_/CLK (sky130_fd_sc_hd__dfrtp_2)
     3    0.010495    0.110873    0.894145    1.697398 v _1411_/Q (sky130_fd_sc_hd__dfrtp_2)
                                                         gates.phase_c.dead_count[2] (net)
                      0.110873    0.000552    1.697950 v hold188/A (sky130_fd_sc_hd__dlygate4sd3_1)
     1    0.002719    0.104975    1.198404    2.896354 v hold188/X (sky130_fd_sc_hd__dlygate4sd3_1)
                                                         net187 (net)
                      0.104975    0.000133    2.896488 v _1366_/B1 (sky130_fd_sc_hd__o21a_2)
     1    0.004174    0.065000    0.242428    3.138916 v _1366_/X (sky130_fd_sc_hd__o21a_2)
                                                         _0689_ (net)
                      0.065000    0.000341    3.139257 v _1367_/B1 (sky130_fd_sc_hd__a21o_2)
     1    0.003316    0.059709    0.352918    3.492175 v _1367_/X (sky130_fd_sc_hd__a21o_2)
                                                         _0037_ (net)
                      0.059709    0.000218    3.492393 v _1411_/D (sky130_fd_sc_hd__dfrtp_2)
                                              3.492393   data arrival time

                                 20.000000   20.000000   clock CLK (rise edge)
                                  0.000000   20.000000   clock source latency
     1    0.021247    0.158803    0.103819   20.103819 ^ CLK (in)
                                                         CLK (net)
                      0.158854    0.000000   20.103819 ^ clkbuf_0_CLK/A (sky130_fd_sc_hd__clkbuf_16)
    16    0.110692    0.192001    0.346065   20.449884 ^ clkbuf_0_CLK/X (sky130_fd_sc_hd__clkbuf_16)
                                                         clknet_0_CLK (net)
                      0.192288    0.004597   20.454481 ^ clkbuf_4_13_0_CLK/A (sky130_fd_sc_hd__clkbuf_8)
     6    0.017372    0.077444    0.271443   20.725925 ^ clkbuf_4_13_0_CLK/X (sky130_fd_sc_hd__clkbuf_8)
                                                         clknet_4_13_0_CLK (net)
                      0.077455    0.000828   20.726753 ^ _1411_/CLK (sky130_fd_sc_hd__dfrtp_2)
                                 -0.250000   20.476753   clock uncertainty
                                  0.076500   20.553253   clock reconvergence pessimism
                                 -0.270323   20.282932   library setup time
                                             20.282932   data required time
---------------------------------------------------------------------------------------------
                                             20.282932   data required time
                                             -3.492393   data arrival time
---------------------------------------------------------------------------------------------
                                             16.790539   slack (MET)


Startpoint: _1402_ (rising edge-triggered flip-flop clocked by CLK)
Endpoint: _1398_ (rising edge-triggered flip-flop clocked by CLK)
Path Group: CLK
Path Type: max

Fanout         Cap        Slew       Delay        Time   Description
---------------------------------------------------------------------------------------------
                                  0.000000    0.000000   clock CLK (rise edge)
                                  0.000000    0.000000   clock source latency
     1    0.021247    0.158803    0.114747    0.114747 ^ CLK (in)
                                                         CLK (net)
                      0.158854    0.000000    0.114747 ^ clkbuf_0_CLK/A (sky130_fd_sc_hd__clkbuf_16)
    16    0.110692    0.192001    0.382494    0.497241 ^ clkbuf_0_CLK/X (sky130_fd_sc_hd__clkbuf_16)
                                                         clknet_0_CLK (net)
                      0.192366    0.006041    0.503282 ^ clkbuf_4_14_0_CLK/A (sky130_fd_sc_hd__clkbuf_8)
     6    0.018935    0.081026    0.303785    0.807067 ^ clkbuf_4_14_0_CLK/X (sky130_fd_sc_hd__clkbuf_8)
                                                         clknet_4_14_0_CLK (net)
                      0.081029    0.000671    0.807737 ^ _1402_/CLK (sky130_fd_sc_hd__dfrtp_2)
     1    0.001811    0.069059    0.825386    1.633124 v _1402_/Q (sky130_fd_sc_hd__dfrtp_2)
                                                         gates.phase_a.dead_count[5] (net)
                      0.069059    0.000133    1.633256 v hold163/A (sky130_fd_sc_hd__dlygate4sd3_1)
     2    0.007666    0.152434    1.246435    2.879691 v hold163/X (sky130_fd_sc_hd__dlygate4sd3_1)
                                                         net162 (net)
                      0.152434    0.000321    2.880012 v _1333_/A (sky130_fd_sc_hd__nor2_2)
     4    0.017940    0.344900    0.397470    3.277482 ^ _1333_/Y (sky130_fd_sc_hd__nor2_2)
                                                         _0672_ (net)
                      0.344905    0.001114    3.278596 ^ _1341_/A2 (sky130_fd_sc_hd__o21ai_2)
     1    0.002701    0.065909    0.177709    3.456305 v _1341_/Y (sky130_fd_sc_hd__o21ai_2)
                                                         _0024_ (net)
                      0.065916    0.000183    3.456488 v _1398_/D (sky130_fd_sc_hd__dfrtp_2)
                                              3.456488   data arrival time

                                 20.000000   20.000000   clock CLK (rise edge)
                                  0.000000   20.000000   clock source latency
     1    0.021247    0.158803    0.103819   20.103819 ^ CLK (in)
                                                         CLK (net)
                      0.158854    0.000000   20.103819 ^ clkbuf_0_CLK/A (sky130_fd_sc_hd__clkbuf_16)
    16    0.110692    0.192001    0.346065   20.449884 ^ clkbuf_0_CLK/X (sky130_fd_sc_hd__clkbuf_16)
                                                         clknet_0_CLK (net)
                      0.192288    0.004597   20.454481 ^ clkbuf_4_13_0_CLK/A (sky130_fd_sc_hd__clkbuf_8)
     6    0.017372    0.077444    0.271443   20.725925 ^ clkbuf_4_13_0_CLK/X (sky130_fd_sc_hd__clkbuf_8)
                                                         clknet_4_13_0_CLK (net)
                      0.077454    0.000814   20.726738 ^ _1398_/CLK (sky130_fd_sc_hd__dfrtp_2)
                                 -0.250000   20.476740   clock uncertainty
                                  0.047356   20.524096   clock reconvergence pessimism
                                 -0.272916   20.251179   library setup time
                                             20.251179   data required time
---------------------------------------------------------------------------------------------
                                             20.251179   data required time
                                             -3.456488   data arrival time
---------------------------------------------------------------------------------------------
                                             16.794691   slack (MET)


Startpoint: _1464_ (rising edge-triggered flip-flop clocked by CLK)
Endpoint: _1421_ (rising edge-triggered flip-flop clocked by CLK)
Path Group: CLK
Path Type: max

Fanout         Cap        Slew       Delay        Time   Description
---------------------------------------------------------------------------------------------
                                  0.000000    0.000000   clock CLK (rise edge)
                                  0.000000    0.000000   clock source latency
     1    0.021247    0.158803    0.114747    0.114747 ^ CLK (in)
                                                         CLK (net)
                      0.158854    0.000000    0.114747 ^ clkbuf_0_CLK/A (sky130_fd_sc_hd__clkbuf_16)
    16    0.110692    0.192001    0.382494    0.497241 ^ clkbuf_0_CLK/X (sky130_fd_sc_hd__clkbuf_16)
                                                         clknet_0_CLK (net)
                      0.192674    0.008839    0.506079 ^ clkbuf_4_1_0_CLK/A (sky130_fd_sc_hd__clkbuf_8)
     6    0.018223    0.079392    0.302190    0.808270 ^ clkbuf_4_1_0_CLK/X (sky130_fd_sc_hd__clkbuf_8)
                                                         clknet_4_1_0_CLK (net)
                      0.079407    0.001117    0.809386 ^ _1464_/CLK (sky130_fd_sc_hd__dfrtp_2)
     9    0.040717    0.236017    1.036110    1.845496 v _1464_/Q (sky130_fd_sc_hd__dfrtp_2)
                                                         hall.hall_a_pipe[1] (net)
                      0.236128    0.004992    1.850488 v hold195/A (sky130_fd_sc_hd__dlygate4sd3_1)
     1    0.011242    0.188582    1.373568    3.224056 v hold195/X (sky130_fd_sc_hd__dlygate4sd3_1)
                                                         net194 (net)
                      0.188884    0.001130    3.225186 v _1395_/A (sky130_fd_sc_hd__buf_1)
     1    0.003106    0.054022    0.230407    3.455594 v _1395_/X (sky130_fd_sc_hd__buf_1)
                                                         _0047_ (net)
                      0.054022    0.000230    3.455823 v _1421_/D (sky130_fd_sc_hd__dfrtp_2)
                                              3.455823   data arrival time

                                 20.000000   20.000000   clock CLK (rise edge)
                                  0.000000   20.000000   clock source latency
     1    0.021247    0.158803    0.103819   20.103819 ^ CLK (in)
                                                         CLK (net)
                      0.158854    0.000000   20.103819 ^ clkbuf_0_CLK/A (sky130_fd_sc_hd__clkbuf_16)
    16    0.110692    0.192001    0.346065   20.449884 ^ clkbuf_0_CLK/X (sky130_fd_sc_hd__clkbuf_16)
                                                         clknet_0_CLK (net)
                      0.192674    0.007997   20.457882 ^ clkbuf_4_1_0_CLK/A (sky130_fd_sc_hd__clkbuf_8)
     6    0.018223    0.079392    0.273412   20.731293 ^ clkbuf_4_1_0_CLK/X (sky130_fd_sc_hd__clkbuf_8)
                                                         clknet_4_1_0_CLK (net)
                      0.079403    0.000879   20.732172 ^ _1421_/CLK (sky130_fd_sc_hd__dfrtp_2)
                                 -0.250000   20.482174   clock uncertainty
                                  0.076978   20.559151   clock reconvergence pessimism
                                 -0.267428   20.291723   library setup time
                                             20.291723   data required time
---------------------------------------------------------------------------------------------
                                             20.291723   data required time
                                             -3.455823   data arrival time
---------------------------------------------------------------------------------------------
                                             16.835899   slack (MET)


Startpoint: _1455_ (rising edge-triggered flip-flop clocked by CLK)
Endpoint: _1455_ (rising edge-triggered flip-flop clocked by CLK)
Path Group: CLK
Path Type: max

Fanout         Cap        Slew       Delay        Time   Description
---------------------------------------------------------------------------------------------
                                  0.000000    0.000000   clock CLK (rise edge)
                                  0.000000    0.000000   clock source latency
     1    0.021247    0.158803    0.114747    0.114747 ^ CLK (in)
                                                         CLK (net)
                      0.158854    0.000000    0.114747 ^ clkbuf_0_CLK/A (sky130_fd_sc_hd__clkbuf_16)
    16    0.110692    0.192001    0.382494    0.497241 ^ clkbuf_0_CLK/X (sky130_fd_sc_hd__clkbuf_16)
                                                         clknet_0_CLK (net)
                      0.192652    0.008669    0.505910 ^ clkbuf_4_6_0_CLK/A (sky130_fd_sc_hd__clkbuf_8)
     6    0.016696    0.075917    0.298598    0.804508 ^ clkbuf_4_6_0_CLK/X (sky130_fd_sc_hd__clkbuf_8)
                                                         clknet_4_6_0_CLK (net)
                      0.075930    0.000968    0.805476 ^ _1455_/CLK (sky130_fd_sc_hd__dfrtp_2)
     6    0.024104    0.166967    0.967814    1.773290 v _1455_/Q (sky130_fd_sc_hd__dfrtp_2)
                                                         pwm.pwm_counter[3] (net)
                      0.167111    0.000876    1.774166 v hold186/A (sky130_fd_sc_hd__dlygate4sd3_1)
     1    0.008837    0.164167    1.309925    3.084091 v hold186/X (sky130_fd_sc_hd__dlygate4sd3_1)
                                                         net185 (net)
                      0.164167    0.000434    3.084525 v _0749_/A (sky130_fd_sc_hd__xor2_2)
     1    0.002846    0.086572    0.351002    3.435528 v _0749_/X (sky130_fd_sc_hd__xor2_2)
                                                         _0015_ (net)
                      0.086572    0.000192    3.435720 v _1455_/D (sky130_fd_sc_hd__dfrtp_2)
                                              3.435720   data arrival time

                                 20.000000   20.000000   clock CLK (rise edge)
                                  0.000000   20.000000   clock source latency
     1    0.021247    0.158803    0.103819   20.103819 ^ CLK (in)
                                                         CLK (net)
                      0.158854    0.000000   20.103819 ^ clkbuf_0_CLK/A (sky130_fd_sc_hd__clkbuf_16)
    16    0.110692    0.192001    0.346065   20.449884 ^ clkbuf_0_CLK/X (sky130_fd_sc_hd__clkbuf_16)
                                                         clknet_0_CLK (net)
                      0.192652    0.007844   20.457729 ^ clkbuf_4_6_0_CLK/A (sky130_fd_sc_hd__clkbuf_8)
     6    0.016696    0.075917    0.270161   20.727890 ^ clkbuf_4_6_0_CLK/X (sky130_fd_sc_hd__clkbuf_8)
                                                         clknet_4_6_0_CLK (net)
                      0.075930    0.000876   20.728765 ^ _1455_/CLK (sky130_fd_sc_hd__dfrtp_2)
                                 -0.250000   20.478765   clock uncertainty
                                  0.076712   20.555477   clock reconvergence pessimism
                                 -0.281951   20.273527   library setup time
                                             20.273527   data required time
---------------------------------------------------------------------------------------------
                                             20.273527   data required time
                                             -3.435720   data arrival time
---------------------------------------------------------------------------------------------
                                             16.837809   slack (MET)


Startpoint: _1455_ (rising edge-triggered flip-flop clocked by CLK)
Endpoint: _1456_ (rising edge-triggered flip-flop clocked by CLK)
Path Group: CLK
Path Type: max

Fanout         Cap        Slew       Delay        Time   Description
---------------------------------------------------------------------------------------------
                                  0.000000    0.000000   clock CLK (rise edge)
                                  0.000000    0.000000   clock source latency
     1    0.021247    0.158803    0.114747    0.114747 ^ CLK (in)
                                                         CLK (net)
                      0.158854    0.000000    0.114747 ^ clkbuf_0_CLK/A (sky130_fd_sc_hd__clkbuf_16)
    16    0.110692    0.192001    0.382494    0.497241 ^ clkbuf_0_CLK/X (sky130_fd_sc_hd__clkbuf_16)
                                                         clknet_0_CLK (net)
                      0.192652    0.008669    0.505910 ^ clkbuf_4_6_0_CLK/A (sky130_fd_sc_hd__clkbuf_8)
     6    0.016696    0.075917    0.298598    0.804508 ^ clkbuf_4_6_0_CLK/X (sky130_fd_sc_hd__clkbuf_8)
                                                         clknet_4_6_0_CLK (net)
                      0.075930    0.000968    0.805476 ^ _1455_/CLK (sky130_fd_sc_hd__dfrtp_2)
     6    0.024104    0.166967    0.967814    1.773290 v _1455_/Q (sky130_fd_sc_hd__dfrtp_2)
                                                         pwm.pwm_counter[3] (net)
                      0.167111    0.000929    1.774219 v hold198/A (sky130_fd_sc_hd__dlygate4sd3_1)
     1    0.006130    0.139496    1.277618    3.051837 v hold198/X (sky130_fd_sc_hd__dlygate4sd3_1)
                                                         net197 (net)
                      0.139496    0.000494    3.052331 v _0751_/A1 (sky130_fd_sc_hd__a21oi_2)
     1    0.005684    0.175521    0.260861    3.313193 ^ _0751_/Y (sky130_fd_sc_hd__a21oi_2)
                                                         _0102_ (net)
                      0.175521    0.000433    3.313626 ^ _0752_/B (sky130_fd_sc_hd__nor2_2)
     1    0.003017    0.044240    0.096939    3.410565 v _0752_/Y (sky130_fd_sc_hd__nor2_2)
                                                         _0016_ (net)
                      0.044240    0.000201    3.410766 v _1456_/D (sky130_fd_sc_hd__dfrtp_2)
                                              3.410766   data arrival time

                                 20.000000   20.000000   clock CLK (rise edge)
                                  0.000000   20.000000   clock source latency
     1    0.021247    0.158803    0.103819   20.103819 ^ CLK (in)
                                                         CLK (net)
                      0.158854    0.000000   20.103819 ^ clkbuf_0_CLK/A (sky130_fd_sc_hd__clkbuf_16)
    16    0.110692    0.192001    0.346065   20.449884 ^ clkbuf_0_CLK/X (sky130_fd_sc_hd__clkbuf_16)
                                                         clknet_0_CLK (net)
                      0.192652    0.007844   20.457729 ^ clkbuf_4_6_0_CLK/A (sky130_fd_sc_hd__clkbuf_8)
     6    0.016696    0.075917    0.270161   20.727890 ^ clkbuf_4_6_0_CLK/X (sky130_fd_sc_hd__clkbuf_8)
                                                         clknet_4_6_0_CLK (net)
                      0.075928    0.000824   20.728714 ^ _1456_/CLK (sky130_fd_sc_hd__dfrtp_2)
                                 -0.250000   20.478714   clock uncertainty
                                  0.076620   20.555334   clock reconvergence pessimism
                                 -0.264267   20.291067   library setup time
                                             20.291067   data required time
---------------------------------------------------------------------------------------------
                                             20.291067   data required time
                                             -3.410766   data arrival time
---------------------------------------------------------------------------------------------
                                             16.880302   slack (MET)


Startpoint: _1399_ (rising edge-triggered flip-flop clocked by CLK)
Endpoint: _1402_ (rising edge-triggered flip-flop clocked by CLK)
Path Group: CLK
Path Type: max

Fanout         Cap        Slew       Delay        Time   Description
---------------------------------------------------------------------------------------------
                                  0.000000    0.000000   clock CLK (rise edge)
                                  0.000000    0.000000   clock source latency
     1    0.021247    0.158803    0.114747    0.114747 ^ CLK (in)
                                                         CLK (net)
                      0.158854    0.000000    0.114747 ^ clkbuf_0_CLK/A (sky130_fd_sc_hd__clkbuf_16)
    16    0.110692    0.192001    0.382494    0.497241 ^ clkbuf_0_CLK/X (sky130_fd_sc_hd__clkbuf_16)
                                                         clknet_0_CLK (net)
                      0.192366    0.006041    0.503282 ^ clkbuf_4_14_0_CLK/A (sky130_fd_sc_hd__clkbuf_8)
     6    0.018935    0.081026    0.303785    0.807067 ^ clkbuf_4_14_0_CLK/X (sky130_fd_sc_hd__clkbuf_8)
                                                         clknet_4_14_0_CLK (net)
                      0.081035    0.000936    0.808002 ^ _1399_/CLK (sky130_fd_sc_hd__dfrtp_2)
     3    0.005500    0.089262    0.863776    1.671779 v _1399_/Q (sky130_fd_sc_hd__dfrtp_2)
                                                         gates.phase_a.dead_count[2] (net)
                      0.089262    0.000222    1.672001 v _1332_/A (sky130_fd_sc_hd__or3_2)
     2    0.007844    0.196626    1.221981    2.893982 v _1332_/X (sky130_fd_sc_hd__or3_2)
                                                         _0671_ (net)
                      0.196626    0.000418    2.894399 v _1350_/A2 (sky130_fd_sc_hd__o21a_2)
     1    0.003391    0.061531    0.430666    3.325065 v _1350_/X (sky130_fd_sc_hd__o21a_2)
                                                         _0028_ (net)
                      0.061531    0.000230    3.325295 v _1402_/D (sky130_fd_sc_hd__dfrtp_2)
                                              3.325295   data arrival time

                                 20.000000   20.000000   clock CLK (rise edge)
                                  0.000000   20.000000   clock source latency
     1    0.021247    0.158803    0.103819   20.103819 ^ CLK (in)
                                                         CLK (net)
                      0.158854    0.000000   20.103819 ^ clkbuf_0_CLK/A (sky130_fd_sc_hd__clkbuf_16)
    16    0.110692    0.192001    0.346065   20.449884 ^ clkbuf_0_CLK/X (sky130_fd_sc_hd__clkbuf_16)
                                                         clknet_0_CLK (net)
                      0.192366    0.005466   20.455351 ^ clkbuf_4_14_0_CLK/A (sky130_fd_sc_hd__clkbuf_8)
     6    0.018935    0.081026    0.274854   20.730204 ^ clkbuf_4_14_0_CLK/X (sky130_fd_sc_hd__clkbuf_8)
                                                         clknet_4_14_0_CLK (net)
                      0.081029    0.000606   20.730810 ^ _1402_/CLK (sky130_fd_sc_hd__dfrtp_2)
                                 -0.250000   20.480810   clock uncertainty
                                  0.076863   20.557674   clock reconvergence pessimism
                                 -0.270132   20.287540   library setup time
                                             20.287540   data required time
---------------------------------------------------------------------------------------------
                                             20.287540   data required time
                                             -3.325295   data arrival time
---------------------------------------------------------------------------------------------
                                             16.962246   slack (MET)


Startpoint: _1469_ (rising edge-triggered flip-flop clocked by CLK)
Endpoint: _1419_ (rising edge-triggered flip-flop clocked by CLK)
Path Group: CLK
Path Type: max

Fanout         Cap        Slew       Delay        Time   Description
---------------------------------------------------------------------------------------------
                                  0.000000    0.000000   clock CLK (rise edge)
                                  0.000000    0.000000   clock source latency
     1    0.021247    0.158803    0.114747    0.114747 ^ CLK (in)
                                                         CLK (net)
                      0.158854    0.000000    0.114747 ^ clkbuf_0_CLK/A (sky130_fd_sc_hd__clkbuf_16)
    16    0.110692    0.192001    0.382494    0.497241 ^ clkbuf_0_CLK/X (sky130_fd_sc_hd__clkbuf_16)
                                                         clknet_0_CLK (net)
                      0.192665    0.008770    0.506011 ^ clkbuf_4_3_0_CLK/A (sky130_fd_sc_hd__clkbuf_8)
     6    0.019520    0.082381    0.305330    0.811341 ^ clkbuf_4_3_0_CLK/X (sky130_fd_sc_hd__clkbuf_8)
                                                         clknet_4_3_0_CLK (net)
                      0.082396    0.001110    0.812451 ^ _1469_/CLK (sky130_fd_sc_hd__dfrtp_2)
     8    0.042776    0.244096    1.047189    1.859640 v _1469_/Q (sky130_fd_sc_hd__dfrtp_2)
                                                         hall.hall_c_pipe[1] (net)
                      0.244098    0.001137    1.860777 v hold189/A (sky130_fd_sc_hd__dlygate4sd3_1)
     1    0.002293    0.102092    1.259033    3.119810 v hold189/X (sky130_fd_sc_hd__dlygate4sd3_1)
                                                         net188 (net)
                      0.102092    0.000111    3.119920 v _1393_/A (sky130_fd_sc_hd__buf_1)
     1    0.003327    0.055749    0.189231    3.309152 v _1393_/X (sky130_fd_sc_hd__buf_1)
                                                         _0045_ (net)
                      0.055749    0.000210    3.309361 v _1419_/D (sky130_fd_sc_hd__dfrtp_2)
                                              3.309361   data arrival time

                                 20.000000   20.000000   clock CLK (rise edge)
                                  0.000000   20.000000   clock source latency
     1    0.021247    0.158803    0.103819   20.103819 ^ CLK (in)
                                                         CLK (net)
                      0.158854    0.000000   20.103819 ^ clkbuf_0_CLK/A (sky130_fd_sc_hd__clkbuf_16)
    16    0.110692    0.192001    0.346065   20.449884 ^ clkbuf_0_CLK/X (sky130_fd_sc_hd__clkbuf_16)
                                                         clknet_0_CLK (net)
                      0.192678    0.008018   20.457903 ^ clkbuf_4_0_0_CLK/A (sky130_fd_sc_hd__clkbuf_8)
     6    0.024030    0.093092    0.285894   20.743797 ^ clkbuf_4_0_0_CLK/X (sky130_fd_sc_hd__clkbuf_8)
                                                         clknet_4_0_0_CLK (net)
                      0.093112    0.001261   20.745058 ^ _1419_/CLK (sky130_fd_sc_hd__dfrtp_2)
                                 -0.250000   20.495058   clock uncertainty
                                  0.047356   20.542414   clock reconvergence pessimism
                                 -0.264498   20.277916   library setup time
                                             20.277916   data required time
---------------------------------------------------------------------------------------------
                                             20.277916   data required time
                                             -3.309361   data arrival time
---------------------------------------------------------------------------------------------
                                             16.968555   slack (MET)


Startpoint: _1467_ (rising edge-triggered flip-flop clocked by CLK)
Endpoint: _1420_ (rising edge-triggered flip-flop clocked by CLK)
Path Group: CLK
Path Type: max

Fanout         Cap        Slew       Delay        Time   Description
---------------------------------------------------------------------------------------------
                                  0.000000    0.000000   clock CLK (rise edge)
                                  0.000000    0.000000   clock source latency
     1    0.021247    0.158803    0.114747    0.114747 ^ CLK (in)
                                                         CLK (net)
                      0.158854    0.000000    0.114747 ^ clkbuf_0_CLK/A (sky130_fd_sc_hd__clkbuf_16)
    16    0.110692    0.192001    0.382494    0.497241 ^ clkbuf_0_CLK/X (sky130_fd_sc_hd__clkbuf_16)
                                                         clknet_0_CLK (net)
                      0.192678    0.008862    0.506102 ^ clkbuf_4_0_0_CLK/A (sky130_fd_sc_hd__clkbuf_8)
     6    0.024030    0.093092    0.315987    0.822090 ^ clkbuf_4_0_0_CLK/X (sky130_fd_sc_hd__clkbuf_8)
                                                         clknet_4_0_0_CLK (net)
                      0.093105    0.001177    0.823266 ^ _1467_/CLK (sky130_fd_sc_hd__dfrtp_2)
     5    0.021651    0.157496    0.965917    1.789184 v _1467_/Q (sky130_fd_sc_hd__dfrtp_2)
                                                         hall.hall_b_pipe[1] (net)
                      0.157496    0.001719    1.790903 v hold175/A (sky130_fd_sc_hd__dlygate4sd3_1)
     1    0.006519    0.142738    1.277373    3.068277 v hold175/X (sky130_fd_sc_hd__dlygate4sd3_1)
                                                         net174 (net)
                      0.142738    0.000489    3.068766 v _1394_/A (sky130_fd_sc_hd__buf_1)
     1    0.002810    0.050792    0.204311    3.273077 v _1394_/X (sky130_fd_sc_hd__buf_1)
                                                         _0046_ (net)
                      0.050792    0.000217    3.273294 v _1420_/D (sky130_fd_sc_hd__dfrtp_2)
                                              3.273294   data arrival time

                                 20.000000   20.000000   clock CLK (rise edge)
                                  0.000000   20.000000   clock source latency
     1    0.021247    0.158803    0.103819   20.103819 ^ CLK (in)
                                                         CLK (net)
                      0.158854    0.000000   20.103819 ^ clkbuf_0_CLK/A (sky130_fd_sc_hd__clkbuf_16)
    16    0.110692    0.192001    0.346065   20.449884 ^ clkbuf_0_CLK/X (sky130_fd_sc_hd__clkbuf_16)
                                                         clknet_0_CLK (net)
                      0.192678    0.008018   20.457903 ^ clkbuf_4_0_0_CLK/A (sky130_fd_sc_hd__clkbuf_8)
     6    0.024030    0.093092    0.285894   20.743797 ^ clkbuf_4_0_0_CLK/X (sky130_fd_sc_hd__clkbuf_8)
                                                         clknet_4_0_0_CLK (net)
                      0.093106    0.001092   20.744888 ^ _1420_/CLK (sky130_fd_sc_hd__dfrtp_2)
                                 -0.250000   20.494890   clock uncertainty
                                  0.078294   20.573185   clock reconvergence pessimism
                                 -0.262429   20.310755   library setup time
                                             20.310755   data required time
---------------------------------------------------------------------------------------------
                                             20.310755   data required time
                                             -3.273294   data arrival time
---------------------------------------------------------------------------------------------
                                             17.037462   slack (MET)


Startpoint: _1441_ (rising edge-triggered flip-flop clocked by CLK)
Endpoint: _1455_ (recovery check against rising-edge clock CLK)
Path Group: asynchronous
Path Type: max

Fanout         Cap        Slew       Delay        Time   Description
---------------------------------------------------------------------------------------------
                                  0.000000    0.000000   clock CLK (rise edge)
                                  0.000000    0.000000   clock source latency
     1    0.021247    0.158803    0.114747    0.114747 ^ CLK (in)
                                                         CLK (net)
                      0.158854    0.000000    0.114747 ^ clkbuf_0_CLK/A (sky130_fd_sc_hd__clkbuf_16)
    16    0.110692    0.192001    0.382494    0.497241 ^ clkbuf_0_CLK/X (sky130_fd_sc_hd__clkbuf_16)
                                                         clknet_0_CLK (net)
                      0.192394    0.006351    0.503592 ^ clkbuf_4_10_0_CLK/A (sky130_fd_sc_hd__clkbuf_8)
     6    0.018696    0.080479    0.303195    0.806787 ^ clkbuf_4_10_0_CLK/X (sky130_fd_sc_hd__clkbuf_8)
                                                         clknet_4_10_0_CLK (net)
                      0.080488    0.000924    0.807711 ^ _1441_/CLK (sky130_fd_sc_hd__dfrtp_2)
     1    0.001743    0.062760    0.700361    1.508073 ^ _1441_/Q (sky130_fd_sc_hd__dfrtp_2)
                                                         control.reset_n (net)
                      0.062760    0.000083    1.508156 ^ hold143/A (sky130_fd_sc_hd__dlygate4sd3_1)
     2    0.010929    0.202529    1.197048    2.705204 ^ hold143/X (sky130_fd_sc_hd__dlygate4sd3_1)
                                                         net142 (net)
                      0.202531    0.001086    2.706290 ^ fanout72/A (sky130_fd_sc_hd__clkdlybuf4s25_1)
     8    0.039601    0.637829    0.974377    3.680667 ^ fanout72/X (sky130_fd_sc_hd__clkdlybuf4s25_1)
                                                         net72 (net)
                      0.637848    0.004377    3.685044 ^ _1455_/RESET_B (sky130_fd_sc_hd__dfrtp_2)
                                              3.685044   data arrival time

                                 20.000000   20.000000   clock CLK (rise edge)
                                  0.000000   20.000000   clock source latency
     1    0.021247    0.158803    0.103819   20.103819 ^ CLK (in)
                                                         CLK (net)
                      0.158854    0.000000   20.103819 ^ clkbuf_0_CLK/A (sky130_fd_sc_hd__clkbuf_16)
    16    0.110692    0.192001    0.346065   20.449884 ^ clkbuf_0_CLK/X (sky130_fd_sc_hd__clkbuf_16)
                                                         clknet_0_CLK (net)
                      0.192652    0.007844   20.457729 ^ clkbuf_4_6_0_CLK/A (sky130_fd_sc_hd__clkbuf_8)
     6    0.016696    0.075917    0.270161   20.727890 ^ clkbuf_4_6_0_CLK/X (sky130_fd_sc_hd__clkbuf_8)
                                                         clknet_4_6_0_CLK (net)
                      0.075930    0.000876   20.728765 ^ _1455_/CLK (sky130_fd_sc_hd__dfrtp_2)
                                 -0.250000   20.478765   clock uncertainty
                                  0.047356   20.526121   clock reconvergence pessimism
                                  0.203919   20.730040   library recovery time
                                             20.730040   data required time
---------------------------------------------------------------------------------------------
                                             20.730040   data required time
                                             -3.685044   data arrival time
---------------------------------------------------------------------------------------------
                                             17.044996   slack (MET)


Startpoint: _1441_ (rising edge-triggered flip-flop clocked by CLK)
Endpoint: _1456_ (recovery check against rising-edge clock CLK)
Path Group: asynchronous
Path Type: max

Fanout         Cap        Slew       Delay        Time   Description
---------------------------------------------------------------------------------------------
                                  0.000000    0.000000   clock CLK (rise edge)
                                  0.000000    0.000000   clock source latency
     1    0.021247    0.158803    0.114747    0.114747 ^ CLK (in)
                                                         CLK (net)
                      0.158854    0.000000    0.114747 ^ clkbuf_0_CLK/A (sky130_fd_sc_hd__clkbuf_16)
    16    0.110692    0.192001    0.382494    0.497241 ^ clkbuf_0_CLK/X (sky130_fd_sc_hd__clkbuf_16)
                                                         clknet_0_CLK (net)
                      0.192394    0.006351    0.503592 ^ clkbuf_4_10_0_CLK/A (sky130_fd_sc_hd__clkbuf_8)
     6    0.018696    0.080479    0.303195    0.806787 ^ clkbuf_4_10_0_CLK/X (sky130_fd_sc_hd__clkbuf_8)
                                                         clknet_4_10_0_CLK (net)
                      0.080488    0.000924    0.807711 ^ _1441_/CLK (sky130_fd_sc_hd__dfrtp_2)
     1    0.001743    0.062760    0.700361    1.508073 ^ _1441_/Q (sky130_fd_sc_hd__dfrtp_2)
                                                         control.reset_n (net)
                      0.062760    0.000083    1.508156 ^ hold143/A (sky130_fd_sc_hd__dlygate4sd3_1)
     2    0.010929    0.202529    1.197048    2.705204 ^ hold143/X (sky130_fd_sc_hd__dlygate4sd3_1)
                                                         net142 (net)
                      0.202531    0.001086    2.706290 ^ fanout72/A (sky130_fd_sc_hd__clkdlybuf4s25_1)
     8    0.039601    0.637829    0.974377    3.680667 ^ fanout72/X (sky130_fd_sc_hd__clkdlybuf4s25_1)
                                                         net72 (net)
                      0.637846    0.004260    3.684927 ^ _1456_/RESET_B (sky130_fd_sc_hd__dfrtp_2)
                                              3.684927   data arrival time

                                 20.000000   20.000000   clock CLK (rise edge)
                                  0.000000   20.000000   clock source latency
     1    0.021247    0.158803    0.103819   20.103819 ^ CLK (in)
                                                         CLK (net)
                      0.158854    0.000000   20.103819 ^ clkbuf_0_CLK/A (sky130_fd_sc_hd__clkbuf_16)
    16    0.110692    0.192001    0.346065   20.449884 ^ clkbuf_0_CLK/X (sky130_fd_sc_hd__clkbuf_16)
                                                         clknet_0_CLK (net)
                      0.192652    0.007844   20.457729 ^ clkbuf_4_6_0_CLK/A (sky130_fd_sc_hd__clkbuf_8)
     6    0.016696    0.075917    0.270161   20.727890 ^ clkbuf_4_6_0_CLK/X (sky130_fd_sc_hd__clkbuf_8)
                                                         clknet_4_6_0_CLK (net)
                      0.075928    0.000824   20.728714 ^ _1456_/CLK (sky130_fd_sc_hd__dfrtp_2)
                                 -0.250000   20.478714   clock uncertainty
                                  0.047356   20.526070   clock reconvergence pessimism
                                  0.203919   20.729988   library recovery time
                                             20.729988   data required time
---------------------------------------------------------------------------------------------
                                             20.729988   data required time
                                             -3.684927   data arrival time
---------------------------------------------------------------------------------------------
                                             17.045061   slack (MET)


Startpoint: _1441_ (rising edge-triggered flip-flop clocked by CLK)
Endpoint: _1458_ (recovery check against rising-edge clock CLK)
Path Group: asynchronous
Path Type: max

Fanout         Cap        Slew       Delay        Time   Description
---------------------------------------------------------------------------------------------
                                  0.000000    0.000000   clock CLK (rise edge)
                                  0.000000    0.000000   clock source latency
     1    0.021247    0.158803    0.114747    0.114747 ^ CLK (in)
                                                         CLK (net)
                      0.158854    0.000000    0.114747 ^ clkbuf_0_CLK/A (sky130_fd_sc_hd__clkbuf_16)
    16    0.110692    0.192001    0.382494    0.497241 ^ clkbuf_0_CLK/X (sky130_fd_sc_hd__clkbuf_16)
                                                         clknet_0_CLK (net)
                      0.192394    0.006351    0.503592 ^ clkbuf_4_10_0_CLK/A (sky130_fd_sc_hd__clkbuf_8)
     6    0.018696    0.080479    0.303195    0.806787 ^ clkbuf_4_10_0_CLK/X (sky130_fd_sc_hd__clkbuf_8)
                                                         clknet_4_10_0_CLK (net)
                      0.080488    0.000924    0.807711 ^ _1441_/CLK (sky130_fd_sc_hd__dfrtp_2)
     1    0.001743    0.062760    0.700361    1.508073 ^ _1441_/Q (sky130_fd_sc_hd__dfrtp_2)
                                                         control.reset_n (net)
                      0.062760    0.000083    1.508156 ^ hold143/A (sky130_fd_sc_hd__dlygate4sd3_1)
     2    0.010929    0.202529    1.197048    2.705204 ^ hold143/X (sky130_fd_sc_hd__dlygate4sd3_1)
                                                         net142 (net)
                      0.202531    0.001086    2.706290 ^ fanout72/A (sky130_fd_sc_hd__clkdlybuf4s25_1)
     8    0.039601    0.637829    0.974377    3.680667 ^ fanout72/X (sky130_fd_sc_hd__clkdlybuf4s25_1)
                                                         net72 (net)
                      0.637841    0.003842    3.684509 ^ _1458_/RESET_B (sky130_fd_sc_hd__dfrtp_2)
                                              3.684509   data arrival time

                                 20.000000   20.000000   clock CLK (rise edge)
                                  0.000000   20.000000   clock source latency
     1    0.021247    0.158803    0.103819   20.103819 ^ CLK (in)
                                                         CLK (net)
                      0.158854    0.000000   20.103819 ^ clkbuf_0_CLK/A (sky130_fd_sc_hd__clkbuf_16)
    16    0.110692    0.192001    0.346065   20.449884 ^ clkbuf_0_CLK/X (sky130_fd_sc_hd__clkbuf_16)
                                                         clknet_0_CLK (net)
                      0.192256    0.004187   20.454071 ^ clkbuf_4_12_0_CLK/A (sky130_fd_sc_hd__clkbuf_8)
     6    0.020022    0.083575    0.276998   20.731070 ^ clkbuf_4_12_0_CLK/X (sky130_fd_sc_hd__clkbuf_8)
                                                         clknet_4_12_0_CLK (net)
                      0.083607    0.001426   20.732496 ^ _1458_/CLK (sky130_fd_sc_hd__dfrtp_2)
                                 -0.250000   20.482496   clock uncertainty
                                  0.047356   20.529852   clock reconvergence pessimism
                                  0.206620   20.736473   library recovery time
                                             20.736473   data required time
---------------------------------------------------------------------------------------------
                                             20.736473   data required time
                                             -3.684509   data arrival time
---------------------------------------------------------------------------------------------
                                             17.051964   slack (MET)


Startpoint: _1441_ (rising edge-triggered flip-flop clocked by CLK)
Endpoint: _1457_ (recovery check against rising-edge clock CLK)
Path Group: asynchronous
Path Type: max

Fanout         Cap        Slew       Delay        Time   Description
---------------------------------------------------------------------------------------------
                                  0.000000    0.000000   clock CLK (rise edge)
                                  0.000000    0.000000   clock source latency
     1    0.021247    0.158803    0.114747    0.114747 ^ CLK (in)
                                                         CLK (net)
                      0.158854    0.000000    0.114747 ^ clkbuf_0_CLK/A (sky130_fd_sc_hd__clkbuf_16)
    16    0.110692    0.192001    0.382494    0.497241 ^ clkbuf_0_CLK/X (sky130_fd_sc_hd__clkbuf_16)
                                                         clknet_0_CLK (net)
                      0.192394    0.006351    0.503592 ^ clkbuf_4_10_0_CLK/A (sky130_fd_sc_hd__clkbuf_8)
     6    0.018696    0.080479    0.303195    0.806787 ^ clkbuf_4_10_0_CLK/X (sky130_fd_sc_hd__clkbuf_8)
                                                         clknet_4_10_0_CLK (net)
                      0.080488    0.000924    0.807711 ^ _1441_/CLK (sky130_fd_sc_hd__dfrtp_2)
     1    0.001743    0.062760    0.700361    1.508073 ^ _1441_/Q (sky130_fd_sc_hd__dfrtp_2)
                                                         control.reset_n (net)
                      0.062760    0.000083    1.508156 ^ hold143/A (sky130_fd_sc_hd__dlygate4sd3_1)
     2    0.010929    0.202529    1.197048    2.705204 ^ hold143/X (sky130_fd_sc_hd__dlygate4sd3_1)
                                                         net142 (net)
                      0.202531    0.001086    2.706290 ^ fanout72/A (sky130_fd_sc_hd__clkdlybuf4s25_1)
     8    0.039601    0.637829    0.974377    3.680667 ^ fanout72/X (sky130_fd_sc_hd__clkdlybuf4s25_1)
                                                         net72 (net)
                      0.637841    0.003798    3.684465 ^ _1457_/RESET_B (sky130_fd_sc_hd__dfrtp_2)
                                              3.684465   data arrival time

                                 20.000000   20.000000   clock CLK (rise edge)
                                  0.000000   20.000000   clock source latency
     1    0.021247    0.158803    0.103819   20.103819 ^ CLK (in)
                                                         CLK (net)
                      0.158854    0.000000   20.103819 ^ clkbuf_0_CLK/A (sky130_fd_sc_hd__clkbuf_16)
    16    0.110692    0.192001    0.346065   20.449884 ^ clkbuf_0_CLK/X (sky130_fd_sc_hd__clkbuf_16)
                                                         clknet_0_CLK (net)
                      0.192256    0.004187   20.454071 ^ clkbuf_4_12_0_CLK/A (sky130_fd_sc_hd__clkbuf_8)
     6    0.020022    0.083575    0.276998   20.731070 ^ clkbuf_4_12_0_CLK/X (sky130_fd_sc_hd__clkbuf_8)
                                                         clknet_4_12_0_CLK (net)
                      0.083609    0.001467   20.732536 ^ _1457_/CLK (sky130_fd_sc_hd__dfrtp_2)
                                 -0.250000   20.482536   clock uncertainty
                                  0.047356   20.529894   clock reconvergence pessimism
                                  0.206621   20.736513   library recovery time
                                             20.736513   data required time
---------------------------------------------------------------------------------------------
                                             20.736513   data required time
                                             -3.684465   data arrival time
---------------------------------------------------------------------------------------------
                                             17.052050   slack (MET)


Startpoint: _1441_ (rising edge-triggered flip-flop clocked by CLK)
Endpoint: _1451_ (recovery check against rising-edge clock CLK)
Path Group: asynchronous
Path Type: max

Fanout         Cap        Slew       Delay        Time   Description
---------------------------------------------------------------------------------------------
                                  0.000000    0.000000   clock CLK (rise edge)
                                  0.000000    0.000000   clock source latency
     1    0.021247    0.158803    0.114747    0.114747 ^ CLK (in)
                                                         CLK (net)
                      0.158854    0.000000    0.114747 ^ clkbuf_0_CLK/A (sky130_fd_sc_hd__clkbuf_16)
    16    0.110692    0.192001    0.382494    0.497241 ^ clkbuf_0_CLK/X (sky130_fd_sc_hd__clkbuf_16)
                                                         clknet_0_CLK (net)
                      0.192394    0.006351    0.503592 ^ clkbuf_4_10_0_CLK/A (sky130_fd_sc_hd__clkbuf_8)
     6    0.018696    0.080479    0.303195    0.806787 ^ clkbuf_4_10_0_CLK/X (sky130_fd_sc_hd__clkbuf_8)
                                                         clknet_4_10_0_CLK (net)
                      0.080488    0.000924    0.807711 ^ _1441_/CLK (sky130_fd_sc_hd__dfrtp_2)
     1    0.001743    0.062760    0.700361    1.508073 ^ _1441_/Q (sky130_fd_sc_hd__dfrtp_2)
                                                         control.reset_n (net)
                      0.062760    0.000083    1.508156 ^ hold143/A (sky130_fd_sc_hd__dlygate4sd3_1)
     2    0.010929    0.202529    1.197048    2.705204 ^ hold143/X (sky130_fd_sc_hd__dlygate4sd3_1)
                                                         net142 (net)
                      0.202529    0.000732    2.705935 ^ fanout79/A (sky130_fd_sc_hd__clkdlybuf4s25_1)
     5    0.030871    0.501304    0.874025    3.579961 ^ fanout79/X (sky130_fd_sc_hd__clkdlybuf4s25_1)
                                                         net79 (net)
                      0.501307    0.002252    3.582213 ^ _1451_/RESET_B (sky130_fd_sc_hd__dfrtp_2)
                                              3.582213   data arrival time

                                 20.000000   20.000000   clock CLK (rise edge)
                                  0.000000   20.000000   clock source latency
     1    0.021247    0.158803    0.103819   20.103819 ^ CLK (in)
                                                         CLK (net)
                      0.158854    0.000000   20.103819 ^ clkbuf_0_CLK/A (sky130_fd_sc_hd__clkbuf_16)
    16    0.110692    0.192001    0.346065   20.449884 ^ clkbuf_0_CLK/X (sky130_fd_sc_hd__clkbuf_16)
                                                         clknet_0_CLK (net)
                      0.192352    0.005322   20.455206 ^ clkbuf_4_15_0_CLK/A (sky130_fd_sc_hd__clkbuf_8)
     6    0.015922    0.074184    0.268376   20.723581 ^ clkbuf_4_15_0_CLK/X (sky130_fd_sc_hd__clkbuf_8)
                                                         clknet_4_15_0_CLK (net)
                      0.074193    0.000730   20.724312 ^ _1451_/CLK (sky130_fd_sc_hd__dfrtp_2)
                                 -0.250000   20.474312   clock uncertainty
                                  0.047356   20.521669   clock reconvergence pessimism
                                  0.261654   20.783321   library recovery time
                                             20.783321   data required time
---------------------------------------------------------------------------------------------
                                             20.783321   data required time
                                             -3.582213   data arrival time
---------------------------------------------------------------------------------------------
                                             17.201109   slack (MET)


Startpoint: _1441_ (rising edge-triggered flip-flop clocked by CLK)
Endpoint: _1462_ (recovery check against rising-edge clock CLK)
Path Group: asynchronous
Path Type: max

Fanout         Cap        Slew       Delay        Time   Description
---------------------------------------------------------------------------------------------
                                  0.000000    0.000000   clock CLK (rise edge)
                                  0.000000    0.000000   clock source latency
     1    0.021247    0.158803    0.114747    0.114747 ^ CLK (in)
                                                         CLK (net)
                      0.158854    0.000000    0.114747 ^ clkbuf_0_CLK/A (sky130_fd_sc_hd__clkbuf_16)
    16    0.110692    0.192001    0.382494    0.497241 ^ clkbuf_0_CLK/X (sky130_fd_sc_hd__clkbuf_16)
                                                         clknet_0_CLK (net)
                      0.192394    0.006351    0.503592 ^ clkbuf_4_10_0_CLK/A (sky130_fd_sc_hd__clkbuf_8)
     6    0.018696    0.080479    0.303195    0.806787 ^ clkbuf_4_10_0_CLK/X (sky130_fd_sc_hd__clkbuf_8)
                                                         clknet_4_10_0_CLK (net)
                      0.080488    0.000924    0.807711 ^ _1441_/CLK (sky130_fd_sc_hd__dfrtp_2)
     1    0.001743    0.062760    0.700361    1.508073 ^ _1441_/Q (sky130_fd_sc_hd__dfrtp_2)
                                                         control.reset_n (net)
                      0.062760    0.000083    1.508156 ^ hold143/A (sky130_fd_sc_hd__dlygate4sd3_1)
     2    0.010929    0.202529    1.197048    2.705204 ^ hold143/X (sky130_fd_sc_hd__dlygate4sd3_1)
                                                         net142 (net)
                      0.202529    0.000732    2.705935 ^ fanout79/A (sky130_fd_sc_hd__clkdlybuf4s25_1)
     5    0.030871    0.501304    0.874025    3.579961 ^ fanout79/X (sky130_fd_sc_hd__clkdlybuf4s25_1)
                                                         net79 (net)
                      0.501304    0.001834    3.581795 ^ _1462_/RESET_B (sky130_fd_sc_hd__dfrtp_2)
                                              3.581795   data arrival time

                                 20.000000   20.000000   clock CLK (rise edge)
                                  0.000000   20.000000   clock source latency
     1    0.021247    0.158803    0.103819   20.103819 ^ CLK (in)
                                                         CLK (net)
                      0.158854    0.000000   20.103819 ^ clkbuf_0_CLK/A (sky130_fd_sc_hd__clkbuf_16)
    16    0.110692    0.192001    0.346065   20.449884 ^ clkbuf_0_CLK/X (sky130_fd_sc_hd__clkbuf_16)
                                                         clknet_0_CLK (net)
                      0.192256    0.004187   20.454071 ^ clkbuf_4_12_0_CLK/A (sky130_fd_sc_hd__clkbuf_8)
     6    0.020022    0.083575    0.276998   20.731070 ^ clkbuf_4_12_0_CLK/X (sky130_fd_sc_hd__clkbuf_8)
                                                         clknet_4_12_0_CLK (net)
                      0.083601    0.001323   20.732393 ^ _1462_/CLK (sky130_fd_sc_hd__dfrtp_2)
                                 -0.250000   20.482393   clock uncertainty
                                  0.047356   20.529749   clock reconvergence pessimism
                                  0.264923   20.794672   library recovery time
                                             20.794672   data required time
---------------------------------------------------------------------------------------------
                                             20.794672   data required time
                                             -3.581795   data arrival time
---------------------------------------------------------------------------------------------
                                             17.212877   slack (MET)


Startpoint: _1452_ (rising edge-triggered flip-flop clocked by CLK)
Endpoint: _1452_ (rising edge-triggered flip-flop clocked by CLK)
Path Group: CLK
Path Type: max

Fanout         Cap        Slew       Delay        Time   Description
---------------------------------------------------------------------------------------------
                                  0.000000    0.000000   clock CLK (rise edge)
                                  0.000000    0.000000   clock source latency
     1    0.021247    0.158803    0.114747    0.114747 ^ CLK (in)
                                                         CLK (net)
                      0.158854    0.000000    0.114747 ^ clkbuf_0_CLK/A (sky130_fd_sc_hd__clkbuf_16)
    16    0.110692    0.192001    0.382494    0.497241 ^ clkbuf_0_CLK/X (sky130_fd_sc_hd__clkbuf_16)
                                                         clknet_0_CLK (net)
                      0.192652    0.008669    0.505910 ^ clkbuf_4_6_0_CLK/A (sky130_fd_sc_hd__clkbuf_8)
     6    0.016696    0.075917    0.298598    0.804508 ^ clkbuf_4_6_0_CLK/X (sky130_fd_sc_hd__clkbuf_8)
                                                         clknet_4_6_0_CLK (net)
                      0.075926    0.000844    0.805352 ^ _1452_/CLK (sky130_fd_sc_hd__dfrtp_2)
     6    0.024680    0.169259    0.970082    1.775434 v _1452_/Q (sky130_fd_sc_hd__dfrtp_2)
                                                         pwm.pwm_counter[0] (net)
                      0.169413    0.001267    1.776701 v hold174/A (sky130_fd_sc_hd__dlygate4sd3_1)
     1    0.005228    0.130965    1.268073    3.044774 v hold174/X (sky130_fd_sc_hd__dlygate4sd3_1)
                                                         net173 (net)
                      0.130965    0.000396    3.045170 v _0707_/A (sky130_fd_sc_hd__inv_2)
     2    0.004404    0.055811    0.104004    3.149174 ^ _0707_/Y (sky130_fd_sc_hd__inv_2)
                                                         _0011_ (net)
                      0.055811    0.000169    3.149343 ^ _1452_/D (sky130_fd_sc_hd__dfrtp_2)
                                              3.149343   data arrival time

                                 20.000000   20.000000   clock CLK (rise edge)
                                  0.000000   20.000000   clock source latency
     1    0.021247    0.158803    0.103819   20.103819 ^ CLK (in)
                                                         CLK (net)
                      0.158854    0.000000   20.103819 ^ clkbuf_0_CLK/A (sky130_fd_sc_hd__clkbuf_16)
    16    0.110692    0.192001    0.346065   20.449884 ^ clkbuf_0_CLK/X (sky130_fd_sc_hd__clkbuf_16)
                                                         clknet_0_CLK (net)
                      0.192652    0.007844   20.457729 ^ clkbuf_4_6_0_CLK/A (sky130_fd_sc_hd__clkbuf_8)
     6    0.016696    0.075917    0.270161   20.727890 ^ clkbuf_4_6_0_CLK/X (sky130_fd_sc_hd__clkbuf_8)
                                                         clknet_4_6_0_CLK (net)
                      0.075926    0.000764   20.728653 ^ _1452_/CLK (sky130_fd_sc_hd__dfrtp_2)
                                 -0.250000   20.478655   clock uncertainty
                                  0.076700   20.555353   clock reconvergence pessimism
                                 -0.133794   20.421560   library setup time
                                             20.421560   data required time
---------------------------------------------------------------------------------------------
                                             20.421560   data required time
                                             -3.149343   data arrival time
---------------------------------------------------------------------------------------------
                                             17.272219   slack (MET)


Startpoint: _1463_ (rising edge-triggered flip-flop clocked by CLK)
Endpoint: _1464_ (rising edge-triggered flip-flop clocked by CLK)
Path Group: CLK
Path Type: max

Fanout         Cap        Slew       Delay        Time   Description
---------------------------------------------------------------------------------------------
                                  0.000000    0.000000   clock CLK (rise edge)
                                  0.000000    0.000000   clock source latency
     1    0.021247    0.158803    0.114747    0.114747 ^ CLK (in)
                                                         CLK (net)
                      0.158854    0.000000    0.114747 ^ clkbuf_0_CLK/A (sky130_fd_sc_hd__clkbuf_16)
    16    0.110692    0.192001    0.382494    0.497241 ^ clkbuf_0_CLK/X (sky130_fd_sc_hd__clkbuf_16)
                                                         clknet_0_CLK (net)
                      0.192678    0.008862    0.506102 ^ clkbuf_4_0_0_CLK/A (sky130_fd_sc_hd__clkbuf_8)
     6    0.024030    0.093092    0.315987    0.822090 ^ clkbuf_4_0_0_CLK/X (sky130_fd_sc_hd__clkbuf_8)
                                                         clknet_4_0_0_CLK (net)
                      0.093106    0.001226    0.823316 ^ _1463_/CLK (sky130_fd_sc_hd__dfrtp_2)
     1    0.006178    0.091747    0.874180    1.697496 v _1463_/Q (sky130_fd_sc_hd__dfrtp_2)
                                                         hall.hall_a_pipe[0] (net)
                      0.091747    0.000525    1.698021 v hold140/A (sky130_fd_sc_hd__dlygate4sd3_1)
     1    0.005876    0.136590    1.236064    2.934086 v hold140/X (sky130_fd_sc_hd__dlygate4sd3_1)
                                                         net139 (net)
                      0.136590    0.000499    2.934585 v _1464_/D (sky130_fd_sc_hd__dfrtp_2)
                                              2.934585   data arrival time

                                 20.000000   20.000000   clock CLK (rise edge)
                                  0.000000   20.000000   clock source latency
     1    0.021247    0.158803    0.103819   20.103819 ^ CLK (in)
                                                         CLK (net)
                      0.158854    0.000000   20.103819 ^ clkbuf_0_CLK/A (sky130_fd_sc_hd__clkbuf_16)
    16    0.110692    0.192001    0.346065   20.449884 ^ clkbuf_0_CLK/X (sky130_fd_sc_hd__clkbuf_16)
                                                         clknet_0_CLK (net)
                      0.192674    0.007997   20.457882 ^ clkbuf_4_1_0_CLK/A (sky130_fd_sc_hd__clkbuf_8)
     6    0.018223    0.079392    0.273412   20.731293 ^ clkbuf_4_1_0_CLK/X (sky130_fd_sc_hd__clkbuf_8)
                                                         clknet_4_1_0_CLK (net)
                      0.079407    0.001009   20.732302 ^ _1464_/CLK (sky130_fd_sc_hd__dfrtp_2)
                                 -0.250000   20.482302   clock uncertainty
                                  0.047356   20.529659   clock reconvergence pessimism
                                 -0.301918   20.227739   library setup time
                                             20.227739   data required time
---------------------------------------------------------------------------------------------
                                             20.227739   data required time
                                             -2.934585   data arrival time
---------------------------------------------------------------------------------------------
                                             17.293156   slack (MET)


Startpoint: _1466_ (rising edge-triggered flip-flop clocked by CLK)
Endpoint: _1467_ (rising edge-triggered flip-flop clocked by CLK)
Path Group: CLK
Path Type: max

Fanout         Cap        Slew       Delay        Time   Description
---------------------------------------------------------------------------------------------
                                  0.000000    0.000000   clock CLK (rise edge)
                                  0.000000    0.000000   clock source latency
     1    0.021247    0.158803    0.114747    0.114747 ^ CLK (in)
                                                         CLK (net)
                      0.158854    0.000000    0.114747 ^ clkbuf_0_CLK/A (sky130_fd_sc_hd__clkbuf_16)
    16    0.110692    0.192001    0.382494    0.497241 ^ clkbuf_0_CLK/X (sky130_fd_sc_hd__clkbuf_16)
                                                         clknet_0_CLK (net)
                      0.192678    0.008862    0.506102 ^ clkbuf_4_0_0_CLK/A (sky130_fd_sc_hd__clkbuf_8)
     6    0.024030    0.093092    0.315987    0.822090 ^ clkbuf_4_0_0_CLK/X (sky130_fd_sc_hd__clkbuf_8)
                                                         clknet_4_0_0_CLK (net)
                      0.093109    0.001303    0.823392 ^ _1466_/CLK (sky130_fd_sc_hd__dfrtp_2)
     1    0.006451    0.092625    0.875935    1.699328 v _1466_/Q (sky130_fd_sc_hd__dfrtp_2)
                                                         hall.hall_b_pipe[0] (net)
                      0.092625    0.000527    1.699855 v hold142/A (sky130_fd_sc_hd__dlygate4sd3_1)
     1    0.006660    0.143401    1.245848    2.945703 v hold142/X (sky130_fd_sc_hd__dlygate4sd3_1)
                                                         net141 (net)
                      0.143401    0.000552    2.946255 v _1467_/D (sky130_fd_sc_hd__dfrtp_2)
                                              2.946255   data arrival time

                                 20.000000   20.000000   clock CLK (rise edge)
                                  0.000000   20.000000   clock source latency
     1    0.021247    0.158803    0.103819   20.103819 ^ CLK (in)
                                                         CLK (net)
                      0.158854    0.000000   20.103819 ^ clkbuf_0_CLK/A (sky130_fd_sc_hd__clkbuf_16)
    16    0.110692    0.192001    0.346065   20.449884 ^ clkbuf_0_CLK/X (sky130_fd_sc_hd__clkbuf_16)
                                                         clknet_0_CLK (net)
                      0.192678    0.008018   20.457903 ^ clkbuf_4_0_0_CLK/A (sky130_fd_sc_hd__clkbuf_8)
     6    0.024030    0.093092    0.285894   20.743797 ^ clkbuf_4_0_0_CLK/X (sky130_fd_sc_hd__clkbuf_8)
                                                         clknet_4_0_0_CLK (net)
                      0.093105    0.001064   20.744860 ^ _1467_/CLK (sky130_fd_sc_hd__dfrtp_2)
                                 -0.250000   20.494862   clock uncertainty
                                  0.078294   20.573156   clock reconvergence pessimism
                                 -0.301104   20.272051   library setup time
                                             20.272051   data required time
---------------------------------------------------------------------------------------------
                                             20.272051   data required time
                                             -2.946255   data arrival time
---------------------------------------------------------------------------------------------
                                             17.325796   slack (MET)


Startpoint: _1468_ (rising edge-triggered flip-flop clocked by CLK)
Endpoint: _1469_ (rising edge-triggered flip-flop clocked by CLK)
Path Group: CLK
Path Type: max

Fanout         Cap        Slew       Delay        Time   Description
---------------------------------------------------------------------------------------------
                                  0.000000    0.000000   clock CLK (rise edge)
                                  0.000000    0.000000   clock source latency
     1    0.021247    0.158803    0.114747    0.114747 ^ CLK (in)
                                                         CLK (net)
                      0.158854    0.000000    0.114747 ^ clkbuf_0_CLK/A (sky130_fd_sc_hd__clkbuf_16)
    16    0.110692    0.192001    0.382494    0.497241 ^ clkbuf_0_CLK/X (sky130_fd_sc_hd__clkbuf_16)
                                                         clknet_0_CLK (net)
                      0.192679    0.008869    0.506110 ^ clkbuf_4_2_0_CLK/A (sky130_fd_sc_hd__clkbuf_8)
     6    0.020724    0.085211    0.308118    0.814228 ^ clkbuf_4_2_0_CLK/X (sky130_fd_sc_hd__clkbuf_8)
                                                         clknet_4_2_0_CLK (net)
                      0.085222    0.001022    0.815249 ^ _1468_/CLK (sky130_fd_sc_hd__dfrtp_2)
     1    0.002577    0.072828    0.835403    1.650652 v _1468_/Q (sky130_fd_sc_hd__dfrtp_2)
                                                         hall.hall_c_pipe[0] (net)
                      0.072828    0.000164    1.650816 v hold139/A (sky130_fd_sc_hd__dlygate4sd3_1)
     1    0.002756    0.105141    1.180008    2.830823 v hold139/X (sky130_fd_sc_hd__dlygate4sd3_1)
                                                         net138 (net)
                      0.105141    0.000187    2.831011 v _1469_/D (sky130_fd_sc_hd__dfrtp_2)
                                              2.831011   data arrival time

                                 20.000000   20.000000   clock CLK (rise edge)
                                  0.000000   20.000000   clock source latency
     1    0.021247    0.158803    0.103819   20.103819 ^ CLK (in)
                                                         CLK (net)
                      0.158854    0.000000   20.103819 ^ clkbuf_0_CLK/A (sky130_fd_sc_hd__clkbuf_16)
    16    0.110692    0.192001    0.346065   20.449884 ^ clkbuf_0_CLK/X (sky130_fd_sc_hd__clkbuf_16)
                                                         clknet_0_CLK (net)
                      0.192665    0.007935   20.457819 ^ clkbuf_4_3_0_CLK/A (sky130_fd_sc_hd__clkbuf_8)
     6    0.019520    0.082381    0.276252   20.734072 ^ clkbuf_4_3_0_CLK/X (sky130_fd_sc_hd__clkbuf_8)
                                                         clknet_4_3_0_CLK (net)
                      0.082396    0.001004   20.735075 ^ _1469_/CLK (sky130_fd_sc_hd__dfrtp_2)
                                 -0.250000   20.485075   clock uncertainty
                                  0.047356   20.532431   clock reconvergence pessimism
                                 -0.287983   20.244448   library setup time
                                             20.244448   data required time
---------------------------------------------------------------------------------------------
                                             20.244448   data required time
                                             -2.831011   data arrival time
---------------------------------------------------------------------------------------------
                                             17.413439   slack (MET)


Startpoint: _1440_ (rising edge-triggered flip-flop clocked by CLK)
Endpoint: _1441_ (rising edge-triggered flip-flop clocked by CLK)
Path Group: CLK
Path Type: max

Fanout         Cap        Slew       Delay        Time   Description
---------------------------------------------------------------------------------------------
                                  0.000000    0.000000   clock CLK (rise edge)
                                  0.000000    0.000000   clock source latency
     1    0.021247    0.158803    0.114747    0.114747 ^ CLK (in)
                                                         CLK (net)
                      0.158854    0.000000    0.114747 ^ clkbuf_0_CLK/A (sky130_fd_sc_hd__clkbuf_16)
    16    0.110692    0.192001    0.382494    0.497241 ^ clkbuf_0_CLK/X (sky130_fd_sc_hd__clkbuf_16)
                                                         clknet_0_CLK (net)
                      0.192394    0.006351    0.503592 ^ clkbuf_4_10_0_CLK/A (sky130_fd_sc_hd__clkbuf_8)
     6    0.018696    0.080479    0.303195    0.806787 ^ clkbuf_4_10_0_CLK/X (sky130_fd_sc_hd__clkbuf_8)
                                                         clknet_4_10_0_CLK (net)
                      0.080491    0.001019    0.807806 ^ _1440_/CLK (sky130_fd_sc_hd__dfrtp_2)
     1    0.002427    0.072085    0.831536    1.639342 v _1440_/Q (sky130_fd_sc_hd__dfrtp_2)
                                                         reset_conditioner.release_pipe[0] (net)
                      0.072085    0.000170    1.639512 v hold141/A (sky130_fd_sc_hd__dlygate4sd3_1)
     1    0.002812    0.105597    1.180657    2.820169 v hold141/X (sky130_fd_sc_hd__dlygate4sd3_1)
                                                         net140 (net)
                      0.105597    0.000206    2.820374 v _1441_/D (sky130_fd_sc_hd__dfrtp_2)
                                              2.820374   data arrival time

                                 20.000000   20.000000   clock CLK (rise edge)
                                  0.000000   20.000000   clock source latency
     1    0.021247    0.158803    0.103819   20.103819 ^ CLK (in)
                                                         CLK (net)
                      0.158854    0.000000   20.103819 ^ clkbuf_0_CLK/A (sky130_fd_sc_hd__clkbuf_16)
    16    0.110692    0.192001    0.346065   20.449884 ^ clkbuf_0_CLK/X (sky130_fd_sc_hd__clkbuf_16)
                                                         clknet_0_CLK (net)
                      0.192394    0.005747   20.455631 ^ clkbuf_4_10_0_CLK/A (sky130_fd_sc_hd__clkbuf_8)
     6    0.018696    0.080479    0.274319   20.729950 ^ clkbuf_4_10_0_CLK/X (sky130_fd_sc_hd__clkbuf_8)
                                                         clknet_4_10_0_CLK (net)
                      0.080488    0.000837   20.730787 ^ _1441_/CLK (sky130_fd_sc_hd__dfrtp_2)
                                 -0.250000   20.480787   clock uncertainty
                                  0.076837   20.557623   clock reconvergence pessimism
                                 -0.288683   20.268940   library setup time
                                             20.268940   data required time
---------------------------------------------------------------------------------------------
                                             20.268940   data required time
                                             -2.820374   data arrival time
---------------------------------------------------------------------------------------------
                                             17.448568   slack (MET)



