
===========================================================================
report_checks -path_delay min (Hold)
============================================================================
======================= max_ss_100C_1v60 Corner ===================================

Startpoint: _1412_ (rising edge-triggered flip-flop clocked by CLK)
Endpoint: _1412_ (rising edge-triggered flip-flop clocked by CLK)
Path Group: CLK
Path Type: min

Fanout         Cap        Slew       Delay        Time   Description
---------------------------------------------------------------------------------------------
                                  0.000000    0.000000   clock CLK (rise edge)
                                  0.000000    0.000000   clock source latency
     1    0.021247    0.158803    0.103819    0.103819 ^ CLK (in)
                                                         CLK (net)
                      0.158854    0.000000    0.103819 ^ clkbuf_0_CLK/A (sky130_fd_sc_hd__clkbuf_16)
    16    0.110692    0.192001    0.346066    0.449884 ^ clkbuf_0_CLK/X (sky130_fd_sc_hd__clkbuf_16)
                                                         clknet_0_CLK (net)
                      0.192256    0.004186    0.454070 ^ clkbuf_4_12_0_CLK/A (sky130_fd_sc_hd__clkbuf_8)
     6    0.020022    0.083575    0.276998    0.731068 ^ clkbuf_4_12_0_CLK/X (sky130_fd_sc_hd__clkbuf_8)
                                                         clknet_4_12_0_CLK (net)
                      0.083577    0.000600    0.731668 ^ _1412_/CLK (sky130_fd_sc_hd__dfrtp_2)
     3    0.007725    0.103128    0.685040    1.416708 ^ _1412_/Q (sky130_fd_sc_hd__dfrtp_2)
                                                         gates.phase_c.dead_count[3] (net)
                      0.103128    0.000633    1.417341 ^ _1368_/A (sky130_fd_sc_hd__or2_2)
     4    0.018465    0.162079    0.269256    1.686597 ^ _1368_/X (sky130_fd_sc_hd__or2_2)
                                                         _0690_ (net)
                      0.162081    0.000904    1.687500 ^ _1370_/A1 (sky130_fd_sc_hd__a21oi_2)
     1    0.002405    0.059207    0.119362    1.806863 v _1370_/Y (sky130_fd_sc_hd__a21oi_2)
                                                         _0038_ (net)
                      0.059208    0.000155    1.807017 v _1412_/D (sky130_fd_sc_hd__dfrtp_2)
                                              1.807017   data arrival time

                                  0.000000    0.000000   clock CLK (rise edge)
                                  0.000000    0.000000   clock source latency
     1    0.021247    0.158803    0.114747    0.114747 ^ CLK (in)
                                                         CLK (net)
                      0.158854    0.000000    0.114747 ^ clkbuf_0_CLK/A (sky130_fd_sc_hd__clkbuf_16)
    16    0.110692    0.192001    0.382494    0.497241 ^ clkbuf_0_CLK/X (sky130_fd_sc_hd__clkbuf_16)
                                                         clknet_0_CLK (net)
                      0.192256    0.004626    0.501867 ^ clkbuf_4_12_0_CLK/A (sky130_fd_sc_hd__clkbuf_8)
     6    0.020022    0.083575    0.306156    0.808023 ^ clkbuf_4_12_0_CLK/X (sky130_fd_sc_hd__clkbuf_8)
                                                         clknet_4_12_0_CLK (net)
                      0.083577    0.000663    0.808686 ^ _1412_/CLK (sky130_fd_sc_hd__dfrtp_2)
                                  0.250000    1.058686   clock uncertainty
                                 -0.077018    0.981668   clock reconvergence pessimism
                                 -0.082407    0.899261   library hold time
                                              0.899261   data required time
---------------------------------------------------------------------------------------------
                                              0.899261   data required time
                                             -1.807017   data arrival time
---------------------------------------------------------------------------------------------
                                              0.907756   slack (MET)


Startpoint: _1401_ (rising edge-triggered flip-flop clocked by CLK)
Endpoint: _1402_ (rising edge-triggered flip-flop clocked by CLK)
Path Group: CLK
Path Type: min

Fanout         Cap        Slew       Delay        Time   Description
---------------------------------------------------------------------------------------------
                                  0.000000    0.000000   clock CLK (rise edge)
                                  0.000000    0.000000   clock source latency
     1    0.021247    0.158803    0.103819    0.103819 ^ CLK (in)
                                                         CLK (net)
                      0.158854    0.000000    0.103819 ^ clkbuf_0_CLK/A (sky130_fd_sc_hd__clkbuf_16)
    16    0.110692    0.192001    0.346066    0.449884 ^ clkbuf_0_CLK/X (sky130_fd_sc_hd__clkbuf_16)
                                                         clknet_0_CLK (net)
                      0.192366    0.005466    0.455350 ^ clkbuf_4_14_0_CLK/A (sky130_fd_sc_hd__clkbuf_8)
     6    0.018935    0.081026    0.274853    0.730203 ^ clkbuf_4_14_0_CLK/X (sky130_fd_sc_hd__clkbuf_8)
                                                         clknet_4_14_0_CLK (net)
                      0.081037    0.000895    0.731098 ^ _1401_/CLK (sky130_fd_sc_hd__dfrtp_2)
     2    0.004536    0.081723    0.660223    1.391321 ^ _1401_/Q (sky130_fd_sc_hd__dfrtp_2)
                                                         gates.phase_a.dead_count[4] (net)
                      0.081723    0.000244    1.391565 ^ _1332_/C (sky130_fd_sc_hd__or3_2)
     2    0.008614    0.088329    0.209763    1.601328 ^ _1332_/X (sky130_fd_sc_hd__or3_2)
                                                         _0671_ (net)
                      0.088329    0.000417    1.601744 ^ _1350_/A2 (sky130_fd_sc_hd__o21a_2)
     1    0.003406    0.058199    0.217277    1.819021 ^ _1350_/X (sky130_fd_sc_hd__o21a_2)
                                                         _0028_ (net)
                      0.058200    0.000210    1.819231 ^ _1402_/D (sky130_fd_sc_hd__dfrtp_2)
                                              1.819231   data arrival time

                                  0.000000    0.000000   clock CLK (rise edge)
                                  0.000000    0.000000   clock source latency
     1    0.021247    0.158803    0.114747    0.114747 ^ CLK (in)
                                                         CLK (net)
                      0.158854    0.000000    0.114747 ^ clkbuf_0_CLK/A (sky130_fd_sc_hd__clkbuf_16)
    16    0.110692    0.192001    0.382494    0.497241 ^ clkbuf_0_CLK/X (sky130_fd_sc_hd__clkbuf_16)
                                                         clknet_0_CLK (net)
                      0.192366    0.006041    0.503282 ^ clkbuf_4_14_0_CLK/A (sky130_fd_sc_hd__clkbuf_8)
     6    0.018935    0.081026    0.303785    0.807067 ^ clkbuf_4_14_0_CLK/X (sky130_fd_sc_hd__clkbuf_8)
                                                         clknet_4_14_0_CLK (net)
                      0.081029    0.000671    0.807737 ^ _1402_/CLK (sky130_fd_sc_hd__dfrtp_2)
                                  0.250000    1.057737   clock uncertainty
                                 -0.076863    0.980874   clock reconvergence pessimism
                                 -0.072403    0.908471   library hold time
                                              0.908471   data required time
---------------------------------------------------------------------------------------------
                                              0.908471   data required time
                                             -1.819231   data arrival time
---------------------------------------------------------------------------------------------
                                              0.910760   slack (MET)


Startpoint: _1406_ (rising edge-triggered flip-flop clocked by CLK)
Endpoint: _1406_ (rising edge-triggered flip-flop clocked by CLK)
Path Group: CLK
Path Type: min

Fanout         Cap        Slew       Delay        Time   Description
---------------------------------------------------------------------------------------------
                                  0.000000    0.000000   clock CLK (rise edge)
                                  0.000000    0.000000   clock source latency
     1    0.021247    0.158803    0.103819    0.103819 ^ CLK (in)
                                                         CLK (net)
                      0.158854    0.000000    0.103819 ^ clkbuf_0_CLK/A (sky130_fd_sc_hd__clkbuf_16)
    16    0.110692    0.192001    0.346066    0.449884 ^ clkbuf_0_CLK/X (sky130_fd_sc_hd__clkbuf_16)
                                                         clknet_0_CLK (net)
                      0.192389    0.005697    0.455581 ^ clkbuf_4_11_0_CLK/A (sky130_fd_sc_hd__clkbuf_8)
     6    0.017155    0.076953    0.271019    0.726600 ^ clkbuf_4_11_0_CLK/X (sky130_fd_sc_hd__clkbuf_8)
                                                         clknet_4_11_0_CLK (net)
                      0.076963    0.000800    0.727400 ^ _1406_/CLK (sky130_fd_sc_hd__dfrtp_2)
     3    0.008053    0.105273    0.684337    1.411737 ^ _1406_/Q (sky130_fd_sc_hd__dfrtp_2)
                                                         gates.phase_b.dead_count[3] (net)
                      0.105273    0.000260    1.411997 ^ _1356_/A (sky130_fd_sc_hd__or2_2)
     4    0.019155    0.167407    0.273731    1.685728 ^ _1356_/X (sky130_fd_sc_hd__or2_2)
                                                         _0684_ (net)
                      0.167411    0.000998    1.686726 ^ _1358_/A1 (sky130_fd_sc_hd__a21oi_2)
     1    0.002099    0.056660    0.119421    1.806146 v _1358_/Y (sky130_fd_sc_hd__a21oi_2)
                                                         _0032_ (net)
                      0.056660    0.000142    1.806289 v _1406_/D (sky130_fd_sc_hd__dfrtp_2)
                                              1.806289   data arrival time

                                  0.000000    0.000000   clock CLK (rise edge)
                                  0.000000    0.000000   clock source latency
     1    0.021247    0.158803    0.114747    0.114747 ^ CLK (in)
                                                         CLK (net)
                      0.158854    0.000000    0.114747 ^ clkbuf_0_CLK/A (sky130_fd_sc_hd__clkbuf_16)
    16    0.110692    0.192001    0.382494    0.497241 ^ clkbuf_0_CLK/X (sky130_fd_sc_hd__clkbuf_16)
                                                         clknet_0_CLK (net)
                      0.192389    0.006296    0.503537 ^ clkbuf_4_11_0_CLK/A (sky130_fd_sc_hd__clkbuf_8)
     6    0.017155    0.076953    0.299547    0.803084 ^ clkbuf_4_11_0_CLK/X (sky130_fd_sc_hd__clkbuf_8)
                                                         clknet_4_11_0_CLK (net)
                      0.076963    0.000884    0.803968 ^ _1406_/CLK (sky130_fd_sc_hd__dfrtp_2)
                                  0.250000    1.053968   clock uncertainty
                                 -0.076568    0.977400   clock reconvergence pessimism
                                 -0.083077    0.894323   library hold time
                                              0.894323   data required time
---------------------------------------------------------------------------------------------
                                              0.894323   data required time
                                             -1.806289   data arrival time
---------------------------------------------------------------------------------------------
                                              0.911966   slack (MET)


Startpoint: _1439_ (rising edge-triggered flip-flop clocked by CLK)
Endpoint: _1475_ (rising edge-triggered flip-flop clocked by CLK)
Path Group: CLK
Path Type: min

Fanout         Cap        Slew       Delay        Time   Description
---------------------------------------------------------------------------------------------
                                  0.000000    0.000000   clock CLK (rise edge)
                                  0.000000    0.000000   clock source latency
     1    0.021247    0.158803    0.103819    0.103819 ^ CLK (in)
                                                         CLK (net)
                      0.158854    0.000000    0.103819 ^ clkbuf_0_CLK/A (sky130_fd_sc_hd__clkbuf_16)
    16    0.110692    0.192001    0.346066    0.449884 ^ clkbuf_0_CLK/X (sky130_fd_sc_hd__clkbuf_16)
                                                         clknet_0_CLK (net)
                      0.192269    0.004352    0.454236 ^ clkbuf_4_9_0_CLK/A (sky130_fd_sc_hd__clkbuf_8)
     6    0.018064    0.079043    0.272671    0.726907 ^ clkbuf_4_9_0_CLK/X (sky130_fd_sc_hd__clkbuf_8)
                                                         clknet_4_9_0_CLK (net)
                      0.079073    0.001366    0.728273 ^ _1439_/CLK (sky130_fd_sc_hd__dfrtp_2)
     4    0.016970    0.168508    0.742781    1.471054 ^ _1439_/Q (sky130_fd_sc_hd__dfrtp_2)
                                                         brake_active (net)
                      0.168514    0.001080    1.472134 ^ _0797_/B (sky130_fd_sc_hd__nor3b_2)
     3    0.014636    0.092443    0.146551    1.618685 v _0797_/Y (sky130_fd_sc_hd__nor3b_2)
                                                         _0140_ (net)
                      0.092470    0.001342    1.620027 v _1337_/D1 (sky130_fd_sc_hd__o2111a_2)
     1    0.002230    0.044683    0.221922    1.841949 v _1337_/X (sky130_fd_sc_hd__o2111a_2)
                                                         _0005_ (net)
                      0.044683    0.000152    1.842101 v _1475_/D (sky130_fd_sc_hd__dfrtp_2)
                                              1.842101   data arrival time

                                  0.000000    0.000000   clock CLK (rise edge)
                                  0.000000    0.000000   clock source latency
     1    0.021247    0.158803    0.114747    0.114747 ^ CLK (in)
                                                         CLK (net)
                      0.158854    0.000000    0.114747 ^ clkbuf_0_CLK/A (sky130_fd_sc_hd__clkbuf_16)
    16    0.110692    0.192001    0.382494    0.497241 ^ clkbuf_0_CLK/X (sky130_fd_sc_hd__clkbuf_16)
                                                         clknet_0_CLK (net)
                      0.192389    0.006296    0.503537 ^ clkbuf_4_11_0_CLK/A (sky130_fd_sc_hd__clkbuf_8)
     6    0.017155    0.076953    0.299547    0.803084 ^ clkbuf_4_11_0_CLK/X (sky130_fd_sc_hd__clkbuf_8)
                                                         clknet_4_11_0_CLK (net)
                      0.076962    0.000848    0.803932 ^ _1475_/CLK (sky130_fd_sc_hd__dfrtp_2)
                                  0.250000    1.053932   clock uncertainty
                                 -0.047356    1.006575   clock reconvergence pessimism
                                 -0.078691    0.927884   library hold time
                                              0.927884   data required time
---------------------------------------------------------------------------------------------
                                              0.927884   data required time
                                             -1.842101   data arrival time
---------------------------------------------------------------------------------------------
                                              0.914217   slack (MET)


Startpoint: _1397_ (rising edge-triggered flip-flop clocked by CLK)
Endpoint: _1398_ (rising edge-triggered flip-flop clocked by CLK)
Path Group: CLK
Path Type: min

Fanout         Cap        Slew       Delay        Time   Description
---------------------------------------------------------------------------------------------
                                  0.000000    0.000000   clock CLK (rise edge)
                                  0.000000    0.000000   clock source latency
     1    0.021247    0.158803    0.103819    0.103819 ^ CLK (in)
                                                         CLK (net)
                      0.158854    0.000000    0.103819 ^ clkbuf_0_CLK/A (sky130_fd_sc_hd__clkbuf_16)
    16    0.110692    0.192001    0.346066    0.449884 ^ clkbuf_0_CLK/X (sky130_fd_sc_hd__clkbuf_16)
                                                         clknet_0_CLK (net)
                      0.192352    0.005321    0.455206 ^ clkbuf_4_15_0_CLK/A (sky130_fd_sc_hd__clkbuf_8)
     6    0.015922    0.074184    0.268375    0.723580 ^ clkbuf_4_15_0_CLK/X (sky130_fd_sc_hd__clkbuf_8)
                                                         clknet_4_15_0_CLK (net)
                      0.074190    0.000662    0.724242 ^ _1397_/CLK (sky130_fd_sc_hd__dfrtp_2)
     3    0.007619    0.102434    0.680353    1.404596 ^ _1397_/Q (sky130_fd_sc_hd__dfrtp_2)
                                                         gates.phase_a.dead_count[0] (net)
                      0.102434    0.000264    1.404860 ^ _1331_/A (sky130_fd_sc_hd__or2_2)
     5    0.024164    0.205961    0.298657    1.703517 ^ _1331_/X (sky130_fd_sc_hd__or2_2)
                                                         _0670_ (net)
                      0.205965    0.001154    1.704671 ^ _1341_/A1 (sky130_fd_sc_hd__o21ai_2)
     1    0.002701    0.058544    0.152266    1.856937 v _1341_/Y (sky130_fd_sc_hd__o21ai_2)
                                                         _0024_ (net)
                      0.058544    0.000166    1.857103 v _1398_/D (sky130_fd_sc_hd__dfrtp_2)
                                              1.857103   data arrival time

                                  0.000000    0.000000   clock CLK (rise edge)
                                  0.000000    0.000000   clock source latency
     1    0.021247    0.158803    0.114747    0.114747 ^ CLK (in)
                                                         CLK (net)
                      0.158854    0.000000    0.114747 ^ clkbuf_0_CLK/A (sky130_fd_sc_hd__clkbuf_16)
    16    0.110692    0.192001    0.382494    0.497241 ^ clkbuf_0_CLK/X (sky130_fd_sc_hd__clkbuf_16)
                                                         clknet_0_CLK (net)
                      0.192288    0.005081    0.502322 ^ clkbuf_4_13_0_CLK/A (sky130_fd_sc_hd__clkbuf_8)
     6    0.017372    0.077444    0.300015    0.802337 ^ clkbuf_4_13_0_CLK/X (sky130_fd_sc_hd__clkbuf_8)
                                                         clknet_4_13_0_CLK (net)
                      0.077454    0.000899    0.803236 ^ _1398_/CLK (sky130_fd_sc_hd__dfrtp_2)
                                  0.250000    1.053236   clock uncertainty
                                 -0.047356    1.005880   clock reconvergence pessimism
                                 -0.083648    0.922232   library hold time
                                              0.922232   data required time
---------------------------------------------------------------------------------------------
                                              0.922232   data required time
                                             -1.857103   data arrival time
---------------------------------------------------------------------------------------------
                                              0.934870   slack (MET)


Startpoint: _1410_ (rising edge-triggered flip-flop clocked by CLK)
Endpoint: _1411_ (rising edge-triggered flip-flop clocked by CLK)
Path Group: CLK
Path Type: min

Fanout         Cap        Slew       Delay        Time   Description
---------------------------------------------------------------------------------------------
                                  0.000000    0.000000   clock CLK (rise edge)
                                  0.000000    0.000000   clock source latency
     1    0.021247    0.158803    0.103819    0.103819 ^ CLK (in)
                                                         CLK (net)
                      0.158854    0.000000    0.103819 ^ clkbuf_0_CLK/A (sky130_fd_sc_hd__clkbuf_16)
    16    0.110692    0.192001    0.346066    0.449884 ^ clkbuf_0_CLK/X (sky130_fd_sc_hd__clkbuf_16)
                                                         clknet_0_CLK (net)
                      0.192288    0.004597    0.454482 ^ clkbuf_4_13_0_CLK/A (sky130_fd_sc_hd__clkbuf_8)
     6    0.017372    0.077444    0.271442    0.725924 ^ clkbuf_4_13_0_CLK/X (sky130_fd_sc_hd__clkbuf_8)
                                                         clknet_4_13_0_CLK (net)
                      0.077453    0.000779    0.726702 ^ _1410_/CLK (sky130_fd_sc_hd__dfrtp_2)
     5    0.015369    0.156788    0.731635    1.458337 ^ _1410_/Q (sky130_fd_sc_hd__dfrtp_2)
                                                         gates.phase_c.dead_count[1] (net)
                      0.156795    0.001174    1.459511 ^ _1366_/A2 (sky130_fd_sc_hd__o21a_2)
     1    0.004463    0.066123    0.250263    1.709774 ^ _1366_/X (sky130_fd_sc_hd__o21a_2)
                                                         _0689_ (net)
                      0.066124    0.000333    1.710107 ^ _1367_/B1 (sky130_fd_sc_hd__a21o_2)
     1    0.003331    0.048085    0.140031    1.850138 ^ _1367_/X (sky130_fd_sc_hd__a21o_2)
                                                         _0037_ (net)
                      0.048092    0.000199    1.850336 ^ _1411_/D (sky130_fd_sc_hd__dfrtp_2)
                                              1.850336   data arrival time

                                  0.000000    0.000000   clock CLK (rise edge)
                                  0.000000    0.000000   clock source latency
     1    0.021247    0.158803    0.114747    0.114747 ^ CLK (in)
                                                         CLK (net)
                      0.158854    0.000000    0.114747 ^ clkbuf_0_CLK/A (sky130_fd_sc_hd__clkbuf_16)
    16    0.110692    0.192001    0.382494    0.497241 ^ clkbuf_0_CLK/X (sky130_fd_sc_hd__clkbuf_16)
                                                         clknet_0_CLK (net)
                      0.192288    0.005081    0.502322 ^ clkbuf_4_13_0_CLK/A (sky130_fd_sc_hd__clkbuf_8)
     6    0.017372    0.077444    0.300015    0.802337 ^ clkbuf_4_13_0_CLK/X (sky130_fd_sc_hd__clkbuf_8)
                                                         clknet_4_13_0_CLK (net)
                      0.077455    0.000916    0.803253 ^ _1411_/CLK (sky130_fd_sc_hd__dfrtp_2)
                                  0.250000    1.053253   clock uncertainty
                                 -0.076413    0.976840   clock reconvergence pessimism
                                 -0.070689    0.906150   library hold time
                                              0.906150   data required time
---------------------------------------------------------------------------------------------
                                              0.906150   data required time
                                             -1.850336   data arrival time
---------------------------------------------------------------------------------------------
                                              0.944186   slack (MET)


Startpoint: _1418_ (rising edge-triggered flip-flop clocked by CLK)
Endpoint: _1418_ (rising edge-triggered flip-flop clocked by CLK)
Path Group: CLK
Path Type: min

Fanout         Cap        Slew       Delay        Time   Description
---------------------------------------------------------------------------------------------
                                  0.000000    0.000000   clock CLK (rise edge)
                                  0.000000    0.000000   clock source latency
     1    0.021247    0.158803    0.103819    0.103819 ^ CLK (in)
                                                         CLK (net)
                      0.158854    0.000000    0.103819 ^ clkbuf_0_CLK/A (sky130_fd_sc_hd__clkbuf_16)
    16    0.110692    0.192001    0.346066    0.449884 ^ clkbuf_0_CLK/X (sky130_fd_sc_hd__clkbuf_16)
                                                         clknet_0_CLK (net)
                      0.192665    0.007935    0.457820 ^ clkbuf_4_3_0_CLK/A (sky130_fd_sc_hd__clkbuf_8)
     6    0.019520    0.082381    0.276251    0.734071 ^ clkbuf_4_3_0_CLK/X (sky130_fd_sc_hd__clkbuf_8)
                                                         clknet_4_3_0_CLK (net)
                      0.082385    0.000655    0.734725 ^ _1418_/CLK (sky130_fd_sc_hd__dfrtp_2)
     7    0.033622    0.277816    0.829818    1.564544 ^ _1418_/Q (sky130_fd_sc_hd__dfrtp_2)
                                                         hall.hall_active[2] (net)
                      0.277830    0.002237    1.566781 ^ _1378_/A1 (sky130_fd_sc_hd__mux2_1)
     1    0.002384    0.066903    0.292283    1.859064 ^ _1378_/X (sky130_fd_sc_hd__mux2_1)
                                                         _0044_ (net)
                      0.067524    0.000155    1.859219 ^ _1418_/D (sky130_fd_sc_hd__dfrtp_2)
                                              1.859219   data arrival time

                                  0.000000    0.000000   clock CLK (rise edge)
                                  0.000000    0.000000   clock source latency
     1    0.021247    0.158803    0.114747    0.114747 ^ CLK (in)
                                                         CLK (net)
                      0.158854    0.000000    0.114747 ^ clkbuf_0_CLK/A (sky130_fd_sc_hd__clkbuf_16)
    16    0.110692    0.192001    0.382494    0.497241 ^ clkbuf_0_CLK/X (sky130_fd_sc_hd__clkbuf_16)
                                                         clknet_0_CLK (net)
                      0.192665    0.008770    0.506011 ^ clkbuf_4_3_0_CLK/A (sky130_fd_sc_hd__clkbuf_8)
     6    0.019520    0.082381    0.305330    0.811341 ^ clkbuf_4_3_0_CLK/X (sky130_fd_sc_hd__clkbuf_8)
                                                         clknet_4_3_0_CLK (net)
                      0.082385    0.000724    0.812065 ^ _1418_/CLK (sky130_fd_sc_hd__dfrtp_2)
                                  0.250000    1.062065   clock uncertainty
                                 -0.077340    0.984725   clock reconvergence pessimism
                                 -0.074302    0.910424   library hold time
                                              0.910424   data required time
---------------------------------------------------------------------------------------------
                                              0.910424   data required time
                                             -1.859219   data arrival time
---------------------------------------------------------------------------------------------
                                              0.948795   slack (MET)


Startpoint: _1403_ (rising edge-triggered flip-flop clocked by CLK)
Endpoint: _1405_ (rising edge-triggered flip-flop clocked by CLK)
Path Group: CLK
Path Type: min

Fanout         Cap        Slew       Delay        Time   Description
---------------------------------------------------------------------------------------------
                                  0.000000    0.000000   clock CLK (rise edge)
                                  0.000000    0.000000   clock source latency
     1    0.021247    0.158803    0.103819    0.103819 ^ CLK (in)
                                                         CLK (net)
                      0.158854    0.000000    0.103819 ^ clkbuf_0_CLK/A (sky130_fd_sc_hd__clkbuf_16)
    16    0.110692    0.192001    0.346066    0.449884 ^ clkbuf_0_CLK/X (sky130_fd_sc_hd__clkbuf_16)
                                                         clknet_0_CLK (net)
                      0.192389    0.005697    0.455581 ^ clkbuf_4_11_0_CLK/A (sky130_fd_sc_hd__clkbuf_8)
     6    0.017155    0.076953    0.271019    0.726600 ^ clkbuf_4_11_0_CLK/X (sky130_fd_sc_hd__clkbuf_8)
                                                         clknet_4_11_0_CLK (net)
                      0.076966    0.000897    0.727497 ^ _1403_/CLK (sky130_fd_sc_hd__dfrtp_2)
     5    0.013937    0.146279    0.722312    1.449808 ^ _1403_/Q (sky130_fd_sc_hd__dfrtp_2)
                                                         gates.phase_b.dead_count[0] (net)
                      0.146282    0.000830    1.450638 ^ _1354_/A1 (sky130_fd_sc_hd__o21a_2)
     1    0.004556    0.066769    0.278257    1.728896 ^ _1354_/X (sky130_fd_sc_hd__o21a_2)
                                                         _0683_ (net)
                      0.066769    0.000286    1.729182 ^ _1355_/B1 (sky130_fd_sc_hd__a21o_2)
     1    0.002310    0.041735    0.133671    1.862853 ^ _1355_/X (sky130_fd_sc_hd__a21o_2)
                                                         _0031_ (net)
                      0.041735    0.000103    1.862956 ^ _1405_/D (sky130_fd_sc_hd__dfrtp_2)
                                              1.862956   data arrival time

                                  0.000000    0.000000   clock CLK (rise edge)
                                  0.000000    0.000000   clock source latency
     1    0.021247    0.158803    0.114747    0.114747 ^ CLK (in)
                                                         CLK (net)
                      0.158854    0.000000    0.114747 ^ clkbuf_0_CLK/A (sky130_fd_sc_hd__clkbuf_16)
    16    0.110692    0.192001    0.382494    0.497241 ^ clkbuf_0_CLK/X (sky130_fd_sc_hd__clkbuf_16)
                                                         clknet_0_CLK (net)
                      0.192389    0.006296    0.503537 ^ clkbuf_4_11_0_CLK/A (sky130_fd_sc_hd__clkbuf_8)
     6    0.017155    0.076953    0.299547    0.803084 ^ clkbuf_4_11_0_CLK/X (sky130_fd_sc_hd__clkbuf_8)
                                                         clknet_4_11_0_CLK (net)
                      0.076965    0.000955    0.804039 ^ _1405_/CLK (sky130_fd_sc_hd__dfrtp_2)
                                  0.250000    1.054039   clock uncertainty
                                 -0.076484    0.977555   clock reconvergence pessimism
                                 -0.069323    0.908232   library hold time
                                              0.908232   data required time
---------------------------------------------------------------------------------------------
                                              0.908232   data required time
                                             -1.862956   data arrival time
---------------------------------------------------------------------------------------------
                                              0.954724   slack (MET)


Startpoint: _1416_ (rising edge-triggered flip-flop clocked by CLK)
Endpoint: _1416_ (rising edge-triggered flip-flop clocked by CLK)
Path Group: CLK
Path Type: min

Fanout         Cap        Slew       Delay        Time   Description
---------------------------------------------------------------------------------------------
                                  0.000000    0.000000   clock CLK (rise edge)
                                  0.000000    0.000000   clock source latency
     1    0.021247    0.158803    0.103819    0.103819 ^ CLK (in)
                                                         CLK (net)
                      0.158854    0.000000    0.103819 ^ clkbuf_0_CLK/A (sky130_fd_sc_hd__clkbuf_16)
    16    0.110692    0.192001    0.346066    0.449884 ^ clkbuf_0_CLK/X (sky130_fd_sc_hd__clkbuf_16)
                                                         clknet_0_CLK (net)
                      0.192679    0.008025    0.457909 ^ clkbuf_4_2_0_CLK/A (sky130_fd_sc_hd__clkbuf_8)
     6    0.020724    0.085211    0.278773    0.736682 ^ clkbuf_4_2_0_CLK/X (sky130_fd_sc_hd__clkbuf_8)
                                                         clknet_4_2_0_CLK (net)
                      0.085226    0.001046    0.737728 ^ _1416_/CLK (sky130_fd_sc_hd__dfrtp_2)
     7    0.036934    0.300588    0.848608    1.586336 ^ _1416_/Q (sky130_fd_sc_hd__dfrtp_2)
                                                         hall.hall_active[0] (net)
                      0.300588    0.001140    1.587476 ^ _1376_/A1 (sky130_fd_sc_hd__mux2_1)
     1    0.002378    0.066841    0.299834    1.887310 ^ _1376_/X (sky130_fd_sc_hd__mux2_1)
                                                         _0042_ (net)
                      0.067457    0.000153    1.887462 ^ _1416_/D (sky130_fd_sc_hd__dfrtp_2)
                                              1.887462   data arrival time

                                  0.000000    0.000000   clock CLK (rise edge)
                                  0.000000    0.000000   clock source latency
     1    0.021247    0.158803    0.114747    0.114747 ^ CLK (in)
                                                         CLK (net)
                      0.158854    0.000000    0.114747 ^ clkbuf_0_CLK/A (sky130_fd_sc_hd__clkbuf_16)
    16    0.110692    0.192001    0.382494    0.497241 ^ clkbuf_0_CLK/X (sky130_fd_sc_hd__clkbuf_16)
                                                         clknet_0_CLK (net)
                      0.192679    0.008869    0.506110 ^ clkbuf_4_2_0_CLK/A (sky130_fd_sc_hd__clkbuf_8)
     6    0.020724    0.085211    0.308118    0.814228 ^ clkbuf_4_2_0_CLK/X (sky130_fd_sc_hd__clkbuf_8)
                                                         clknet_4_2_0_CLK (net)
                      0.085226    0.001156    0.815383 ^ _1416_/CLK (sky130_fd_sc_hd__dfrtp_2)
                                  0.250000    1.065383   clock uncertainty
                                 -0.077655    0.987728   clock reconvergence pessimism
                                 -0.073820    0.913908   library hold time
                                              0.913908   data required time
---------------------------------------------------------------------------------------------
                                              0.913908   data required time
                                             -1.887462   data arrival time
---------------------------------------------------------------------------------------------
                                              0.973555   slack (MET)


Startpoint: _1464_ (rising edge-triggered flip-flop clocked by CLK)
Endpoint: _1424_ (rising edge-triggered flip-flop clocked by CLK)
Path Group: CLK
Path Type: min

Fanout         Cap        Slew       Delay        Time   Description
---------------------------------------------------------------------------------------------
                                  0.000000    0.000000   clock CLK (rise edge)
                                  0.000000    0.000000   clock source latency
     1    0.021247    0.158803    0.103819    0.103819 ^ CLK (in)
                                                         CLK (net)
                      0.158854    0.000000    0.103819 ^ clkbuf_0_CLK/A (sky130_fd_sc_hd__clkbuf_16)
    16    0.110692    0.192001    0.346066    0.449884 ^ clkbuf_0_CLK/X (sky130_fd_sc_hd__clkbuf_16)
                                                         clknet_0_CLK (net)
                      0.192674    0.007997    0.457881 ^ clkbuf_4_1_0_CLK/A (sky130_fd_sc_hd__clkbuf_8)
     6    0.018223    0.079392    0.273410    0.731291 ^ clkbuf_4_1_0_CLK/X (sky130_fd_sc_hd__clkbuf_8)
                                                         clknet_4_1_0_CLK (net)
                      0.079407    0.001010    0.732302 ^ _1464_/CLK (sky130_fd_sc_hd__dfrtp_2)
     9    0.042262    0.338003    0.872001    1.604303 ^ _1464_/Q (sky130_fd_sc_hd__dfrtp_2)
                                                         hall.hall_a_pipe[1] (net)
                      0.338020    0.002635    1.606938 ^ _1381_/A1 (sky130_fd_sc_hd__mux2_1)
     1    0.002572    0.069584    0.314927    1.921865 ^ _1381_/X (sky130_fd_sc_hd__mux2_1)
                                                         _0050_ (net)
                      0.069584    0.000159    1.922024 ^ _1424_/D (sky130_fd_sc_hd__dfrtp_2)
                                              1.922024   data arrival time

                                  0.000000    0.000000   clock CLK (rise edge)
                                  0.000000    0.000000   clock source latency
     1    0.021247    0.158803    0.114747    0.114747 ^ CLK (in)
                                                         CLK (net)
                      0.158854    0.000000    0.114747 ^ clkbuf_0_CLK/A (sky130_fd_sc_hd__clkbuf_16)
    16    0.110692    0.192001    0.382494    0.497241 ^ clkbuf_0_CLK/X (sky130_fd_sc_hd__clkbuf_16)
                                                         clknet_0_CLK (net)
                      0.192665    0.008770    0.506011 ^ clkbuf_4_3_0_CLK/A (sky130_fd_sc_hd__clkbuf_8)
     6    0.019520    0.082381    0.305330    0.811341 ^ clkbuf_4_3_0_CLK/X (sky130_fd_sc_hd__clkbuf_8)
                                                         clknet_4_3_0_CLK (net)
                      0.082390    0.000926    0.812267 ^ _1424_/CLK (sky130_fd_sc_hd__dfrtp_2)
                                  0.250000    1.062267   clock uncertainty
                                 -0.047356    1.014911   clock reconvergence pessimism
                                 -0.074769    0.940141   library hold time
                                              0.940141   data required time
---------------------------------------------------------------------------------------------
                                              0.940141   data required time
                                             -1.922024   data arrival time
---------------------------------------------------------------------------------------------
                                              0.981883   slack (MET)


Startpoint: _1458_ (rising edge-triggered flip-flop clocked by CLK)
Endpoint: _1459_ (rising edge-triggered flip-flop clocked by CLK)
Path Group: CLK
Path Type: min

Fanout         Cap        Slew       Delay        Time   Description
---------------------------------------------------------------------------------------------
                                  0.000000    0.000000   clock CLK (rise edge)
                                  0.000000    0.000000   clock source latency
     1    0.021247    0.158803    0.103819    0.103819 ^ CLK (in)
                                                         CLK (net)
                      0.158854    0.000000    0.103819 ^ clkbuf_0_CLK/A (sky130_fd_sc_hd__clkbuf_16)
    16    0.110692    0.192001    0.346066    0.449884 ^ clkbuf_0_CLK/X (sky130_fd_sc_hd__clkbuf_16)
                                                         clknet_0_CLK (net)
                      0.192256    0.004186    0.454070 ^ clkbuf_4_12_0_CLK/A (sky130_fd_sc_hd__clkbuf_8)
     6    0.020022    0.083575    0.276998    0.731068 ^ clkbuf_4_12_0_CLK/X (sky130_fd_sc_hd__clkbuf_8)
                                                         clknet_4_12_0_CLK (net)
                      0.083607    0.001428    0.732496 ^ _1458_/CLK (sky130_fd_sc_hd__dfrtp_2)
     6    0.022867    0.203236    0.777233    1.509729 ^ _1458_/Q (sky130_fd_sc_hd__dfrtp_2)
                                                         pwm.pwm_counter[6] (net)
                      0.203236    0.000573    1.510302 ^ _0759_/A1 (sky130_fd_sc_hd__a21oi_2)
     1    0.005933    0.076838    0.156660    1.666962 v _0759_/Y (sky130_fd_sc_hd__a21oi_2)
                                                         _0107_ (net)
                      0.076839    0.000437    1.667399 v _0761_/B (sky130_fd_sc_hd__nor3_2)
     1    0.003020    0.189951    0.234341    1.901740 ^ _0761_/Y (sky130_fd_sc_hd__nor3_2)
                                                         _0019_ (net)
                      0.189951    0.000190    1.901930 ^ _1459_/D (sky130_fd_sc_hd__dfrtp_2)
                                              1.901930   data arrival time

                                  0.000000    0.000000   clock CLK (rise edge)
                                  0.000000    0.000000   clock source latency
     1    0.021247    0.158803    0.114747    0.114747 ^ CLK (in)
                                                         CLK (net)
                      0.158854    0.000000    0.114747 ^ clkbuf_0_CLK/A (sky130_fd_sc_hd__clkbuf_16)
    16    0.110692    0.192001    0.382494    0.497241 ^ clkbuf_0_CLK/X (sky130_fd_sc_hd__clkbuf_16)
                                                         clknet_0_CLK (net)
                      0.192269    0.004810    0.502050 ^ clkbuf_4_9_0_CLK/A (sky130_fd_sc_hd__clkbuf_8)
     6    0.018064    0.079043    0.301374    0.803424 ^ clkbuf_4_9_0_CLK/X (sky130_fd_sc_hd__clkbuf_8)
                                                         clknet_4_9_0_CLK (net)
                      0.079099    0.001933    0.805357 ^ _1459_/CLK (sky130_fd_sc_hd__dfrtp_2)
                                  0.250000    1.055357   clock uncertainty
                                 -0.047356    1.008001   clock reconvergence pessimism
                                 -0.102694    0.905306   library hold time
                                              0.905306   data required time
---------------------------------------------------------------------------------------------
                                              0.905306   data required time
                                             -1.901930   data arrival time
---------------------------------------------------------------------------------------------
                                              0.996624   slack (MET)


Startpoint: _1417_ (rising edge-triggered flip-flop clocked by CLK)
Endpoint: _1417_ (rising edge-triggered flip-flop clocked by CLK)
Path Group: CLK
Path Type: min

Fanout         Cap        Slew       Delay        Time   Description
---------------------------------------------------------------------------------------------
                                  0.000000    0.000000   clock CLK (rise edge)
                                  0.000000    0.000000   clock source latency
     1    0.021247    0.158803    0.103819    0.103819 ^ CLK (in)
                                                         CLK (net)
                      0.158854    0.000000    0.103819 ^ clkbuf_0_CLK/A (sky130_fd_sc_hd__clkbuf_16)
    16    0.110692    0.192001    0.346066    0.449884 ^ clkbuf_0_CLK/X (sky130_fd_sc_hd__clkbuf_16)
                                                         clknet_0_CLK (net)
                      0.192680    0.008035    0.457920 ^ clkbuf_4_4_0_CLK/A (sky130_fd_sc_hd__clkbuf_8)
     6    0.019226    0.081698    0.275636    0.733555 ^ clkbuf_4_4_0_CLK/X (sky130_fd_sc_hd__clkbuf_8)
                                                         clknet_4_4_0_CLK (net)
                      0.081710    0.000939    0.734495 ^ _1417_/CLK (sky130_fd_sc_hd__dfrtp_2)
     8    0.039953    0.321763    0.861822    1.596317 ^ _1417_/Q (sky130_fd_sc_hd__dfrtp_2)
                                                         hall.hall_active[1] (net)
                      0.321769    0.001827    1.598144 ^ _1377_/A1 (sky130_fd_sc_hd__mux2_1)
     1    0.003047    0.075136    0.315679    1.913822 ^ _1377_/X (sky130_fd_sc_hd__mux2_1)
                                                         _0043_ (net)
                      0.075136    0.000185    1.914007 ^ _1417_/D (sky130_fd_sc_hd__dfrtp_2)
                                              1.914007   data arrival time

                                  0.000000    0.000000   clock CLK (rise edge)
                                  0.000000    0.000000   clock source latency
     1    0.021247    0.158803    0.114747    0.114747 ^ CLK (in)
                                                         CLK (net)
                      0.158854    0.000000    0.114747 ^ clkbuf_0_CLK/A (sky130_fd_sc_hd__clkbuf_16)
    16    0.110692    0.192001    0.382494    0.497241 ^ clkbuf_0_CLK/X (sky130_fd_sc_hd__clkbuf_16)
                                                         clknet_0_CLK (net)
                      0.192680    0.008881    0.506122 ^ clkbuf_4_4_0_CLK/A (sky130_fd_sc_hd__clkbuf_8)
     6    0.019226    0.081698    0.304650    0.810772 ^ clkbuf_4_4_0_CLK/X (sky130_fd_sc_hd__clkbuf_8)
                                                         clknet_4_4_0_CLK (net)
                      0.081710    0.001038    0.811810 ^ _1417_/CLK (sky130_fd_sc_hd__dfrtp_2)
                                  0.250000    1.061810   clock uncertainty
                                 -0.077315    0.984495   clock reconvergence pessimism
                                 -0.076144    0.908350   library hold time
                                              0.908350   data required time
---------------------------------------------------------------------------------------------
                                              0.908350   data required time
                                             -1.914007   data arrival time
---------------------------------------------------------------------------------------------
                                              1.005657   slack (MET)


Startpoint: _1462_ (rising edge-triggered flip-flop clocked by CLK)
Endpoint: _1462_ (rising edge-triggered flip-flop clocked by CLK)
Path Group: CLK
Path Type: min

Fanout         Cap        Slew       Delay        Time   Description
---------------------------------------------------------------------------------------------
                                  0.000000    0.000000   clock CLK (rise edge)
                                  0.000000    0.000000   clock source latency
     1    0.021247    0.158803    0.103819    0.103819 ^ CLK (in)
                                                         CLK (net)
                      0.158854    0.000000    0.103819 ^ clkbuf_0_CLK/A (sky130_fd_sc_hd__clkbuf_16)
    16    0.110692    0.192001    0.346066    0.449884 ^ clkbuf_0_CLK/X (sky130_fd_sc_hd__clkbuf_16)
                                                         clknet_0_CLK (net)
                      0.192256    0.004186    0.454070 ^ clkbuf_4_12_0_CLK/A (sky130_fd_sc_hd__clkbuf_8)
     6    0.020022    0.083575    0.276998    0.731068 ^ clkbuf_4_12_0_CLK/X (sky130_fd_sc_hd__clkbuf_8)
                                                         clknet_4_12_0_CLK (net)
                      0.083601    0.001324    0.732392 ^ _1462_/CLK (sky130_fd_sc_hd__dfrtp_2)
     5    0.022710    0.202233    0.776188    1.508579 ^ _1462_/Q (sky130_fd_sc_hd__dfrtp_2)
                                                         pwm.pwm_counter[10] (net)
                      0.202240    0.001426    1.510006 ^ _0767_/A1 (sky130_fd_sc_hd__o211a_2)
     1    0.003414    0.081698    0.403665    1.913671 ^ _0767_/X (sky130_fd_sc_hd__o211a_2)
                                                         _0012_ (net)
                      0.081698    0.000216    1.913886 ^ _1462_/D (sky130_fd_sc_hd__dfrtp_2)
                                              1.913886   data arrival time

                                  0.000000    0.000000   clock CLK (rise edge)
                                  0.000000    0.000000   clock source latency
     1    0.021247    0.158803    0.114747    0.114747 ^ CLK (in)
                                                         CLK (net)
                      0.158854    0.000000    0.114747 ^ clkbuf_0_CLK/A (sky130_fd_sc_hd__clkbuf_16)
    16    0.110692    0.192001    0.382494    0.497241 ^ clkbuf_0_CLK/X (sky130_fd_sc_hd__clkbuf_16)
                                                         clknet_0_CLK (net)
                      0.192256    0.004626    0.501867 ^ clkbuf_4_12_0_CLK/A (sky130_fd_sc_hd__clkbuf_8)
     6    0.020022    0.083575    0.306156    0.808023 ^ clkbuf_4_12_0_CLK/X (sky130_fd_sc_hd__clkbuf_8)
                                                         clknet_4_12_0_CLK (net)
                      0.083601    0.001463    0.809486 ^ _1462_/CLK (sky130_fd_sc_hd__dfrtp_2)
                                  0.250000    1.059486   clock uncertainty
                                 -0.077094    0.982392   clock reconvergence pessimism
                                 -0.077327    0.905065   library hold time
                                              0.905065   data required time
---------------------------------------------------------------------------------------------
                                              0.905065   data required time
                                             -1.913886   data arrival time
---------------------------------------------------------------------------------------------
                                              1.008821   slack (MET)


Startpoint: _1418_ (rising edge-triggered flip-flop clocked by CLK)
Endpoint: _1471_ (rising edge-triggered flip-flop clocked by CLK)
Path Group: CLK
Path Type: min

Fanout         Cap        Slew       Delay        Time   Description
---------------------------------------------------------------------------------------------
                                  0.000000    0.000000   clock CLK (rise edge)
                                  0.000000    0.000000   clock source latency
     1    0.021247    0.158803    0.103819    0.103819 ^ CLK (in)
                                                         CLK (net)
                      0.158854    0.000000    0.103819 ^ clkbuf_0_CLK/A (sky130_fd_sc_hd__clkbuf_16)
    16    0.110692    0.192001    0.346066    0.449884 ^ clkbuf_0_CLK/X (sky130_fd_sc_hd__clkbuf_16)
                                                         clknet_0_CLK (net)
                      0.192665    0.007935    0.457820 ^ clkbuf_4_3_0_CLK/A (sky130_fd_sc_hd__clkbuf_8)
     6    0.019520    0.082381    0.276251    0.734071 ^ clkbuf_4_3_0_CLK/X (sky130_fd_sc_hd__clkbuf_8)
                                                         clknet_4_3_0_CLK (net)
                      0.082385    0.000655    0.734725 ^ _1418_/CLK (sky130_fd_sc_hd__dfrtp_2)
     7    0.032448    0.201330    0.908321    1.643046 v _1418_/Q (sky130_fd_sc_hd__dfrtp_2)
                                                         hall.hall_active[2] (net)
                      0.201421    0.003839    1.646885 v _1316_/B1 (sky130_fd_sc_hd__o211a_2)
     1    0.003162    0.045527    0.286739    1.933624 v _1316_/X (sky130_fd_sc_hd__o211a_2)
                                                         _0009_ (net)
                      0.045527    0.000122    1.933746 v _1471_/D (sky130_fd_sc_hd__dfrtp_2)
                                              1.933746   data arrival time

                                  0.000000    0.000000   clock CLK (rise edge)
                                  0.000000    0.000000   clock source latency
     1    0.021247    0.158803    0.114747    0.114747 ^ CLK (in)
                                                         CLK (net)
                      0.158854    0.000000    0.114747 ^ clkbuf_0_CLK/A (sky130_fd_sc_hd__clkbuf_16)
    16    0.110692    0.192001    0.382494    0.497241 ^ clkbuf_0_CLK/X (sky130_fd_sc_hd__clkbuf_16)
                                                         clknet_0_CLK (net)
                      0.192290    0.005107    0.502347 ^ clkbuf_4_8_0_CLK/A (sky130_fd_sc_hd__clkbuf_8)
     5    0.014905    0.071897    0.294177    0.796524 ^ clkbuf_4_8_0_CLK/X (sky130_fd_sc_hd__clkbuf_8)
                                                         clknet_4_8_0_CLK (net)
                      0.071946    0.000709    0.797233 ^ _1471_/CLK (sky130_fd_sc_hd__dfrtp_2)
                                  0.250000    1.047233   clock uncertainty
                                 -0.047356    0.999877   clock reconvergence pessimism
                                 -0.080216    0.919661   library hold time
                                              0.919661   data required time
---------------------------------------------------------------------------------------------
                                              0.919661   data required time
                                             -1.933746   data arrival time
---------------------------------------------------------------------------------------------
                                              1.014085   slack (MET)


Startpoint: _1469_ (rising edge-triggered flip-flop clocked by CLK)
Endpoint: _1422_ (rising edge-triggered flip-flop clocked by CLK)
Path Group: CLK
Path Type: min

Fanout         Cap        Slew       Delay        Time   Description
---------------------------------------------------------------------------------------------
                                  0.000000    0.000000   clock CLK (rise edge)
                                  0.000000    0.000000   clock source latency
     1    0.021247    0.158803    0.103819    0.103819 ^ CLK (in)
                                                         CLK (net)
                      0.158854    0.000000    0.103819 ^ clkbuf_0_CLK/A (sky130_fd_sc_hd__clkbuf_16)
    16    0.110692    0.192001    0.346066    0.449884 ^ clkbuf_0_CLK/X (sky130_fd_sc_hd__clkbuf_16)
                                                         clknet_0_CLK (net)
                      0.192665    0.007935    0.457820 ^ clkbuf_4_3_0_CLK/A (sky130_fd_sc_hd__clkbuf_8)
     6    0.019520    0.082381    0.276251    0.734071 ^ clkbuf_4_3_0_CLK/X (sky130_fd_sc_hd__clkbuf_8)
                                                         clknet_4_3_0_CLK (net)
                      0.082396    0.001004    0.735074 ^ _1469_/CLK (sky130_fd_sc_hd__dfrtp_2)
     8    0.044965    0.356478    0.888092    1.623166 ^ _1469_/Q (sky130_fd_sc_hd__dfrtp_2)
                                                         hall.hall_c_pipe[1] (net)
                      0.356483    0.001845    1.625011 ^ _1379_/A1 (sky130_fd_sc_hd__mux2_1)
     1    0.003589    0.081763    0.334489    1.959500 ^ _1379_/X (sky130_fd_sc_hd__mux2_1)
                                                         _0048_ (net)
                      0.081763    0.000232    1.959732 ^ _1422_/D (sky130_fd_sc_hd__dfrtp_2)
                                              1.959732   data arrival time

                                  0.000000    0.000000   clock CLK (rise edge)
                                  0.000000    0.000000   clock source latency
     1    0.021247    0.158803    0.114747    0.114747 ^ CLK (in)
                                                         CLK (net)
                      0.158854    0.000000    0.114747 ^ clkbuf_0_CLK/A (sky130_fd_sc_hd__clkbuf_16)
    16    0.110692    0.192001    0.382494    0.497241 ^ clkbuf_0_CLK/X (sky130_fd_sc_hd__clkbuf_16)
                                                         clknet_0_CLK (net)
                      0.192680    0.008881    0.506122 ^ clkbuf_4_4_0_CLK/A (sky130_fd_sc_hd__clkbuf_8)
     6    0.019226    0.081698    0.304650    0.810772 ^ clkbuf_4_4_0_CLK/X (sky130_fd_sc_hd__clkbuf_8)
                                                         clknet_4_4_0_CLK (net)
                      0.081706    0.000907    0.811679 ^ _1422_/CLK (sky130_fd_sc_hd__dfrtp_2)
                                  0.250000    1.061679   clock uncertainty
                                 -0.047356    1.014323   clock reconvergence pessimism
                                 -0.077652    0.936670   library hold time
                                              0.936670   data required time
---------------------------------------------------------------------------------------------
                                              0.936670   data required time
                                             -1.959732   data arrival time
---------------------------------------------------------------------------------------------
                                              1.023062   slack (MET)


Startpoint: _1418_ (rising edge-triggered flip-flop clocked by CLK)
Endpoint: _1473_ (rising edge-triggered flip-flop clocked by CLK)
Path Group: CLK
Path Type: min

Fanout         Cap        Slew       Delay        Time   Description
---------------------------------------------------------------------------------------------
                                  0.000000    0.000000   clock CLK (rise edge)
                                  0.000000    0.000000   clock source latency
     1    0.021247    0.158803    0.103819    0.103819 ^ CLK (in)
                                                         CLK (net)
                      0.158854    0.000000    0.103819 ^ clkbuf_0_CLK/A (sky130_fd_sc_hd__clkbuf_16)
    16    0.110692    0.192001    0.346066    0.449884 ^ clkbuf_0_CLK/X (sky130_fd_sc_hd__clkbuf_16)
                                                         clknet_0_CLK (net)
                      0.192665    0.007935    0.457820 ^ clkbuf_4_3_0_CLK/A (sky130_fd_sc_hd__clkbuf_8)
     6    0.019520    0.082381    0.276251    0.734071 ^ clkbuf_4_3_0_CLK/X (sky130_fd_sc_hd__clkbuf_8)
                                                         clknet_4_3_0_CLK (net)
                      0.082385    0.000655    0.734725 ^ _1418_/CLK (sky130_fd_sc_hd__dfrtp_2)
     7    0.033622    0.277816    0.829818    1.564544 ^ _1418_/Q (sky130_fd_sc_hd__dfrtp_2)
                                                         hall.hall_active[2] (net)
                      0.277883    0.004015    1.568559 ^ _1307_/A (sky130_fd_sc_hd__nor2_2)
     4    0.015529    0.077553    0.185032    1.753591 v _1307_/Y (sky130_fd_sc_hd__nor2_2)
                                                         _0650_ (net)
                      0.077656    0.001736    1.755327 v _1327_/C1 (sky130_fd_sc_hd__o211a_2)
     1    0.003469    0.046993    0.203111    1.958438 v _1327_/X (sky130_fd_sc_hd__o211a_2)
                                                         _0007_ (net)
                      0.047016    0.000215    1.958654 v _1473_/D (sky130_fd_sc_hd__dfrtp_2)
                                              1.958654   data arrival time

                                  0.000000    0.000000   clock CLK (rise edge)
                                  0.000000    0.000000   clock source latency
     1    0.021247    0.158803    0.114747    0.114747 ^ CLK (in)
                                                         CLK (net)
                      0.158854    0.000000    0.114747 ^ clkbuf_0_CLK/A (sky130_fd_sc_hd__clkbuf_16)
    16    0.110692    0.192001    0.382494    0.497241 ^ clkbuf_0_CLK/X (sky130_fd_sc_hd__clkbuf_16)
                                                         clknet_0_CLK (net)
                      0.192394    0.006351    0.503592 ^ clkbuf_4_10_0_CLK/A (sky130_fd_sc_hd__clkbuf_8)
     6    0.018696    0.080479    0.303195    0.806787 ^ clkbuf_4_10_0_CLK/X (sky130_fd_sc_hd__clkbuf_8)
                                                         clknet_4_10_0_CLK (net)
                      0.080487    0.000887    0.807674 ^ _1473_/CLK (sky130_fd_sc_hd__dfrtp_2)
                                  0.250000    1.057674   clock uncertainty
                                 -0.047356    1.010318   clock reconvergence pessimism
                                 -0.078691    0.931627   library hold time
                                              0.931627   data required time
---------------------------------------------------------------------------------------------
                                              0.931627   data required time
                                             -1.958654   data arrival time
---------------------------------------------------------------------------------------------
                                              1.027027   slack (MET)


Startpoint: _1438_ (rising edge-triggered flip-flop clocked by CLK)
Endpoint: _1436_ (rising edge-triggered flip-flop clocked by CLK)
Path Group: CLK
Path Type: min

Fanout         Cap        Slew       Delay        Time   Description
---------------------------------------------------------------------------------------------
                                  0.000000    0.000000   clock CLK (rise edge)
                                  0.000000    0.000000   clock source latency
     1    0.021247    0.158803    0.103819    0.103819 ^ CLK (in)
                                                         CLK (net)
                      0.158854    0.000000    0.103819 ^ clkbuf_0_CLK/A (sky130_fd_sc_hd__clkbuf_16)
    16    0.110692    0.192001    0.346066    0.449884 ^ clkbuf_0_CLK/X (sky130_fd_sc_hd__clkbuf_16)
                                                         clknet_0_CLK (net)
                      0.192679    0.008025    0.457909 ^ clkbuf_4_2_0_CLK/A (sky130_fd_sc_hd__clkbuf_8)
     6    0.020724    0.085211    0.278773    0.736682 ^ clkbuf_4_2_0_CLK/X (sky130_fd_sc_hd__clkbuf_8)
                                                         clknet_4_2_0_CLK (net)
                      0.085234    0.001244    0.737926 ^ _1438_/CLK (sky130_fd_sc_hd__dfrtp_2)
     3    0.010102    0.119014    0.701207    1.439133 ^ _1438_/Q (sky130_fd_sc_hd__dfrtp_2)
                                                         control.state[3] (net)
                      0.119014    0.000466    1.439599 ^ _0741_/B (sky130_fd_sc_hd__or3b_2)
     1    0.001990    0.045351    0.186094    1.625693 ^ _0741_/X (sky130_fd_sc_hd__or3b_2)
                                                         _0096_ (net)
                      0.045351    0.000133    1.625826 ^ _0742_/C (sky130_fd_sc_hd__and3b_2)
     1    0.003205    0.083170    0.339408    1.965235 ^ _0742_/X (sky130_fd_sc_hd__and3b_2)
                                                         _0000_ (net)
                      0.083170    0.000207    1.965441 ^ _1436_/D (sky130_fd_sc_hd__dfstp_2)
                                              1.965441   data arrival time

                                  0.000000    0.000000   clock CLK (rise edge)
                                  0.000000    0.000000   clock source latency
     1    0.021247    0.158803    0.114747    0.114747 ^ CLK (in)
                                                         CLK (net)
                      0.158854    0.000000    0.114747 ^ clkbuf_0_CLK/A (sky130_fd_sc_hd__clkbuf_16)
    16    0.110692    0.192001    0.382494    0.497241 ^ clkbuf_0_CLK/X (sky130_fd_sc_hd__clkbuf_16)
                                                         clknet_0_CLK (net)
                      0.192290    0.005107    0.502347 ^ clkbuf_4_8_0_CLK/A (sky130_fd_sc_hd__clkbuf_8)
     5    0.014905    0.071897    0.294177    0.796524 ^ clkbuf_4_8_0_CLK/X (sky130_fd_sc_hd__clkbuf_8)
                                                         clknet_4_8_0_CLK (net)
                      0.071957    0.001001    0.797525 ^ _1436_/CLK (sky130_fd_sc_hd__dfstp_2)
                                  0.250000    1.047525   clock uncertainty
                                 -0.047356    1.000169   clock reconvergence pessimism
                                 -0.065834    0.934335   library hold time
                                              0.934335   data required time
---------------------------------------------------------------------------------------------
                                              0.934335   data required time
                                             -1.965441   data arrival time
---------------------------------------------------------------------------------------------
                                              1.031106   slack (MET)


Startpoint: _1418_ (rising edge-triggered flip-flop clocked by CLK)
Endpoint: _1470_ (rising edge-triggered flip-flop clocked by CLK)
Path Group: CLK
Path Type: min

Fanout         Cap        Slew       Delay        Time   Description
---------------------------------------------------------------------------------------------
                                  0.000000    0.000000   clock CLK (rise edge)
                                  0.000000    0.000000   clock source latency
     1    0.021247    0.158803    0.103819    0.103819 ^ CLK (in)
                                                         CLK (net)
                      0.158854    0.000000    0.103819 ^ clkbuf_0_CLK/A (sky130_fd_sc_hd__clkbuf_16)
    16    0.110692    0.192001    0.346066    0.449884 ^ clkbuf_0_CLK/X (sky130_fd_sc_hd__clkbuf_16)
                                                         clknet_0_CLK (net)
                      0.192665    0.007935    0.457820 ^ clkbuf_4_3_0_CLK/A (sky130_fd_sc_hd__clkbuf_8)
     6    0.019520    0.082381    0.276251    0.734071 ^ clkbuf_4_3_0_CLK/X (sky130_fd_sc_hd__clkbuf_8)
                                                         clknet_4_3_0_CLK (net)
                      0.082385    0.000655    0.734725 ^ _1418_/CLK (sky130_fd_sc_hd__dfrtp_2)
     7    0.033622    0.277816    0.829818    1.564544 ^ _1418_/Q (sky130_fd_sc_hd__dfrtp_2)
                                                         hall.hall_active[2] (net)
                      0.277883    0.004015    1.568559 ^ _1307_/A (sky130_fd_sc_hd__nor2_2)
     4    0.015529    0.077553    0.185032    1.753591 v _1307_/Y (sky130_fd_sc_hd__nor2_2)
                                                         _0650_ (net)
                      0.077621    0.001196    1.754787 v _1317_/D1 (sky130_fd_sc_hd__o2111a_2)
     1    0.003037    0.048891    0.220625    1.975412 v _1317_/X (sky130_fd_sc_hd__o2111a_2)
                                                         _0008_ (net)
                      0.048891    0.000195    1.975607 v _1470_/D (sky130_fd_sc_hd__dfrtp_2)
                                              1.975607   data arrival time

                                  0.000000    0.000000   clock CLK (rise edge)
                                  0.000000    0.000000   clock source latency
     1    0.021247    0.158803    0.114747    0.114747 ^ CLK (in)
                                                         CLK (net)
                      0.158854    0.000000    0.114747 ^ clkbuf_0_CLK/A (sky130_fd_sc_hd__clkbuf_16)
    16    0.110692    0.192001    0.382494    0.497241 ^ clkbuf_0_CLK/X (sky130_fd_sc_hd__clkbuf_16)
                                                         clknet_0_CLK (net)
                      0.192290    0.005107    0.502347 ^ clkbuf_4_8_0_CLK/A (sky130_fd_sc_hd__clkbuf_8)
     5    0.014905    0.071897    0.294177    0.796524 ^ clkbuf_4_8_0_CLK/X (sky130_fd_sc_hd__clkbuf_8)
                                                         clknet_4_8_0_CLK (net)
                      0.071947    0.000728    0.797252 ^ _1470_/CLK (sky130_fd_sc_hd__dfrtp_2)
                                  0.250000    1.047252   clock uncertainty
                                 -0.047356    0.999896   clock reconvergence pessimism
                                 -0.081448    0.918448   library hold time
                                              0.918448   data required time
---------------------------------------------------------------------------------------------
                                              0.918448   data required time
                                             -1.975607   data arrival time
---------------------------------------------------------------------------------------------
                                              1.057160   slack (MET)


Startpoint: _1399_ (rising edge-triggered flip-flop clocked by CLK)
Endpoint: _1400_ (rising edge-triggered flip-flop clocked by CLK)
Path Group: CLK
Path Type: min

Fanout         Cap        Slew       Delay        Time   Description
---------------------------------------------------------------------------------------------
                                  0.000000    0.000000   clock CLK (rise edge)
                                  0.000000    0.000000   clock source latency
     1    0.021247    0.158803    0.103819    0.103819 ^ CLK (in)
                                                         CLK (net)
                      0.158854    0.000000    0.103819 ^ clkbuf_0_CLK/A (sky130_fd_sc_hd__clkbuf_16)
    16    0.110692    0.192001    0.346066    0.449884 ^ clkbuf_0_CLK/X (sky130_fd_sc_hd__clkbuf_16)
                                                         clknet_0_CLK (net)
                      0.192366    0.005466    0.455350 ^ clkbuf_4_14_0_CLK/A (sky130_fd_sc_hd__clkbuf_8)
     6    0.018935    0.081026    0.274853    0.730203 ^ clkbuf_4_14_0_CLK/X (sky130_fd_sc_hd__clkbuf_8)
                                                         clknet_4_14_0_CLK (net)
                      0.081035    0.000847    0.731050 ^ _1399_/CLK (sky130_fd_sc_hd__dfrtp_2)
     3    0.005891    0.091769    0.672087    1.403136 ^ _1399_/Q (sky130_fd_sc_hd__dfrtp_2)
                                                         gates.phase_a.dead_count[2] (net)
                      0.091769    0.000300    1.403436 ^ _1343_/A (sky130_fd_sc_hd__or2_2)
     3    0.015670    0.142439    0.248648    1.652084 ^ _1343_/X (sky130_fd_sc_hd__or2_2)
                                                         _0678_ (net)
                      0.142451    0.001310    1.653394 ^ _1346_/B (sky130_fd_sc_hd__nand2_2)
     1    0.004995    0.066940    0.123330    1.776724 v _1346_/Y (sky130_fd_sc_hd__nand2_2)
                                                         _0680_ (net)
                      0.066942    0.000356    1.777080 v _1347_/A2 (sky130_fd_sc_hd__a21oi_2)
     1    0.004628    0.143011    0.215114    1.992194 ^ _1347_/Y (sky130_fd_sc_hd__a21oi_2)
                                                         _0026_ (net)
                      0.143011    0.000310    1.992504 ^ _1400_/D (sky130_fd_sc_hd__dfrtp_2)
                                              1.992504   data arrival time

                                  0.000000    0.000000   clock CLK (rise edge)
                                  0.000000    0.000000   clock source latency
     1    0.021247    0.158803    0.114747    0.114747 ^ CLK (in)
                                                         CLK (net)
                      0.158854    0.000000    0.114747 ^ clkbuf_0_CLK/A (sky130_fd_sc_hd__clkbuf_16)
    16    0.110692    0.192001    0.382494    0.497241 ^ clkbuf_0_CLK/X (sky130_fd_sc_hd__clkbuf_16)
                                                         clknet_0_CLK (net)
                      0.192352    0.005881    0.503122 ^ clkbuf_4_15_0_CLK/A (sky130_fd_sc_hd__clkbuf_8)
     6    0.015922    0.074184    0.296625    0.799747 ^ clkbuf_4_15_0_CLK/X (sky130_fd_sc_hd__clkbuf_8)
                                                         clknet_4_15_0_CLK (net)
                      0.074195    0.000875    0.800622 ^ _1400_/CLK (sky130_fd_sc_hd__dfrtp_2)
                                  0.250000    1.050622   clock uncertainty
                                 -0.047356    1.003266   clock reconvergence pessimism
                                 -0.092821    0.910445   library hold time
                                              0.910445   data required time
---------------------------------------------------------------------------------------------
                                              0.910445   data required time
                                             -1.992504   data arrival time
---------------------------------------------------------------------------------------------
                                              1.082059   slack (MET)


Startpoint: _1438_ (rising edge-triggered flip-flop clocked by CLK)
Endpoint: _1439_ (rising edge-triggered flip-flop clocked by CLK)
Path Group: CLK
Path Type: min

Fanout         Cap        Slew       Delay        Time   Description
---------------------------------------------------------------------------------------------
                                  0.000000    0.000000   clock CLK (rise edge)
                                  0.000000    0.000000   clock source latency
     1    0.021247    0.158803    0.103819    0.103819 ^ CLK (in)
                                                         CLK (net)
                      0.158854    0.000000    0.103819 ^ clkbuf_0_CLK/A (sky130_fd_sc_hd__clkbuf_16)
    16    0.110692    0.192001    0.346066    0.449884 ^ clkbuf_0_CLK/X (sky130_fd_sc_hd__clkbuf_16)
                                                         clknet_0_CLK (net)
                      0.192679    0.008025    0.457909 ^ clkbuf_4_2_0_CLK/A (sky130_fd_sc_hd__clkbuf_8)
     6    0.020724    0.085211    0.278773    0.736682 ^ clkbuf_4_2_0_CLK/X (sky130_fd_sc_hd__clkbuf_8)
                                                         clknet_4_2_0_CLK (net)
                      0.085234    0.001244    0.737926 ^ _1438_/CLK (sky130_fd_sc_hd__dfrtp_2)
     3    0.010102    0.119014    0.701207    1.439133 ^ _1438_/Q (sky130_fd_sc_hd__dfrtp_2)
                                                         control.state[3] (net)
                      0.119014    0.000536    1.439669 ^ _0722_/A2 (sky130_fd_sc_hd__o211a_2)
     2    0.008206    0.120126    0.391691    1.831361 ^ _0722_/X (sky130_fd_sc_hd__o211a_2)
                                                         _0080_ (net)
                      0.120126    0.000467    1.831828 ^ _0723_/B1 (sky130_fd_sc_hd__a21oi_2)
     1    0.006961    0.053415    0.084229    1.916057 v _0723_/Y (sky130_fd_sc_hd__a21oi_2)
                                                         _0081_ (net)
                      0.053416    0.000446    1.916502 v _0724_/B (sky130_fd_sc_hd__nor2_2)
     1    0.002220    0.091032    0.100166    2.016669 ^ _0724_/Y (sky130_fd_sc_hd__nor2_2)
                                                         _0003_ (net)
                      0.091032    0.000098    2.016766 ^ _1439_/D (sky130_fd_sc_hd__dfrtp_2)
                                              2.016766   data arrival time

                                  0.000000    0.000000   clock CLK (rise edge)
                                  0.000000    0.000000   clock source latency
     1    0.021247    0.158803    0.114747    0.114747 ^ CLK (in)
                                                         CLK (net)
                      0.158854    0.000000    0.114747 ^ clkbuf_0_CLK/A (sky130_fd_sc_hd__clkbuf_16)
    16    0.110692    0.192001    0.382494    0.497241 ^ clkbuf_0_CLK/X (sky130_fd_sc_hd__clkbuf_16)
                                                         clknet_0_CLK (net)
                      0.192269    0.004810    0.502050 ^ clkbuf_4_9_0_CLK/A (sky130_fd_sc_hd__clkbuf_8)
     6    0.018064    0.079043    0.301374    0.803424 ^ clkbuf_4_9_0_CLK/X (sky130_fd_sc_hd__clkbuf_8)
                                                         clknet_4_9_0_CLK (net)
                      0.079073    0.001510    0.804933 ^ _1439_/CLK (sky130_fd_sc_hd__dfrtp_2)
                                  0.250000    1.054933   clock uncertainty
                                 -0.047356    1.007577   clock reconvergence pessimism
                                 -0.080193    0.927384   library hold time
                                              0.927384   data required time
---------------------------------------------------------------------------------------------
                                              0.927384   data required time
                                             -2.016766   data arrival time
---------------------------------------------------------------------------------------------
                                              1.089382   slack (MET)


Startpoint: _1406_ (rising edge-triggered flip-flop clocked by CLK)
Endpoint: _1407_ (rising edge-triggered flip-flop clocked by CLK)
Path Group: CLK
Path Type: min

Fanout         Cap        Slew       Delay        Time   Description
---------------------------------------------------------------------------------------------
                                  0.000000    0.000000   clock CLK (rise edge)
                                  0.000000    0.000000   clock source latency
     1    0.021247    0.158803    0.103819    0.103819 ^ CLK (in)
                                                         CLK (net)
                      0.158854    0.000000    0.103819 ^ clkbuf_0_CLK/A (sky130_fd_sc_hd__clkbuf_16)
    16    0.110692    0.192001    0.346066    0.449884 ^ clkbuf_0_CLK/X (sky130_fd_sc_hd__clkbuf_16)
                                                         clknet_0_CLK (net)
                      0.192389    0.005697    0.455581 ^ clkbuf_4_11_0_CLK/A (sky130_fd_sc_hd__clkbuf_8)
     6    0.017155    0.076953    0.271019    0.726600 ^ clkbuf_4_11_0_CLK/X (sky130_fd_sc_hd__clkbuf_8)
                                                         clknet_4_11_0_CLK (net)
                      0.076963    0.000800    0.727400 ^ _1406_/CLK (sky130_fd_sc_hd__dfrtp_2)
     3    0.008053    0.105273    0.684337    1.411737 ^ _1406_/Q (sky130_fd_sc_hd__dfrtp_2)
                                                         gates.phase_b.dead_count[3] (net)
                      0.105273    0.000260    1.411997 ^ _1356_/A (sky130_fd_sc_hd__or2_2)
     4    0.019155    0.167407    0.273731    1.685728 ^ _1356_/X (sky130_fd_sc_hd__or2_2)
                                                         _0684_ (net)
                      0.167411    0.000981    1.686709 ^ _1359_/B (sky130_fd_sc_hd__or2_2)
     1    0.007366    0.080758    0.234732    1.921441 ^ _1359_/X (sky130_fd_sc_hd__or2_2)
                                                         _0686_ (net)
                      0.080760    0.000533    1.921974 ^ _1361_/A1 (sky130_fd_sc_hd__a21oi_2)
     1    0.003795    0.067312    0.096269    2.018243 v _1361_/Y (sky130_fd_sc_hd__a21oi_2)
                                                         _0033_ (net)
                      0.067312    0.000228    2.018472 v _1407_/D (sky130_fd_sc_hd__dfrtp_2)
                                              2.018472   data arrival time

                                  0.000000    0.000000   clock CLK (rise edge)
                                  0.000000    0.000000   clock source latency
     1    0.021247    0.158803    0.114747    0.114747 ^ CLK (in)
                                                         CLK (net)
                      0.158854    0.000000    0.114747 ^ clkbuf_0_CLK/A (sky130_fd_sc_hd__clkbuf_16)
    16    0.110692    0.192001    0.382494    0.497241 ^ clkbuf_0_CLK/X (sky130_fd_sc_hd__clkbuf_16)
                                                         clknet_0_CLK (net)
                      0.192366    0.006041    0.503282 ^ clkbuf_4_14_0_CLK/A (sky130_fd_sc_hd__clkbuf_8)
     6    0.018935    0.081026    0.303785    0.807067 ^ clkbuf_4_14_0_CLK/X (sky130_fd_sc_hd__clkbuf_8)
                                                         clknet_4_14_0_CLK (net)
                      0.081037    0.000991    0.808058 ^ _1407_/CLK (sky130_fd_sc_hd__dfrtp_2)
                                  0.250000    1.058058   clock uncertainty
                                 -0.047356    1.010701   clock reconvergence pessimism
                                 -0.085990    0.924711   library hold time
                                              0.924711   data required time
---------------------------------------------------------------------------------------------
                                              0.924711   data required time
                                             -2.018472   data arrival time
---------------------------------------------------------------------------------------------
                                              1.093761   slack (MET)


Startpoint: _1404_ (rising edge-triggered flip-flop clocked by CLK)
Endpoint: _1404_ (rising edge-triggered flip-flop clocked by CLK)
Path Group: CLK
Path Type: min

Fanout         Cap        Slew       Delay        Time   Description
---------------------------------------------------------------------------------------------
                                  0.000000    0.000000   clock CLK (rise edge)
                                  0.000000    0.000000   clock source latency
     1    0.021247    0.158803    0.103819    0.103819 ^ CLK (in)
                                                         CLK (net)
                      0.158854    0.000000    0.103819 ^ clkbuf_0_CLK/A (sky130_fd_sc_hd__clkbuf_16)
    16    0.110692    0.192001    0.346066    0.449884 ^ clkbuf_0_CLK/X (sky130_fd_sc_hd__clkbuf_16)
                                                         clknet_0_CLK (net)
                      0.192394    0.005746    0.455631 ^ clkbuf_4_10_0_CLK/A (sky130_fd_sc_hd__clkbuf_8)
     6    0.018696    0.080479    0.274320    0.729950 ^ clkbuf_4_10_0_CLK/X (sky130_fd_sc_hd__clkbuf_8)
                                                         clknet_4_10_0_CLK (net)
                      0.080495    0.001024    0.730974 ^ _1404_/CLK (sky130_fd_sc_hd__dfrtp_2)
     4    0.010264    0.120127    0.700152    1.431126 ^ _1404_/Q (sky130_fd_sc_hd__dfrtp_2)
                                                         gates.phase_b.dead_count[1] (net)
                      0.120127    0.000525    1.431651 ^ _1352_/B (sky130_fd_sc_hd__or3_2)
     1    0.004599    0.060319    0.204904    1.636555 ^ _1352_/X (sky130_fd_sc_hd__or3_2)
                                                         _0682_ (net)
                      0.060320    0.000316    1.636871 ^ _1353_/B1_N (sky130_fd_sc_hd__a21bo_2)
     1    0.002280    0.054953    0.368132    2.005002 v _1353_/X (sky130_fd_sc_hd__a21bo_2)
                                                         _0030_ (net)
                      0.054953    0.000147    2.005149 v _1404_/D (sky130_fd_sc_hd__dfrtp_2)
                                              2.005149   data arrival time

                                  0.000000    0.000000   clock CLK (rise edge)
                                  0.000000    0.000000   clock source latency
     1    0.021247    0.158803    0.114747    0.114747 ^ CLK (in)
                                                         CLK (net)
                      0.158854    0.000000    0.114747 ^ clkbuf_0_CLK/A (sky130_fd_sc_hd__clkbuf_16)
    16    0.110692    0.192001    0.382494    0.497241 ^ clkbuf_0_CLK/X (sky130_fd_sc_hd__clkbuf_16)
                                                         clknet_0_CLK (net)
                      0.192394    0.006351    0.503592 ^ clkbuf_4_10_0_CLK/A (sky130_fd_sc_hd__clkbuf_8)
     6    0.018696    0.080479    0.303195    0.806787 ^ clkbuf_4_10_0_CLK/X (sky130_fd_sc_hd__clkbuf_8)
                                                         clknet_4_10_0_CLK (net)
                      0.080495    0.001131    0.807918 ^ _1404_/CLK (sky130_fd_sc_hd__dfrtp_2)
                                  0.250000    1.057918   clock uncertainty
                                 -0.076945    0.980974   clock reconvergence pessimism
                                 -0.081596    0.899378   library hold time
                                              0.899378   data required time
---------------------------------------------------------------------------------------------
                                              0.899378   data required time
                                             -2.005149   data arrival time
---------------------------------------------------------------------------------------------
                                              1.105771   slack (MET)


Startpoint: _1412_ (rising edge-triggered flip-flop clocked by CLK)
Endpoint: _1413_ (rising edge-triggered flip-flop clocked by CLK)
Path Group: CLK
Path Type: min

Fanout         Cap        Slew       Delay        Time   Description
---------------------------------------------------------------------------------------------
                                  0.000000    0.000000   clock CLK (rise edge)
                                  0.000000    0.000000   clock source latency
     1    0.021247    0.158803    0.103819    0.103819 ^ CLK (in)
                                                         CLK (net)
                      0.158854    0.000000    0.103819 ^ clkbuf_0_CLK/A (sky130_fd_sc_hd__clkbuf_16)
    16    0.110692    0.192001    0.346066    0.449884 ^ clkbuf_0_CLK/X (sky130_fd_sc_hd__clkbuf_16)
                                                         clknet_0_CLK (net)
                      0.192256    0.004186    0.454070 ^ clkbuf_4_12_0_CLK/A (sky130_fd_sc_hd__clkbuf_8)
     6    0.020022    0.083575    0.276998    0.731068 ^ clkbuf_4_12_0_CLK/X (sky130_fd_sc_hd__clkbuf_8)
                                                         clknet_4_12_0_CLK (net)
                      0.083577    0.000600    0.731668 ^ _1412_/CLK (sky130_fd_sc_hd__dfrtp_2)
     3    0.007725    0.103128    0.685040    1.416708 ^ _1412_/Q (sky130_fd_sc_hd__dfrtp_2)
                                                         gates.phase_c.dead_count[3] (net)
                      0.103128    0.000633    1.417341 ^ _1368_/A (sky130_fd_sc_hd__or2_2)
     4    0.018465    0.162079    0.269256    1.686597 ^ _1368_/X (sky130_fd_sc_hd__or2_2)
                                                         _0690_ (net)
                      0.162083    0.001009    1.687606 ^ _1371_/B (sky130_fd_sc_hd__or2_2)
     1    0.006394    0.073754    0.226952    1.914558 ^ _1371_/X (sky130_fd_sc_hd__or2_2)
                                                         _0692_ (net)
                      0.073757    0.000472    1.915030 ^ _1373_/A1 (sky130_fd_sc_hd__a21oi_2)
     1    0.003345    0.064151    0.090943    2.005974 v _1373_/Y (sky130_fd_sc_hd__a21oi_2)
                                                         _0039_ (net)
                      0.064151    0.000199    2.006173 v _1413_/D (sky130_fd_sc_hd__dfrtp_2)
                                              2.006173   data arrival time

                                  0.000000    0.000000   clock CLK (rise edge)
                                  0.000000    0.000000   clock source latency
     1    0.021247    0.158803    0.114747    0.114747 ^ CLK (in)
                                                         CLK (net)
                      0.158854    0.000000    0.114747 ^ clkbuf_0_CLK/A (sky130_fd_sc_hd__clkbuf_16)
    16    0.110692    0.192001    0.382494    0.497241 ^ clkbuf_0_CLK/X (sky130_fd_sc_hd__clkbuf_16)
                                                         clknet_0_CLK (net)
                      0.192256    0.004626    0.501867 ^ clkbuf_4_12_0_CLK/A (sky130_fd_sc_hd__clkbuf_8)
     6    0.020022    0.083575    0.306156    0.808023 ^ clkbuf_4_12_0_CLK/X (sky130_fd_sc_hd__clkbuf_8)
                                                         clknet_4_12_0_CLK (net)
                      0.083581    0.000879    0.808902 ^ _1413_/CLK (sky130_fd_sc_hd__dfrtp_2)
                                  0.250000    1.058902   clock uncertainty
                                 -0.076955    0.981947   clock reconvergence pessimism
                                 -0.084216    0.897732   library hold time
                                              0.897732   data required time
---------------------------------------------------------------------------------------------
                                              0.897732   data required time
                                             -2.006173   data arrival time
---------------------------------------------------------------------------------------------
                                              1.108441   slack (MET)


Startpoint: _1456_ (rising edge-triggered flip-flop clocked by CLK)
Endpoint: _1456_ (rising edge-triggered flip-flop clocked by CLK)
Path Group: CLK
Path Type: min

Fanout         Cap        Slew       Delay        Time   Description
---------------------------------------------------------------------------------------------
                                  0.000000    0.000000   clock CLK (rise edge)
                                  0.000000    0.000000   clock source latency
     1    0.021247    0.158803    0.103819    0.103819 ^ CLK (in)
                                                         CLK (net)
                      0.158854    0.000000    0.103819 ^ clkbuf_0_CLK/A (sky130_fd_sc_hd__clkbuf_16)
    16    0.110692    0.192001    0.346066    0.449884 ^ clkbuf_0_CLK/X (sky130_fd_sc_hd__clkbuf_16)
                                                         clknet_0_CLK (net)
                      0.192652    0.007843    0.457728 ^ clkbuf_4_6_0_CLK/A (sky130_fd_sc_hd__clkbuf_8)
     6    0.016696    0.075917    0.270160    0.727888 ^ clkbuf_4_6_0_CLK/X (sky130_fd_sc_hd__clkbuf_8)
                                                         clknet_4_6_0_CLK (net)
                      0.075928    0.000825    0.728713 ^ _1456_/CLK (sky130_fd_sc_hd__dfrtp_2)
     6    0.024158    0.212177    0.780006    1.508719 ^ _1456_/Q (sky130_fd_sc_hd__dfrtp_2)
                                                         pwm.pwm_counter[4] (net)
                      0.212177    0.000613    1.509332 ^ _0750_/A (sky130_fd_sc_hd__and3_2)
     3    0.009299    0.126318    0.417403    1.926735 ^ _0750_/X (sky130_fd_sc_hd__and3_2)
                                                         _0101_ (net)
                      0.126319    0.000598    1.927332 ^ _0752_/A (sky130_fd_sc_hd__nor2_2)
     1    0.003017    0.041699    0.084653    2.011986 v _0752_/Y (sky130_fd_sc_hd__nor2_2)
                                                         _0016_ (net)
                      0.041699    0.000182    2.012168 v _1456_/D (sky130_fd_sc_hd__dfrtp_2)
                                              2.012168   data arrival time

                                  0.000000    0.000000   clock CLK (rise edge)
                                  0.000000    0.000000   clock source latency
     1    0.021247    0.158803    0.114747    0.114747 ^ CLK (in)
                                                         CLK (net)
                      0.158854    0.000000    0.114747 ^ clkbuf_0_CLK/A (sky130_fd_sc_hd__clkbuf_16)
    16    0.110692    0.192001    0.382494    0.497241 ^ clkbuf_0_CLK/X (sky130_fd_sc_hd__clkbuf_16)
                                                         clknet_0_CLK (net)
                      0.192652    0.008669    0.505910 ^ clkbuf_4_6_0_CLK/A (sky130_fd_sc_hd__clkbuf_8)
     6    0.016696    0.075917    0.298598    0.804508 ^ clkbuf_4_6_0_CLK/X (sky130_fd_sc_hd__clkbuf_8)
                                                         clknet_4_6_0_CLK (net)
                      0.075928    0.000912    0.805420 ^ _1456_/CLK (sky130_fd_sc_hd__dfrtp_2)
                                  0.250000    1.055420   clock uncertainty
                                 -0.076707    0.978713   clock reconvergence pessimism
                                 -0.077849    0.900865   library hold time
                                              0.900865   data required time
---------------------------------------------------------------------------------------------
                                              0.900865   data required time
                                             -2.012168   data arrival time
---------------------------------------------------------------------------------------------
                                              1.111303   slack (MET)


Startpoint: _1439_ (rising edge-triggered flip-flop clocked by CLK)
Endpoint: _1438_ (rising edge-triggered flip-flop clocked by CLK)
Path Group: CLK
Path Type: min

Fanout         Cap        Slew       Delay        Time   Description
---------------------------------------------------------------------------------------------
                                  0.000000    0.000000   clock CLK (rise edge)
                                  0.000000    0.000000   clock source latency
     1    0.021247    0.158803    0.103819    0.103819 ^ CLK (in)
                                                         CLK (net)
                      0.158854    0.000000    0.103819 ^ clkbuf_0_CLK/A (sky130_fd_sc_hd__clkbuf_16)
    16    0.110692    0.192001    0.346066    0.449884 ^ clkbuf_0_CLK/X (sky130_fd_sc_hd__clkbuf_16)
                                                         clknet_0_CLK (net)
                      0.192269    0.004352    0.454236 ^ clkbuf_4_9_0_CLK/A (sky130_fd_sc_hd__clkbuf_8)
     6    0.018064    0.079043    0.272671    0.726907 ^ clkbuf_4_9_0_CLK/X (sky130_fd_sc_hd__clkbuf_8)
                                                         clknet_4_9_0_CLK (net)
                      0.079073    0.001366    0.728273 ^ _1439_/CLK (sky130_fd_sc_hd__dfrtp_2)
     4    0.016970    0.168508    0.742781    1.471054 ^ _1439_/Q (sky130_fd_sc_hd__dfrtp_2)
                                                         brake_active (net)
                      0.168512    0.000965    1.472019 ^ _0725_/A1 (sky130_fd_sc_hd__a21oi_2)
     2    0.011065    0.061132    0.170856    1.642874 v _0725_/Y (sky130_fd_sc_hd__a21oi_2)
                                                         _0082_ (net)
                      0.061142    0.000724    1.643598 v _0738_/A (sky130_fd_sc_hd__nand2_2)
     1    0.005071    0.060781    0.082688    1.726286 ^ _0738_/Y (sky130_fd_sc_hd__nand2_2)
                                                         _0095_ (net)
                      0.060782    0.000315    1.726601 ^ _0739_/C (sky130_fd_sc_hd__and3_2)
     1    0.002347    0.075938    0.328395    2.054995 ^ _0739_/X (sky130_fd_sc_hd__and3_2)
                                                         _0002_ (net)
                      0.075938    0.000152    2.055147 ^ _1438_/D (sky130_fd_sc_hd__dfrtp_2)
                                              2.055147   data arrival time

                                  0.000000    0.000000   clock CLK (rise edge)
                                  0.000000    0.000000   clock source latency
     1    0.021247    0.158803    0.114747    0.114747 ^ CLK (in)
                                                         CLK (net)
                      0.158854    0.000000    0.114747 ^ clkbuf_0_CLK/A (sky130_fd_sc_hd__clkbuf_16)
    16    0.110692    0.192001    0.382494    0.497241 ^ clkbuf_0_CLK/X (sky130_fd_sc_hd__clkbuf_16)
                                                         clknet_0_CLK (net)
                      0.192679    0.008869    0.506110 ^ clkbuf_4_2_0_CLK/A (sky130_fd_sc_hd__clkbuf_8)
     6    0.020724    0.085211    0.308118    0.814228 ^ clkbuf_4_2_0_CLK/X (sky130_fd_sc_hd__clkbuf_8)
                                                         clknet_4_2_0_CLK (net)
                      0.085234    0.001375    0.815603 ^ _1438_/CLK (sky130_fd_sc_hd__dfrtp_2)
                                  0.250000    1.065603   clock uncertainty
                                 -0.047356    1.018246   clock reconvergence pessimism
                                 -0.075748    0.942498   library hold time
                                              0.942498   data required time
---------------------------------------------------------------------------------------------
                                              0.942498   data required time
                                             -2.055147   data arrival time
---------------------------------------------------------------------------------------------
                                              1.112649   slack (MET)


Startpoint: _1472_ (rising edge-triggered flip-flop clocked by CLK)
Endpoint: _1403_ (rising edge-triggered flip-flop clocked by CLK)
Path Group: CLK
Path Type: min

Fanout         Cap        Slew       Delay        Time   Description
---------------------------------------------------------------------------------------------
                                  0.000000    0.000000   clock CLK (rise edge)
                                  0.000000    0.000000   clock source latency
     1    0.021247    0.158803    0.103819    0.103819 ^ CLK (in)
                                                         CLK (net)
                      0.158854    0.000000    0.103819 ^ clkbuf_0_CLK/A (sky130_fd_sc_hd__clkbuf_16)
    16    0.110692    0.192001    0.346066    0.449884 ^ clkbuf_0_CLK/X (sky130_fd_sc_hd__clkbuf_16)
                                                         clknet_0_CLK (net)
                      0.192394    0.005746    0.455631 ^ clkbuf_4_10_0_CLK/A (sky130_fd_sc_hd__clkbuf_8)
     6    0.018696    0.080479    0.274320    0.729950 ^ clkbuf_4_10_0_CLK/X (sky130_fd_sc_hd__clkbuf_8)
                                                         clknet_4_10_0_CLK (net)
                      0.080488    0.000834    0.730784 ^ _1472_/CLK (sky130_fd_sc_hd__dfrtp_2)
     2    0.008427    0.107742    0.688240    1.419024 ^ _1472_/Q (sky130_fd_sc_hd__dfrtp_2)
                                                         gates.gh_b (net)
                      0.107742    0.000495    1.419519 ^ _1323_/A2 (sky130_fd_sc_hd__a311o_2)
     1    0.005076    0.070650    0.366680    1.786199 ^ _1323_/X (sky130_fd_sc_hd__a311o_2)
                                                         _0664_ (net)
                      0.070650    0.000227    1.786426 ^ _1324_/B (sky130_fd_sc_hd__nor2_2)
     5    0.025803    0.114704    0.120995    1.907421 v _1324_/Y (sky130_fd_sc_hd__nor2_2)
                                                         _0665_ (net)
                      0.114745    0.001703    1.909124 v _1351_/B (sky130_fd_sc_hd__nor2_2)
     1    0.002732    0.101552    0.128664    2.037789 ^ _1351_/Y (sky130_fd_sc_hd__nor2_2)
                                                         _0029_ (net)
                      0.101552    0.000169    2.037957 ^ _1403_/D (sky130_fd_sc_hd__dfrtp_2)
                                              2.037957   data arrival time

                                  0.000000    0.000000   clock CLK (rise edge)
                                  0.000000    0.000000   clock source latency
     1    0.021247    0.158803    0.114747    0.114747 ^ CLK (in)
                                                         CLK (net)
                      0.158854    0.000000    0.114747 ^ clkbuf_0_CLK/A (sky130_fd_sc_hd__clkbuf_16)
    16    0.110692    0.192001    0.382494    0.497241 ^ clkbuf_0_CLK/X (sky130_fd_sc_hd__clkbuf_16)
                                                         clknet_0_CLK (net)
                      0.192389    0.006296    0.503537 ^ clkbuf_4_11_0_CLK/A (sky130_fd_sc_hd__clkbuf_8)
     6    0.017155    0.076953    0.299547    0.803084 ^ clkbuf_4_11_0_CLK/X (sky130_fd_sc_hd__clkbuf_8)
                                                         clknet_4_11_0_CLK (net)
                      0.076966    0.000992    0.804075 ^ _1403_/CLK (sky130_fd_sc_hd__dfrtp_2)
                                  0.250000    1.054075   clock uncertainty
                                 -0.047356    1.006719   clock reconvergence pessimism
                                 -0.082933    0.923787   library hold time
                                              0.923787   data required time
---------------------------------------------------------------------------------------------
                                              0.923787   data required time
                                             -2.037957   data arrival time
---------------------------------------------------------------------------------------------
                                              1.114171   slack (MET)


Startpoint: _1457_ (rising edge-triggered flip-flop clocked by CLK)
Endpoint: _1457_ (rising edge-triggered flip-flop clocked by CLK)
Path Group: CLK
Path Type: min

Fanout         Cap        Slew       Delay        Time   Description
---------------------------------------------------------------------------------------------
                                  0.000000    0.000000   clock CLK (rise edge)
                                  0.000000    0.000000   clock source latency
     1    0.021247    0.158803    0.103819    0.103819 ^ CLK (in)
                                                         CLK (net)
                      0.158854    0.000000    0.103819 ^ clkbuf_0_CLK/A (sky130_fd_sc_hd__clkbuf_16)
    16    0.110692    0.192001    0.346066    0.449884 ^ clkbuf_0_CLK/X (sky130_fd_sc_hd__clkbuf_16)
                                                         clknet_0_CLK (net)
                      0.192256    0.004186    0.454070 ^ clkbuf_4_12_0_CLK/A (sky130_fd_sc_hd__clkbuf_8)
     6    0.020022    0.083575    0.276998    0.731068 ^ clkbuf_4_12_0_CLK/X (sky130_fd_sc_hd__clkbuf_8)
                                                         clknet_4_12_0_CLK (net)
                      0.083609    0.001468    0.732536 ^ _1457_/CLK (sky130_fd_sc_hd__dfrtp_2)
     6    0.019055    0.177352    0.757657    1.490193 ^ _1457_/Q (sky130_fd_sc_hd__dfrtp_2)
                                                         pwm.pwm_counter[5] (net)
                      0.177353    0.000825    1.491018 ^ _0753_/A (sky130_fd_sc_hd__or2_2)
     1    0.003331    0.052494    0.216076    1.707093 ^ _0753_/X (sky130_fd_sc_hd__or2_2)
                                                         _0103_ (net)
                      0.052494    0.000212    1.707305 ^ _0756_/B (sky130_fd_sc_hd__and3_2)
     1    0.002735    0.078788    0.315261    2.022566 ^ _0756_/X (sky130_fd_sc_hd__and3_2)
                                                         _0017_ (net)
                      0.078788    0.000167    2.022733 ^ _1457_/D (sky130_fd_sc_hd__dfrtp_2)
                                              2.022733   data arrival time

                                  0.000000    0.000000   clock CLK (rise edge)
                                  0.000000    0.000000   clock source latency
     1    0.021247    0.158803    0.114747    0.114747 ^ CLK (in)
                                                         CLK (net)
                      0.158854    0.000000    0.114747 ^ clkbuf_0_CLK/A (sky130_fd_sc_hd__clkbuf_16)
    16    0.110692    0.192001    0.382494    0.497241 ^ clkbuf_0_CLK/X (sky130_fd_sc_hd__clkbuf_16)
                                                         clknet_0_CLK (net)
                      0.192256    0.004626    0.501867 ^ clkbuf_4_12_0_CLK/A (sky130_fd_sc_hd__clkbuf_8)
     6    0.020022    0.083575    0.306156    0.808023 ^ clkbuf_4_12_0_CLK/X (sky130_fd_sc_hd__clkbuf_8)
                                                         clknet_4_12_0_CLK (net)
                      0.083609    0.001623    0.809645 ^ _1457_/CLK (sky130_fd_sc_hd__dfrtp_2)
                                  0.250000    1.059645   clock uncertainty
                                 -0.077109    0.982536   clock reconvergence pessimism
                                 -0.076663    0.905873   library hold time
                                              0.905873   data required time
---------------------------------------------------------------------------------------------
                                              0.905873   data required time
                                             -2.022733   data arrival time
---------------------------------------------------------------------------------------------
                                              1.116861   slack (MET)


Startpoint: _1470_ (rising edge-triggered flip-flop clocked by CLK)
Endpoint: _1409_ (rising edge-triggered flip-flop clocked by CLK)
Path Group: CLK
Path Type: min

Fanout         Cap        Slew       Delay        Time   Description
---------------------------------------------------------------------------------------------
                                  0.000000    0.000000   clock CLK (rise edge)
                                  0.000000    0.000000   clock source latency
     1    0.021247    0.158803    0.103819    0.103819 ^ CLK (in)
                                                         CLK (net)
                      0.158854    0.000000    0.103819 ^ clkbuf_0_CLK/A (sky130_fd_sc_hd__clkbuf_16)
    16    0.110692    0.192001    0.346066    0.449884 ^ clkbuf_0_CLK/X (sky130_fd_sc_hd__clkbuf_16)
                                                         clknet_0_CLK (net)
                      0.192290    0.004620    0.454505 ^ clkbuf_4_8_0_CLK/A (sky130_fd_sc_hd__clkbuf_8)
     5    0.014905    0.071897    0.266160    0.720665 ^ clkbuf_4_8_0_CLK/X (sky130_fd_sc_hd__clkbuf_8)
                                                         clknet_4_8_0_CLK (net)
                      0.071947    0.000658    0.721323 ^ _1470_/CLK (sky130_fd_sc_hd__dfrtp_2)
     2    0.007755    0.103324    0.680292    1.401615 ^ _1470_/Q (sky130_fd_sc_hd__dfrtp_2)
                                                         gates.gh_c (net)
                      0.103324    0.000231    1.401846 ^ _1312_/A2 (sky130_fd_sc_hd__a311o_2)
     1    0.005896    0.076627    0.371905    1.773751 ^ _1312_/X (sky130_fd_sc_hd__a311o_2)
                                                         _0655_ (net)
                      0.076629    0.000413    1.774164 ^ _1313_/B (sky130_fd_sc_hd__nor2_2)
     5    0.024575    0.109650    0.120542    1.894706 v _1313_/Y (sky130_fd_sc_hd__nor2_2)
                                                         _0656_ (net)
                      0.109665    0.001015    1.895720 v _1363_/B (sky130_fd_sc_hd__nor2_2)
     1    0.004335    0.125764    0.146192    2.041913 ^ _1363_/Y (sky130_fd_sc_hd__nor2_2)
                                                         _0035_ (net)
                      0.125765    0.000303    2.042216 ^ _1409_/D (sky130_fd_sc_hd__dfrtp_2)
                                              2.042216   data arrival time

                                  0.000000    0.000000   clock CLK (rise edge)
                                  0.000000    0.000000   clock source latency
     1    0.021247    0.158803    0.114747    0.114747 ^ CLK (in)
                                                         CLK (net)
                      0.158854    0.000000    0.114747 ^ clkbuf_0_CLK/A (sky130_fd_sc_hd__clkbuf_16)
    16    0.110692    0.192001    0.382494    0.497241 ^ clkbuf_0_CLK/X (sky130_fd_sc_hd__clkbuf_16)
                                                         clknet_0_CLK (net)
                      0.192288    0.005081    0.502322 ^ clkbuf_4_13_0_CLK/A (sky130_fd_sc_hd__clkbuf_8)
     6    0.017372    0.077444    0.300015    0.802337 ^ clkbuf_4_13_0_CLK/X (sky130_fd_sc_hd__clkbuf_8)
                                                         clknet_4_13_0_CLK (net)
                      0.077451    0.000802    0.803139 ^ _1409_/CLK (sky130_fd_sc_hd__dfrtp_2)
                                  0.250000    1.053139   clock uncertainty
                                 -0.047356    1.005783   clock reconvergence pessimism
                                 -0.088362    0.917421   library hold time
                                              0.917421   data required time
---------------------------------------------------------------------------------------------
                                              0.917421   data required time
                                             -2.042216   data arrival time
---------------------------------------------------------------------------------------------
                                              1.124795   slack (MET)


Startpoint: _1410_ (rising edge-triggered flip-flop clocked by CLK)
Endpoint: _1410_ (rising edge-triggered flip-flop clocked by CLK)
Path Group: CLK
Path Type: min

Fanout         Cap        Slew       Delay        Time   Description
---------------------------------------------------------------------------------------------
                                  0.000000    0.000000   clock CLK (rise edge)
                                  0.000000    0.000000   clock source latency
     1    0.021247    0.158803    0.103819    0.103819 ^ CLK (in)
                                                         CLK (net)
                      0.158854    0.000000    0.103819 ^ clkbuf_0_CLK/A (sky130_fd_sc_hd__clkbuf_16)
    16    0.110692    0.192001    0.346066    0.449884 ^ clkbuf_0_CLK/X (sky130_fd_sc_hd__clkbuf_16)
                                                         clknet_0_CLK (net)
                      0.192288    0.004597    0.454482 ^ clkbuf_4_13_0_CLK/A (sky130_fd_sc_hd__clkbuf_8)
     6    0.017372    0.077444    0.271442    0.725924 ^ clkbuf_4_13_0_CLK/X (sky130_fd_sc_hd__clkbuf_8)
                                                         clknet_4_13_0_CLK (net)
                      0.077453    0.000779    0.726702 ^ _1410_/CLK (sky130_fd_sc_hd__dfrtp_2)
     5    0.015369    0.156788    0.731635    1.458337 ^ _1410_/Q (sky130_fd_sc_hd__dfrtp_2)
                                                         gates.phase_c.dead_count[1] (net)
                      0.156791    0.000894    1.459231 ^ _1364_/B (sky130_fd_sc_hd__or3_2)
     1    0.001847    0.042185    0.202647    1.661878 ^ _1364_/X (sky130_fd_sc_hd__or3_2)
                                                         _0688_ (net)
                      0.042185    0.000120    1.661998 ^ _1365_/B1_N (sky130_fd_sc_hd__a21bo_2)
     1    0.002762    0.057116    0.364033    2.026031 v _1365_/X (sky130_fd_sc_hd__a21bo_2)
                                                         _0036_ (net)
                      0.057116    0.000169    2.026200 v _1410_/D (sky130_fd_sc_hd__dfrtp_2)
                                              2.026200   data arrival time

                                  0.000000    0.000000   clock CLK (rise edge)
                                  0.000000    0.000000   clock source latency
     1    0.021247    0.158803    0.114747    0.114747 ^ CLK (in)
                                                         CLK (net)
                      0.158854    0.000000    0.114747 ^ clkbuf_0_CLK/A (sky130_fd_sc_hd__clkbuf_16)
    16    0.110692    0.192001    0.382494    0.497241 ^ clkbuf_0_CLK/X (sky130_fd_sc_hd__clkbuf_16)
                                                         clknet_0_CLK (net)
                      0.192288    0.005081    0.502322 ^ clkbuf_4_13_0_CLK/A (sky130_fd_sc_hd__clkbuf_8)
     6    0.017372    0.077444    0.300015    0.802337 ^ clkbuf_4_13_0_CLK/X (sky130_fd_sc_hd__clkbuf_8)
                                                         clknet_4_13_0_CLK (net)
                      0.077453    0.000861    0.803197 ^ _1410_/CLK (sky130_fd_sc_hd__dfrtp_2)
                                  0.250000    1.053198   clock uncertainty
                                 -0.076495    0.976702   clock reconvergence pessimism
                                 -0.083125    0.893577   library hold time
                                              0.893577   data required time
---------------------------------------------------------------------------------------------
                                              0.893577   data required time
                                             -2.026200   data arrival time
---------------------------------------------------------------------------------------------
                                              1.132623   slack (MET)


Startpoint: _1399_ (rising edge-triggered flip-flop clocked by CLK)
Endpoint: _1401_ (rising edge-triggered flip-flop clocked by CLK)
Path Group: CLK
Path Type: min

Fanout         Cap        Slew       Delay        Time   Description
---------------------------------------------------------------------------------------------
                                  0.000000    0.000000   clock CLK (rise edge)
                                  0.000000    0.000000   clock source latency
     1    0.021247    0.158803    0.103819    0.103819 ^ CLK (in)
                                                         CLK (net)
                      0.158854    0.000000    0.103819 ^ clkbuf_0_CLK/A (sky130_fd_sc_hd__clkbuf_16)
    16    0.110692    0.192001    0.346066    0.449884 ^ clkbuf_0_CLK/X (sky130_fd_sc_hd__clkbuf_16)
                                                         clknet_0_CLK (net)
                      0.192366    0.005466    0.455350 ^ clkbuf_4_14_0_CLK/A (sky130_fd_sc_hd__clkbuf_8)
     6    0.018935    0.081026    0.274853    0.730203 ^ clkbuf_4_14_0_CLK/X (sky130_fd_sc_hd__clkbuf_8)
                                                         clknet_4_14_0_CLK (net)
                      0.081035    0.000847    0.731050 ^ _1399_/CLK (sky130_fd_sc_hd__dfrtp_2)
     3    0.005891    0.091769    0.672087    1.403136 ^ _1399_/Q (sky130_fd_sc_hd__dfrtp_2)
                                                         gates.phase_a.dead_count[2] (net)
                      0.091769    0.000300    1.403436 ^ _1343_/A (sky130_fd_sc_hd__or2_2)
     3    0.015670    0.142439    0.248648    1.652084 ^ _1343_/X (sky130_fd_sc_hd__or2_2)
                                                         _0678_ (net)
                      0.142450    0.001260    1.653345 ^ _1345_/B (sky130_fd_sc_hd__or2_2)
     3    0.017514    0.155447    0.279982    1.933327 ^ _1345_/X (sky130_fd_sc_hd__or2_2)
                                                         _0679_ (net)
                      0.155450    0.000875    1.934202 ^ _1349_/A3 (sky130_fd_sc_hd__o31ai_2)
     1    0.002400    0.051924    0.124263    2.058465 v _1349_/Y (sky130_fd_sc_hd__o31ai_2)
                                                         _0027_ (net)
                      0.051924    0.000155    2.058620 v _1401_/D (sky130_fd_sc_hd__dfrtp_2)
                                              2.058620   data arrival time

                                  0.000000    0.000000   clock CLK (rise edge)
                                  0.000000    0.000000   clock source latency
     1    0.021247    0.158803    0.114747    0.114747 ^ CLK (in)
                                                         CLK (net)
                      0.158854    0.000000    0.114747 ^ clkbuf_0_CLK/A (sky130_fd_sc_hd__clkbuf_16)
    16    0.110692    0.192001    0.382494    0.497241 ^ clkbuf_0_CLK/X (sky130_fd_sc_hd__clkbuf_16)
                                                         clknet_0_CLK (net)
                      0.192366    0.006041    0.503282 ^ clkbuf_4_14_0_CLK/A (sky130_fd_sc_hd__clkbuf_8)
     6    0.018935    0.081026    0.303785    0.807067 ^ clkbuf_4_14_0_CLK/X (sky130_fd_sc_hd__clkbuf_8)
                                                         clknet_4_14_0_CLK (net)
                      0.081037    0.000989    0.808055 ^ _1401_/CLK (sky130_fd_sc_hd__dfrtp_2)
                                  0.250000    1.058055   clock uncertainty
                                 -0.076863    0.981192   clock reconvergence pessimism
                                 -0.080355    0.900837   library hold time
                                              0.900837   data required time
---------------------------------------------------------------------------------------------
                                              0.900837   data required time
                                             -2.058620   data arrival time
---------------------------------------------------------------------------------------------
                                              1.157783   slack (MET)


Startpoint: _1461_ (rising edge-triggered flip-flop clocked by CLK)
Endpoint: _1461_ (rising edge-triggered flip-flop clocked by CLK)
Path Group: CLK
Path Type: min

Fanout         Cap        Slew       Delay        Time   Description
---------------------------------------------------------------------------------------------
                                  0.000000    0.000000   clock CLK (rise edge)
                                  0.000000    0.000000   clock source latency
     1    0.021247    0.158803    0.103819    0.103819 ^ CLK (in)
                                                         CLK (net)
                      0.158854    0.000000    0.103819 ^ clkbuf_0_CLK/A (sky130_fd_sc_hd__clkbuf_16)
    16    0.110692    0.192001    0.346066    0.449884 ^ clkbuf_0_CLK/X (sky130_fd_sc_hd__clkbuf_16)
                                                         clknet_0_CLK (net)
                      0.192269    0.004352    0.454236 ^ clkbuf_4_9_0_CLK/A (sky130_fd_sc_hd__clkbuf_8)
     6    0.018064    0.079043    0.272671    0.726907 ^ clkbuf_4_9_0_CLK/X (sky130_fd_sc_hd__clkbuf_8)
                                                         clknet_4_9_0_CLK (net)
                      0.079091    0.001651    0.728558 ^ _1461_/CLK (sky130_fd_sc_hd__dfrtp_2)
     7    0.027609    0.235800    0.799267    1.527825 ^ _1461_/Q (sky130_fd_sc_hd__dfrtp_2)
                                                         pwm.pwm_counter[9] (net)
                      0.235800    0.000764    1.528589 ^ _0763_/A (sky130_fd_sc_hd__and3_2)
     2    0.011467    0.142094    0.441616    1.970205 ^ _0763_/X (sky130_fd_sc_hd__and3_2)
                                                         _0109_ (net)
                      0.142096    0.000791    1.970996 ^ _0765_/A (sky130_fd_sc_hd__nor2_2)
     1    0.003246    0.035558    0.091365    2.062361 v _0765_/Y (sky130_fd_sc_hd__nor2_2)
                                                         _0021_ (net)
                      0.035559    0.000197    2.062559 v _1461_/D (sky130_fd_sc_hd__dfrtp_2)
                                              2.062559   data arrival time

                                  0.000000    0.000000   clock CLK (rise edge)
                                  0.000000    0.000000   clock source latency
     1    0.021247    0.158803    0.114747    0.114747 ^ CLK (in)
                                                         CLK (net)
                      0.158854    0.000000    0.114747 ^ clkbuf_0_CLK/A (sky130_fd_sc_hd__clkbuf_16)
    16    0.110692    0.192001    0.382494    0.497241 ^ clkbuf_0_CLK/X (sky130_fd_sc_hd__clkbuf_16)
                                                         clknet_0_CLK (net)
                      0.192269    0.004810    0.502050 ^ clkbuf_4_9_0_CLK/A (sky130_fd_sc_hd__clkbuf_8)
     6    0.018064    0.079043    0.301374    0.803424 ^ clkbuf_4_9_0_CLK/X (sky130_fd_sc_hd__clkbuf_8)
                                                         clknet_4_9_0_CLK (net)
                      0.079091    0.001824    0.805248 ^ _1461_/CLK (sky130_fd_sc_hd__dfrtp_2)
                                  0.250000    1.055248   clock uncertainty
                                 -0.076690    0.978558   clock reconvergence pessimism
                                 -0.074833    0.903725   library hold time
                                              0.903725   data required time
---------------------------------------------------------------------------------------------
                                              0.903725   data required time
                                             -2.062559   data arrival time
---------------------------------------------------------------------------------------------
                                              1.158834   slack (MET)


Startpoint: _1452_ (rising edge-triggered flip-flop clocked by CLK)
Endpoint: _1453_ (rising edge-triggered flip-flop clocked by CLK)
Path Group: CLK
Path Type: min

Fanout         Cap        Slew       Delay        Time   Description
---------------------------------------------------------------------------------------------
                                  0.000000    0.000000   clock CLK (rise edge)
                                  0.000000    0.000000   clock source latency
     1    0.021247    0.158803    0.103819    0.103819 ^ CLK (in)
                                                         CLK (net)
                      0.158854    0.000000    0.103819 ^ clkbuf_0_CLK/A (sky130_fd_sc_hd__clkbuf_16)
    16    0.110692    0.192001    0.346066    0.449884 ^ clkbuf_0_CLK/X (sky130_fd_sc_hd__clkbuf_16)
                                                         clknet_0_CLK (net)
                      0.192652    0.007843    0.457728 ^ clkbuf_4_6_0_CLK/A (sky130_fd_sc_hd__clkbuf_8)
     6    0.016696    0.075917    0.270160    0.727888 ^ clkbuf_4_6_0_CLK/X (sky130_fd_sc_hd__clkbuf_8)
                                                         clknet_4_6_0_CLK (net)
                      0.075926    0.000764    0.728652 ^ _1452_/CLK (sky130_fd_sc_hd__dfrtp_2)
     6    0.026398    0.227512    0.791538    1.520190 ^ _1452_/Q (sky130_fd_sc_hd__dfrtp_2)
                                                         pwm.pwm_counter[0] (net)
                      0.227521    0.001637    1.521827 ^ _0743_/B (sky130_fd_sc_hd__or2_2)
     1    0.002690    0.048480    0.231823    1.753650 ^ _0743_/X (sky130_fd_sc_hd__or2_2)
                                                         _0097_ (net)
                      0.048480    0.000157    1.753808 ^ _0745_/B (sky130_fd_sc_hd__and3_2)
     1    0.002803    0.079292    0.314484    2.068292 ^ _0745_/X (sky130_fd_sc_hd__and3_2)
                                                         _0013_ (net)
                      0.079292    0.000169    2.068460 ^ _1453_/D (sky130_fd_sc_hd__dfrtp_2)
                                              2.068460   data arrival time

                                  0.000000    0.000000   clock CLK (rise edge)
                                  0.000000    0.000000   clock source latency
     1    0.021247    0.158803    0.114747    0.114747 ^ CLK (in)
                                                         CLK (net)
                      0.158854    0.000000    0.114747 ^ clkbuf_0_CLK/A (sky130_fd_sc_hd__clkbuf_16)
    16    0.110692    0.192001    0.382494    0.497241 ^ clkbuf_0_CLK/X (sky130_fd_sc_hd__clkbuf_16)
                                                         clknet_0_CLK (net)
                      0.192652    0.008669    0.505910 ^ clkbuf_4_6_0_CLK/A (sky130_fd_sc_hd__clkbuf_8)
     6    0.016696    0.075917    0.298598    0.804508 ^ clkbuf_4_6_0_CLK/X (sky130_fd_sc_hd__clkbuf_8)
                                                         clknet_4_6_0_CLK (net)
                      0.075925    0.000798    0.805306 ^ _1453_/CLK (sky130_fd_sc_hd__dfrtp_2)
                                  0.250000    1.055306   clock uncertainty
                                 -0.076620    0.978686   clock reconvergence pessimism
                                 -0.078039    0.900647   library hold time
                                              0.900647   data required time
---------------------------------------------------------------------------------------------
                                              0.900647   data required time
                                             -2.068460   data arrival time
---------------------------------------------------------------------------------------------
                                              1.167813   slack (MET)


Startpoint: _1458_ (rising edge-triggered flip-flop clocked by CLK)
Endpoint: _1458_ (rising edge-triggered flip-flop clocked by CLK)
Path Group: CLK
Path Type: min

Fanout         Cap        Slew       Delay        Time   Description
---------------------------------------------------------------------------------------------
                                  0.000000    0.000000   clock CLK (rise edge)
                                  0.000000    0.000000   clock source latency
     1    0.021247    0.158803    0.103819    0.103819 ^ CLK (in)
                                                         CLK (net)
                      0.158854    0.000000    0.103819 ^ clkbuf_0_CLK/A (sky130_fd_sc_hd__clkbuf_16)
    16    0.110692    0.192001    0.346066    0.449884 ^ clkbuf_0_CLK/X (sky130_fd_sc_hd__clkbuf_16)
                                                         clknet_0_CLK (net)
                      0.192256    0.004186    0.454070 ^ clkbuf_4_12_0_CLK/A (sky130_fd_sc_hd__clkbuf_8)
     6    0.020022    0.083575    0.276998    0.731068 ^ clkbuf_4_12_0_CLK/X (sky130_fd_sc_hd__clkbuf_8)
                                                         clknet_4_12_0_CLK (net)
                      0.083607    0.001428    0.732496 ^ _1458_/CLK (sky130_fd_sc_hd__dfrtp_2)
     6    0.022867    0.203236    0.777233    1.509729 ^ _1458_/Q (sky130_fd_sc_hd__dfrtp_2)
                                                         pwm.pwm_counter[6] (net)
                      0.203236    0.000244    1.509973 ^ _0757_/A (sky130_fd_sc_hd__or2_2)
     1    0.005220    0.065596    0.240306    1.750279 ^ _0757_/X (sky130_fd_sc_hd__or2_2)
                                                         _0106_ (net)
                      0.065597    0.000330    1.750609 ^ _0758_/B1 (sky130_fd_sc_hd__o211a_2)
     1    0.002410    0.073667    0.334666    2.085274 ^ _0758_/X (sky130_fd_sc_hd__o211a_2)
                                                         _0018_ (net)
                      0.073667    0.000157    2.085431 ^ _1458_/D (sky130_fd_sc_hd__dfrtp_2)
                                              2.085431   data arrival time

                                  0.000000    0.000000   clock CLK (rise edge)
                                  0.000000    0.000000   clock source latency
     1    0.021247    0.158803    0.114747    0.114747 ^ CLK (in)
                                                         CLK (net)
                      0.158854    0.000000    0.114747 ^ clkbuf_0_CLK/A (sky130_fd_sc_hd__clkbuf_16)
    16    0.110692    0.192001    0.382494    0.497241 ^ clkbuf_0_CLK/X (sky130_fd_sc_hd__clkbuf_16)
                                                         clknet_0_CLK (net)
                      0.192256    0.004626    0.501867 ^ clkbuf_4_12_0_CLK/A (sky130_fd_sc_hd__clkbuf_8)
     6    0.020022    0.083575    0.306156    0.808023 ^ clkbuf_4_12_0_CLK/X (sky130_fd_sc_hd__clkbuf_8)
                                                         clknet_4_12_0_CLK (net)
                      0.083607    0.001578    0.809601 ^ _1458_/CLK (sky130_fd_sc_hd__dfrtp_2)
                                  0.250000    1.059601   clock uncertainty
                                 -0.077105    0.982496   clock reconvergence pessimism
                                 -0.075499    0.906997   library hold time
                                              0.906997   data required time
---------------------------------------------------------------------------------------------
                                              0.906997   data required time
                                             -2.085431   data arrival time
---------------------------------------------------------------------------------------------
                                              1.178434   slack (MET)


Startpoint: _1454_ (rising edge-triggered flip-flop clocked by CLK)
Endpoint: _1454_ (rising edge-triggered flip-flop clocked by CLK)
Path Group: CLK
Path Type: min

Fanout         Cap        Slew       Delay        Time   Description
---------------------------------------------------------------------------------------------
                                  0.000000    0.000000   clock CLK (rise edge)
                                  0.000000    0.000000   clock source latency
     1    0.021247    0.158803    0.103819    0.103819 ^ CLK (in)
                                                         CLK (net)
                      0.158854    0.000000    0.103819 ^ clkbuf_0_CLK/A (sky130_fd_sc_hd__clkbuf_16)
    16    0.110692    0.192001    0.346066    0.449884 ^ clkbuf_0_CLK/X (sky130_fd_sc_hd__clkbuf_16)
                                                         clknet_0_CLK (net)
                      0.192652    0.007843    0.457728 ^ clkbuf_4_6_0_CLK/A (sky130_fd_sc_hd__clkbuf_8)
     6    0.016696    0.075917    0.270160    0.727888 ^ clkbuf_4_6_0_CLK/X (sky130_fd_sc_hd__clkbuf_8)
                                                         clknet_4_6_0_CLK (net)
                      0.075927    0.000774    0.728662 ^ _1454_/CLK (sky130_fd_sc_hd__dfrtp_2)
     5    0.021115    0.191376    0.764551    1.493213 ^ _1454_/Q (sky130_fd_sc_hd__dfrtp_2)
                                                         pwm.pwm_counter[2] (net)
                      0.191379    0.001098    1.494311 ^ _0746_/A (sky130_fd_sc_hd__and3_2)
     4    0.023828    0.226818    0.502176    1.996487 ^ _0746_/X (sky130_fd_sc_hd__and3_2)
                                                         _0099_ (net)
                      0.226818    0.000717    1.997204 ^ _0748_/A (sky130_fd_sc_hd__nor2_2)
     1    0.003442    0.037001    0.123312    2.120516 v _0748_/Y (sky130_fd_sc_hd__nor2_2)
                                                         _0014_ (net)
                      0.037001    0.000197    2.120713 v _1454_/D (sky130_fd_sc_hd__dfrtp_2)
                                              2.120713   data arrival time

                                  0.000000    0.000000   clock CLK (rise edge)
                                  0.000000    0.000000   clock source latency
     1    0.021247    0.158803    0.114747    0.114747 ^ CLK (in)
                                                         CLK (net)
                      0.158854    0.000000    0.114747 ^ clkbuf_0_CLK/A (sky130_fd_sc_hd__clkbuf_16)
    16    0.110692    0.192001    0.382494    0.497241 ^ clkbuf_0_CLK/X (sky130_fd_sc_hd__clkbuf_16)
                                                         clknet_0_CLK (net)
                      0.192652    0.008669    0.505910 ^ clkbuf_4_6_0_CLK/A (sky130_fd_sc_hd__clkbuf_8)
     6    0.016696    0.075917    0.298598    0.804508 ^ clkbuf_4_6_0_CLK/X (sky130_fd_sc_hd__clkbuf_8)
                                                         clknet_4_6_0_CLK (net)
                      0.075927    0.000855    0.805363 ^ _1454_/CLK (sky130_fd_sc_hd__dfrtp_2)
                                  0.250000    1.055363   clock uncertainty
                                 -0.076701    0.978662   clock reconvergence pessimism
                                 -0.076129    0.902533   library hold time
                                              0.902533   data required time
---------------------------------------------------------------------------------------------
                                              0.902533   data required time
                                             -2.120713   data arrival time
---------------------------------------------------------------------------------------------
                                              1.218180   slack (MET)


Startpoint: _1397_ (rising edge-triggered flip-flop clocked by CLK)
Endpoint: _1474_ (rising edge-triggered flip-flop clocked by CLK)
Path Group: CLK
Path Type: min

Fanout         Cap        Slew       Delay        Time   Description
---------------------------------------------------------------------------------------------
                                  0.000000    0.000000   clock CLK (rise edge)
                                  0.000000    0.000000   clock source latency
     1    0.021247    0.158803    0.103819    0.103819 ^ CLK (in)
                                                         CLK (net)
                      0.158854    0.000000    0.103819 ^ clkbuf_0_CLK/A (sky130_fd_sc_hd__clkbuf_16)
    16    0.110692    0.192001    0.346066    0.449884 ^ clkbuf_0_CLK/X (sky130_fd_sc_hd__clkbuf_16)
                                                         clknet_0_CLK (net)
                      0.192352    0.005321    0.455206 ^ clkbuf_4_15_0_CLK/A (sky130_fd_sc_hd__clkbuf_8)
     6    0.015922    0.074184    0.268375    0.723580 ^ clkbuf_4_15_0_CLK/X (sky130_fd_sc_hd__clkbuf_8)
                                                         clknet_4_15_0_CLK (net)
                      0.074190    0.000662    0.724242 ^ _1397_/CLK (sky130_fd_sc_hd__dfrtp_2)
     3    0.007619    0.102434    0.680353    1.404596 ^ _1397_/Q (sky130_fd_sc_hd__dfrtp_2)
                                                         gates.phase_a.dead_count[0] (net)
                      0.102434    0.000264    1.404860 ^ _1336_/C (sky130_fd_sc_hd__and3b_2)
     2    0.009057    0.125451    0.408024    1.812883 ^ _1336_/X (sky130_fd_sc_hd__and3b_2)
                                                         _0675_ (net)
                      0.125457    0.000925    1.813808 ^ _1338_/A2 (sky130_fd_sc_hd__o211a_2)
     1    0.003153    0.079627    0.350360    2.164168 ^ _1338_/X (sky130_fd_sc_hd__o211a_2)
                                                         _0004_ (net)
                      0.079627    0.000122    2.164291 ^ _1474_/D (sky130_fd_sc_hd__dfrtp_2)
                                              2.164291   data arrival time

                                  0.000000    0.000000   clock CLK (rise edge)
                                  0.000000    0.000000   clock source latency
     1    0.021247    0.158803    0.114747    0.114747 ^ CLK (in)
                                                         CLK (net)
                      0.158854    0.000000    0.114747 ^ clkbuf_0_CLK/A (sky130_fd_sc_hd__clkbuf_16)
    16    0.110692    0.192001    0.382494    0.497241 ^ clkbuf_0_CLK/X (sky130_fd_sc_hd__clkbuf_16)
                                                         clknet_0_CLK (net)
                      0.192288    0.005081    0.502322 ^ clkbuf_4_13_0_CLK/A (sky130_fd_sc_hd__clkbuf_8)
     6    0.017372    0.077444    0.300015    0.802337 ^ clkbuf_4_13_0_CLK/X (sky130_fd_sc_hd__clkbuf_8)
                                                         clknet_4_13_0_CLK (net)
                      0.077455    0.000943    0.803280 ^ _1474_/CLK (sky130_fd_sc_hd__dfrtp_2)
                                  0.250000    1.053280   clock uncertainty
                                 -0.047356    1.005924   clock reconvergence pessimism
                                 -0.077864    0.928060   library hold time
                                              0.928060   data required time
---------------------------------------------------------------------------------------------
                                              0.928060   data required time
                                             -2.164291   data arrival time
---------------------------------------------------------------------------------------------
                                              1.236231   slack (MET)


Startpoint: _1454_ (rising edge-triggered flip-flop clocked by CLK)
Endpoint: _1455_ (rising edge-triggered flip-flop clocked by CLK)
Path Group: CLK
Path Type: min

Fanout         Cap        Slew       Delay        Time   Description
---------------------------------------------------------------------------------------------
                                  0.000000    0.000000   clock CLK (rise edge)
                                  0.000000    0.000000   clock source latency
     1    0.021247    0.158803    0.103819    0.103819 ^ CLK (in)
                                                         CLK (net)
                      0.158854    0.000000    0.103819 ^ clkbuf_0_CLK/A (sky130_fd_sc_hd__clkbuf_16)
    16    0.110692    0.192001    0.346066    0.449884 ^ clkbuf_0_CLK/X (sky130_fd_sc_hd__clkbuf_16)
                                                         clknet_0_CLK (net)
                      0.192652    0.007843    0.457728 ^ clkbuf_4_6_0_CLK/A (sky130_fd_sc_hd__clkbuf_8)
     6    0.016696    0.075917    0.270160    0.727888 ^ clkbuf_4_6_0_CLK/X (sky130_fd_sc_hd__clkbuf_8)
                                                         clknet_4_6_0_CLK (net)
                      0.075927    0.000774    0.728662 ^ _1454_/CLK (sky130_fd_sc_hd__dfrtp_2)
     5    0.021115    0.191376    0.764551    1.493213 ^ _1454_/Q (sky130_fd_sc_hd__dfrtp_2)
                                                         pwm.pwm_counter[2] (net)
                      0.191379    0.001098    1.494311 ^ _0746_/A (sky130_fd_sc_hd__and3_2)
     4    0.023828    0.226818    0.502176    1.996487 ^ _0746_/X (sky130_fd_sc_hd__and3_2)
                                                         _0099_ (net)
                      0.226819    0.001073    1.997560 ^ _0749_/B (sky130_fd_sc_hd__xor2_2)
     1    0.002846    0.053878    0.159770    2.157329 v _0749_/X (sky130_fd_sc_hd__xor2_2)
                                                         _0015_ (net)
                      0.053878    0.000174    2.157503 v _1455_/D (sky130_fd_sc_hd__dfrtp_2)
                                              2.157503   data arrival time

                                  0.000000    0.000000   clock CLK (rise edge)
                                  0.000000    0.000000   clock source latency
     1    0.021247    0.158803    0.114747    0.114747 ^ CLK (in)
                                                         CLK (net)
                      0.158854    0.000000    0.114747 ^ clkbuf_0_CLK/A (sky130_fd_sc_hd__clkbuf_16)
    16    0.110692    0.192001    0.382494    0.497241 ^ clkbuf_0_CLK/X (sky130_fd_sc_hd__clkbuf_16)
                                                         clknet_0_CLK (net)
                      0.192652    0.008669    0.505910 ^ clkbuf_4_6_0_CLK/A (sky130_fd_sc_hd__clkbuf_8)
     6    0.016696    0.075917    0.298598    0.804508 ^ clkbuf_4_6_0_CLK/X (sky130_fd_sc_hd__clkbuf_8)
                                                         clknet_4_6_0_CLK (net)
                      0.075930    0.000968    0.805476 ^ _1455_/CLK (sky130_fd_sc_hd__dfrtp_2)
                                  0.250000    1.055476   clock uncertainty
                                 -0.076620    0.978856   clock reconvergence pessimism
                                 -0.082308    0.896548   library hold time
                                              0.896548   data required time
---------------------------------------------------------------------------------------------
                                              0.896548   data required time
                                             -2.157503   data arrival time
---------------------------------------------------------------------------------------------
                                              1.260955   slack (MET)


Startpoint: _1438_ (rising edge-triggered flip-flop clocked by CLK)
Endpoint: _1437_ (rising edge-triggered flip-flop clocked by CLK)
Path Group: CLK
Path Type: min

Fanout         Cap        Slew       Delay        Time   Description
---------------------------------------------------------------------------------------------
                                  0.000000    0.000000   clock CLK (rise edge)
                                  0.000000    0.000000   clock source latency
     1    0.021247    0.158803    0.103819    0.103819 ^ CLK (in)
                                                         CLK (net)
                      0.158854    0.000000    0.103819 ^ clkbuf_0_CLK/A (sky130_fd_sc_hd__clkbuf_16)
    16    0.110692    0.192001    0.346066    0.449884 ^ clkbuf_0_CLK/X (sky130_fd_sc_hd__clkbuf_16)
                                                         clknet_0_CLK (net)
                      0.192679    0.008025    0.457909 ^ clkbuf_4_2_0_CLK/A (sky130_fd_sc_hd__clkbuf_8)
     6    0.020724    0.085211    0.278773    0.736682 ^ clkbuf_4_2_0_CLK/X (sky130_fd_sc_hd__clkbuf_8)
                                                         clknet_4_2_0_CLK (net)
                      0.085234    0.001244    0.737926 ^ _1438_/CLK (sky130_fd_sc_hd__dfrtp_2)
     3    0.010102    0.119014    0.701207    1.439133 ^ _1438_/Q (sky130_fd_sc_hd__dfrtp_2)
                                                         control.state[3] (net)
                      0.119014    0.000536    1.439669 ^ _0722_/A2 (sky130_fd_sc_hd__o211a_2)
     2    0.008206    0.120126    0.391691    1.831361 ^ _0722_/X (sky130_fd_sc_hd__o211a_2)
                                                         _0080_ (net)
                      0.120126    0.000247    1.831608 ^ _0740_/B1 (sky130_fd_sc_hd__o211a_2)
     1    0.002211    0.072470    0.352139    2.183747 ^ _0740_/X (sky130_fd_sc_hd__o211a_2)
                                                         _0001_ (net)
                      0.072470    0.000098    2.183845 ^ _1437_/D (sky130_fd_sc_hd__dfrtp_2)
                                              2.183845   data arrival time

                                  0.000000    0.000000   clock CLK (rise edge)
                                  0.000000    0.000000   clock source latency
     1    0.021247    0.158803    0.114747    0.114747 ^ CLK (in)
                                                         CLK (net)
                      0.158854    0.000000    0.114747 ^ clkbuf_0_CLK/A (sky130_fd_sc_hd__clkbuf_16)
    16    0.110692    0.192001    0.382494    0.497241 ^ clkbuf_0_CLK/X (sky130_fd_sc_hd__clkbuf_16)
                                                         clknet_0_CLK (net)
                      0.192290    0.005107    0.502347 ^ clkbuf_4_8_0_CLK/A (sky130_fd_sc_hd__clkbuf_8)
     5    0.014905    0.071897    0.294177    0.796524 ^ clkbuf_4_8_0_CLK/X (sky130_fd_sc_hd__clkbuf_8)
                                                         clknet_4_8_0_CLK (net)
                      0.071952    0.000855    0.797379 ^ _1437_/CLK (sky130_fd_sc_hd__dfrtp_2)
                                  0.250000    1.047379   clock uncertainty
                                 -0.047356    1.000023   clock reconvergence pessimism
                                 -0.077139    0.922884   library hold time
                                              0.922884   data required time
---------------------------------------------------------------------------------------------
                                              0.922884   data required time
                                             -2.183845   data arrival time
---------------------------------------------------------------------------------------------
                                              1.260961   slack (MET)


Startpoint: _1403_ (rising edge-triggered flip-flop clocked by CLK)
Endpoint: _1472_ (rising edge-triggered flip-flop clocked by CLK)
Path Group: CLK
Path Type: min

Fanout         Cap        Slew       Delay        Time   Description
---------------------------------------------------------------------------------------------
                                  0.000000    0.000000   clock CLK (rise edge)
                                  0.000000    0.000000   clock source latency
     1    0.021247    0.158803    0.103819    0.103819 ^ CLK (in)
                                                         CLK (net)
                      0.158854    0.000000    0.103819 ^ clkbuf_0_CLK/A (sky130_fd_sc_hd__clkbuf_16)
    16    0.110692    0.192001    0.346066    0.449884 ^ clkbuf_0_CLK/X (sky130_fd_sc_hd__clkbuf_16)
                                                         clknet_0_CLK (net)
                      0.192389    0.005697    0.455581 ^ clkbuf_4_11_0_CLK/A (sky130_fd_sc_hd__clkbuf_8)
     6    0.017155    0.076953    0.271019    0.726600 ^ clkbuf_4_11_0_CLK/X (sky130_fd_sc_hd__clkbuf_8)
                                                         clknet_4_11_0_CLK (net)
                      0.076966    0.000897    0.727497 ^ _1403_/CLK (sky130_fd_sc_hd__dfrtp_2)
     5    0.013937    0.146279    0.722312    1.449808 ^ _1403_/Q (sky130_fd_sc_hd__dfrtp_2)
                                                         gates.phase_b.dead_count[0] (net)
                      0.146281    0.000704    1.450513 ^ _1326_/C (sky130_fd_sc_hd__and3b_2)
     2    0.008639    0.122564    0.418580    1.869092 ^ _1326_/X (sky130_fd_sc_hd__and3b_2)
                                                         _0667_ (net)
                      0.122564    0.000544    1.869636 ^ _1328_/A2 (sky130_fd_sc_hd__o211a_2)
     1    0.003506    0.082411    0.353041    2.222677 ^ _1328_/X (sky130_fd_sc_hd__o211a_2)
                                                         _0006_ (net)
                      0.082411    0.000206    2.222883 ^ _1472_/D (sky130_fd_sc_hd__dfrtp_2)
                                              2.222883   data arrival time

                                  0.000000    0.000000   clock CLK (rise edge)
                                  0.000000    0.000000   clock source latency
     1    0.021247    0.158803    0.114747    0.114747 ^ CLK (in)
                                                         CLK (net)
                      0.158854    0.000000    0.114747 ^ clkbuf_0_CLK/A (sky130_fd_sc_hd__clkbuf_16)
    16    0.110692    0.192001    0.382494    0.497241 ^ clkbuf_0_CLK/X (sky130_fd_sc_hd__clkbuf_16)
                                                         clknet_0_CLK (net)
                      0.192394    0.006351    0.503592 ^ clkbuf_4_10_0_CLK/A (sky130_fd_sc_hd__clkbuf_8)
     6    0.018696    0.080479    0.303195    0.806787 ^ clkbuf_4_10_0_CLK/X (sky130_fd_sc_hd__clkbuf_8)
                                                         clknet_4_10_0_CLK (net)
                      0.080488    0.000922    0.807709 ^ _1472_/CLK (sky130_fd_sc_hd__dfrtp_2)
                                  0.250000    1.057709   clock uncertainty
                                 -0.047356    1.010352   clock reconvergence pessimism
                                 -0.078000    0.932353   library hold time
                                              0.932353   data required time
---------------------------------------------------------------------------------------------
                                              0.932353   data required time
                                             -2.222883   data arrival time
---------------------------------------------------------------------------------------------
                                              1.290530   slack (MET)


Startpoint: _1458_ (rising edge-triggered flip-flop clocked by CLK)
Endpoint: _1460_ (rising edge-triggered flip-flop clocked by CLK)
Path Group: CLK
Path Type: min

Fanout         Cap        Slew       Delay        Time   Description
---------------------------------------------------------------------------------------------
                                  0.000000    0.000000   clock CLK (rise edge)
                                  0.000000    0.000000   clock source latency
     1    0.021247    0.158803    0.103819    0.103819 ^ CLK (in)
                                                         CLK (net)
                      0.158854    0.000000    0.103819 ^ clkbuf_0_CLK/A (sky130_fd_sc_hd__clkbuf_16)
    16    0.110692    0.192001    0.346066    0.449884 ^ clkbuf_0_CLK/X (sky130_fd_sc_hd__clkbuf_16)
                                                         clknet_0_CLK (net)
                      0.192256    0.004186    0.454070 ^ clkbuf_4_12_0_CLK/A (sky130_fd_sc_hd__clkbuf_8)
     6    0.020022    0.083575    0.276998    0.731068 ^ clkbuf_4_12_0_CLK/X (sky130_fd_sc_hd__clkbuf_8)
                                                         clknet_4_12_0_CLK (net)
                      0.083607    0.001428    0.732496 ^ _1458_/CLK (sky130_fd_sc_hd__dfrtp_2)
     6    0.022867    0.203236    0.777233    1.509729 ^ _1458_/Q (sky130_fd_sc_hd__dfrtp_2)
                                                         pwm.pwm_counter[6] (net)
                      0.203236    0.000758    1.510487 ^ _0760_/B (sky130_fd_sc_hd__and3_2)
     5    0.031564    0.282421    0.557179    2.067665 ^ _0760_/X (sky130_fd_sc_hd__and3_2)
                                                         _0108_ (net)
                      0.282447    0.002712    2.070378 ^ _0762_/B (sky130_fd_sc_hd__xor2_2)
     1    0.002200    0.051108    0.170018    2.240395 v _0762_/X (sky130_fd_sc_hd__xor2_2)
                                                         _0020_ (net)
                      0.051108    0.000148    2.240543 v _1460_/D (sky130_fd_sc_hd__dfrtp_2)
                                              2.240543   data arrival time

                                  0.000000    0.000000   clock CLK (rise edge)
                                  0.000000    0.000000   clock source latency
     1    0.021247    0.158803    0.114747    0.114747 ^ CLK (in)
                                                         CLK (net)
                      0.158854    0.000000    0.114747 ^ clkbuf_0_CLK/A (sky130_fd_sc_hd__clkbuf_16)
    16    0.110692    0.192001    0.382494    0.497241 ^ clkbuf_0_CLK/X (sky130_fd_sc_hd__clkbuf_16)
                                                         clknet_0_CLK (net)
                      0.192269    0.004810    0.502050 ^ clkbuf_4_9_0_CLK/A (sky130_fd_sc_hd__clkbuf_8)
     6    0.018064    0.079043    0.301374    0.803424 ^ clkbuf_4_9_0_CLK/X (sky130_fd_sc_hd__clkbuf_8)
                                                         clknet_4_9_0_CLK (net)
                      0.079094    0.001863    0.805287 ^ _1460_/CLK (sky130_fd_sc_hd__dfrtp_2)
                                  0.250000    1.055287   clock uncertainty
                                 -0.047356    1.007931   clock reconvergence pessimism
                                 -0.080527    0.927404   library hold time
                                              0.927404   data required time
---------------------------------------------------------------------------------------------
                                              0.927404   data required time
                                             -2.240543   data arrival time
---------------------------------------------------------------------------------------------
                                              1.313139   slack (MET)


Startpoint: _1475_ (rising edge-triggered flip-flop clocked by CLK)
Endpoint: _1397_ (rising edge-triggered flip-flop clocked by CLK)
Path Group: CLK
Path Type: min

Fanout         Cap        Slew       Delay        Time   Description
---------------------------------------------------------------------------------------------
                                  0.000000    0.000000   clock CLK (rise edge)
                                  0.000000    0.000000   clock source latency
     1    0.021247    0.158803    0.103819    0.103819 ^ CLK (in)
                                                         CLK (net)
                      0.158854    0.000000    0.103819 ^ clkbuf_0_CLK/A (sky130_fd_sc_hd__clkbuf_16)
    16    0.110692    0.192001    0.346066    0.449884 ^ clkbuf_0_CLK/X (sky130_fd_sc_hd__clkbuf_16)
                                                         clknet_0_CLK (net)
                      0.192389    0.005697    0.455581 ^ clkbuf_4_11_0_CLK/A (sky130_fd_sc_hd__clkbuf_8)
     6    0.017155    0.076953    0.271019    0.726600 ^ clkbuf_4_11_0_CLK/X (sky130_fd_sc_hd__clkbuf_8)
                                                         clknet_4_11_0_CLK (net)
                      0.076962    0.000767    0.727367 ^ _1475_/CLK (sky130_fd_sc_hd__dfrtp_2)
     2    0.009508    0.114912    0.693805    1.421172 ^ _1475_/Q (sky130_fd_sc_hd__dfrtp_2)
                                                         gates.gl_a (net)
                      0.114912    0.000117    1.421289 ^ _1330_/C1 (sky130_fd_sc_hd__o211a_2)
     1    0.005411    0.099910    0.364701    1.785990 ^ _1330_/X (sky130_fd_sc_hd__o211a_2)
                                                         _0669_ (net)
                      0.099910    0.000392    1.786382 ^ _1335_/B (sky130_fd_sc_hd__nor3b_2)
     3    0.009297    0.065665    0.100354    1.886736 v _1335_/Y (sky130_fd_sc_hd__nor3b_2)
                                                         _0674_ (net)
                      0.065666    0.000342    1.887078 v max_cap29/A (sky130_fd_sc_hd__clkbuf_2)
     3    0.017444    0.131162    0.240241    2.127319 v max_cap29/X (sky130_fd_sc_hd__clkbuf_2)
                                                         net29 (net)
                      0.131167    0.000887    2.128206 v _1339_/B (sky130_fd_sc_hd__nor2_2)
     1    0.004141    0.122840    0.152344    2.280550 ^ _1339_/Y (sky130_fd_sc_hd__nor2_2)
                                                         _0023_ (net)
                      0.122840    0.000207    2.280757 ^ _1397_/D (sky130_fd_sc_hd__dfrtp_2)
                                              2.280757   data arrival time

                                  0.000000    0.000000   clock CLK (rise edge)
                                  0.000000    0.000000   clock source latency
     1    0.021247    0.158803    0.114747    0.114747 ^ CLK (in)
                                                         CLK (net)
                      0.158854    0.000000    0.114747 ^ clkbuf_0_CLK/A (sky130_fd_sc_hd__clkbuf_16)
    16    0.110692    0.192001    0.382494    0.497241 ^ clkbuf_0_CLK/X (sky130_fd_sc_hd__clkbuf_16)
                                                         clknet_0_CLK (net)
                      0.192352    0.005881    0.503122 ^ clkbuf_4_15_0_CLK/A (sky130_fd_sc_hd__clkbuf_8)
     6    0.015922    0.074184    0.296625    0.799747 ^ clkbuf_4_15_0_CLK/X (sky130_fd_sc_hd__clkbuf_8)
                                                         clknet_4_15_0_CLK (net)
                      0.074190    0.000732    0.800478 ^ _1397_/CLK (sky130_fd_sc_hd__dfrtp_2)
                                  0.250000    1.050478   clock uncertainty
                                 -0.047356    1.003122   clock reconvergence pessimism
                                 -0.088232    0.914890   library hold time
                                              0.914890   data required time
---------------------------------------------------------------------------------------------
                                              0.914890   data required time
                                             -2.280757   data arrival time
---------------------------------------------------------------------------------------------
                                              1.365867   slack (MET)


Startpoint: _1441_ (rising edge-triggered flip-flop clocked by CLK)
Endpoint: _1462_ (removal check against rising-edge clock CLK)
Path Group: asynchronous
Path Type: min

Fanout         Cap        Slew       Delay        Time   Description
---------------------------------------------------------------------------------------------
                                  0.000000    0.000000   clock CLK (rise edge)
                                  0.000000    0.000000   clock source latency
     1    0.021247    0.158803    0.103819    0.103819 ^ CLK (in)
                                                         CLK (net)
                      0.158854    0.000000    0.103819 ^ clkbuf_0_CLK/A (sky130_fd_sc_hd__clkbuf_16)
    16    0.110692    0.192001    0.346066    0.449884 ^ clkbuf_0_CLK/X (sky130_fd_sc_hd__clkbuf_16)
                                                         clknet_0_CLK (net)
                      0.192394    0.005746    0.455631 ^ clkbuf_4_10_0_CLK/A (sky130_fd_sc_hd__clkbuf_8)
     6    0.018696    0.080479    0.274320    0.729950 ^ clkbuf_4_10_0_CLK/X (sky130_fd_sc_hd__clkbuf_8)
                                                         clknet_4_10_0_CLK (net)
                      0.080488    0.000836    0.730786 ^ _1441_/CLK (sky130_fd_sc_hd__dfrtp_2)
     1    0.001743    0.062760    0.633660    1.364447 ^ _1441_/Q (sky130_fd_sc_hd__dfrtp_2)
                                                         control.reset_n (net)
                      0.062760    0.000075    1.364522 ^ hold143/A (sky130_fd_sc_hd__dlygate4sd3_1)
     2    0.010929    0.202529    1.083043    2.447565 ^ hold143/X (sky130_fd_sc_hd__dlygate4sd3_1)
                                                         net142 (net)
                      0.202529    0.000662    2.448227 ^ fanout79/A (sky130_fd_sc_hd__clkdlybuf4s25_1)
     5    0.030871    0.501304    0.790785    3.239012 ^ fanout79/X (sky130_fd_sc_hd__clkdlybuf4s25_1)
                                                         net79 (net)
                      0.501304    0.001659    3.240671 ^ _1462_/RESET_B (sky130_fd_sc_hd__dfrtp_2)
                                              3.240671   data arrival time

                                  0.000000    0.000000   clock CLK (rise edge)
                                  0.000000    0.000000   clock source latency
     1    0.021247    0.158803    0.114747    0.114747 ^ CLK (in)
                                                         CLK (net)
                      0.158854    0.000000    0.114747 ^ clkbuf_0_CLK/A (sky130_fd_sc_hd__clkbuf_16)
    16    0.110692    0.192001    0.382494    0.497241 ^ clkbuf_0_CLK/X (sky130_fd_sc_hd__clkbuf_16)
                                                         clknet_0_CLK (net)
                      0.192256    0.004626    0.501867 ^ clkbuf_4_12_0_CLK/A (sky130_fd_sc_hd__clkbuf_8)
     6    0.020022    0.083575    0.306156    0.808023 ^ clkbuf_4_12_0_CLK/X (sky130_fd_sc_hd__clkbuf_8)
                                                         clknet_4_12_0_CLK (net)
                      0.083601    0.001463    0.809486 ^ _1462_/CLK (sky130_fd_sc_hd__dfrtp_2)
                                  0.250000    1.059486   clock uncertainty
                                 -0.047356    1.012129   clock reconvergence pessimism
                                  0.793707    1.805837   library removal time
                                              1.805837   data required time
---------------------------------------------------------------------------------------------
                                              1.805837   data required time
                                             -3.240671   data arrival time
---------------------------------------------------------------------------------------------
                                              1.434834   slack (MET)


Startpoint: _1468_ (rising edge-triggered flip-flop clocked by CLK)
Endpoint: _1469_ (rising edge-triggered flip-flop clocked by CLK)
Path Group: CLK
Path Type: min

Fanout         Cap        Slew       Delay        Time   Description
---------------------------------------------------------------------------------------------
                                  0.000000    0.000000   clock CLK (rise edge)
                                  0.000000    0.000000   clock source latency
     1    0.021247    0.158803    0.103819    0.103819 ^ CLK (in)
                                                         CLK (net)
                      0.158854    0.000000    0.103819 ^ clkbuf_0_CLK/A (sky130_fd_sc_hd__clkbuf_16)
    16    0.110692    0.192001    0.346066    0.449884 ^ clkbuf_0_CLK/X (sky130_fd_sc_hd__clkbuf_16)
                                                         clknet_0_CLK (net)
                      0.192679    0.008025    0.457909 ^ clkbuf_4_2_0_CLK/A (sky130_fd_sc_hd__clkbuf_8)
     6    0.020724    0.085211    0.278773    0.736682 ^ clkbuf_4_2_0_CLK/X (sky130_fd_sc_hd__clkbuf_8)
                                                         clknet_4_2_0_CLK (net)
                      0.085222    0.000925    0.737607 ^ _1468_/CLK (sky130_fd_sc_hd__dfrtp_2)
     1    0.002695    0.068954    0.644748    1.382354 ^ _1468_/Q (sky130_fd_sc_hd__dfrtp_2)
                                                         hall.hall_c_pipe[0] (net)
                      0.068954    0.000157    1.382512 ^ hold139/A (sky130_fd_sc_hd__dlygate4sd3_1)
     1    0.002771    0.091265    0.987888    2.370400 ^ hold139/X (sky130_fd_sc_hd__dlygate4sd3_1)
                                                         net138 (net)
                      0.091265    0.000171    2.370570 ^ _1469_/D (sky130_fd_sc_hd__dfrtp_2)
                                              2.370570   data arrival time

                                  0.000000    0.000000   clock CLK (rise edge)
                                  0.000000    0.000000   clock source latency
     1    0.021247    0.158803    0.114747    0.114747 ^ CLK (in)
                                                         CLK (net)
                      0.158854    0.000000    0.114747 ^ clkbuf_0_CLK/A (sky130_fd_sc_hd__clkbuf_16)
    16    0.110692    0.192001    0.382494    0.497241 ^ clkbuf_0_CLK/X (sky130_fd_sc_hd__clkbuf_16)
                                                         clknet_0_CLK (net)
                      0.192665    0.008770    0.506011 ^ clkbuf_4_3_0_CLK/A (sky130_fd_sc_hd__clkbuf_8)
     6    0.019520    0.082381    0.305330    0.811341 ^ clkbuf_4_3_0_CLK/X (sky130_fd_sc_hd__clkbuf_8)
                                                         clknet_4_3_0_CLK (net)
                      0.082396    0.001110    0.812451 ^ _1469_/CLK (sky130_fd_sc_hd__dfrtp_2)
                                  0.250000    1.062451   clock uncertainty
                                 -0.047356    1.015094   clock reconvergence pessimism
                                 -0.079701    0.935393   library hold time
                                              0.935393   data required time
---------------------------------------------------------------------------------------------
                                              0.935393   data required time
                                             -2.370570   data arrival time
---------------------------------------------------------------------------------------------
                                              1.435177   slack (MET)


Startpoint: _1441_ (rising edge-triggered flip-flop clocked by CLK)
Endpoint: _1451_ (removal check against rising-edge clock CLK)
Path Group: asynchronous
Path Type: min

Fanout         Cap        Slew       Delay        Time   Description
---------------------------------------------------------------------------------------------
                                  0.000000    0.000000   clock CLK (rise edge)
                                  0.000000    0.000000   clock source latency
     1    0.021247    0.158803    0.103819    0.103819 ^ CLK (in)
                                                         CLK (net)
                      0.158854    0.000000    0.103819 ^ clkbuf_0_CLK/A (sky130_fd_sc_hd__clkbuf_16)
    16    0.110692    0.192001    0.346066    0.449884 ^ clkbuf_0_CLK/X (sky130_fd_sc_hd__clkbuf_16)
                                                         clknet_0_CLK (net)
                      0.192394    0.005746    0.455631 ^ clkbuf_4_10_0_CLK/A (sky130_fd_sc_hd__clkbuf_8)
     6    0.018696    0.080479    0.274320    0.729950 ^ clkbuf_4_10_0_CLK/X (sky130_fd_sc_hd__clkbuf_8)
                                                         clknet_4_10_0_CLK (net)
                      0.080488    0.000836    0.730786 ^ _1441_/CLK (sky130_fd_sc_hd__dfrtp_2)
     1    0.001743    0.062760    0.633660    1.364447 ^ _1441_/Q (sky130_fd_sc_hd__dfrtp_2)
                                                         control.reset_n (net)
                      0.062760    0.000075    1.364522 ^ hold143/A (sky130_fd_sc_hd__dlygate4sd3_1)
     2    0.010929    0.202529    1.083043    2.447565 ^ hold143/X (sky130_fd_sc_hd__dlygate4sd3_1)
                                                         net142 (net)
                      0.202529    0.000662    2.448227 ^ fanout79/A (sky130_fd_sc_hd__clkdlybuf4s25_1)
     5    0.030871    0.501304    0.790785    3.239012 ^ fanout79/X (sky130_fd_sc_hd__clkdlybuf4s25_1)
                                                         net79 (net)
                      0.501307    0.002038    3.241050 ^ _1451_/RESET_B (sky130_fd_sc_hd__dfrtp_2)
                                              3.241050   data arrival time

                                  0.000000    0.000000   clock CLK (rise edge)
                                  0.000000    0.000000   clock source latency
     1    0.021247    0.158803    0.114747    0.114747 ^ CLK (in)
                                                         CLK (net)
                      0.158854    0.000000    0.114747 ^ clkbuf_0_CLK/A (sky130_fd_sc_hd__clkbuf_16)
    16    0.110692    0.192001    0.382494    0.497241 ^ clkbuf_0_CLK/X (sky130_fd_sc_hd__clkbuf_16)
                                                         clknet_0_CLK (net)
                      0.192352    0.005881    0.503122 ^ clkbuf_4_15_0_CLK/A (sky130_fd_sc_hd__clkbuf_8)
     6    0.015922    0.074184    0.296625    0.799747 ^ clkbuf_4_15_0_CLK/X (sky130_fd_sc_hd__clkbuf_8)
                                                         clknet_4_15_0_CLK (net)
                      0.074193    0.000808    0.800555 ^ _1451_/CLK (sky130_fd_sc_hd__dfrtp_2)
                                  0.250000    1.050555   clock uncertainty
                                 -0.047356    1.003199   clock reconvergence pessimism
                                  0.790887    1.794086   library removal time
                                              1.794086   data required time
---------------------------------------------------------------------------------------------
                                              1.794086   data required time
                                             -3.241050   data arrival time
---------------------------------------------------------------------------------------------
                                              1.446965   slack (MET)


Startpoint: _1440_ (rising edge-triggered flip-flop clocked by CLK)
Endpoint: _1441_ (rising edge-triggered flip-flop clocked by CLK)
Path Group: CLK
Path Type: min

Fanout         Cap        Slew       Delay        Time   Description
---------------------------------------------------------------------------------------------
                                  0.000000    0.000000   clock CLK (rise edge)
                                  0.000000    0.000000   clock source latency
     1    0.021247    0.158803    0.103819    0.103819 ^ CLK (in)
                                                         CLK (net)
                      0.158854    0.000000    0.103819 ^ clkbuf_0_CLK/A (sky130_fd_sc_hd__clkbuf_16)
    16    0.110692    0.192001    0.346066    0.449884 ^ clkbuf_0_CLK/X (sky130_fd_sc_hd__clkbuf_16)
                                                         clknet_0_CLK (net)
                      0.192394    0.005746    0.455631 ^ clkbuf_4_10_0_CLK/A (sky130_fd_sc_hd__clkbuf_8)
     6    0.018696    0.080479    0.274320    0.729950 ^ clkbuf_4_10_0_CLK/X (sky130_fd_sc_hd__clkbuf_8)
                                                         clknet_4_10_0_CLK (net)
                      0.080491    0.000922    0.730872 ^ _1440_/CLK (sky130_fd_sc_hd__dfrtp_2)
     1    0.002545    0.068021    0.641221    1.372093 ^ _1440_/Q (sky130_fd_sc_hd__dfrtp_2)
                                                         reset_conditioner.release_pipe[0] (net)
                      0.068021    0.000163    1.372256 ^ hold141/A (sky130_fd_sc_hd__dlygate4sd3_1)
     1    0.002827    0.091913    0.988309    2.360564 ^ hold141/X (sky130_fd_sc_hd__dlygate4sd3_1)
                                                         net140 (net)
                      0.091913    0.000187    2.360752 ^ _1441_/D (sky130_fd_sc_hd__dfrtp_2)
                                              2.360752   data arrival time

                                  0.000000    0.000000   clock CLK (rise edge)
                                  0.000000    0.000000   clock source latency
     1    0.021247    0.158803    0.114747    0.114747 ^ CLK (in)
                                                         CLK (net)
                      0.158854    0.000000    0.114747 ^ clkbuf_0_CLK/A (sky130_fd_sc_hd__clkbuf_16)
    16    0.110692    0.192001    0.382494    0.497241 ^ clkbuf_0_CLK/X (sky130_fd_sc_hd__clkbuf_16)
                                                         clknet_0_CLK (net)
                      0.192394    0.006351    0.503592 ^ clkbuf_4_10_0_CLK/A (sky130_fd_sc_hd__clkbuf_8)
     6    0.018696    0.080479    0.303195    0.806787 ^ clkbuf_4_10_0_CLK/X (sky130_fd_sc_hd__clkbuf_8)
                                                         clknet_4_10_0_CLK (net)
                      0.080488    0.000924    0.807711 ^ _1441_/CLK (sky130_fd_sc_hd__dfrtp_2)
                                  0.250000    1.057711   clock uncertainty
                                 -0.076837    0.980874   clock reconvergence pessimism
                                 -0.080161    0.900713   library hold time
                                              0.900713   data required time
---------------------------------------------------------------------------------------------
                                              0.900713   data required time
                                             -2.360752   data arrival time
---------------------------------------------------------------------------------------------
                                              1.460039   slack (MET)


Startpoint: _1441_ (rising edge-triggered flip-flop clocked by CLK)
Endpoint: _1457_ (removal check against rising-edge clock CLK)
Path Group: asynchronous
Path Type: min

Fanout         Cap        Slew       Delay        Time   Description
---------------------------------------------------------------------------------------------
                                  0.000000    0.000000   clock CLK (rise edge)
                                  0.000000    0.000000   clock source latency
     1    0.021247    0.158803    0.103819    0.103819 ^ CLK (in)
                                                         CLK (net)
                      0.158854    0.000000    0.103819 ^ clkbuf_0_CLK/A (sky130_fd_sc_hd__clkbuf_16)
    16    0.110692    0.192001    0.346066    0.449884 ^ clkbuf_0_CLK/X (sky130_fd_sc_hd__clkbuf_16)
                                                         clknet_0_CLK (net)
                      0.192394    0.005746    0.455631 ^ clkbuf_4_10_0_CLK/A (sky130_fd_sc_hd__clkbuf_8)
     6    0.018696    0.080479    0.274320    0.729950 ^ clkbuf_4_10_0_CLK/X (sky130_fd_sc_hd__clkbuf_8)
                                                         clknet_4_10_0_CLK (net)
                      0.080488    0.000836    0.730786 ^ _1441_/CLK (sky130_fd_sc_hd__dfrtp_2)
     1    0.001743    0.062760    0.633660    1.364447 ^ _1441_/Q (sky130_fd_sc_hd__dfrtp_2)
                                                         control.reset_n (net)
                      0.062760    0.000075    1.364522 ^ hold143/A (sky130_fd_sc_hd__dlygate4sd3_1)
     2    0.010929    0.202529    1.083043    2.447565 ^ hold143/X (sky130_fd_sc_hd__dlygate4sd3_1)
                                                         net142 (net)
                      0.202531    0.000983    2.448548 ^ fanout72/A (sky130_fd_sc_hd__clkdlybuf4s25_1)
     8    0.039601    0.637829    0.881580    3.330128 ^ fanout72/X (sky130_fd_sc_hd__clkdlybuf4s25_1)
                                                         net72 (net)
                      0.637841    0.003436    3.333564 ^ _1457_/RESET_B (sky130_fd_sc_hd__dfrtp_2)
                                              3.333564   data arrival time

                                  0.000000    0.000000   clock CLK (rise edge)
                                  0.000000    0.000000   clock source latency
     1    0.021247    0.158803    0.114747    0.114747 ^ CLK (in)
                                                         CLK (net)
                      0.158854    0.000000    0.114747 ^ clkbuf_0_CLK/A (sky130_fd_sc_hd__clkbuf_16)
    16    0.110692    0.192001    0.382494    0.497241 ^ clkbuf_0_CLK/X (sky130_fd_sc_hd__clkbuf_16)
                                                         clknet_0_CLK (net)
                      0.192256    0.004626    0.501867 ^ clkbuf_4_12_0_CLK/A (sky130_fd_sc_hd__clkbuf_8)
     6    0.020022    0.083575    0.306156    0.808023 ^ clkbuf_4_12_0_CLK/X (sky130_fd_sc_hd__clkbuf_8)
                                                         clknet_4_12_0_CLK (net)
                      0.083609    0.001623    0.809645 ^ _1457_/CLK (sky130_fd_sc_hd__dfrtp_2)
                                  0.250000    1.059645   clock uncertainty
                                 -0.047356    1.012289   clock reconvergence pessimism
                                  0.835556    1.847845   library removal time
                                              1.847845   data required time
---------------------------------------------------------------------------------------------
                                              1.847845   data required time
                                             -3.333564   data arrival time
---------------------------------------------------------------------------------------------
                                              1.485719   slack (MET)


Startpoint: _1441_ (rising edge-triggered flip-flop clocked by CLK)
Endpoint: _1458_ (removal check against rising-edge clock CLK)
Path Group: asynchronous
Path Type: min

Fanout         Cap        Slew       Delay        Time   Description
---------------------------------------------------------------------------------------------
                                  0.000000    0.000000   clock CLK (rise edge)
                                  0.000000    0.000000   clock source latency
     1    0.021247    0.158803    0.103819    0.103819 ^ CLK (in)
                                                         CLK (net)
                      0.158854    0.000000    0.103819 ^ clkbuf_0_CLK/A (sky130_fd_sc_hd__clkbuf_16)
    16    0.110692    0.192001    0.346066    0.449884 ^ clkbuf_0_CLK/X (sky130_fd_sc_hd__clkbuf_16)
                                                         clknet_0_CLK (net)
                      0.192394    0.005746    0.455631 ^ clkbuf_4_10_0_CLK/A (sky130_fd_sc_hd__clkbuf_8)
     6    0.018696    0.080479    0.274320    0.729950 ^ clkbuf_4_10_0_CLK/X (sky130_fd_sc_hd__clkbuf_8)
                                                         clknet_4_10_0_CLK (net)
                      0.080488    0.000836    0.730786 ^ _1441_/CLK (sky130_fd_sc_hd__dfrtp_2)
     1    0.001743    0.062760    0.633660    1.364447 ^ _1441_/Q (sky130_fd_sc_hd__dfrtp_2)
                                                         control.reset_n (net)
                      0.062760    0.000075    1.364522 ^ hold143/A (sky130_fd_sc_hd__dlygate4sd3_1)
     2    0.010929    0.202529    1.083043    2.447565 ^ hold143/X (sky130_fd_sc_hd__dlygate4sd3_1)
                                                         net142 (net)
                      0.202531    0.000983    2.448548 ^ fanout72/A (sky130_fd_sc_hd__clkdlybuf4s25_1)
     8    0.039601    0.637829    0.881580    3.330128 ^ fanout72/X (sky130_fd_sc_hd__clkdlybuf4s25_1)
                                                         net72 (net)
                      0.637841    0.003476    3.333604 ^ _1458_/RESET_B (sky130_fd_sc_hd__dfrtp_2)
                                              3.333604   data arrival time

                                  0.000000    0.000000   clock CLK (rise edge)
                                  0.000000    0.000000   clock source latency
     1    0.021247    0.158803    0.114747    0.114747 ^ CLK (in)
                                                         CLK (net)
                      0.158854    0.000000    0.114747 ^ clkbuf_0_CLK/A (sky130_fd_sc_hd__clkbuf_16)
    16    0.110692    0.192001    0.382494    0.497241 ^ clkbuf_0_CLK/X (sky130_fd_sc_hd__clkbuf_16)
                                                         clknet_0_CLK (net)
                      0.192256    0.004626    0.501867 ^ clkbuf_4_12_0_CLK/A (sky130_fd_sc_hd__clkbuf_8)
     6    0.020022    0.083575    0.306156    0.808023 ^ clkbuf_4_12_0_CLK/X (sky130_fd_sc_hd__clkbuf_8)
                                                         clknet_4_12_0_CLK (net)
                      0.083607    0.001578    0.809601 ^ _1458_/CLK (sky130_fd_sc_hd__dfrtp_2)
                                  0.250000    1.059601   clock uncertainty
                                 -0.047356    1.012244   clock reconvergence pessimism
                                  0.835556    1.847800   library removal time
                                              1.847800   data required time
---------------------------------------------------------------------------------------------
                                              1.847800   data required time
                                             -3.333604   data arrival time
---------------------------------------------------------------------------------------------
                                              1.485803   slack (MET)


Startpoint: _1441_ (rising edge-triggered flip-flop clocked by CLK)
Endpoint: _1456_ (removal check against rising-edge clock CLK)
Path Group: asynchronous
Path Type: min

Fanout         Cap        Slew       Delay        Time   Description
---------------------------------------------------------------------------------------------
                                  0.000000    0.000000   clock CLK (rise edge)
                                  0.000000    0.000000   clock source latency
     1    0.021247    0.158803    0.103819    0.103819 ^ CLK (in)
                                                         CLK (net)
                      0.158854    0.000000    0.103819 ^ clkbuf_0_CLK/A (sky130_fd_sc_hd__clkbuf_16)
    16    0.110692    0.192001    0.346066    0.449884 ^ clkbuf_0_CLK/X (sky130_fd_sc_hd__clkbuf_16)
                                                         clknet_0_CLK (net)
                      0.192394    0.005746    0.455631 ^ clkbuf_4_10_0_CLK/A (sky130_fd_sc_hd__clkbuf_8)
     6    0.018696    0.080479    0.274320    0.729950 ^ clkbuf_4_10_0_CLK/X (sky130_fd_sc_hd__clkbuf_8)
                                                         clknet_4_10_0_CLK (net)
                      0.080488    0.000836    0.730786 ^ _1441_/CLK (sky130_fd_sc_hd__dfrtp_2)
     1    0.001743    0.062760    0.633660    1.364447 ^ _1441_/Q (sky130_fd_sc_hd__dfrtp_2)
                                                         control.reset_n (net)
                      0.062760    0.000075    1.364522 ^ hold143/A (sky130_fd_sc_hd__dlygate4sd3_1)
     2    0.010929    0.202529    1.083043    2.447565 ^ hold143/X (sky130_fd_sc_hd__dlygate4sd3_1)
                                                         net142 (net)
                      0.202531    0.000983    2.448548 ^ fanout72/A (sky130_fd_sc_hd__clkdlybuf4s25_1)
     8    0.039601    0.637829    0.881580    3.330128 ^ fanout72/X (sky130_fd_sc_hd__clkdlybuf4s25_1)
                                                         net72 (net)
                      0.637846    0.003855    3.333982 ^ _1456_/RESET_B (sky130_fd_sc_hd__dfrtp_2)
                                              3.333982   data arrival time

                                  0.000000    0.000000   clock CLK (rise edge)
                                  0.000000    0.000000   clock source latency
     1    0.021247    0.158803    0.114747    0.114747 ^ CLK (in)
                                                         CLK (net)
                      0.158854    0.000000    0.114747 ^ clkbuf_0_CLK/A (sky130_fd_sc_hd__clkbuf_16)
    16    0.110692    0.192001    0.382494    0.497241 ^ clkbuf_0_CLK/X (sky130_fd_sc_hd__clkbuf_16)
                                                         clknet_0_CLK (net)
                      0.192652    0.008669    0.505910 ^ clkbuf_4_6_0_CLK/A (sky130_fd_sc_hd__clkbuf_8)
     6    0.016696    0.075917    0.298598    0.804508 ^ clkbuf_4_6_0_CLK/X (sky130_fd_sc_hd__clkbuf_8)
                                                         clknet_4_6_0_CLK (net)
                      0.075928    0.000912    0.805420 ^ _1456_/CLK (sky130_fd_sc_hd__dfrtp_2)
                                  0.250000    1.055420   clock uncertainty
                                 -0.047356    1.008064   clock reconvergence pessimism
                                  0.833259    1.841323   library removal time
                                              1.841323   data required time
---------------------------------------------------------------------------------------------
                                              1.841323   data required time
                                             -3.333982   data arrival time
---------------------------------------------------------------------------------------------
                                              1.492659   slack (MET)


Startpoint: _1441_ (rising edge-triggered flip-flop clocked by CLK)
Endpoint: _1455_ (removal check against rising-edge clock CLK)
Path Group: asynchronous
Path Type: min

Fanout         Cap        Slew       Delay        Time   Description
---------------------------------------------------------------------------------------------
                                  0.000000    0.000000   clock CLK (rise edge)
                                  0.000000    0.000000   clock source latency
     1    0.021247    0.158803    0.103819    0.103819 ^ CLK (in)
                                                         CLK (net)
                      0.158854    0.000000    0.103819 ^ clkbuf_0_CLK/A (sky130_fd_sc_hd__clkbuf_16)
    16    0.110692    0.192001    0.346066    0.449884 ^ clkbuf_0_CLK/X (sky130_fd_sc_hd__clkbuf_16)
                                                         clknet_0_CLK (net)
                      0.192394    0.005746    0.455631 ^ clkbuf_4_10_0_CLK/A (sky130_fd_sc_hd__clkbuf_8)
     6    0.018696    0.080479    0.274320    0.729950 ^ clkbuf_4_10_0_CLK/X (sky130_fd_sc_hd__clkbuf_8)
                                                         clknet_4_10_0_CLK (net)
                      0.080488    0.000836    0.730786 ^ _1441_/CLK (sky130_fd_sc_hd__dfrtp_2)
     1    0.001743    0.062760    0.633660    1.364447 ^ _1441_/Q (sky130_fd_sc_hd__dfrtp_2)
                                                         control.reset_n (net)
                      0.062760    0.000075    1.364522 ^ hold143/A (sky130_fd_sc_hd__dlygate4sd3_1)
     2    0.010929    0.202529    1.083043    2.447565 ^ hold143/X (sky130_fd_sc_hd__dlygate4sd3_1)
                                                         net142 (net)
                      0.202531    0.000983    2.448548 ^ fanout72/A (sky130_fd_sc_hd__clkdlybuf4s25_1)
     8    0.039601    0.637829    0.881580    3.330128 ^ fanout72/X (sky130_fd_sc_hd__clkdlybuf4s25_1)
                                                         net72 (net)
                      0.637848    0.003960    3.334088 ^ _1455_/RESET_B (sky130_fd_sc_hd__dfrtp_2)
                                              3.334088   data arrival time

                                  0.000000    0.000000   clock CLK (rise edge)
                                  0.000000    0.000000   clock source latency
     1    0.021247    0.158803    0.114747    0.114747 ^ CLK (in)
                                                         CLK (net)
                      0.158854    0.000000    0.114747 ^ clkbuf_0_CLK/A (sky130_fd_sc_hd__clkbuf_16)
    16    0.110692    0.192001    0.382494    0.497241 ^ clkbuf_0_CLK/X (sky130_fd_sc_hd__clkbuf_16)
                                                         clknet_0_CLK (net)
                      0.192652    0.008669    0.505910 ^ clkbuf_4_6_0_CLK/A (sky130_fd_sc_hd__clkbuf_8)
     6    0.016696    0.075917    0.298598    0.804508 ^ clkbuf_4_6_0_CLK/X (sky130_fd_sc_hd__clkbuf_8)
                                                         clknet_4_6_0_CLK (net)
                      0.075930    0.000968    0.805476 ^ _1455_/CLK (sky130_fd_sc_hd__dfrtp_2)
                                  0.250000    1.055476   clock uncertainty
                                 -0.047356    1.008120   clock reconvergence pessimism
                                  0.833261    1.841380   library removal time
                                              1.841380   data required time
---------------------------------------------------------------------------------------------
                                              1.841380   data required time
                                             -3.334088   data arrival time
---------------------------------------------------------------------------------------------
                                              1.492707   slack (MET)


Startpoint: _1463_ (rising edge-triggered flip-flop clocked by CLK)
Endpoint: _1464_ (rising edge-triggered flip-flop clocked by CLK)
Path Group: CLK
Path Type: min

Fanout         Cap        Slew       Delay        Time   Description
---------------------------------------------------------------------------------------------
                                  0.000000    0.000000   clock CLK (rise edge)
                                  0.000000    0.000000   clock source latency
     1    0.021247    0.158803    0.103819    0.103819 ^ CLK (in)
                                                         CLK (net)
                      0.158854    0.000000    0.103819 ^ clkbuf_0_CLK/A (sky130_fd_sc_hd__clkbuf_16)
    16    0.110692    0.192001    0.346066    0.449884 ^ clkbuf_0_CLK/X (sky130_fd_sc_hd__clkbuf_16)
                                                         clknet_0_CLK (net)
                      0.192678    0.008018    0.457902 ^ clkbuf_4_0_0_CLK/A (sky130_fd_sc_hd__clkbuf_8)
     6    0.024030    0.093092    0.285893    0.743796 ^ clkbuf_4_0_0_CLK/X (sky130_fd_sc_hd__clkbuf_8)
                                                         clknet_4_0_0_CLK (net)
                      0.093106    0.001109    0.744905 ^ _1463_/CLK (sky130_fd_sc_hd__dfrtp_2)
     1    0.006296    0.094230    0.680017    1.424922 ^ _1463_/Q (sky130_fd_sc_hd__dfrtp_2)
                                                         hall.hall_a_pipe[0] (net)
                      0.094230    0.000487    1.425410 ^ hold140/A (sky130_fd_sc_hd__dlygate4sd3_1)
     1    0.005891    0.133340    1.038359    2.463768 ^ hold140/X (sky130_fd_sc_hd__dlygate4sd3_1)
                                                         net139 (net)
                      0.133340    0.000453    2.464221 ^ _1464_/D (sky130_fd_sc_hd__dfrtp_2)
                                              2.464221   data arrival time

                                  0.000000    0.000000   clock CLK (rise edge)
                                  0.000000    0.000000   clock source latency
     1    0.021247    0.158803    0.114747    0.114747 ^ CLK (in)
                                                         CLK (net)
                      0.158854    0.000000    0.114747 ^ clkbuf_0_CLK/A (sky130_fd_sc_hd__clkbuf_16)
    16    0.110692    0.192001    0.382494    0.497241 ^ clkbuf_0_CLK/X (sky130_fd_sc_hd__clkbuf_16)
                                                         clknet_0_CLK (net)
                      0.192674    0.008839    0.506079 ^ clkbuf_4_1_0_CLK/A (sky130_fd_sc_hd__clkbuf_8)
     6    0.018223    0.079392    0.302190    0.808270 ^ clkbuf_4_1_0_CLK/X (sky130_fd_sc_hd__clkbuf_8)
                                                         clknet_4_1_0_CLK (net)
                      0.079407    0.001117    0.809386 ^ _1464_/CLK (sky130_fd_sc_hd__dfrtp_2)
                                  0.250000    1.059386   clock uncertainty
                                 -0.047356    1.012030   clock reconvergence pessimism
                                 -0.089764    0.922266   library hold time
                                              0.922266   data required time
---------------------------------------------------------------------------------------------
                                              0.922266   data required time
                                             -2.464221   data arrival time
---------------------------------------------------------------------------------------------
                                              1.541955   slack (MET)


Startpoint: _1466_ (rising edge-triggered flip-flop clocked by CLK)
Endpoint: _1467_ (rising edge-triggered flip-flop clocked by CLK)
Path Group: CLK
Path Type: min

Fanout         Cap        Slew       Delay        Time   Description
---------------------------------------------------------------------------------------------
                                  0.000000    0.000000   clock CLK (rise edge)
                                  0.000000    0.000000   clock source latency
     1    0.021247    0.158803    0.103819    0.103819 ^ CLK (in)
                                                         CLK (net)
                      0.158854    0.000000    0.103819 ^ clkbuf_0_CLK/A (sky130_fd_sc_hd__clkbuf_16)
    16    0.110692    0.192001    0.346066    0.449884 ^ clkbuf_0_CLK/X (sky130_fd_sc_hd__clkbuf_16)
                                                         clknet_0_CLK (net)
                      0.192678    0.008018    0.457902 ^ clkbuf_4_0_0_CLK/A (sky130_fd_sc_hd__clkbuf_8)
     6    0.024030    0.093092    0.285893    0.743796 ^ clkbuf_4_0_0_CLK/X (sky130_fd_sc_hd__clkbuf_8)
                                                         clknet_4_0_0_CLK (net)
                      0.093109    0.001179    0.744974 ^ _1466_/CLK (sky130_fd_sc_hd__dfrtp_2)
     1    0.006569    0.095879    0.681798    1.426772 ^ _1466_/Q (sky130_fd_sc_hd__dfrtp_2)
                                                         hall.hall_b_pipe[0] (net)
                      0.095879    0.000489    1.427261 ^ hold142/A (sky130_fd_sc_hd__dlygate4sd3_1)
     1    0.006675    0.143734    1.047885    2.475146 ^ hold142/X (sky130_fd_sc_hd__dlygate4sd3_1)
                                                         net141 (net)
                      0.143734    0.000501    2.475647 ^ _1467_/D (sky130_fd_sc_hd__dfrtp_2)
                                              2.475647   data arrival time

                                  0.000000    0.000000   clock CLK (rise edge)
                                  0.000000    0.000000   clock source latency
     1    0.021247    0.158803    0.114747    0.114747 ^ CLK (in)
                                                         CLK (net)
                      0.158854    0.000000    0.114747 ^ clkbuf_0_CLK/A (sky130_fd_sc_hd__clkbuf_16)
    16    0.110692    0.192001    0.382494    0.497241 ^ clkbuf_0_CLK/X (sky130_fd_sc_hd__clkbuf_16)
                                                         clknet_0_CLK (net)
                      0.192678    0.008862    0.506102 ^ clkbuf_4_0_0_CLK/A (sky130_fd_sc_hd__clkbuf_8)
     6    0.024030    0.093092    0.315987    0.822090 ^ clkbuf_4_0_0_CLK/X (sky130_fd_sc_hd__clkbuf_8)
                                                         clknet_4_0_0_CLK (net)
                      0.093105    0.001177    0.823266 ^ _1467_/CLK (sky130_fd_sc_hd__dfrtp_2)
                                  0.250000    1.073266   clock uncertainty
                                 -0.078294    0.994972   clock reconvergence pessimism
                                 -0.089877    0.905095   library hold time
                                              0.905095   data required time
---------------------------------------------------------------------------------------------
                                              0.905095   data required time
                                             -2.475647   data arrival time
---------------------------------------------------------------------------------------------
                                              1.570552   slack (MET)


Startpoint: _1443_ (rising edge-triggered flip-flop clocked by CLK)
Endpoint: _1427_ (rising edge-triggered flip-flop clocked by CLK)
Path Group: CLK
Path Type: min

Fanout         Cap        Slew       Delay        Time   Description
---------------------------------------------------------------------------------------------
                                  0.000000    0.000000   clock CLK (rise edge)
                                  0.000000    0.000000   clock source latency
     1    0.021247    0.158803    0.103819    0.103819 ^ CLK (in)
                                                         CLK (net)
                      0.158854    0.000000    0.103819 ^ clkbuf_0_CLK/A (sky130_fd_sc_hd__clkbuf_16)
    16    0.110692    0.192001    0.346066    0.449884 ^ clkbuf_0_CLK/X (sky130_fd_sc_hd__clkbuf_16)
                                                         clknet_0_CLK (net)
                      0.192709    0.008228    0.458112 ^ clkbuf_4_7_0_CLK/A (sky130_fd_sc_hd__clkbuf_8)
     6    0.015897    0.074126    0.268507    0.726620 ^ clkbuf_4_7_0_CLK/X (sky130_fd_sc_hd__clkbuf_8)
                                                         clknet_4_7_0_CLK (net)
                      0.074137    0.000783    0.727402 ^ _1443_/CLK (sky130_fd_sc_hd__dfrtp_2)
     1    0.002156    0.065452    0.634777    1.362180 ^ _1443_/Q (sky130_fd_sc_hd__dfrtp_2)
                                                         duty_shadow[1] (net)
                      0.065452    0.000092    1.362272 ^ hold146/A (sky130_fd_sc_hd__dlygate4sd3_1)
     1    0.002746    0.090960    0.986078    2.348350 ^ hold146/X (sky130_fd_sc_hd__dlygate4sd3_1)
                                                         net145 (net)
                      0.090960    0.000166    2.348516 ^ _1384_/A0 (sky130_fd_sc_hd__mux2_1)
     1    0.002791    0.072108    0.220809    2.569325 ^ _1384_/X (sky130_fd_sc_hd__mux2_1)
                                                         _0053_ (net)
                      0.072108    0.000171    2.569496 ^ _1427_/D (sky130_fd_sc_hd__dfrtp_2)
                                              2.569496   data arrival time

                                  0.000000    0.000000   clock CLK (rise edge)
                                  0.000000    0.000000   clock source latency
     1    0.021247    0.158803    0.114747    0.114747 ^ CLK (in)
                                                         CLK (net)
                      0.158854    0.000000    0.114747 ^ clkbuf_0_CLK/A (sky130_fd_sc_hd__clkbuf_16)
    16    0.110692    0.192001    0.382494    0.497241 ^ clkbuf_0_CLK/X (sky130_fd_sc_hd__clkbuf_16)
                                                         clknet_0_CLK (net)
                      0.192739    0.009312    0.506553 ^ clkbuf_4_5_0_CLK/A (sky130_fd_sc_hd__clkbuf_8)
     6    0.018014    0.078899    0.301863    0.808416 ^ clkbuf_4_5_0_CLK/X (sky130_fd_sc_hd__clkbuf_8)
                                                         clknet_4_5_0_CLK (net)
                      0.078906    0.000815    0.809231 ^ _1427_/CLK (sky130_fd_sc_hd__dfrtp_2)
                                  0.250000    1.059231   clock uncertainty
                                 -0.047356    1.011875   clock reconvergence pessimism
                                 -0.075915    0.935960   library hold time
                                              0.935960   data required time
---------------------------------------------------------------------------------------------
                                              0.935960   data required time
                                             -2.569496   data arrival time
---------------------------------------------------------------------------------------------
                                              1.633537   slack (MET)


Startpoint: _1442_ (rising edge-triggered flip-flop clocked by CLK)
Endpoint: _1426_ (rising edge-triggered flip-flop clocked by CLK)
Path Group: CLK
Path Type: min

Fanout         Cap        Slew       Delay        Time   Description
---------------------------------------------------------------------------------------------
                                  0.000000    0.000000   clock CLK (rise edge)
                                  0.000000    0.000000   clock source latency
     1    0.021247    0.158803    0.103819    0.103819 ^ CLK (in)
                                                         CLK (net)
                      0.158854    0.000000    0.103819 ^ clkbuf_0_CLK/A (sky130_fd_sc_hd__clkbuf_16)
    16    0.110692    0.192001    0.346066    0.449884 ^ clkbuf_0_CLK/X (sky130_fd_sc_hd__clkbuf_16)
                                                         clknet_0_CLK (net)
                      0.192739    0.008426    0.458310 ^ clkbuf_4_5_0_CLK/A (sky130_fd_sc_hd__clkbuf_8)
     6    0.018014    0.078899    0.273114    0.731424 ^ clkbuf_4_5_0_CLK/X (sky130_fd_sc_hd__clkbuf_8)
                                                         clknet_4_5_0_CLK (net)
                      0.078907    0.000752    0.732176 ^ _1442_/CLK (sky130_fd_sc_hd__dfrtp_2)
     1    0.001762    0.062882    0.633141    1.365317 ^ _1442_/Q (sky130_fd_sc_hd__dfrtp_2)
                                                         duty_shadow[0] (net)
                      0.062882    0.000077    1.365394 ^ hold149/A (sky130_fd_sc_hd__dlygate4sd3_1)
     1    0.003474    0.101373    0.995613    2.361007 ^ hold149/X (sky130_fd_sc_hd__dlygate4sd3_1)
                                                         net148 (net)
                      0.101373    0.000232    2.361240 ^ _1383_/A0 (sky130_fd_sc_hd__mux2_1)
     1    0.002846    0.072751    0.225710    2.586950 ^ _1383_/X (sky130_fd_sc_hd__mux2_1)
                                                         _0052_ (net)
                      0.072751    0.000171    2.587120 ^ _1426_/D (sky130_fd_sc_hd__dfrtp_2)
                                              2.587120   data arrival time

                                  0.000000    0.000000   clock CLK (rise edge)
                                  0.000000    0.000000   clock source latency
     1    0.021247    0.158803    0.114747    0.114747 ^ CLK (in)
                                                         CLK (net)
                      0.158854    0.000000    0.114747 ^ clkbuf_0_CLK/A (sky130_fd_sc_hd__clkbuf_16)
    16    0.110692    0.192001    0.382494    0.497241 ^ clkbuf_0_CLK/X (sky130_fd_sc_hd__clkbuf_16)
                                                         clknet_0_CLK (net)
                      0.192709    0.009094    0.506335 ^ clkbuf_4_7_0_CLK/A (sky130_fd_sc_hd__clkbuf_8)
     6    0.015897    0.074126    0.296771    0.803106 ^ clkbuf_4_7_0_CLK/X (sky130_fd_sc_hd__clkbuf_8)
                                                         clknet_4_7_0_CLK (net)
                      0.074136    0.000826    0.803932 ^ _1426_/CLK (sky130_fd_sc_hd__dfrtp_2)
                                  0.250000    1.053932   clock uncertainty
                                 -0.047356    1.006576   clock reconvergence pessimism
                                 -0.076844    0.929732   library hold time
                                              0.929732   data required time
---------------------------------------------------------------------------------------------
                                              0.929732   data required time
                                             -2.587120   data arrival time
---------------------------------------------------------------------------------------------
                                              1.657389   slack (MET)


Startpoint: _1450_ (rising edge-triggered flip-flop clocked by CLK)
Endpoint: _1434_ (rising edge-triggered flip-flop clocked by CLK)
Path Group: CLK
Path Type: min

Fanout         Cap        Slew       Delay        Time   Description
---------------------------------------------------------------------------------------------
                                  0.000000    0.000000   clock CLK (rise edge)
                                  0.000000    0.000000   clock source latency
     1    0.021247    0.158803    0.103819    0.103819 ^ CLK (in)
                                                         CLK (net)
                      0.158854    0.000000    0.103819 ^ clkbuf_0_CLK/A (sky130_fd_sc_hd__clkbuf_16)
    16    0.110692    0.192001    0.346066    0.449884 ^ clkbuf_0_CLK/X (sky130_fd_sc_hd__clkbuf_16)
                                                         clknet_0_CLK (net)
                      0.192366    0.005466    0.455350 ^ clkbuf_4_14_0_CLK/A (sky130_fd_sc_hd__clkbuf_8)
     6    0.018935    0.081026    0.274853    0.730203 ^ clkbuf_4_14_0_CLK/X (sky130_fd_sc_hd__clkbuf_8)
                                                         clknet_4_14_0_CLK (net)
                      0.081040    0.000988    0.731191 ^ _1450_/CLK (sky130_fd_sc_hd__dfrtp_2)
     1    0.001934    0.064027    0.635702    1.366893 ^ _1450_/Q (sky130_fd_sc_hd__dfrtp_2)
                                                         duty_shadow[8] (net)
                      0.064027    0.000130    1.367023 ^ hold148/A (sky130_fd_sc_hd__dlygate4sd3_1)
     1    0.004217    0.110218    1.006889    2.373912 ^ hold148/X (sky130_fd_sc_hd__dlygate4sd3_1)
                                                         net147 (net)
                      0.110218    0.000290    2.374202 ^ _1391_/A0 (sky130_fd_sc_hd__mux2_1)
     1    0.002371    0.066751    0.223191    2.597393 ^ _1391_/X (sky130_fd_sc_hd__mux2_1)
                                                         _0060_ (net)
                      0.066751    0.000153    2.597546 ^ _1434_/D (sky130_fd_sc_hd__dfrtp_2)
                                              2.597546   data arrival time

                                  0.000000    0.000000   clock CLK (rise edge)
                                  0.000000    0.000000   clock source latency
     1    0.021247    0.158803    0.114747    0.114747 ^ CLK (in)
                                                         CLK (net)
                      0.158854    0.000000    0.114747 ^ clkbuf_0_CLK/A (sky130_fd_sc_hd__clkbuf_16)
    16    0.110692    0.192001    0.382494    0.497241 ^ clkbuf_0_CLK/X (sky130_fd_sc_hd__clkbuf_16)
                                                         clknet_0_CLK (net)
                      0.192352    0.005881    0.503122 ^ clkbuf_4_15_0_CLK/A (sky130_fd_sc_hd__clkbuf_8)
     6    0.015922    0.074184    0.296625    0.799747 ^ clkbuf_4_15_0_CLK/X (sky130_fd_sc_hd__clkbuf_8)
                                                         clknet_4_15_0_CLK (net)
                      0.074194    0.000843    0.800590 ^ _1434_/CLK (sky130_fd_sc_hd__dfrtp_2)
                                  0.250000    1.050590   clock uncertainty
                                 -0.047356    1.003233   clock reconvergence pessimism
                                 -0.075470    0.927764   library hold time
                                              0.927764   data required time
---------------------------------------------------------------------------------------------
                                              0.927764   data required time
                                             -2.597546   data arrival time
---------------------------------------------------------------------------------------------
                                              1.669782   slack (MET)


Startpoint: _1449_ (rising edge-triggered flip-flop clocked by CLK)
Endpoint: _1433_ (rising edge-triggered flip-flop clocked by CLK)
Path Group: CLK
Path Type: min

Fanout         Cap        Slew       Delay        Time   Description
---------------------------------------------------------------------------------------------
                                  0.000000    0.000000   clock CLK (rise edge)
                                  0.000000    0.000000   clock source latency
     1    0.021247    0.158803    0.103819    0.103819 ^ CLK (in)
                                                         CLK (net)
                      0.158854    0.000000    0.103819 ^ clkbuf_0_CLK/A (sky130_fd_sc_hd__clkbuf_16)
    16    0.110692    0.192001    0.346066    0.449884 ^ clkbuf_0_CLK/X (sky130_fd_sc_hd__clkbuf_16)
                                                         clknet_0_CLK (net)
                      0.192739    0.008426    0.458310 ^ clkbuf_4_5_0_CLK/A (sky130_fd_sc_hd__clkbuf_8)
     6    0.018014    0.078899    0.273114    0.731424 ^ clkbuf_4_5_0_CLK/X (sky130_fd_sc_hd__clkbuf_8)
                                                         clknet_4_5_0_CLK (net)
                      0.078902    0.000522    0.731946 ^ _1449_/CLK (sky130_fd_sc_hd__dfrtp_2)
     1    0.003725    0.075776    0.651635    1.383582 ^ _1449_/Q (sky130_fd_sc_hd__dfrtp_2)
                                                         duty_shadow[7] (net)
                      0.075776    0.000257    1.383839 ^ hold144/A (sky130_fd_sc_hd__dlygate4sd3_1)
     1    0.003514    0.101955    1.001513    2.385352 ^ hold144/X (sky130_fd_sc_hd__dlygate4sd3_1)
                                                         net143 (net)
                      0.101955    0.000219    2.385571 ^ _1390_/A0 (sky130_fd_sc_hd__mux2_1)
     1    0.002169    0.064683    0.217276    2.602847 ^ _1390_/X (sky130_fd_sc_hd__mux2_1)
                                                         _0059_ (net)
                      0.064683    0.000149    2.602995 ^ _1433_/D (sky130_fd_sc_hd__dfrtp_2)
                                              2.602995   data arrival time

                                  0.000000    0.000000   clock CLK (rise edge)
                                  0.000000    0.000000   clock source latency
     1    0.021247    0.158803    0.114747    0.114747 ^ CLK (in)
                                                         CLK (net)
                      0.158854    0.000000    0.114747 ^ clkbuf_0_CLK/A (sky130_fd_sc_hd__clkbuf_16)
    16    0.110692    0.192001    0.382494    0.497241 ^ clkbuf_0_CLK/X (sky130_fd_sc_hd__clkbuf_16)
                                                         clknet_0_CLK (net)
                      0.192709    0.009094    0.506335 ^ clkbuf_4_7_0_CLK/A (sky130_fd_sc_hd__clkbuf_8)
     6    0.015897    0.074126    0.296771    0.803106 ^ clkbuf_4_7_0_CLK/X (sky130_fd_sc_hd__clkbuf_8)
                                                         clknet_4_7_0_CLK (net)
                      0.074132    0.000710    0.803815 ^ _1433_/CLK (sky130_fd_sc_hd__dfrtp_2)
                                  0.250000    1.053815   clock uncertainty
                                 -0.047356    1.006459   clock reconvergence pessimism
                                 -0.075009    0.931450   library hold time
                                              0.931450   data required time
---------------------------------------------------------------------------------------------
                                              0.931450   data required time
                                             -2.602995   data arrival time
---------------------------------------------------------------------------------------------
                                              1.671545   slack (MET)


Startpoint: _1447_ (rising edge-triggered flip-flop clocked by CLK)
Endpoint: _1431_ (rising edge-triggered flip-flop clocked by CLK)
Path Group: CLK
Path Type: min

Fanout         Cap        Slew       Delay        Time   Description
---------------------------------------------------------------------------------------------
                                  0.000000    0.000000   clock CLK (rise edge)
                                  0.000000    0.000000   clock source latency
     1    0.021247    0.158803    0.103819    0.103819 ^ CLK (in)
                                                         CLK (net)
                      0.158854    0.000000    0.103819 ^ clkbuf_0_CLK/A (sky130_fd_sc_hd__clkbuf_16)
    16    0.110692    0.192001    0.346066    0.449884 ^ clkbuf_0_CLK/X (sky130_fd_sc_hd__clkbuf_16)
                                                         clknet_0_CLK (net)
                      0.192709    0.008228    0.458112 ^ clkbuf_4_7_0_CLK/A (sky130_fd_sc_hd__clkbuf_8)
     6    0.015897    0.074126    0.268507    0.726620 ^ clkbuf_4_7_0_CLK/X (sky130_fd_sc_hd__clkbuf_8)
                                                         clknet_4_7_0_CLK (net)
                      0.074136    0.000761    0.727380 ^ _1447_/CLK (sky130_fd_sc_hd__dfrtp_2)
     1    0.003305    0.072212    0.645604    1.372984 ^ _1447_/Q (sky130_fd_sc_hd__dfrtp_2)
                                                         duty_shadow[5] (net)
                      0.072212    0.000220    1.373204 ^ hold156/A (sky130_fd_sc_hd__dlygate4sd3_1)
     1    0.002811    0.091746    0.989826    2.363030 ^ hold156/X (sky130_fd_sc_hd__dlygate4sd3_1)
                                                         net155 (net)
                      0.091746    0.000163    2.363193 ^ _1388_/A0 (sky130_fd_sc_hd__mux2_1)
     1    0.002277    0.065784    0.214560    2.577753 ^ _1388_/X (sky130_fd_sc_hd__mux2_1)
                                                         _0057_ (net)
                      0.065784    0.000100    2.577852 ^ _1431_/D (sky130_fd_sc_hd__dfrtp_2)
                                              2.577852   data arrival time

                                  0.000000    0.000000   clock CLK (rise edge)
                                  0.000000    0.000000   clock source latency
     1    0.021247    0.158803    0.114747    0.114747 ^ CLK (in)
                                                         CLK (net)
                      0.158854    0.000000    0.114747 ^ clkbuf_0_CLK/A (sky130_fd_sc_hd__clkbuf_16)
    16    0.110692    0.192001    0.382494    0.497241 ^ clkbuf_0_CLK/X (sky130_fd_sc_hd__clkbuf_16)
                                                         clknet_0_CLK (net)
                      0.192709    0.009094    0.506335 ^ clkbuf_4_7_0_CLK/A (sky130_fd_sc_hd__clkbuf_8)
     6    0.015897    0.074126    0.296771    0.803106 ^ clkbuf_4_7_0_CLK/X (sky130_fd_sc_hd__clkbuf_8)
                                                         clknet_4_7_0_CLK (net)
                      0.074136    0.000834    0.803940 ^ _1431_/CLK (sky130_fd_sc_hd__dfrtp_2)
                                  0.250000    1.053940   clock uncertainty
                                 -0.076486    0.977454   clock reconvergence pessimism
                                 -0.075259    0.902195   library hold time
                                              0.902195   data required time
---------------------------------------------------------------------------------------------
                                              0.902195   data required time
                                             -2.577852   data arrival time
---------------------------------------------------------------------------------------------
                                              1.675657   slack (MET)


Startpoint: _1448_ (rising edge-triggered flip-flop clocked by CLK)
Endpoint: _1432_ (rising edge-triggered flip-flop clocked by CLK)
Path Group: CLK
Path Type: min

Fanout         Cap        Slew       Delay        Time   Description
---------------------------------------------------------------------------------------------
                                  0.000000    0.000000   clock CLK (rise edge)
                                  0.000000    0.000000   clock source latency
     1    0.021247    0.158803    0.103819    0.103819 ^ CLK (in)
                                                         CLK (net)
                      0.158854    0.000000    0.103819 ^ clkbuf_0_CLK/A (sky130_fd_sc_hd__clkbuf_16)
    16    0.110692    0.192001    0.346066    0.449884 ^ clkbuf_0_CLK/X (sky130_fd_sc_hd__clkbuf_16)
                                                         clknet_0_CLK (net)
                      0.192680    0.008035    0.457920 ^ clkbuf_4_4_0_CLK/A (sky130_fd_sc_hd__clkbuf_8)
     6    0.019226    0.081698    0.275636    0.733555 ^ clkbuf_4_4_0_CLK/X (sky130_fd_sc_hd__clkbuf_8)
                                                         clknet_4_4_0_CLK (net)
                      0.081707    0.000841    0.734396 ^ _1448_/CLK (sky130_fd_sc_hd__dfrtp_2)
     1    0.002461    0.067475    0.640962    1.375359 ^ _1448_/Q (sky130_fd_sc_hd__dfrtp_2)
                                                         duty_shadow[6] (net)
                      0.067475    0.000166    1.375525 ^ hold152/A (sky130_fd_sc_hd__dlygate4sd3_1)
     1    0.003176    0.096122    0.993185    2.368710 ^ hold152/X (sky130_fd_sc_hd__dlygate4sd3_1)
                                                         net151 (net)
                      0.096122    0.000181    2.368891 ^ _1389_/A0 (sky130_fd_sc_hd__mux2_1)
     1    0.004378    0.091158    0.243155    2.612045 ^ _1389_/X (sky130_fd_sc_hd__mux2_1)
                                                         _0058_ (net)
                      0.091158    0.000303    2.612349 ^ _1432_/D (sky130_fd_sc_hd__dfrtp_2)
                                              2.612349   data arrival time

                                  0.000000    0.000000   clock CLK (rise edge)
                                  0.000000    0.000000   clock source latency
     1    0.021247    0.158803    0.114747    0.114747 ^ CLK (in)
                                                         CLK (net)
                      0.158854    0.000000    0.114747 ^ clkbuf_0_CLK/A (sky130_fd_sc_hd__clkbuf_16)
    16    0.110692    0.192001    0.382494    0.497241 ^ clkbuf_0_CLK/X (sky130_fd_sc_hd__clkbuf_16)
                                                         clknet_0_CLK (net)
                      0.192739    0.009312    0.506553 ^ clkbuf_4_5_0_CLK/A (sky130_fd_sc_hd__clkbuf_8)
     6    0.018014    0.078899    0.301863    0.808416 ^ clkbuf_4_5_0_CLK/X (sky130_fd_sc_hd__clkbuf_8)
                                                         clknet_4_5_0_CLK (net)
                      0.078906    0.000777    0.809193 ^ _1432_/CLK (sky130_fd_sc_hd__dfrtp_2)
                                  0.250000    1.059193   clock uncertainty
                                 -0.047356    1.011836   clock reconvergence pessimism
                                 -0.080249    0.931587   library hold time
                                              0.931587   data required time
---------------------------------------------------------------------------------------------
                                              0.931587   data required time
                                             -2.612349   data arrival time
---------------------------------------------------------------------------------------------
                                              1.680762   slack (MET)


Startpoint: _1467_ (rising edge-triggered flip-flop clocked by CLK)
Endpoint: _1425_ (rising edge-triggered flip-flop clocked by CLK)
Path Group: CLK
Path Type: min

Fanout         Cap        Slew       Delay        Time   Description
---------------------------------------------------------------------------------------------
                                  0.000000    0.000000   clock CLK (rise edge)
                                  0.000000    0.000000   clock source latency
     1    0.021247    0.158803    0.103819    0.103819 ^ CLK (in)
                                                         CLK (net)
                      0.158854    0.000000    0.103819 ^ clkbuf_0_CLK/A (sky130_fd_sc_hd__clkbuf_16)
    16    0.110692    0.192001    0.346066    0.449884 ^ clkbuf_0_CLK/X (sky130_fd_sc_hd__clkbuf_16)
                                                         clknet_0_CLK (net)
                      0.192678    0.008018    0.457902 ^ clkbuf_4_0_0_CLK/A (sky130_fd_sc_hd__clkbuf_8)
     6    0.024030    0.093092    0.285893    0.743796 ^ clkbuf_4_0_0_CLK/X (sky130_fd_sc_hd__clkbuf_8)
                                                         clknet_4_0_0_CLK (net)
                      0.093105    0.001064    0.744860 ^ _1467_/CLK (sky130_fd_sc_hd__dfrtp_2)
     5    0.022615    0.201587    0.779869    1.524729 ^ _1467_/Q (sky130_fd_sc_hd__dfrtp_2)
                                                         hall.hall_b_pipe[1] (net)
                      0.201597    0.001578    1.526307 ^ _0730_/A2 (sky130_fd_sc_hd__o211a_2)
     3    0.020794    0.218603    0.505795    2.032102 ^ _0730_/X (sky130_fd_sc_hd__o211a_2)
                                                         _0087_ (net)
                      0.218620    0.001993    2.034095 ^ _0736_/A (sky130_fd_sc_hd__nor2_2)
     3    0.010664    0.079020    0.149733    2.183828 v _0736_/Y (sky130_fd_sc_hd__nor2_2)
                                                         _0093_ (net)
                      0.079024    0.000628    2.184456 v _1382_/B1_N (sky130_fd_sc_hd__o21ba_2)
     1    0.003250    0.062603    0.442155    2.626612 ^ _1382_/X (sky130_fd_sc_hd__o21ba_2)
                                                         _0051_ (net)
                      0.062603    0.000196    2.626807 ^ _1425_/D (sky130_fd_sc_hd__dfrtp_2)
                                              2.626807   data arrival time

                                  0.000000    0.000000   clock CLK (rise edge)
                                  0.000000    0.000000   clock source latency
     1    0.021247    0.158803    0.114747    0.114747 ^ CLK (in)
                                                         CLK (net)
                      0.158854    0.000000    0.114747 ^ clkbuf_0_CLK/A (sky130_fd_sc_hd__clkbuf_16)
    16    0.110692    0.192001    0.382494    0.497241 ^ clkbuf_0_CLK/X (sky130_fd_sc_hd__clkbuf_16)
                                                         clknet_0_CLK (net)
                      0.192679    0.008869    0.506110 ^ clkbuf_4_2_0_CLK/A (sky130_fd_sc_hd__clkbuf_8)
     6    0.020724    0.085211    0.308118    0.814228 ^ clkbuf_4_2_0_CLK/X (sky130_fd_sc_hd__clkbuf_8)
                                                         clknet_4_2_0_CLK (net)
                      0.085229    0.001235    0.815463 ^ _1425_/CLK (sky130_fd_sc_hd__dfrtp_2)
                                  0.250000    1.065463   clock uncertainty
                                 -0.047356    1.018106   clock reconvergence pessimism
                                 -0.072716    0.945391   library hold time
                                              0.945391   data required time
---------------------------------------------------------------------------------------------
                                              0.945391   data required time
                                             -2.626807   data arrival time
---------------------------------------------------------------------------------------------
                                              1.681416   slack (MET)


Startpoint: _1419_ (rising edge-triggered flip-flop clocked by CLK)
Endpoint: _1465_ (rising edge-triggered flip-flop clocked by CLK)
Path Group: CLK
Path Type: min

Fanout         Cap        Slew       Delay        Time   Description
---------------------------------------------------------------------------------------------
                                  0.000000    0.000000   clock CLK (rise edge)
                                  0.000000    0.000000   clock source latency
     1    0.021247    0.158803    0.103819    0.103819 ^ CLK (in)
                                                         CLK (net)
                      0.158854    0.000000    0.103819 ^ clkbuf_0_CLK/A (sky130_fd_sc_hd__clkbuf_16)
    16    0.110692    0.192001    0.346066    0.449884 ^ clkbuf_0_CLK/X (sky130_fd_sc_hd__clkbuf_16)
                                                         clknet_0_CLK (net)
                      0.192678    0.008018    0.457902 ^ clkbuf_4_0_0_CLK/A (sky130_fd_sc_hd__clkbuf_8)
     6    0.024030    0.093092    0.285893    0.743796 ^ clkbuf_4_0_0_CLK/X (sky130_fd_sc_hd__clkbuf_8)
                                                         clknet_4_0_0_CLK (net)
                      0.093112    0.001262    0.745057 ^ _1419_/CLK (sky130_fd_sc_hd__dfrtp_2)
     1    0.009040    0.111808    0.697842    1.442900 ^ _1419_/Q (sky130_fd_sc_hd__dfrtp_2)
                                                         hall.hall_previous[0] (net)
                      0.111808    0.000416    1.443315 ^ _0791_/B (sky130_fd_sc_hd__xnor2_2)
     1    0.010021    0.118817    0.161831    1.605146 v _0791_/Y (sky130_fd_sc_hd__xnor2_2)
                                                         _0135_ (net)
                      0.118822    0.000875    1.606021 v _0794_/A1 (sky130_fd_sc_hd__a31o_2)
     1    0.009311    0.087591    0.406479    2.012500 v _0794_/X (sky130_fd_sc_hd__a31o_2)
                                                         _0138_ (net)
                      0.087596    0.000717    2.013217 v _0795_/B (sky130_fd_sc_hd__nor2_2)
     4    0.018050    0.346694    0.299140    2.312357 ^ _0795_/Y (sky130_fd_sc_hd__nor2_2)
                                                         _0139_ (net)
                      0.346700    0.001161    2.313518 ^ _0796_/A0 (sky130_fd_sc_hd__mux2_1)
     1    0.002538    0.069236    0.312067    2.625586 ^ _0796_/X (sky130_fd_sc_hd__mux2_1)
                                                         _0010_ (net)
                      0.069236    0.000164    2.625750 ^ _1465_/D (sky130_fd_sc_hd__dfrtp_2)
                                              2.625750   data arrival time

                                  0.000000    0.000000   clock CLK (rise edge)
                                  0.000000    0.000000   clock source latency
     1    0.021247    0.158803    0.114747    0.114747 ^ CLK (in)
                                                         CLK (net)
                      0.158854    0.000000    0.114747 ^ clkbuf_0_CLK/A (sky130_fd_sc_hd__clkbuf_16)
    16    0.110692    0.192001    0.382494    0.497241 ^ clkbuf_0_CLK/X (sky130_fd_sc_hd__clkbuf_16)
                                                         clknet_0_CLK (net)
                      0.192665    0.008770    0.506011 ^ clkbuf_4_3_0_CLK/A (sky130_fd_sc_hd__clkbuf_8)
     6    0.019520    0.082381    0.305330    0.811341 ^ clkbuf_4_3_0_CLK/X (sky130_fd_sc_hd__clkbuf_8)
                                                         clknet_4_3_0_CLK (net)
                      0.082389    0.000904    0.812245 ^ _1465_/CLK (sky130_fd_sc_hd__dfrtp_2)
                                  0.250000    1.062245   clock uncertainty
                                 -0.047356    1.014889   clock reconvergence pessimism
                                 -0.074690    0.940198   library hold time
                                              0.940198   data required time
---------------------------------------------------------------------------------------------
                                              0.940198   data required time
                                             -2.625750   data arrival time
---------------------------------------------------------------------------------------------
                                              1.685551   slack (MET)


Startpoint: _1415_ (rising edge-triggered flip-flop clocked by CLK)
Endpoint: _1396_ (rising edge-triggered flip-flop clocked by CLK)
Path Group: CLK
Path Type: min

Fanout         Cap        Slew       Delay        Time   Description
---------------------------------------------------------------------------------------------
                                  0.000000    0.000000   clock CLK (rise edge)
                                  0.000000    0.000000   clock source latency
     1    0.021247    0.158803    0.103819    0.103819 ^ CLK (in)
                                                         CLK (net)
                      0.158854    0.000000    0.103819 ^ clkbuf_0_CLK/A (sky130_fd_sc_hd__clkbuf_16)
    16    0.110692    0.192001    0.346066    0.449884 ^ clkbuf_0_CLK/X (sky130_fd_sc_hd__clkbuf_16)
                                                         clknet_0_CLK (net)
                      0.192679    0.008025    0.457909 ^ clkbuf_4_2_0_CLK/A (sky130_fd_sc_hd__clkbuf_8)
     6    0.020724    0.085211    0.278773    0.736682 ^ clkbuf_4_2_0_CLK/X (sky130_fd_sc_hd__clkbuf_8)
                                                         clknet_4_2_0_CLK (net)
                      0.085233    0.001218    0.737900 ^ _1415_/CLK (sky130_fd_sc_hd__dfrtp_2)
     2    0.009254    0.113218    0.695770    1.433670 ^ _1415_/Q (sky130_fd_sc_hd__dfrtp_2)
                                                         faults.hall_fault (net)
                      0.113218    0.000504    1.434174 ^ _0712_/C (sky130_fd_sc_hd__or3_2)
     1    0.006244    0.071625    0.210845    1.645019 ^ _0712_/X (sky130_fd_sc_hd__or3_2)
                                                         _0078_ (net)
                      0.071627    0.000425    1.645444 ^ _0713_/C (sky130_fd_sc_hd__nor3_2)
     3    0.009105    0.053372    0.080175    1.725619 v _0713_/Y (sky130_fd_sc_hd__nor3_2)
                                                         _0079_ (net)
                      0.053378    0.000552    1.726171 v fanout37/A (sky130_fd_sc_hd__clkdlybuf4s25_1)
    10    0.033536    0.455171    0.714690    2.440861 v fanout37/X (sky130_fd_sc_hd__clkdlybuf4s25_1)
                                                         net37 (net)
                      0.455172    0.001490    2.442352 v _0714_/A (sky130_fd_sc_hd__inv_2)
     1    0.003042    0.103502    0.160594    2.602946 ^ _0714_/Y (sky130_fd_sc_hd__inv_2)
                                                         _0022_ (net)
                      0.103502    0.000201    2.603147 ^ _1396_/D (sky130_fd_sc_hd__dfrtp_2)
                                              2.603147   data arrival time

                                  0.000000    0.000000   clock CLK (rise edge)
                                  0.000000    0.000000   clock source latency
     1    0.021247    0.158803    0.114747    0.114747 ^ CLK (in)
                                                         CLK (net)
                      0.158854    0.000000    0.114747 ^ clkbuf_0_CLK/A (sky130_fd_sc_hd__clkbuf_16)
    16    0.110692    0.192001    0.382494    0.497241 ^ clkbuf_0_CLK/X (sky130_fd_sc_hd__clkbuf_16)
                                                         clknet_0_CLK (net)
                      0.192290    0.005107    0.502347 ^ clkbuf_4_8_0_CLK/A (sky130_fd_sc_hd__clkbuf_8)
     5    0.014905    0.071897    0.294177    0.796524 ^ clkbuf_4_8_0_CLK/X (sky130_fd_sc_hd__clkbuf_8)
                                                         clknet_4_8_0_CLK (net)
                      0.071946    0.000706    0.797230 ^ _1396_/CLK (sky130_fd_sc_hd__dfrtp_2)
                                  0.250000    1.047230   clock uncertainty
                                 -0.047356    0.999874   clock reconvergence pessimism
                                 -0.084201    0.915673   library hold time
                                              0.915673   data required time
---------------------------------------------------------------------------------------------
                                              0.915673   data required time
                                             -2.603147   data arrival time
---------------------------------------------------------------------------------------------
                                              1.687473   slack (MET)


Startpoint: _1445_ (rising edge-triggered flip-flop clocked by CLK)
Endpoint: _1429_ (rising edge-triggered flip-flop clocked by CLK)
Path Group: CLK
Path Type: min

Fanout         Cap        Slew       Delay        Time   Description
---------------------------------------------------------------------------------------------
                                  0.000000    0.000000   clock CLK (rise edge)
                                  0.000000    0.000000   clock source latency
     1    0.021247    0.158803    0.103819    0.103819 ^ CLK (in)
                                                         CLK (net)
                      0.158854    0.000000    0.103819 ^ clkbuf_0_CLK/A (sky130_fd_sc_hd__clkbuf_16)
    16    0.110692    0.192001    0.346066    0.449884 ^ clkbuf_0_CLK/X (sky130_fd_sc_hd__clkbuf_16)
                                                         clknet_0_CLK (net)
                      0.192674    0.007997    0.457881 ^ clkbuf_4_1_0_CLK/A (sky130_fd_sc_hd__clkbuf_8)
     6    0.018223    0.079392    0.273410    0.731291 ^ clkbuf_4_1_0_CLK/X (sky130_fd_sc_hd__clkbuf_8)
                                                         clknet_4_1_0_CLK (net)
                      0.079402    0.000859    0.732151 ^ _1445_/CLK (sky130_fd_sc_hd__dfrtp_2)
     1    0.003388    0.072726    0.648723    1.380874 ^ _1445_/Q (sky130_fd_sc_hd__dfrtp_2)
                                                         duty_shadow[3] (net)
                      0.072726    0.000127    1.381001 ^ hold145/A (sky130_fd_sc_hd__dlygate4sd3_1)
     1    0.004732    0.118338    1.016955    2.397957 ^ hold145/X (sky130_fd_sc_hd__dlygate4sd3_1)
                                                         net144 (net)
                      0.118338    0.000274    2.398231 ^ _1386_/A0 (sky130_fd_sc_hd__mux2_1)
     1    0.002682    0.070856    0.230437    2.628668 ^ _1386_/X (sky130_fd_sc_hd__mux2_1)
                                                         _0055_ (net)
                      0.070856    0.000170    2.628838 ^ _1429_/D (sky130_fd_sc_hd__dfrtp_2)
                                              2.628838   data arrival time

                                  0.000000    0.000000   clock CLK (rise edge)
                                  0.000000    0.000000   clock source latency
     1    0.021247    0.158803    0.114747    0.114747 ^ CLK (in)
                                                         CLK (net)
                      0.158854    0.000000    0.114747 ^ clkbuf_0_CLK/A (sky130_fd_sc_hd__clkbuf_16)
    16    0.110692    0.192001    0.382494    0.497241 ^ clkbuf_0_CLK/X (sky130_fd_sc_hd__clkbuf_16)
                                                         clknet_0_CLK (net)
                      0.192680    0.008881    0.506122 ^ clkbuf_4_4_0_CLK/A (sky130_fd_sc_hd__clkbuf_8)
     6    0.019226    0.081698    0.304650    0.810772 ^ clkbuf_4_4_0_CLK/X (sky130_fd_sc_hd__clkbuf_8)
                                                         clknet_4_4_0_CLK (net)
                      0.081706    0.000910    0.811682 ^ _1429_/CLK (sky130_fd_sc_hd__dfrtp_2)
                                  0.250000    1.061682   clock uncertainty
                                 -0.047356    1.014325   clock reconvergence pessimism
                                 -0.075171    0.939154   library hold time
                                              0.939154   data required time
---------------------------------------------------------------------------------------------
                                              0.939154   data required time
                                             -2.628838   data arrival time
---------------------------------------------------------------------------------------------
                                              1.689684   slack (MET)


Startpoint: _1446_ (rising edge-triggered flip-flop clocked by CLK)
Endpoint: _1430_ (rising edge-triggered flip-flop clocked by CLK)
Path Group: CLK
Path Type: min

Fanout         Cap        Slew       Delay        Time   Description
---------------------------------------------------------------------------------------------
                                  0.000000    0.000000   clock CLK (rise edge)
                                  0.000000    0.000000   clock source latency
     1    0.021247    0.158803    0.103819    0.103819 ^ CLK (in)
                                                         CLK (net)
                      0.158854    0.000000    0.103819 ^ clkbuf_0_CLK/A (sky130_fd_sc_hd__clkbuf_16)
    16    0.110692    0.192001    0.346066    0.449884 ^ clkbuf_0_CLK/X (sky130_fd_sc_hd__clkbuf_16)
                                                         clknet_0_CLK (net)
                      0.192680    0.008035    0.457920 ^ clkbuf_4_4_0_CLK/A (sky130_fd_sc_hd__clkbuf_8)
     6    0.019226    0.081698    0.275636    0.733555 ^ clkbuf_4_4_0_CLK/X (sky130_fd_sc_hd__clkbuf_8)
                                                         clknet_4_4_0_CLK (net)
                      0.081707    0.000837    0.734392 ^ _1446_/CLK (sky130_fd_sc_hd__dfrtp_2)
     1    0.004521    0.081601    0.660388    1.394780 ^ _1446_/Q (sky130_fd_sc_hd__dfrtp_2)
                                                         duty_shadow[4] (net)
                      0.081601    0.000294    1.395074 ^ hold147/A (sky130_fd_sc_hd__dlygate4sd3_1)
     1    0.004083    0.108386    1.012132    2.407206 ^ hold147/X (sky130_fd_sc_hd__dlygate4sd3_1)
                                                         net146 (net)
                      0.108386    0.000163    2.407369 ^ _1387_/A0 (sky130_fd_sc_hd__mux2_1)
     1    0.004165    0.088580    0.245374    2.652743 ^ _1387_/X (sky130_fd_sc_hd__mux2_1)
                                                         _0056_ (net)
                      0.088580    0.000279    2.653021 ^ _1430_/D (sky130_fd_sc_hd__dfrtp_2)
                                              2.653021   data arrival time

                                  0.000000    0.000000   clock CLK (rise edge)
                                  0.000000    0.000000   clock source latency
     1    0.021247    0.158803    0.114747    0.114747 ^ CLK (in)
                                                         CLK (net)
                      0.158854    0.000000    0.114747 ^ clkbuf_0_CLK/A (sky130_fd_sc_hd__clkbuf_16)
    16    0.110692    0.192001    0.382494    0.497241 ^ clkbuf_0_CLK/X (sky130_fd_sc_hd__clkbuf_16)
                                                         clknet_0_CLK (net)
                      0.192739    0.009312    0.506553 ^ clkbuf_4_5_0_CLK/A (sky130_fd_sc_hd__clkbuf_8)
     6    0.018014    0.078899    0.301863    0.808416 ^ clkbuf_4_5_0_CLK/X (sky130_fd_sc_hd__clkbuf_8)
                                                         clknet_4_5_0_CLK (net)
                      0.078905    0.000749    0.809164 ^ _1430_/CLK (sky130_fd_sc_hd__dfrtp_2)
                                  0.250000    1.059164   clock uncertainty
                                 -0.047356    1.011808   clock reconvergence pessimism
                                 -0.079663    0.932145   library hold time
                                              0.932145   data required time
---------------------------------------------------------------------------------------------
                                              0.932145   data required time
                                             -2.653021   data arrival time
---------------------------------------------------------------------------------------------
                                              1.720876   slack (MET)


Startpoint: _1444_ (rising edge-triggered flip-flop clocked by CLK)
Endpoint: _1428_ (rising edge-triggered flip-flop clocked by CLK)
Path Group: CLK
Path Type: min

Fanout         Cap        Slew       Delay        Time   Description
---------------------------------------------------------------------------------------------
                                  0.000000    0.000000   clock CLK (rise edge)
                                  0.000000    0.000000   clock source latency
     1    0.021247    0.158803    0.103819    0.103819 ^ CLK (in)
                                                         CLK (net)
                      0.158854    0.000000    0.103819 ^ clkbuf_0_CLK/A (sky130_fd_sc_hd__clkbuf_16)
    16    0.110692    0.192001    0.346066    0.449884 ^ clkbuf_0_CLK/X (sky130_fd_sc_hd__clkbuf_16)
                                                         clknet_0_CLK (net)
                      0.192674    0.007997    0.457881 ^ clkbuf_4_1_0_CLK/A (sky130_fd_sc_hd__clkbuf_8)
     6    0.018223    0.079392    0.273410    0.731291 ^ clkbuf_4_1_0_CLK/X (sky130_fd_sc_hd__clkbuf_8)
                                                         clknet_4_1_0_CLK (net)
                      0.079400    0.000798    0.732089 ^ _1444_/CLK (sky130_fd_sc_hd__dfrtp_2)
     1    0.003120    0.071165    0.646146    1.378235 ^ _1444_/Q (sky130_fd_sc_hd__dfrtp_2)
                                                         duty_shadow[2] (net)
                      0.071165    0.000223    1.378458 ^ hold161/A (sky130_fd_sc_hd__dlygate4sd3_1)
     1    0.004377    0.112598    1.012180    2.390638 ^ hold161/X (sky130_fd_sc_hd__dlygate4sd3_1)
                                                         net160 (net)
                      0.112598    0.000270    2.390908 ^ _1385_/A0 (sky130_fd_sc_hd__mux2_1)
     1    0.003712    0.083168    0.241307    2.632215 ^ _1385_/X (sky130_fd_sc_hd__mux2_1)
                                                         _0054_ (net)
                      0.083168    0.000208    2.632423 ^ _1428_/D (sky130_fd_sc_hd__dfrtp_2)
                                              2.632423   data arrival time

                                  0.000000    0.000000   clock CLK (rise edge)
                                  0.000000    0.000000   clock source latency
     1    0.021247    0.158803    0.114747    0.114747 ^ CLK (in)
                                                         CLK (net)
                      0.158854    0.000000    0.114747 ^ clkbuf_0_CLK/A (sky130_fd_sc_hd__clkbuf_16)
    16    0.110692    0.192001    0.382494    0.497241 ^ clkbuf_0_CLK/X (sky130_fd_sc_hd__clkbuf_16)
                                                         clknet_0_CLK (net)
                      0.192674    0.008839    0.506079 ^ clkbuf_4_1_0_CLK/A (sky130_fd_sc_hd__clkbuf_8)
     6    0.018223    0.079392    0.302190    0.808270 ^ clkbuf_4_1_0_CLK/X (sky130_fd_sc_hd__clkbuf_8)
                                                         clknet_4_1_0_CLK (net)
                      0.079404    0.001005    0.809274 ^ _1428_/CLK (sky130_fd_sc_hd__dfrtp_2)
                                  0.250000    1.059274   clock uncertainty
                                 -0.076978    0.982296   clock reconvergence pessimism
                                 -0.078350    0.903946   library hold time
                                              0.903946   data required time
---------------------------------------------------------------------------------------------
                                              0.903946   data required time
                                             -2.632423   data arrival time
---------------------------------------------------------------------------------------------
                                              1.728477   slack (MET)


Startpoint: _1407_ (rising edge-triggered flip-flop clocked by CLK)
Endpoint: _1408_ (rising edge-triggered flip-flop clocked by CLK)
Path Group: CLK
Path Type: min

Fanout         Cap        Slew       Delay        Time   Description
---------------------------------------------------------------------------------------------
                                  0.000000    0.000000   clock CLK (rise edge)
                                  0.000000    0.000000   clock source latency
     1    0.021247    0.158803    0.103819    0.103819 ^ CLK (in)
                                                         CLK (net)
                      0.158854    0.000000    0.103819 ^ clkbuf_0_CLK/A (sky130_fd_sc_hd__clkbuf_16)
    16    0.110692    0.192001    0.346066    0.449884 ^ clkbuf_0_CLK/X (sky130_fd_sc_hd__clkbuf_16)
                                                         clknet_0_CLK (net)
                      0.192366    0.005466    0.455350 ^ clkbuf_4_14_0_CLK/A (sky130_fd_sc_hd__clkbuf_8)
     6    0.018935    0.081026    0.274853    0.730203 ^ clkbuf_4_14_0_CLK/X (sky130_fd_sc_hd__clkbuf_8)
                                                         clknet_4_14_0_CLK (net)
                      0.081037    0.000897    0.731100 ^ _1407_/CLK (sky130_fd_sc_hd__dfrtp_2)
     3    0.010064    0.118708    0.699182    1.430281 ^ _1407_/Q (sky130_fd_sc_hd__dfrtp_2)
                                                         gates.phase_b.dead_count[4] (net)
                      0.118708    0.000486    1.430768 ^ _1362_/A1 (sky130_fd_sc_hd__o21a_2)
     1    0.002443    0.051485    0.250782    1.681550 ^ _1362_/X (sky130_fd_sc_hd__o21a_2)
                                                         _0034_ (net)
                      0.051485    0.000147    1.681696 ^ hold151/A (sky130_fd_sc_hd__dlygate4sd3_1)
     1    0.002354    0.086569    0.974579    2.656275 ^ hold151/X (sky130_fd_sc_hd__dlygate4sd3_1)
                                                         net150 (net)
                      0.086569    0.000152    2.656427 ^ _1408_/D (sky130_fd_sc_hd__dfrtp_2)
                                              2.656427   data arrival time

                                  0.000000    0.000000   clock CLK (rise edge)
                                  0.000000    0.000000   clock source latency
     1    0.021247    0.158803    0.114747    0.114747 ^ CLK (in)
                                                         CLK (net)
                      0.158854    0.000000    0.114747 ^ clkbuf_0_CLK/A (sky130_fd_sc_hd__clkbuf_16)
    16    0.110692    0.192001    0.382494    0.497241 ^ clkbuf_0_CLK/X (sky130_fd_sc_hd__clkbuf_16)
                                                         clknet_0_CLK (net)
                      0.192389    0.006296    0.503537 ^ clkbuf_4_11_0_CLK/A (sky130_fd_sc_hd__clkbuf_8)
     6    0.017155    0.076953    0.299547    0.803084 ^ clkbuf_4_11_0_CLK/X (sky130_fd_sc_hd__clkbuf_8)
                                                         clknet_4_11_0_CLK (net)
                      0.076966    0.000972    0.804056 ^ _1408_/CLK (sky130_fd_sc_hd__dfrtp_2)
                                  0.250000    1.054056   clock uncertainty
                                 -0.047356    1.006700   clock reconvergence pessimism
                                 -0.079524    0.927176   library hold time
                                              0.927176   data required time
---------------------------------------------------------------------------------------------
                                              0.927176   data required time
                                             -2.656427   data arrival time
---------------------------------------------------------------------------------------------
                                              1.729251   slack (MET)


Startpoint: _1413_ (rising edge-triggered flip-flop clocked by CLK)
Endpoint: _1414_ (rising edge-triggered flip-flop clocked by CLK)
Path Group: CLK
Path Type: min

Fanout         Cap        Slew       Delay        Time   Description
---------------------------------------------------------------------------------------------
                                  0.000000    0.000000   clock CLK (rise edge)
                                  0.000000    0.000000   clock source latency
     1    0.021247    0.158803    0.103819    0.103819 ^ CLK (in)
                                                         CLK (net)
                      0.158854    0.000000    0.103819 ^ clkbuf_0_CLK/A (sky130_fd_sc_hd__clkbuf_16)
    16    0.110692    0.192001    0.346066    0.449884 ^ clkbuf_0_CLK/X (sky130_fd_sc_hd__clkbuf_16)
                                                         clknet_0_CLK (net)
                      0.192256    0.004186    0.454070 ^ clkbuf_4_12_0_CLK/A (sky130_fd_sc_hd__clkbuf_8)
     6    0.020022    0.083575    0.276998    0.731068 ^ clkbuf_4_12_0_CLK/X (sky130_fd_sc_hd__clkbuf_8)
                                                         clknet_4_12_0_CLK (net)
                      0.083581    0.000796    0.731864 ^ _1413_/CLK (sky130_fd_sc_hd__dfrtp_2)
     3    0.011104    0.126019    0.707053    1.438916 ^ _1413_/Q (sky130_fd_sc_hd__dfrtp_2)
                                                         gates.phase_c.dead_count[4] (net)
                      0.126019    0.000489    1.439406 ^ _1374_/A1 (sky130_fd_sc_hd__o21a_2)
     1    0.002425    0.051363    0.253337    1.692743 ^ _1374_/X (sky130_fd_sc_hd__o21a_2)
                                                         _0040_ (net)
                      0.051363    0.000159    1.692901 ^ hold154/A (sky130_fd_sc_hd__dlygate4sd3_1)
     1    0.002868    0.092337    0.982037    2.674938 ^ hold154/X (sky130_fd_sc_hd__dlygate4sd3_1)
                                                         net153 (net)
                      0.092337    0.000179    2.675117 ^ _1414_/D (sky130_fd_sc_hd__dfrtp_2)
                                              2.675117   data arrival time

                                  0.000000    0.000000   clock CLK (rise edge)
                                  0.000000    0.000000   clock source latency
     1    0.021247    0.158803    0.114747    0.114747 ^ CLK (in)
                                                         CLK (net)
                      0.158854    0.000000    0.114747 ^ clkbuf_0_CLK/A (sky130_fd_sc_hd__clkbuf_16)
    16    0.110692    0.192001    0.382494    0.497241 ^ clkbuf_0_CLK/X (sky130_fd_sc_hd__clkbuf_16)
                                                         clknet_0_CLK (net)
                      0.192269    0.004810    0.502050 ^ clkbuf_4_9_0_CLK/A (sky130_fd_sc_hd__clkbuf_8)
     6    0.018064    0.079043    0.301374    0.803424 ^ clkbuf_4_9_0_CLK/X (sky130_fd_sc_hd__clkbuf_8)
                                                         clknet_4_9_0_CLK (net)
                      0.079044    0.000575    0.803999 ^ _1414_/CLK (sky130_fd_sc_hd__dfrtp_2)
                                  0.250000    1.053998   clock uncertainty
                                 -0.047356    1.006642   clock reconvergence pessimism
                                 -0.080495    0.926147   library hold time
                                              0.926147   data required time
---------------------------------------------------------------------------------------------
                                              0.926147   data required time
                                             -2.675117   data arrival time
---------------------------------------------------------------------------------------------
                                              1.748970   slack (MET)


Startpoint: _1425_ (rising edge-triggered flip-flop clocked by CLK)
Endpoint: _1415_ (rising edge-triggered flip-flop clocked by CLK)
Path Group: CLK
Path Type: min

Fanout         Cap        Slew       Delay        Time   Description
---------------------------------------------------------------------------------------------
                                  0.000000    0.000000   clock CLK (rise edge)
                                  0.000000    0.000000   clock source latency
     1    0.021247    0.158803    0.103819    0.103819 ^ CLK (in)
                                                         CLK (net)
                      0.158854    0.000000    0.103819 ^ clkbuf_0_CLK/A (sky130_fd_sc_hd__clkbuf_16)
    16    0.110692    0.192001    0.346066    0.449884 ^ clkbuf_0_CLK/X (sky130_fd_sc_hd__clkbuf_16)
                                                         clknet_0_CLK (net)
                      0.192679    0.008025    0.457909 ^ clkbuf_4_2_0_CLK/A (sky130_fd_sc_hd__clkbuf_8)
     6    0.020724    0.085211    0.278773    0.736682 ^ clkbuf_4_2_0_CLK/X (sky130_fd_sc_hd__clkbuf_8)
                                                         clknet_4_2_0_CLK (net)
                      0.085229    0.001118    0.737800 ^ _1425_/CLK (sky130_fd_sc_hd__dfrtp_2)
     2    0.006659    0.096414    0.678979    1.416779 ^ _1425_/Q (sky130_fd_sc_hd__dfrtp_2)
                                                         hall.grace_used (net)
                      0.096414    0.000236    1.417015 ^ _1375_/A1 (sky130_fd_sc_hd__a31o_2)
     1    0.002978    0.055999    0.287372    1.704387 ^ _1375_/X (sky130_fd_sc_hd__a31o_2)
                                                         _0041_ (net)
                      0.055999    0.000172    1.704559 ^ hold158/A (sky130_fd_sc_hd__dlygate4sd3_1)
     1    0.002073    0.083605    0.972343    2.676902 ^ hold158/X (sky130_fd_sc_hd__dlygate4sd3_1)
                                                         net157 (net)
                      0.083605    0.000143    2.677046 ^ _1415_/D (sky130_fd_sc_hd__dfrtp_2)
                                              2.677046   data arrival time

                                  0.000000    0.000000   clock CLK (rise edge)
                                  0.000000    0.000000   clock source latency
     1    0.021247    0.158803    0.114747    0.114747 ^ CLK (in)
                                                         CLK (net)
                      0.158854    0.000000    0.114747 ^ clkbuf_0_CLK/A (sky130_fd_sc_hd__clkbuf_16)
    16    0.110692    0.192001    0.382494    0.497241 ^ clkbuf_0_CLK/X (sky130_fd_sc_hd__clkbuf_16)
                                                         clknet_0_CLK (net)
                      0.192679    0.008869    0.506110 ^ clkbuf_4_2_0_CLK/A (sky130_fd_sc_hd__clkbuf_8)
     6    0.020724    0.085211    0.308118    0.814228 ^ clkbuf_4_2_0_CLK/X (sky130_fd_sc_hd__clkbuf_8)
                                                         clknet_4_2_0_CLK (net)
                      0.085233    0.001346    0.815573 ^ _1415_/CLK (sky130_fd_sc_hd__dfrtp_2)
                                  0.250000    1.065573   clock uncertainty
                                 -0.077545    0.988028   clock reconvergence pessimism
                                 -0.077493    0.910535   library hold time
                                              0.910535   data required time
---------------------------------------------------------------------------------------------
                                              0.910535   data required time
                                             -2.677046   data arrival time
---------------------------------------------------------------------------------------------
                                              1.766510   slack (MET)


Startpoint: _1452_ (rising edge-triggered flip-flop clocked by CLK)
Endpoint: _1452_ (rising edge-triggered flip-flop clocked by CLK)
Path Group: CLK
Path Type: min

Fanout         Cap        Slew       Delay        Time   Description
---------------------------------------------------------------------------------------------
                                  0.000000    0.000000   clock CLK (rise edge)
                                  0.000000    0.000000   clock source latency
     1    0.021247    0.158803    0.103819    0.103819 ^ CLK (in)
                                                         CLK (net)
                      0.158854    0.000000    0.103819 ^ clkbuf_0_CLK/A (sky130_fd_sc_hd__clkbuf_16)
    16    0.110692    0.192001    0.346066    0.449884 ^ clkbuf_0_CLK/X (sky130_fd_sc_hd__clkbuf_16)
                                                         clknet_0_CLK (net)
                      0.192652    0.007843    0.457728 ^ clkbuf_4_6_0_CLK/A (sky130_fd_sc_hd__clkbuf_8)
     6    0.016696    0.075917    0.270160    0.727888 ^ clkbuf_4_6_0_CLK/X (sky130_fd_sc_hd__clkbuf_8)
                                                         clknet_4_6_0_CLK (net)
                      0.075926    0.000764    0.728652 ^ _1452_/CLK (sky130_fd_sc_hd__dfrtp_2)
     6    0.026398    0.227512    0.791538    1.520190 ^ _1452_/Q (sky130_fd_sc_hd__dfrtp_2)
                                                         pwm.pwm_counter[0] (net)
                      0.227515    0.001225    1.521415 ^ hold174/A (sky130_fd_sc_hd__dlygate4sd3_1)
     1    0.005537    0.128675    1.084037    2.605452 ^ hold174/X (sky130_fd_sc_hd__dlygate4sd3_1)
                                                         net173 (net)
                      0.128675    0.000382    2.605833 ^ _0707_/A (sky130_fd_sc_hd__inv_2)
     2    0.004242    0.037433    0.074917    2.680751 v _0707_/Y (sky130_fd_sc_hd__inv_2)
                                                         _0011_ (net)
                      0.037433    0.000152    2.680902 v _1452_/D (sky130_fd_sc_hd__dfrtp_2)
                                              2.680902   data arrival time

                                  0.000000    0.000000   clock CLK (rise edge)
                                  0.000000    0.000000   clock source latency
     1    0.021247    0.158803    0.114747    0.114747 ^ CLK (in)
                                                         CLK (net)
                      0.158854    0.000000    0.114747 ^ clkbuf_0_CLK/A (sky130_fd_sc_hd__clkbuf_16)
    16    0.110692    0.192001    0.382494    0.497241 ^ clkbuf_0_CLK/X (sky130_fd_sc_hd__clkbuf_16)
                                                         clknet_0_CLK (net)
                      0.192652    0.008669    0.505910 ^ clkbuf_4_6_0_CLK/A (sky130_fd_sc_hd__clkbuf_8)
     6    0.016696    0.075917    0.298598    0.804508 ^ clkbuf_4_6_0_CLK/X (sky130_fd_sc_hd__clkbuf_8)
                                                         clknet_4_6_0_CLK (net)
                      0.075926    0.000844    0.805352 ^ _1452_/CLK (sky130_fd_sc_hd__dfrtp_2)
                                  0.250000    1.055352   clock uncertainty
                                 -0.076700    0.978652   clock reconvergence pessimism
                                 -0.076287    0.902365   library hold time
                                              0.902365   data required time
---------------------------------------------------------------------------------------------
                                              0.902365   data required time
                                             -2.680902   data arrival time
---------------------------------------------------------------------------------------------
                                              1.778538   slack (MET)


Startpoint: _1467_ (rising edge-triggered flip-flop clocked by CLK)
Endpoint: _1420_ (rising edge-triggered flip-flop clocked by CLK)
Path Group: CLK
Path Type: min

Fanout         Cap        Slew       Delay        Time   Description
---------------------------------------------------------------------------------------------
                                  0.000000    0.000000   clock CLK (rise edge)
                                  0.000000    0.000000   clock source latency
     1    0.021247    0.158803    0.103819    0.103819 ^ CLK (in)
                                                         CLK (net)
                      0.158854    0.000000    0.103819 ^ clkbuf_0_CLK/A (sky130_fd_sc_hd__clkbuf_16)
    16    0.110692    0.192001    0.346066    0.449884 ^ clkbuf_0_CLK/X (sky130_fd_sc_hd__clkbuf_16)
                                                         clknet_0_CLK (net)
                      0.192678    0.008018    0.457902 ^ clkbuf_4_0_0_CLK/A (sky130_fd_sc_hd__clkbuf_8)
     6    0.024030    0.093092    0.285893    0.743796 ^ clkbuf_4_0_0_CLK/X (sky130_fd_sc_hd__clkbuf_8)
                                                         clknet_4_0_0_CLK (net)
                      0.093105    0.001064    0.744860 ^ _1467_/CLK (sky130_fd_sc_hd__dfrtp_2)
     5    0.022615    0.201587    0.779869    1.524729 ^ _1467_/Q (sky130_fd_sc_hd__dfrtp_2)
                                                         hall.hall_b_pipe[1] (net)
                      0.201598    0.001634    1.526363 ^ hold175/A (sky130_fd_sc_hd__dlygate4sd3_1)
     1    0.006648    0.143364    1.087251    2.613615 ^ hold175/X (sky130_fd_sc_hd__dlygate4sd3_1)
                                                         net174 (net)
                      0.143364    0.000455    2.614070 ^ _1394_/A (sky130_fd_sc_hd__buf_1)
     1    0.002825    0.073376    0.172267    2.786337 ^ _1394_/X (sky130_fd_sc_hd__buf_1)
                                                         _0046_ (net)
                      0.073376    0.000197    2.786535 ^ _1420_/D (sky130_fd_sc_hd__dfrtp_2)
                                              2.786535   data arrival time

                                  0.000000    0.000000   clock CLK (rise edge)
                                  0.000000    0.000000   clock source latency
     1    0.021247    0.158803    0.114747    0.114747 ^ CLK (in)
                                                         CLK (net)
                      0.158854    0.000000    0.114747 ^ clkbuf_0_CLK/A (sky130_fd_sc_hd__clkbuf_16)
    16    0.110692    0.192001    0.382494    0.497241 ^ clkbuf_0_CLK/X (sky130_fd_sc_hd__clkbuf_16)
                                                         clknet_0_CLK (net)
                      0.192678    0.008862    0.506102 ^ clkbuf_4_0_0_CLK/A (sky130_fd_sc_hd__clkbuf_8)
     6    0.024030    0.093092    0.315987    0.822090 ^ clkbuf_4_0_0_CLK/X (sky130_fd_sc_hd__clkbuf_8)
                                                         clknet_4_0_0_CLK (net)
                      0.093106    0.001208    0.823298 ^ _1420_/CLK (sky130_fd_sc_hd__dfrtp_2)
                                  0.250000    1.073298   clock uncertainty
                                 -0.078294    0.995003   clock reconvergence pessimism
                                 -0.073874    0.921130   library hold time
                                              0.921130   data required time
---------------------------------------------------------------------------------------------
                                              0.921130   data required time
                                             -2.786535   data arrival time
---------------------------------------------------------------------------------------------
                                              1.865405   slack (MET)


Startpoint: _1435_ (rising edge-triggered flip-flop clocked by CLK)
Endpoint: _1435_ (rising edge-triggered flip-flop clocked by CLK)
Path Group: CLK
Path Type: min

Fanout         Cap        Slew       Delay        Time   Description
---------------------------------------------------------------------------------------------
                                  0.000000    0.000000   clock CLK (rise edge)
                                  0.000000    0.000000   clock source latency
     1    0.021247    0.158803    0.103819    0.103819 ^ CLK (in)
                                                         CLK (net)
                      0.158854    0.000000    0.103819 ^ clkbuf_0_CLK/A (sky130_fd_sc_hd__clkbuf_16)
    16    0.110692    0.192001    0.346066    0.449884 ^ clkbuf_0_CLK/X (sky130_fd_sc_hd__clkbuf_16)
                                                         clknet_0_CLK (net)
                      0.192352    0.005321    0.455206 ^ clkbuf_4_15_0_CLK/A (sky130_fd_sc_hd__clkbuf_8)
     6    0.015922    0.074184    0.268375    0.723580 ^ clkbuf_4_15_0_CLK/X (sky130_fd_sc_hd__clkbuf_8)
                                                         clknet_4_15_0_CLK (net)
                      0.074195    0.000806    0.724387 ^ _1435_/CLK (sky130_fd_sc_hd__dfrtp_2)
     4    0.025371    0.220563    0.785153    1.509540 ^ _1435_/Q (sky130_fd_sc_hd__dfrtp_2)
                                                         duty_active[9] (net)
                      0.220565    0.001088    1.510628 ^ _1392_/A1 (sky130_fd_sc_hd__mux2_1)
     1    0.002413    0.067205    0.273300    1.783928 ^ _1392_/X (sky130_fd_sc_hd__mux2_1)
                                                         _0061_ (net)
                      0.067205    0.000092    1.784020 ^ hold160/A (sky130_fd_sc_hd__dlygate4sd3_1)
     1    0.002649    0.089859    0.985385    2.769405 ^ hold160/X (sky130_fd_sc_hd__dlygate4sd3_1)
                                                         net159 (net)
                      0.089859    0.000173    2.769579 ^ _1435_/D (sky130_fd_sc_hd__dfrtp_2)
                                              2.769579   data arrival time

                                  0.000000    0.000000   clock CLK (rise edge)
                                  0.000000    0.000000   clock source latency
     1    0.021247    0.158803    0.114747    0.114747 ^ CLK (in)
                                                         CLK (net)
                      0.158854    0.000000    0.114747 ^ clkbuf_0_CLK/A (sky130_fd_sc_hd__clkbuf_16)
    16    0.110692    0.192001    0.382494    0.497241 ^ clkbuf_0_CLK/X (sky130_fd_sc_hd__clkbuf_16)
                                                         clknet_0_CLK (net)
                      0.192352    0.005881    0.503122 ^ clkbuf_4_15_0_CLK/A (sky130_fd_sc_hd__clkbuf_8)
     6    0.015922    0.074184    0.296625    0.799747 ^ clkbuf_4_15_0_CLK/X (sky130_fd_sc_hd__clkbuf_8)
                                                         clknet_4_15_0_CLK (net)
                      0.074195    0.000891    0.800638 ^ _1435_/CLK (sky130_fd_sc_hd__dfrtp_2)
                                  0.250000    1.050638   clock uncertainty
                                 -0.076251    0.974387   clock reconvergence pessimism
                                 -0.080727    0.893660   library hold time
                                              0.893660   data required time
---------------------------------------------------------------------------------------------
                                              0.893660   data required time
                                             -2.769579   data arrival time
---------------------------------------------------------------------------------------------
                                              1.875919   slack (MET)


Startpoint: _1467_ (rising edge-triggered flip-flop clocked by CLK)
Endpoint: _1423_ (rising edge-triggered flip-flop clocked by CLK)
Path Group: CLK
Path Type: min

Fanout         Cap        Slew       Delay        Time   Description
---------------------------------------------------------------------------------------------
                                  0.000000    0.000000   clock CLK (rise edge)
                                  0.000000    0.000000   clock source latency
     1    0.021247    0.158803    0.103819    0.103819 ^ CLK (in)
                                                         CLK (net)
                      0.158854    0.000000    0.103819 ^ clkbuf_0_CLK/A (sky130_fd_sc_hd__clkbuf_16)
    16    0.110692    0.192001    0.346066    0.449884 ^ clkbuf_0_CLK/X (sky130_fd_sc_hd__clkbuf_16)
                                                         clknet_0_CLK (net)
                      0.192678    0.008018    0.457902 ^ clkbuf_4_0_0_CLK/A (sky130_fd_sc_hd__clkbuf_8)
     6    0.024030    0.093092    0.285893    0.743796 ^ clkbuf_4_0_0_CLK/X (sky130_fd_sc_hd__clkbuf_8)
                                                         clknet_4_0_0_CLK (net)
                      0.093105    0.001064    0.744860 ^ _1467_/CLK (sky130_fd_sc_hd__dfrtp_2)
     5    0.022615    0.201587    0.779869    1.524729 ^ _1467_/Q (sky130_fd_sc_hd__dfrtp_2)
                                                         hall.hall_b_pipe[1] (net)
                      0.201595    0.001489    1.526218 ^ _1380_/A1 (sky130_fd_sc_hd__mux2_1)
     1    0.003823    0.084560    0.283747    1.809965 ^ _1380_/X (sky130_fd_sc_hd__mux2_1)
                                                         _0049_ (net)
                      0.084560    0.000217    1.810182 ^ hold169/A (sky130_fd_sc_hd__dlygate4sd3_1)
     1    0.003250    0.097116    1.001117    2.811300 ^ hold169/X (sky130_fd_sc_hd__dlygate4sd3_1)
                                                         net168 (net)
                      0.097116    0.000125    2.811425 ^ _1423_/D (sky130_fd_sc_hd__dfrtp_2)
                                              2.811425   data arrival time

                                  0.000000    0.000000   clock CLK (rise edge)
                                  0.000000    0.000000   clock source latency
     1    0.021247    0.158803    0.114747    0.114747 ^ CLK (in)
                                                         CLK (net)
                      0.158854    0.000000    0.114747 ^ clkbuf_0_CLK/A (sky130_fd_sc_hd__clkbuf_16)
    16    0.110692    0.192001    0.382494    0.497241 ^ clkbuf_0_CLK/X (sky130_fd_sc_hd__clkbuf_16)
                                                         clknet_0_CLK (net)
                      0.192665    0.008770    0.506011 ^ clkbuf_4_3_0_CLK/A (sky130_fd_sc_hd__clkbuf_8)
     6    0.019520    0.082381    0.305330    0.811341 ^ clkbuf_4_3_0_CLK/X (sky130_fd_sc_hd__clkbuf_8)
                                                         clknet_4_3_0_CLK (net)
                      0.082391    0.000949    0.812290 ^ _1423_/CLK (sky130_fd_sc_hd__dfrtp_2)
                                  0.250000    1.062291   clock uncertainty
                                 -0.047356    1.014934   clock reconvergence pessimism
                                 -0.081033    0.933901   library hold time
                                              0.933901   data required time
---------------------------------------------------------------------------------------------
                                              0.933901   data required time
                                             -2.811425   data arrival time
---------------------------------------------------------------------------------------------
                                              1.877523   slack (MET)


Startpoint: _1469_ (rising edge-triggered flip-flop clocked by CLK)
Endpoint: _1419_ (rising edge-triggered flip-flop clocked by CLK)
Path Group: CLK
Path Type: min

Fanout         Cap        Slew       Delay        Time   Description
---------------------------------------------------------------------------------------------
                                  0.000000    0.000000   clock CLK (rise edge)
                                  0.000000    0.000000   clock source latency
     1    0.021247    0.158803    0.103819    0.103819 ^ CLK (in)
                                                         CLK (net)
                      0.158854    0.000000    0.103819 ^ clkbuf_0_CLK/A (sky130_fd_sc_hd__clkbuf_16)
    16    0.110692    0.192001    0.346066    0.449884 ^ clkbuf_0_CLK/X (sky130_fd_sc_hd__clkbuf_16)
                                                         clknet_0_CLK (net)
                      0.192665    0.007935    0.457820 ^ clkbuf_4_3_0_CLK/A (sky130_fd_sc_hd__clkbuf_8)
     6    0.019520    0.082381    0.276251    0.734071 ^ clkbuf_4_3_0_CLK/X (sky130_fd_sc_hd__clkbuf_8)
                                                         clknet_4_3_0_CLK (net)
                      0.082396    0.001004    0.735074 ^ _1469_/CLK (sky130_fd_sc_hd__dfrtp_2)
     8    0.044965    0.356478    0.888092    1.623166 ^ _1469_/Q (sky130_fd_sc_hd__dfrtp_2)
                                                         hall.hall_c_pipe[1] (net)
                      0.356478    0.001088    1.624254 ^ hold189/A (sky130_fd_sc_hd__dlygate4sd3_1)
     1    0.002422    0.087451    1.081493    2.705747 ^ hold189/X (sky130_fd_sc_hd__dlygate4sd3_1)
                                                         net188 (net)
                      0.087451    0.000106    2.705853 ^ _1393_/A (sky130_fd_sc_hd__buf_1)
     1    0.003342    0.081844    0.156986    2.862838 ^ _1393_/X (sky130_fd_sc_hd__buf_1)
                                                         _0045_ (net)
                      0.081844    0.000191    2.863029 ^ _1419_/D (sky130_fd_sc_hd__dfrtp_2)
                                              2.863029   data arrival time

                                  0.000000    0.000000   clock CLK (rise edge)
                                  0.000000    0.000000   clock source latency
     1    0.021247    0.158803    0.114747    0.114747 ^ CLK (in)
                                                         CLK (net)
                      0.158854    0.000000    0.114747 ^ clkbuf_0_CLK/A (sky130_fd_sc_hd__clkbuf_16)
    16    0.110692    0.192001    0.382494    0.497241 ^ clkbuf_0_CLK/X (sky130_fd_sc_hd__clkbuf_16)
                                                         clknet_0_CLK (net)
                      0.192678    0.008862    0.506102 ^ clkbuf_4_0_0_CLK/A (sky130_fd_sc_hd__clkbuf_8)
     6    0.024030    0.093092    0.315987    0.822090 ^ clkbuf_4_0_0_CLK/X (sky130_fd_sc_hd__clkbuf_8)
                                                         clknet_4_0_0_CLK (net)
                      0.093112    0.001394    0.823484 ^ _1419_/CLK (sky130_fd_sc_hd__dfrtp_2)
                                  0.250000    1.073484   clock uncertainty
                                 -0.047356    1.026128   clock reconvergence pessimism
                                 -0.075799    0.950329   library hold time
                                              0.950329   data required time
---------------------------------------------------------------------------------------------
                                              0.950329   data required time
                                             -2.863029   data arrival time
---------------------------------------------------------------------------------------------
                                              1.912700   slack (MET)


Startpoint: _1399_ (rising edge-triggered flip-flop clocked by CLK)
Endpoint: _1399_ (rising edge-triggered flip-flop clocked by CLK)
Path Group: CLK
Path Type: min

Fanout         Cap        Slew       Delay        Time   Description
---------------------------------------------------------------------------------------------
                                  0.000000    0.000000   clock CLK (rise edge)
                                  0.000000    0.000000   clock source latency
     1    0.021247    0.158803    0.103819    0.103819 ^ CLK (in)
                                                         CLK (net)
                      0.158854    0.000000    0.103819 ^ clkbuf_0_CLK/A (sky130_fd_sc_hd__clkbuf_16)
    16    0.110692    0.192001    0.346066    0.449884 ^ clkbuf_0_CLK/X (sky130_fd_sc_hd__clkbuf_16)
                                                         clknet_0_CLK (net)
                      0.192366    0.005466    0.455350 ^ clkbuf_4_14_0_CLK/A (sky130_fd_sc_hd__clkbuf_8)
     6    0.018935    0.081026    0.274853    0.730203 ^ clkbuf_4_14_0_CLK/X (sky130_fd_sc_hd__clkbuf_8)
                                                         clknet_4_14_0_CLK (net)
                      0.081035    0.000847    0.731050 ^ _1399_/CLK (sky130_fd_sc_hd__dfrtp_2)
     3    0.005891    0.091769    0.672087    1.403136 ^ _1399_/Q (sky130_fd_sc_hd__dfrtp_2)
                                                         gates.phase_a.dead_count[2] (net)
                      0.091769    0.000300    1.403436 ^ _1343_/A (sky130_fd_sc_hd__or2_2)
     3    0.015670    0.142439    0.248648    1.652084 ^ _1343_/X (sky130_fd_sc_hd__or2_2)
                                                         _0678_ (net)
                      0.142446    0.001100    1.653185 ^ _1344_/A2 (sky130_fd_sc_hd__o21ai_2)
     1    0.002264    0.045644    0.106994    1.760179 v _1344_/Y (sky130_fd_sc_hd__o21ai_2)
                                                         _0025_ (net)
                      0.045644    0.000142    1.760322 v hold166/A (sky130_fd_sc_hd__dlygate4sd3_1)
     1    0.002378    0.102671    1.050495    2.810817 v hold166/X (sky130_fd_sc_hd__dlygate4sd3_1)
                                                         net165 (net)
                      0.102671    0.000164    2.810981 v _1399_/D (sky130_fd_sc_hd__dfrtp_2)
                                              2.810981   data arrival time

                                  0.000000    0.000000   clock CLK (rise edge)
                                  0.000000    0.000000   clock source latency
     1    0.021247    0.158803    0.114747    0.114747 ^ CLK (in)
                                                         CLK (net)
                      0.158854    0.000000    0.114747 ^ clkbuf_0_CLK/A (sky130_fd_sc_hd__clkbuf_16)
    16    0.110692    0.192001    0.382494    0.497241 ^ clkbuf_0_CLK/X (sky130_fd_sc_hd__clkbuf_16)
                                                         clknet_0_CLK (net)
                      0.192366    0.006041    0.503282 ^ clkbuf_4_14_0_CLK/A (sky130_fd_sc_hd__clkbuf_8)
     6    0.018935    0.081026    0.303785    0.807067 ^ clkbuf_4_14_0_CLK/X (sky130_fd_sc_hd__clkbuf_8)
                                                         clknet_4_14_0_CLK (net)
                      0.081035    0.000936    0.808002 ^ _1399_/CLK (sky130_fd_sc_hd__dfrtp_2)
                                  0.250000    1.058002   clock uncertainty
                                 -0.076953    0.981050   clock reconvergence pessimism
                                 -0.098940    0.882110   library hold time
                                              0.882110   data required time
---------------------------------------------------------------------------------------------
                                              0.882110   data required time
                                             -2.810981   data arrival time
---------------------------------------------------------------------------------------------
                                              1.928870   slack (MET)


Startpoint: _1464_ (rising edge-triggered flip-flop clocked by CLK)
Endpoint: _1421_ (rising edge-triggered flip-flop clocked by CLK)
Path Group: CLK
Path Type: min

Fanout         Cap        Slew       Delay        Time   Description
---------------------------------------------------------------------------------------------
                                  0.000000    0.000000   clock CLK (rise edge)
                                  0.000000    0.000000   clock source latency
     1    0.021247    0.158803    0.103819    0.103819 ^ CLK (in)
                                                         CLK (net)
                      0.158854    0.000000    0.103819 ^ clkbuf_0_CLK/A (sky130_fd_sc_hd__clkbuf_16)
    16    0.110692    0.192001    0.346066    0.449884 ^ clkbuf_0_CLK/X (sky130_fd_sc_hd__clkbuf_16)
                                                         clknet_0_CLK (net)
                      0.192674    0.007997    0.457881 ^ clkbuf_4_1_0_CLK/A (sky130_fd_sc_hd__clkbuf_8)
     6    0.018223    0.079392    0.273410    0.731291 ^ clkbuf_4_1_0_CLK/X (sky130_fd_sc_hd__clkbuf_8)
                                                         clknet_4_1_0_CLK (net)
                      0.079407    0.001010    0.732302 ^ _1464_/CLK (sky130_fd_sc_hd__dfrtp_2)
     9    0.042262    0.338003    0.872001    1.604303 ^ _1464_/Q (sky130_fd_sc_hd__dfrtp_2)
                                                         hall.hall_a_pipe[1] (net)
                      0.338080    0.004702    1.609005 ^ hold195/A (sky130_fd_sc_hd__dlygate4sd3_1)
     1    0.011371    0.208837    1.183767    2.792772 ^ hold195/X (sky130_fd_sc_hd__dlygate4sd3_1)
                                                         net194 (net)
                      0.208839    0.001042    2.793814 ^ _1395_/A (sky130_fd_sc_hd__buf_1)
     1    0.003121    0.078894    0.201777    2.995591 ^ _1395_/X (sky130_fd_sc_hd__buf_1)
                                                         _0047_ (net)
                      0.078894    0.000209    2.995800 ^ _1421_/D (sky130_fd_sc_hd__dfrtp_2)
                                              2.995800   data arrival time

                                  0.000000    0.000000   clock CLK (rise edge)
                                  0.000000    0.000000   clock source latency
     1    0.021247    0.158803    0.114747    0.114747 ^ CLK (in)
                                                         CLK (net)
                      0.158854    0.000000    0.114747 ^ clkbuf_0_CLK/A (sky130_fd_sc_hd__clkbuf_16)
    16    0.110692    0.192001    0.382494    0.497241 ^ clkbuf_0_CLK/X (sky130_fd_sc_hd__clkbuf_16)
                                                         clknet_0_CLK (net)
                      0.192674    0.008839    0.506079 ^ clkbuf_4_1_0_CLK/A (sky130_fd_sc_hd__clkbuf_8)
     6    0.018223    0.079392    0.302190    0.808270 ^ clkbuf_4_1_0_CLK/X (sky130_fd_sc_hd__clkbuf_8)
                                                         clknet_4_1_0_CLK (net)
                      0.079403    0.000973    0.809242 ^ _1421_/CLK (sky130_fd_sc_hd__dfrtp_2)
                                  0.250000    1.059242   clock uncertainty
                                 -0.076978    0.982264   clock reconvergence pessimism
                                 -0.077378    0.904886   library hold time
                                              0.904886   data required time
---------------------------------------------------------------------------------------------
                                              0.904886   data required time
                                             -2.995800   data arrival time
---------------------------------------------------------------------------------------------
                                              2.090914   slack (MET)


Startpoint: _1441_ (rising edge-triggered flip-flop clocked by CLK)
Endpoint: _1410_ (removal check against rising-edge clock CLK)
Path Group: asynchronous
Path Type: min

Fanout         Cap        Slew       Delay        Time   Description
---------------------------------------------------------------------------------------------
                                  0.000000    0.000000   clock CLK (rise edge)
                                  0.000000    0.000000   clock source latency
     1    0.021247    0.158803    0.103819    0.103819 ^ CLK (in)
                                                         CLK (net)
                      0.158854    0.000000    0.103819 ^ clkbuf_0_CLK/A (sky130_fd_sc_hd__clkbuf_16)
    16    0.110692    0.192001    0.346066    0.449884 ^ clkbuf_0_CLK/X (sky130_fd_sc_hd__clkbuf_16)
                                                         clknet_0_CLK (net)
                      0.192394    0.005746    0.455631 ^ clkbuf_4_10_0_CLK/A (sky130_fd_sc_hd__clkbuf_8)
     6    0.018696    0.080479    0.274320    0.729950 ^ clkbuf_4_10_0_CLK/X (sky130_fd_sc_hd__clkbuf_8)
                                                         clknet_4_10_0_CLK (net)
                      0.080488    0.000836    0.730786 ^ _1441_/CLK (sky130_fd_sc_hd__dfrtp_2)
     1    0.001743    0.062760    0.633660    1.364447 ^ _1441_/Q (sky130_fd_sc_hd__dfrtp_2)
                                                         control.reset_n (net)
                      0.062760    0.000075    1.364522 ^ hold143/A (sky130_fd_sc_hd__dlygate4sd3_1)
     2    0.010929    0.202529    1.083043    2.447565 ^ hold143/X (sky130_fd_sc_hd__dlygate4sd3_1)
                                                         net142 (net)
                      0.202529    0.000662    2.448227 ^ fanout79/A (sky130_fd_sc_hd__clkdlybuf4s25_1)
     5    0.030871    0.501304    0.790785    3.239012 ^ fanout79/X (sky130_fd_sc_hd__clkdlybuf4s25_1)
                                                         net79 (net)
                      0.501304    0.001707    3.240719 ^ fanout75/A (sky130_fd_sc_hd__clkdlybuf4s25_1)
     2    0.006181    0.122447    0.633983    3.874702 ^ fanout75/X (sky130_fd_sc_hd__clkdlybuf4s25_1)
                                                         net75 (net)
                      0.122447    0.000278    3.874980 ^ _1410_/RESET_B (sky130_fd_sc_hd__dfrtp_2)
                                              3.874980   data arrival time

                                  0.000000    0.000000   clock CLK (rise edge)
                                  0.000000    0.000000   clock source latency
     1    0.021247    0.158803    0.114747    0.114747 ^ CLK (in)
                                                         CLK (net)
                      0.158854    0.000000    0.114747 ^ clkbuf_0_CLK/A (sky130_fd_sc_hd__clkbuf_16)
    16    0.110692    0.192001    0.382494    0.497241 ^ clkbuf_0_CLK/X (sky130_fd_sc_hd__clkbuf_16)
                                                         clknet_0_CLK (net)
                      0.192288    0.005081    0.502322 ^ clkbuf_4_13_0_CLK/A (sky130_fd_sc_hd__clkbuf_8)
     6    0.017372    0.077444    0.300015    0.802337 ^ clkbuf_4_13_0_CLK/X (sky130_fd_sc_hd__clkbuf_8)
                                                         clknet_4_13_0_CLK (net)
                      0.077453    0.000861    0.803197 ^ _1410_/CLK (sky130_fd_sc_hd__dfrtp_2)
                                  0.250000    1.053198   clock uncertainty
                                 -0.047356    1.005841   clock reconvergence pessimism
                                  0.675739    1.681580   library removal time
                                              1.681580   data required time
---------------------------------------------------------------------------------------------
                                              1.681580   data required time
                                             -3.874980   data arrival time
---------------------------------------------------------------------------------------------
                                              2.193401   slack (MET)


Startpoint: _1441_ (rising edge-triggered flip-flop clocked by CLK)
Endpoint: _1475_ (removal check against rising-edge clock CLK)
Path Group: asynchronous
Path Type: min

Fanout         Cap        Slew       Delay        Time   Description
---------------------------------------------------------------------------------------------
                                  0.000000    0.000000   clock CLK (rise edge)
                                  0.000000    0.000000   clock source latency
     1    0.021247    0.158803    0.103819    0.103819 ^ CLK (in)
                                                         CLK (net)
                      0.158854    0.000000    0.103819 ^ clkbuf_0_CLK/A (sky130_fd_sc_hd__clkbuf_16)
    16    0.110692    0.192001    0.346066    0.449884 ^ clkbuf_0_CLK/X (sky130_fd_sc_hd__clkbuf_16)
                                                         clknet_0_CLK (net)
                      0.192394    0.005746    0.455631 ^ clkbuf_4_10_0_CLK/A (sky130_fd_sc_hd__clkbuf_8)
     6    0.018696    0.080479    0.274320    0.729950 ^ clkbuf_4_10_0_CLK/X (sky130_fd_sc_hd__clkbuf_8)
                                                         clknet_4_10_0_CLK (net)
                      0.080488    0.000836    0.730786 ^ _1441_/CLK (sky130_fd_sc_hd__dfrtp_2)
     1    0.001743    0.062760    0.633660    1.364447 ^ _1441_/Q (sky130_fd_sc_hd__dfrtp_2)
                                                         control.reset_n (net)
                      0.062760    0.000075    1.364522 ^ hold143/A (sky130_fd_sc_hd__dlygate4sd3_1)
     2    0.010929    0.202529    1.083043    2.447565 ^ hold143/X (sky130_fd_sc_hd__dlygate4sd3_1)
                                                         net142 (net)
                      0.202529    0.000662    2.448227 ^ fanout79/A (sky130_fd_sc_hd__clkdlybuf4s25_1)
     5    0.030871    0.501304    0.790785    3.239012 ^ fanout79/X (sky130_fd_sc_hd__clkdlybuf4s25_1)
                                                         net79 (net)
                      0.501304    0.001253    3.240265 ^ fanout77/A (sky130_fd_sc_hd__clkdlybuf4s25_1)
     3    0.014439    0.247401    0.721693    3.961957 ^ fanout77/X (sky130_fd_sc_hd__clkdlybuf4s25_1)
                                                         net77 (net)
                      0.247404    0.001222    3.963179 ^ _1475_/RESET_B (sky130_fd_sc_hd__dfrtp_2)
                                              3.963179   data arrival time

                                  0.000000    0.000000   clock CLK (rise edge)
                                  0.000000    0.000000   clock source latency
     1    0.021247    0.158803    0.114747    0.114747 ^ CLK (in)
                                                         CLK (net)
                      0.158854    0.000000    0.114747 ^ clkbuf_0_CLK/A (sky130_fd_sc_hd__clkbuf_16)
    16    0.110692    0.192001    0.382494    0.497241 ^ clkbuf_0_CLK/X (sky130_fd_sc_hd__clkbuf_16)
                                                         clknet_0_CLK (net)
                      0.192389    0.006296    0.503537 ^ clkbuf_4_11_0_CLK/A (sky130_fd_sc_hd__clkbuf_8)
     6    0.017155    0.076953    0.299547    0.803084 ^ clkbuf_4_11_0_CLK/X (sky130_fd_sc_hd__clkbuf_8)
                                                         clknet_4_11_0_CLK (net)
                      0.076962    0.000848    0.803932 ^ _1475_/CLK (sky130_fd_sc_hd__dfrtp_2)
                                  0.250000    1.053932   clock uncertainty
                                 -0.047356    1.006575   clock reconvergence pessimism
                                  0.713892    1.720467   library removal time
                                              1.720467   data required time
---------------------------------------------------------------------------------------------
                                              1.720467   data required time
                                             -3.963179   data arrival time
---------------------------------------------------------------------------------------------
                                              2.242712   slack (MET)


Startpoint: _1441_ (rising edge-triggered flip-flop clocked by CLK)
Endpoint: _1474_ (removal check against rising-edge clock CLK)
Path Group: asynchronous
Path Type: min

Fanout         Cap        Slew       Delay        Time   Description
---------------------------------------------------------------------------------------------
                                  0.000000    0.000000   clock CLK (rise edge)
                                  0.000000    0.000000   clock source latency
     1    0.021247    0.158803    0.103819    0.103819 ^ CLK (in)
                                                         CLK (net)
                      0.158854    0.000000    0.103819 ^ clkbuf_0_CLK/A (sky130_fd_sc_hd__clkbuf_16)
    16    0.110692    0.192001    0.346066    0.449884 ^ clkbuf_0_CLK/X (sky130_fd_sc_hd__clkbuf_16)
                                                         clknet_0_CLK (net)
                      0.192394    0.005746    0.455631 ^ clkbuf_4_10_0_CLK/A (sky130_fd_sc_hd__clkbuf_8)
     6    0.018696    0.080479    0.274320    0.729950 ^ clkbuf_4_10_0_CLK/X (sky130_fd_sc_hd__clkbuf_8)
                                                         clknet_4_10_0_CLK (net)
                      0.080488    0.000836    0.730786 ^ _1441_/CLK (sky130_fd_sc_hd__dfrtp_2)
     1    0.001743    0.062760    0.633660    1.364447 ^ _1441_/Q (sky130_fd_sc_hd__dfrtp_2)
                                                         control.reset_n (net)
                      0.062760    0.000075    1.364522 ^ hold143/A (sky130_fd_sc_hd__dlygate4sd3_1)
     2    0.010929    0.202529    1.083043    2.447565 ^ hold143/X (sky130_fd_sc_hd__dlygate4sd3_1)
                                                         net142 (net)
                      0.202529    0.000662    2.448227 ^ fanout79/A (sky130_fd_sc_hd__clkdlybuf4s25_1)
     5    0.030871    0.501304    0.790785    3.239012 ^ fanout79/X (sky130_fd_sc_hd__clkdlybuf4s25_1)
                                                         net79 (net)
                      0.501304    0.001253    3.240265 ^ fanout77/A (sky130_fd_sc_hd__clkdlybuf4s25_1)
     3    0.014439    0.247401    0.721693    3.961957 ^ fanout77/X (sky130_fd_sc_hd__clkdlybuf4s25_1)
                                                         net77 (net)
                      0.247402    0.001080    3.963037 ^ _1474_/RESET_B (sky130_fd_sc_hd__dfrtp_2)
                                              3.963037   data arrival time

                                  0.000000    0.000000   clock CLK (rise edge)
                                  0.000000    0.000000   clock source latency
     1    0.021247    0.158803    0.114747    0.114747 ^ CLK (in)
                                                         CLK (net)
                      0.158854    0.000000    0.114747 ^ clkbuf_0_CLK/A (sky130_fd_sc_hd__clkbuf_16)
    16    0.110692    0.192001    0.382494    0.497241 ^ clkbuf_0_CLK/X (sky130_fd_sc_hd__clkbuf_16)
                                                         clknet_0_CLK (net)
                      0.192288    0.005081    0.502322 ^ clkbuf_4_13_0_CLK/A (sky130_fd_sc_hd__clkbuf_8)
     6    0.017372    0.077444    0.300015    0.802337 ^ clkbuf_4_13_0_CLK/X (sky130_fd_sc_hd__clkbuf_8)
                                                         clknet_4_13_0_CLK (net)
                      0.077455    0.000943    0.803280 ^ _1474_/CLK (sky130_fd_sc_hd__dfrtp_2)
                                  0.250000    1.053280   clock uncertainty
                                 -0.047356    1.005924   clock reconvergence pessimism
                                  0.714040    1.719964   library removal time
                                              1.719964   data required time
---------------------------------------------------------------------------------------------
                                              1.719964   data required time
                                             -3.963037   data arrival time
---------------------------------------------------------------------------------------------
                                              2.243073   slack (MET)


Startpoint: _1441_ (rising edge-triggered flip-flop clocked by CLK)
Endpoint: _1439_ (removal check against rising-edge clock CLK)
Path Group: asynchronous
Path Type: min

Fanout         Cap        Slew       Delay        Time   Description
---------------------------------------------------------------------------------------------
                                  0.000000    0.000000   clock CLK (rise edge)
                                  0.000000    0.000000   clock source latency
     1    0.021247    0.158803    0.103819    0.103819 ^ CLK (in)
                                                         CLK (net)
                      0.158854    0.000000    0.103819 ^ clkbuf_0_CLK/A (sky130_fd_sc_hd__clkbuf_16)
    16    0.110692    0.192001    0.346066    0.449884 ^ clkbuf_0_CLK/X (sky130_fd_sc_hd__clkbuf_16)
                                                         clknet_0_CLK (net)
                      0.192394    0.005746    0.455631 ^ clkbuf_4_10_0_CLK/A (sky130_fd_sc_hd__clkbuf_8)
     6    0.018696    0.080479    0.274320    0.729950 ^ clkbuf_4_10_0_CLK/X (sky130_fd_sc_hd__clkbuf_8)
                                                         clknet_4_10_0_CLK (net)
                      0.080488    0.000836    0.730786 ^ _1441_/CLK (sky130_fd_sc_hd__dfrtp_2)
     1    0.001743    0.062760    0.633660    1.364447 ^ _1441_/Q (sky130_fd_sc_hd__dfrtp_2)
                                                         control.reset_n (net)
                      0.062760    0.000075    1.364522 ^ hold143/A (sky130_fd_sc_hd__dlygate4sd3_1)
     2    0.010929    0.202529    1.083043    2.447565 ^ hold143/X (sky130_fd_sc_hd__dlygate4sd3_1)
                                                         net142 (net)
                      0.202529    0.000662    2.448227 ^ fanout79/A (sky130_fd_sc_hd__clkdlybuf4s25_1)
     5    0.030871    0.501304    0.790785    3.239012 ^ fanout79/X (sky130_fd_sc_hd__clkdlybuf4s25_1)
                                                         net79 (net)
                      0.501304    0.001232    3.240244 ^ fanout73/A (sky130_fd_sc_hd__clkdlybuf4s25_1)
     5    0.019250    0.321566    0.772258    4.012503 ^ fanout73/X (sky130_fd_sc_hd__clkdlybuf4s25_1)
                                                         net73 (net)
                      0.321566    0.000941    4.013443 ^ _1439_/RESET_B (sky130_fd_sc_hd__dfrtp_2)
                                              4.013443   data arrival time

                                  0.000000    0.000000   clock CLK (rise edge)
                                  0.000000    0.000000   clock source latency
     1    0.021247    0.158803    0.114747    0.114747 ^ CLK (in)
                                                         CLK (net)
                      0.158854    0.000000    0.114747 ^ clkbuf_0_CLK/A (sky130_fd_sc_hd__clkbuf_16)
    16    0.110692    0.192001    0.382494    0.497241 ^ clkbuf_0_CLK/X (sky130_fd_sc_hd__clkbuf_16)
                                                         clknet_0_CLK (net)
                      0.192269    0.004810    0.502050 ^ clkbuf_4_9_0_CLK/A (sky130_fd_sc_hd__clkbuf_8)
     6    0.018064    0.079043    0.301374    0.803424 ^ clkbuf_4_9_0_CLK/X (sky130_fd_sc_hd__clkbuf_8)
                                                         clknet_4_9_0_CLK (net)
                      0.079073    0.001510    0.804933 ^ _1439_/CLK (sky130_fd_sc_hd__dfrtp_2)
                                  0.250000    1.054933   clock uncertainty
                                 -0.047356    1.007577   clock reconvergence pessimism
                                  0.737259    1.744836   library removal time
                                              1.744836   data required time
---------------------------------------------------------------------------------------------
                                              1.744836   data required time
                                             -4.013443   data arrival time
---------------------------------------------------------------------------------------------
                                              2.268607   slack (MET)


Startpoint: _1441_ (rising edge-triggered flip-flop clocked by CLK)
Endpoint: _1470_ (removal check against rising-edge clock CLK)
Path Group: asynchronous
Path Type: min

Fanout         Cap        Slew       Delay        Time   Description
---------------------------------------------------------------------------------------------
                                  0.000000    0.000000   clock CLK (rise edge)
                                  0.000000    0.000000   clock source latency
     1    0.021247    0.158803    0.103819    0.103819 ^ CLK (in)
                                                         CLK (net)
                      0.158854    0.000000    0.103819 ^ clkbuf_0_CLK/A (sky130_fd_sc_hd__clkbuf_16)
    16    0.110692    0.192001    0.346066    0.449884 ^ clkbuf_0_CLK/X (sky130_fd_sc_hd__clkbuf_16)
                                                         clknet_0_CLK (net)
                      0.192394    0.005746    0.455631 ^ clkbuf_4_10_0_CLK/A (sky130_fd_sc_hd__clkbuf_8)
     6    0.018696    0.080479    0.274320    0.729950 ^ clkbuf_4_10_0_CLK/X (sky130_fd_sc_hd__clkbuf_8)
                                                         clknet_4_10_0_CLK (net)
                      0.080488    0.000836    0.730786 ^ _1441_/CLK (sky130_fd_sc_hd__dfrtp_2)
     1    0.001743    0.062760    0.633660    1.364447 ^ _1441_/Q (sky130_fd_sc_hd__dfrtp_2)
                                                         control.reset_n (net)
                      0.062760    0.000075    1.364522 ^ hold143/A (sky130_fd_sc_hd__dlygate4sd3_1)
     2    0.010929    0.202529    1.083043    2.447565 ^ hold143/X (sky130_fd_sc_hd__dlygate4sd3_1)
                                                         net142 (net)
                      0.202529    0.000662    2.448227 ^ fanout79/A (sky130_fd_sc_hd__clkdlybuf4s25_1)
     5    0.030871    0.501304    0.790785    3.239012 ^ fanout79/X (sky130_fd_sc_hd__clkdlybuf4s25_1)
                                                         net79 (net)
                      0.501304    0.001232    3.240244 ^ fanout73/A (sky130_fd_sc_hd__clkdlybuf4s25_1)
     5    0.019250    0.321566    0.772258    4.012503 ^ fanout73/X (sky130_fd_sc_hd__clkdlybuf4s25_1)
                                                         net73 (net)
                      0.321566    0.000769    4.013272 ^ _1470_/RESET_B (sky130_fd_sc_hd__dfrtp_2)
                                              4.013272   data arrival time

                                  0.000000    0.000000   clock CLK (rise edge)
                                  0.000000    0.000000   clock source latency
     1    0.021247    0.158803    0.114747    0.114747 ^ CLK (in)
                                                         CLK (net)
                      0.158854    0.000000    0.114747 ^ clkbuf_0_CLK/A (sky130_fd_sc_hd__clkbuf_16)
    16    0.110692    0.192001    0.382494    0.497241 ^ clkbuf_0_CLK/X (sky130_fd_sc_hd__clkbuf_16)
                                                         clknet_0_CLK (net)
                      0.192290    0.005107    0.502347 ^ clkbuf_4_8_0_CLK/A (sky130_fd_sc_hd__clkbuf_8)
     5    0.014905    0.071897    0.294177    0.796524 ^ clkbuf_4_8_0_CLK/X (sky130_fd_sc_hd__clkbuf_8)
                                                         clknet_4_8_0_CLK (net)
                      0.071947    0.000728    0.797252 ^ _1470_/CLK (sky130_fd_sc_hd__dfrtp_2)
                                  0.250000    1.047252   clock uncertainty
                                 -0.047356    0.999896   clock reconvergence pessimism
                                  0.735116    1.735011   library removal time
                                              1.735011   data required time
---------------------------------------------------------------------------------------------
                                              1.735011   data required time
                                             -4.013272   data arrival time
---------------------------------------------------------------------------------------------
                                              2.278260   slack (MET)


Startpoint: _1441_ (rising edge-triggered flip-flop clocked by CLK)
Endpoint: _1471_ (removal check against rising-edge clock CLK)
Path Group: asynchronous
Path Type: min

Fanout         Cap        Slew       Delay        Time   Description
---------------------------------------------------------------------------------------------
                                  0.000000    0.000000   clock CLK (rise edge)
                                  0.000000    0.000000   clock source latency
     1    0.021247    0.158803    0.103819    0.103819 ^ CLK (in)
                                                         CLK (net)
                      0.158854    0.000000    0.103819 ^ clkbuf_0_CLK/A (sky130_fd_sc_hd__clkbuf_16)
    16    0.110692    0.192001    0.346066    0.449884 ^ clkbuf_0_CLK/X (sky130_fd_sc_hd__clkbuf_16)
                                                         clknet_0_CLK (net)
                      0.192394    0.005746    0.455631 ^ clkbuf_4_10_0_CLK/A (sky130_fd_sc_hd__clkbuf_8)
     6    0.018696    0.080479    0.274320    0.729950 ^ clkbuf_4_10_0_CLK/X (sky130_fd_sc_hd__clkbuf_8)
                                                         clknet_4_10_0_CLK (net)
                      0.080488    0.000836    0.730786 ^ _1441_/CLK (sky130_fd_sc_hd__dfrtp_2)
     1    0.001743    0.062760    0.633660    1.364447 ^ _1441_/Q (sky130_fd_sc_hd__dfrtp_2)
                                                         control.reset_n (net)
                      0.062760    0.000075    1.364522 ^ hold143/A (sky130_fd_sc_hd__dlygate4sd3_1)
     2    0.010929    0.202529    1.083043    2.447565 ^ hold143/X (sky130_fd_sc_hd__dlygate4sd3_1)
                                                         net142 (net)
                      0.202529    0.000662    2.448227 ^ fanout79/A (sky130_fd_sc_hd__clkdlybuf4s25_1)
     5    0.030871    0.501304    0.790785    3.239012 ^ fanout79/X (sky130_fd_sc_hd__clkdlybuf4s25_1)
                                                         net79 (net)
                      0.501304    0.001232    3.240244 ^ fanout73/A (sky130_fd_sc_hd__clkdlybuf4s25_1)
     5    0.019250    0.321566    0.772258    4.012503 ^ fanout73/X (sky130_fd_sc_hd__clkdlybuf4s25_1)
                                                         net73 (net)
                      0.321566    0.000818    4.013320 ^ _1471_/RESET_B (sky130_fd_sc_hd__dfrtp_2)
                                              4.013320   data arrival time

                                  0.000000    0.000000   clock CLK (rise edge)
                                  0.000000    0.000000   clock source latency
     1    0.021247    0.158803    0.114747    0.114747 ^ CLK (in)
                                                         CLK (net)
                      0.158854    0.000000    0.114747 ^ clkbuf_0_CLK/A (sky130_fd_sc_hd__clkbuf_16)
    16    0.110692    0.192001    0.382494    0.497241 ^ clkbuf_0_CLK/X (sky130_fd_sc_hd__clkbuf_16)
                                                         clknet_0_CLK (net)
                      0.192290    0.005107    0.502347 ^ clkbuf_4_8_0_CLK/A (sky130_fd_sc_hd__clkbuf_8)
     5    0.014905    0.071897    0.294177    0.796524 ^ clkbuf_4_8_0_CLK/X (sky130_fd_sc_hd__clkbuf_8)
                                                         clknet_4_8_0_CLK (net)
                      0.071946    0.000709    0.797233 ^ _1471_/CLK (sky130_fd_sc_hd__dfrtp_2)
                                  0.250000    1.047233   clock uncertainty
                                 -0.047356    0.999877   clock reconvergence pessimism
                                  0.735115    1.734992   library removal time
                                              1.734992   data required time
---------------------------------------------------------------------------------------------
                                              1.734992   data required time
                                             -4.013320   data arrival time
---------------------------------------------------------------------------------------------
                                              2.278328   slack (MET)


Startpoint: _1441_ (rising edge-triggered flip-flop clocked by CLK)
Endpoint: _1396_ (removal check against rising-edge clock CLK)
Path Group: asynchronous
Path Type: min

Fanout         Cap        Slew       Delay        Time   Description
---------------------------------------------------------------------------------------------
                                  0.000000    0.000000   clock CLK (rise edge)
                                  0.000000    0.000000   clock source latency
     1    0.021247    0.158803    0.103819    0.103819 ^ CLK (in)
                                                         CLK (net)
                      0.158854    0.000000    0.103819 ^ clkbuf_0_CLK/A (sky130_fd_sc_hd__clkbuf_16)
    16    0.110692    0.192001    0.346066    0.449884 ^ clkbuf_0_CLK/X (sky130_fd_sc_hd__clkbuf_16)
                                                         clknet_0_CLK (net)
                      0.192394    0.005746    0.455631 ^ clkbuf_4_10_0_CLK/A (sky130_fd_sc_hd__clkbuf_8)
     6    0.018696    0.080479    0.274320    0.729950 ^ clkbuf_4_10_0_CLK/X (sky130_fd_sc_hd__clkbuf_8)
                                                         clknet_4_10_0_CLK (net)
                      0.080488    0.000836    0.730786 ^ _1441_/CLK (sky130_fd_sc_hd__dfrtp_2)
     1    0.001743    0.062760    0.633660    1.364447 ^ _1441_/Q (sky130_fd_sc_hd__dfrtp_2)
                                                         control.reset_n (net)
                      0.062760    0.000075    1.364522 ^ hold143/A (sky130_fd_sc_hd__dlygate4sd3_1)
     2    0.010929    0.202529    1.083043    2.447565 ^ hold143/X (sky130_fd_sc_hd__dlygate4sd3_1)
                                                         net142 (net)
                      0.202529    0.000662    2.448227 ^ fanout79/A (sky130_fd_sc_hd__clkdlybuf4s25_1)
     5    0.030871    0.501304    0.790785    3.239012 ^ fanout79/X (sky130_fd_sc_hd__clkdlybuf4s25_1)
                                                         net79 (net)
                      0.501304    0.001232    3.240244 ^ fanout73/A (sky130_fd_sc_hd__clkdlybuf4s25_1)
     5    0.019250    0.321566    0.772258    4.012503 ^ fanout73/X (sky130_fd_sc_hd__clkdlybuf4s25_1)
                                                         net73 (net)
                      0.321566    0.000882    4.013384 ^ _1396_/RESET_B (sky130_fd_sc_hd__dfrtp_2)
                                              4.013384   data arrival time

                                  0.000000    0.000000   clock CLK (rise edge)
                                  0.000000    0.000000   clock source latency
     1    0.021247    0.158803    0.114747    0.114747 ^ CLK (in)
                                                         CLK (net)
                      0.158854    0.000000    0.114747 ^ clkbuf_0_CLK/A (sky130_fd_sc_hd__clkbuf_16)
    16    0.110692    0.192001    0.382494    0.497241 ^ clkbuf_0_CLK/X (sky130_fd_sc_hd__clkbuf_16)
                                                         clknet_0_CLK (net)
                      0.192290    0.005107    0.502347 ^ clkbuf_4_8_0_CLK/A (sky130_fd_sc_hd__clkbuf_8)
     5    0.014905    0.071897    0.294177    0.796524 ^ clkbuf_4_8_0_CLK/X (sky130_fd_sc_hd__clkbuf_8)
                                                         clknet_4_8_0_CLK (net)
                      0.071946    0.000706    0.797230 ^ _1396_/CLK (sky130_fd_sc_hd__dfrtp_2)
                                  0.250000    1.047230   clock uncertainty
                                 -0.047356    0.999874   clock reconvergence pessimism
                                  0.735115    1.734990   library removal time
                                              1.734990   data required time
---------------------------------------------------------------------------------------------
                                              1.734990   data required time
                                             -4.013384   data arrival time
---------------------------------------------------------------------------------------------
                                              2.278395   slack (MET)


Startpoint: _1441_ (rising edge-triggered flip-flop clocked by CLK)
Endpoint: _1438_ (removal check against rising-edge clock CLK)
Path Group: asynchronous
Path Type: min

Fanout         Cap        Slew       Delay        Time   Description
---------------------------------------------------------------------------------------------
                                  0.000000    0.000000   clock CLK (rise edge)
                                  0.000000    0.000000   clock source latency
     1    0.021247    0.158803    0.103819    0.103819 ^ CLK (in)
                                                         CLK (net)
                      0.158854    0.000000    0.103819 ^ clkbuf_0_CLK/A (sky130_fd_sc_hd__clkbuf_16)
    16    0.110692    0.192001    0.346066    0.449884 ^ clkbuf_0_CLK/X (sky130_fd_sc_hd__clkbuf_16)
                                                         clknet_0_CLK (net)
                      0.192394    0.005746    0.455631 ^ clkbuf_4_10_0_CLK/A (sky130_fd_sc_hd__clkbuf_8)
     6    0.018696    0.080479    0.274320    0.729950 ^ clkbuf_4_10_0_CLK/X (sky130_fd_sc_hd__clkbuf_8)
                                                         clknet_4_10_0_CLK (net)
                      0.080488    0.000836    0.730786 ^ _1441_/CLK (sky130_fd_sc_hd__dfrtp_2)
     1    0.001743    0.062760    0.633660    1.364447 ^ _1441_/Q (sky130_fd_sc_hd__dfrtp_2)
                                                         control.reset_n (net)
                      0.062760    0.000075    1.364522 ^ hold143/A (sky130_fd_sc_hd__dlygate4sd3_1)
     2    0.010929    0.202529    1.083043    2.447565 ^ hold143/X (sky130_fd_sc_hd__dlygate4sd3_1)
                                                         net142 (net)
                      0.202531    0.000983    2.448548 ^ fanout72/A (sky130_fd_sc_hd__clkdlybuf4s25_1)
     8    0.039601    0.637829    0.881580    3.330128 ^ fanout72/X (sky130_fd_sc_hd__clkdlybuf4s25_1)
                                                         net72 (net)
                      0.637829    0.000111    3.330238 ^ fanout70/A (sky130_fd_sc_hd__clkdlybuf4s25_1)
     5    0.018327    0.307371    0.807520    4.137758 ^ fanout70/X (sky130_fd_sc_hd__clkdlybuf4s25_1)
                                                         net70 (net)
                      0.307373    0.001348    4.139106 ^ _1438_/RESET_B (sky130_fd_sc_hd__dfrtp_2)
                                              4.139106   data arrival time

                                  0.000000    0.000000   clock CLK (rise edge)
                                  0.000000    0.000000   clock source latency
     1    0.021247    0.158803    0.114747    0.114747 ^ CLK (in)
                                                         CLK (net)
                      0.158854    0.000000    0.114747 ^ clkbuf_0_CLK/A (sky130_fd_sc_hd__clkbuf_16)
    16    0.110692    0.192001    0.382494    0.497241 ^ clkbuf_0_CLK/X (sky130_fd_sc_hd__clkbuf_16)
                                                         clknet_0_CLK (net)
                      0.192679    0.008869    0.506110 ^ clkbuf_4_2_0_CLK/A (sky130_fd_sc_hd__clkbuf_8)
     6    0.020724    0.085211    0.308118    0.814228 ^ clkbuf_4_2_0_CLK/X (sky130_fd_sc_hd__clkbuf_8)
                                                         clknet_4_2_0_CLK (net)
                      0.085234    0.001375    0.815603 ^ _1438_/CLK (sky130_fd_sc_hd__dfrtp_2)
                                  0.250000    1.065603   clock uncertainty
                                 -0.047356    1.018246   clock reconvergence pessimism
                                  0.734761    1.753007   library removal time
                                              1.753007   data required time
---------------------------------------------------------------------------------------------
                                              1.753007   data required time
                                             -4.139106   data arrival time
---------------------------------------------------------------------------------------------
                                              2.386099   slack (MET)


Startpoint: _1441_ (rising edge-triggered flip-flop clocked by CLK)
Endpoint: _1415_ (removal check against rising-edge clock CLK)
Path Group: asynchronous
Path Type: min

Fanout         Cap        Slew       Delay        Time   Description
---------------------------------------------------------------------------------------------
                                  0.000000    0.000000   clock CLK (rise edge)
                                  0.000000    0.000000   clock source latency
     1    0.021247    0.158803    0.103819    0.103819 ^ CLK (in)
                                                         CLK (net)
                      0.158854    0.000000    0.103819 ^ clkbuf_0_CLK/A (sky130_fd_sc_hd__clkbuf_16)
    16    0.110692    0.192001    0.346066    0.449884 ^ clkbuf_0_CLK/X (sky130_fd_sc_hd__clkbuf_16)
                                                         clknet_0_CLK (net)
                      0.192394    0.005746    0.455631 ^ clkbuf_4_10_0_CLK/A (sky130_fd_sc_hd__clkbuf_8)
     6    0.018696    0.080479    0.274320    0.729950 ^ clkbuf_4_10_0_CLK/X (sky130_fd_sc_hd__clkbuf_8)
                                                         clknet_4_10_0_CLK (net)
                      0.080488    0.000836    0.730786 ^ _1441_/CLK (sky130_fd_sc_hd__dfrtp_2)
     1    0.001743    0.062760    0.633660    1.364447 ^ _1441_/Q (sky130_fd_sc_hd__dfrtp_2)
                                                         control.reset_n (net)
                      0.062760    0.000075    1.364522 ^ hold143/A (sky130_fd_sc_hd__dlygate4sd3_1)
     2    0.010929    0.202529    1.083043    2.447565 ^ hold143/X (sky130_fd_sc_hd__dlygate4sd3_1)
                                                         net142 (net)
                      0.202531    0.000983    2.448548 ^ fanout72/A (sky130_fd_sc_hd__clkdlybuf4s25_1)
     8    0.039601    0.637829    0.881580    3.330128 ^ fanout72/X (sky130_fd_sc_hd__clkdlybuf4s25_1)
                                                         net72 (net)
                      0.637829    0.000111    3.330238 ^ fanout70/A (sky130_fd_sc_hd__clkdlybuf4s25_1)
     5    0.018327    0.307371    0.807520    4.137758 ^ fanout70/X (sky130_fd_sc_hd__clkdlybuf4s25_1)
                                                         net70 (net)
                      0.307375    0.001537    4.139294 ^ _1415_/RESET_B (sky130_fd_sc_hd__dfrtp_2)
                                              4.139294   data arrival time

                                  0.000000    0.000000   clock CLK (rise edge)
                                  0.000000    0.000000   clock source latency
     1    0.021247    0.158803    0.114747    0.114747 ^ CLK (in)
                                                         CLK (net)
                      0.158854    0.000000    0.114747 ^ clkbuf_0_CLK/A (sky130_fd_sc_hd__clkbuf_16)
    16    0.110692    0.192001    0.382494    0.497241 ^ clkbuf_0_CLK/X (sky130_fd_sc_hd__clkbuf_16)
                                                         clknet_0_CLK (net)
                      0.192679    0.008869    0.506110 ^ clkbuf_4_2_0_CLK/A (sky130_fd_sc_hd__clkbuf_8)
     6    0.020724    0.085211    0.308118    0.814228 ^ clkbuf_4_2_0_CLK/X (sky130_fd_sc_hd__clkbuf_8)
                                                         clknet_4_2_0_CLK (net)
                      0.085233    0.001346    0.815573 ^ _1415_/CLK (sky130_fd_sc_hd__dfrtp_2)
                                  0.250000    1.065573   clock uncertainty
                                 -0.047356    1.018217   clock reconvergence pessimism
                                  0.734761    1.752978   library removal time
                                              1.752978   data required time
---------------------------------------------------------------------------------------------
                                              1.752978   data required time
                                             -4.139294   data arrival time
---------------------------------------------------------------------------------------------
                                              2.386316   slack (MET)


Startpoint: _1441_ (rising edge-triggered flip-flop clocked by CLK)
Endpoint: _1425_ (removal check against rising-edge clock CLK)
Path Group: asynchronous
Path Type: min

Fanout         Cap        Slew       Delay        Time   Description
---------------------------------------------------------------------------------------------
                                  0.000000    0.000000   clock CLK (rise edge)
                                  0.000000    0.000000   clock source latency
     1    0.021247    0.158803    0.103819    0.103819 ^ CLK (in)
                                                         CLK (net)
                      0.158854    0.000000    0.103819 ^ clkbuf_0_CLK/A (sky130_fd_sc_hd__clkbuf_16)
    16    0.110692    0.192001    0.346066    0.449884 ^ clkbuf_0_CLK/X (sky130_fd_sc_hd__clkbuf_16)
                                                         clknet_0_CLK (net)
                      0.192394    0.005746    0.455631 ^ clkbuf_4_10_0_CLK/A (sky130_fd_sc_hd__clkbuf_8)
     6    0.018696    0.080479    0.274320    0.729950 ^ clkbuf_4_10_0_CLK/X (sky130_fd_sc_hd__clkbuf_8)
                                                         clknet_4_10_0_CLK (net)
                      0.080488    0.000836    0.730786 ^ _1441_/CLK (sky130_fd_sc_hd__dfrtp_2)
     1    0.001743    0.062760    0.633660    1.364447 ^ _1441_/Q (sky130_fd_sc_hd__dfrtp_2)
                                                         control.reset_n (net)
                      0.062760    0.000075    1.364522 ^ hold143/A (sky130_fd_sc_hd__dlygate4sd3_1)
     2    0.010929    0.202529    1.083043    2.447565 ^ hold143/X (sky130_fd_sc_hd__dlygate4sd3_1)
                                                         net142 (net)
                      0.202531    0.000983    2.448548 ^ fanout72/A (sky130_fd_sc_hd__clkdlybuf4s25_1)
     8    0.039601    0.637829    0.881580    3.330128 ^ fanout72/X (sky130_fd_sc_hd__clkdlybuf4s25_1)
                                                         net72 (net)
                      0.637829    0.000111    3.330238 ^ fanout70/A (sky130_fd_sc_hd__clkdlybuf4s25_1)
     5    0.018327    0.307371    0.807520    4.137758 ^ fanout70/X (sky130_fd_sc_hd__clkdlybuf4s25_1)
                                                         net70 (net)
                      0.307375    0.001547    4.139305 ^ _1425_/RESET_B (sky130_fd_sc_hd__dfrtp_2)
                                              4.139305   data arrival time

                                  0.000000    0.000000   clock CLK (rise edge)
                                  0.000000    0.000000   clock source latency
     1    0.021247    0.158803    0.114747    0.114747 ^ CLK (in)
                                                         CLK (net)
                      0.158854    0.000000    0.114747 ^ clkbuf_0_CLK/A (sky130_fd_sc_hd__clkbuf_16)
    16    0.110692    0.192001    0.382494    0.497241 ^ clkbuf_0_CLK/X (sky130_fd_sc_hd__clkbuf_16)
                                                         clknet_0_CLK (net)
                      0.192679    0.008869    0.506110 ^ clkbuf_4_2_0_CLK/A (sky130_fd_sc_hd__clkbuf_8)
     6    0.020724    0.085211    0.308118    0.814228 ^ clkbuf_4_2_0_CLK/X (sky130_fd_sc_hd__clkbuf_8)
                                                         clknet_4_2_0_CLK (net)
                      0.085229    0.001235    0.815463 ^ _1425_/CLK (sky130_fd_sc_hd__dfrtp_2)
                                  0.250000    1.065463   clock uncertainty
                                 -0.047356    1.018106   clock reconvergence pessimism
                                  0.734760    1.752867   library removal time
                                              1.752867   data required time
---------------------------------------------------------------------------------------------
                                              1.752867   data required time
                                             -4.139305   data arrival time
---------------------------------------------------------------------------------------------
                                              2.386438   slack (MET)


Startpoint: _1441_ (rising edge-triggered flip-flop clocked by CLK)
Endpoint: _1468_ (removal check against rising-edge clock CLK)
Path Group: asynchronous
Path Type: min

Fanout         Cap        Slew       Delay        Time   Description
---------------------------------------------------------------------------------------------
                                  0.000000    0.000000   clock CLK (rise edge)
                                  0.000000    0.000000   clock source latency
     1    0.021247    0.158803    0.103819    0.103819 ^ CLK (in)
                                                         CLK (net)
                      0.158854    0.000000    0.103819 ^ clkbuf_0_CLK/A (sky130_fd_sc_hd__clkbuf_16)
    16    0.110692    0.192001    0.346066    0.449884 ^ clkbuf_0_CLK/X (sky130_fd_sc_hd__clkbuf_16)
                                                         clknet_0_CLK (net)
                      0.192394    0.005746    0.455631 ^ clkbuf_4_10_0_CLK/A (sky130_fd_sc_hd__clkbuf_8)
     6    0.018696    0.080479    0.274320    0.729950 ^ clkbuf_4_10_0_CLK/X (sky130_fd_sc_hd__clkbuf_8)
                                                         clknet_4_10_0_CLK (net)
                      0.080488    0.000836    0.730786 ^ _1441_/CLK (sky130_fd_sc_hd__dfrtp_2)
     1    0.001743    0.062760    0.633660    1.364447 ^ _1441_/Q (sky130_fd_sc_hd__dfrtp_2)
                                                         control.reset_n (net)
                      0.062760    0.000075    1.364522 ^ hold143/A (sky130_fd_sc_hd__dlygate4sd3_1)
     2    0.010929    0.202529    1.083043    2.447565 ^ hold143/X (sky130_fd_sc_hd__dlygate4sd3_1)
                                                         net142 (net)
                      0.202531    0.000983    2.448548 ^ fanout72/A (sky130_fd_sc_hd__clkdlybuf4s25_1)
     8    0.039601    0.637829    0.881580    3.330128 ^ fanout72/X (sky130_fd_sc_hd__clkdlybuf4s25_1)
                                                         net72 (net)
                      0.637832    0.002532    3.332659 ^ fanout66/A (sky130_fd_sc_hd__clkdlybuf4s25_1)
     5    0.023003    0.379610    0.856440    4.189099 ^ fanout66/X (sky130_fd_sc_hd__clkdlybuf4s25_1)
                                                         net66 (net)
                      0.379610    0.001157    4.190256 ^ _1468_/RESET_B (sky130_fd_sc_hd__dfrtp_2)
                                              4.190256   data arrival time

                                  0.000000    0.000000   clock CLK (rise edge)
                                  0.000000    0.000000   clock source latency
     1    0.021247    0.158803    0.114747    0.114747 ^ CLK (in)
                                                         CLK (net)
                      0.158854    0.000000    0.114747 ^ clkbuf_0_CLK/A (sky130_fd_sc_hd__clkbuf_16)
    16    0.110692    0.192001    0.382494    0.497241 ^ clkbuf_0_CLK/X (sky130_fd_sc_hd__clkbuf_16)
                                                         clknet_0_CLK (net)
                      0.192679    0.008869    0.506110 ^ clkbuf_4_2_0_CLK/A (sky130_fd_sc_hd__clkbuf_8)
     6    0.020724    0.085211    0.308118    0.814228 ^ clkbuf_4_2_0_CLK/X (sky130_fd_sc_hd__clkbuf_8)
                                                         clknet_4_2_0_CLK (net)
                      0.085222    0.001022    0.815249 ^ _1468_/CLK (sky130_fd_sc_hd__dfrtp_2)
                                  0.250000    1.065249   clock uncertainty
                                 -0.047356    1.017893   clock reconvergence pessimism
                                  0.756897    1.774790   library removal time
                                              1.774790   data required time
---------------------------------------------------------------------------------------------
                                              1.774790   data required time
                                             -4.190256   data arrival time
---------------------------------------------------------------------------------------------
                                              2.415466   slack (MET)


Startpoint: _1441_ (rising edge-triggered flip-flop clocked by CLK)
Endpoint: _1469_ (removal check against rising-edge clock CLK)
Path Group: asynchronous
Path Type: min

Fanout         Cap        Slew       Delay        Time   Description
---------------------------------------------------------------------------------------------
                                  0.000000    0.000000   clock CLK (rise edge)
                                  0.000000    0.000000   clock source latency
     1    0.021247    0.158803    0.103819    0.103819 ^ CLK (in)
                                                         CLK (net)
                      0.158854    0.000000    0.103819 ^ clkbuf_0_CLK/A (sky130_fd_sc_hd__clkbuf_16)
    16    0.110692    0.192001    0.346066    0.449884 ^ clkbuf_0_CLK/X (sky130_fd_sc_hd__clkbuf_16)
                                                         clknet_0_CLK (net)
                      0.192394    0.005746    0.455631 ^ clkbuf_4_10_0_CLK/A (sky130_fd_sc_hd__clkbuf_8)
     6    0.018696    0.080479    0.274320    0.729950 ^ clkbuf_4_10_0_CLK/X (sky130_fd_sc_hd__clkbuf_8)
                                                         clknet_4_10_0_CLK (net)
                      0.080488    0.000836    0.730786 ^ _1441_/CLK (sky130_fd_sc_hd__dfrtp_2)
     1    0.001743    0.062760    0.633660    1.364447 ^ _1441_/Q (sky130_fd_sc_hd__dfrtp_2)
                                                         control.reset_n (net)
                      0.062760    0.000075    1.364522 ^ hold143/A (sky130_fd_sc_hd__dlygate4sd3_1)
     2    0.010929    0.202529    1.083043    2.447565 ^ hold143/X (sky130_fd_sc_hd__dlygate4sd3_1)
                                                         net142 (net)
                      0.202531    0.000983    2.448548 ^ fanout72/A (sky130_fd_sc_hd__clkdlybuf4s25_1)
     8    0.039601    0.637829    0.881580    3.330128 ^ fanout72/X (sky130_fd_sc_hd__clkdlybuf4s25_1)
                                                         net72 (net)
                      0.637832    0.002532    3.332659 ^ fanout66/A (sky130_fd_sc_hd__clkdlybuf4s25_1)
     5    0.023003    0.379610    0.856440    4.189099 ^ fanout66/X (sky130_fd_sc_hd__clkdlybuf4s25_1)
                                                         net66 (net)
                      0.379610    0.000939    4.190038 ^ _1469_/RESET_B (sky130_fd_sc_hd__dfrtp_2)
                                              4.190038   data arrival time

                                  0.000000    0.000000   clock CLK (rise edge)
                                  0.000000    0.000000   clock source latency
     1    0.021247    0.158803    0.114747    0.114747 ^ CLK (in)
                                                         CLK (net)
                      0.158854    0.000000    0.114747 ^ clkbuf_0_CLK/A (sky130_fd_sc_hd__clkbuf_16)
    16    0.110692    0.192001    0.382494    0.497241 ^ clkbuf_0_CLK/X (sky130_fd_sc_hd__clkbuf_16)
                                                         clknet_0_CLK (net)
                      0.192665    0.008770    0.506011 ^ clkbuf_4_3_0_CLK/A (sky130_fd_sc_hd__clkbuf_8)
     6    0.019520    0.082381    0.305330    0.811341 ^ clkbuf_4_3_0_CLK/X (sky130_fd_sc_hd__clkbuf_8)
                                                         clknet_4_3_0_CLK (net)
                      0.082396    0.001110    0.812451 ^ _1469_/CLK (sky130_fd_sc_hd__dfrtp_2)
                                  0.250000    1.062451   clock uncertainty
                                 -0.047356    1.015094   clock reconvergence pessimism
                                  0.756048    1.771142   library removal time
                                              1.771142   data required time
---------------------------------------------------------------------------------------------
                                              1.771142   data required time
                                             -4.190038   data arrival time
---------------------------------------------------------------------------------------------
                                              2.418896   slack (MET)


Startpoint: _1441_ (rising edge-triggered flip-flop clocked by CLK)
Endpoint: _1423_ (removal check against rising-edge clock CLK)
Path Group: asynchronous
Path Type: min

Fanout         Cap        Slew       Delay        Time   Description
---------------------------------------------------------------------------------------------
                                  0.000000    0.000000   clock CLK (rise edge)
                                  0.000000    0.000000   clock source latency
     1    0.021247    0.158803    0.103819    0.103819 ^ CLK (in)
                                                         CLK (net)
                      0.158854    0.000000    0.103819 ^ clkbuf_0_CLK/A (sky130_fd_sc_hd__clkbuf_16)
    16    0.110692    0.192001    0.346066    0.449884 ^ clkbuf_0_CLK/X (sky130_fd_sc_hd__clkbuf_16)
                                                         clknet_0_CLK (net)
                      0.192394    0.005746    0.455631 ^ clkbuf_4_10_0_CLK/A (sky130_fd_sc_hd__clkbuf_8)
     6    0.018696    0.080479    0.274320    0.729950 ^ clkbuf_4_10_0_CLK/X (sky130_fd_sc_hd__clkbuf_8)
                                                         clknet_4_10_0_CLK (net)
                      0.080488    0.000836    0.730786 ^ _1441_/CLK (sky130_fd_sc_hd__dfrtp_2)
     1    0.001743    0.062760    0.633660    1.364447 ^ _1441_/Q (sky130_fd_sc_hd__dfrtp_2)
                                                         control.reset_n (net)
                      0.062760    0.000075    1.364522 ^ hold143/A (sky130_fd_sc_hd__dlygate4sd3_1)
     2    0.010929    0.202529    1.083043    2.447565 ^ hold143/X (sky130_fd_sc_hd__dlygate4sd3_1)
                                                         net142 (net)
                      0.202531    0.000983    2.448548 ^ fanout72/A (sky130_fd_sc_hd__clkdlybuf4s25_1)
     8    0.039601    0.637829    0.881580    3.330128 ^ fanout72/X (sky130_fd_sc_hd__clkdlybuf4s25_1)
                                                         net72 (net)
                      0.637832    0.002532    3.332659 ^ fanout66/A (sky130_fd_sc_hd__clkdlybuf4s25_1)
     5    0.023003    0.379610    0.856440    4.189099 ^ fanout66/X (sky130_fd_sc_hd__clkdlybuf4s25_1)
                                                         net66 (net)
                      0.379612    0.001473    4.190572 ^ _1423_/RESET_B (sky130_fd_sc_hd__dfrtp_2)
                                              4.190572   data arrival time

                                  0.000000    0.000000   clock CLK (rise edge)
                                  0.000000    0.000000   clock source latency
     1    0.021247    0.158803    0.114747    0.114747 ^ CLK (in)
                                                         CLK (net)
                      0.158854    0.000000    0.114747 ^ clkbuf_0_CLK/A (sky130_fd_sc_hd__clkbuf_16)
    16    0.110692    0.192001    0.382494    0.497241 ^ clkbuf_0_CLK/X (sky130_fd_sc_hd__clkbuf_16)
                                                         clknet_0_CLK (net)
                      0.192665    0.008770    0.506011 ^ clkbuf_4_3_0_CLK/A (sky130_fd_sc_hd__clkbuf_8)
     6    0.019520    0.082381    0.305330    0.811341 ^ clkbuf_4_3_0_CLK/X (sky130_fd_sc_hd__clkbuf_8)
                                                         clknet_4_3_0_CLK (net)
                      0.082391    0.000949    0.812290 ^ _1423_/CLK (sky130_fd_sc_hd__dfrtp_2)
                                  0.250000    1.062291   clock uncertainty
                                 -0.047356    1.014934   clock reconvergence pessimism
                                  0.756047    1.770981   library removal time
                                              1.770981   data required time
---------------------------------------------------------------------------------------------
                                              1.770981   data required time
                                             -4.190572   data arrival time
---------------------------------------------------------------------------------------------
                                              2.419591   slack (MET)


Startpoint: _1441_ (rising edge-triggered flip-flop clocked by CLK)
Endpoint: _1424_ (removal check against rising-edge clock CLK)
Path Group: asynchronous
Path Type: min

Fanout         Cap        Slew       Delay        Time   Description
---------------------------------------------------------------------------------------------
                                  0.000000    0.000000   clock CLK (rise edge)
                                  0.000000    0.000000   clock source latency
     1    0.021247    0.158803    0.103819    0.103819 ^ CLK (in)
                                                         CLK (net)
                      0.158854    0.000000    0.103819 ^ clkbuf_0_CLK/A (sky130_fd_sc_hd__clkbuf_16)
    16    0.110692    0.192001    0.346066    0.449884 ^ clkbuf_0_CLK/X (sky130_fd_sc_hd__clkbuf_16)
                                                         clknet_0_CLK (net)
                      0.192394    0.005746    0.455631 ^ clkbuf_4_10_0_CLK/A (sky130_fd_sc_hd__clkbuf_8)
     6    0.018696    0.080479    0.274320    0.729950 ^ clkbuf_4_10_0_CLK/X (sky130_fd_sc_hd__clkbuf_8)
                                                         clknet_4_10_0_CLK (net)
                      0.080488    0.000836    0.730786 ^ _1441_/CLK (sky130_fd_sc_hd__dfrtp_2)
     1    0.001743    0.062760    0.633660    1.364447 ^ _1441_/Q (sky130_fd_sc_hd__dfrtp_2)
                                                         control.reset_n (net)
                      0.062760    0.000075    1.364522 ^ hold143/A (sky130_fd_sc_hd__dlygate4sd3_1)
     2    0.010929    0.202529    1.083043    2.447565 ^ hold143/X (sky130_fd_sc_hd__dlygate4sd3_1)
                                                         net142 (net)
                      0.202531    0.000983    2.448548 ^ fanout72/A (sky130_fd_sc_hd__clkdlybuf4s25_1)
     8    0.039601    0.637829    0.881580    3.330128 ^ fanout72/X (sky130_fd_sc_hd__clkdlybuf4s25_1)
                                                         net72 (net)
                      0.637832    0.002532    3.332659 ^ fanout66/A (sky130_fd_sc_hd__clkdlybuf4s25_1)
     5    0.023003    0.379610    0.856440    4.189099 ^ fanout66/X (sky130_fd_sc_hd__clkdlybuf4s25_1)
                                                         net66 (net)
                      0.379612    0.001589    4.190688 ^ _1424_/RESET_B (sky130_fd_sc_hd__dfrtp_2)
                                              4.190688   data arrival time

                                  0.000000    0.000000   clock CLK (rise edge)
                                  0.000000    0.000000   clock source latency
     1    0.021247    0.158803    0.114747    0.114747 ^ CLK (in)
                                                         CLK (net)
                      0.158854    0.000000    0.114747 ^ clkbuf_0_CLK/A (sky130_fd_sc_hd__clkbuf_16)
    16    0.110692    0.192001    0.382494    0.497241 ^ clkbuf_0_CLK/X (sky130_fd_sc_hd__clkbuf_16)
                                                         clknet_0_CLK (net)
                      0.192665    0.008770    0.506011 ^ clkbuf_4_3_0_CLK/A (sky130_fd_sc_hd__clkbuf_8)
     6    0.019520    0.082381    0.305330    0.811341 ^ clkbuf_4_3_0_CLK/X (sky130_fd_sc_hd__clkbuf_8)
                                                         clknet_4_3_0_CLK (net)
                      0.082390    0.000926    0.812267 ^ _1424_/CLK (sky130_fd_sc_hd__dfrtp_2)
                                  0.250000    1.062267   clock uncertainty
                                 -0.047356    1.014911   clock reconvergence pessimism
                                  0.756047    1.770958   library removal time
                                              1.770958   data required time
---------------------------------------------------------------------------------------------
                                              1.770958   data required time
                                             -4.190688   data arrival time
---------------------------------------------------------------------------------------------
                                              2.419730   slack (MET)


Startpoint: _1441_ (rising edge-triggered flip-flop clocked by CLK)
Endpoint: _1422_ (removal check against rising-edge clock CLK)
Path Group: asynchronous
Path Type: min

Fanout         Cap        Slew       Delay        Time   Description
---------------------------------------------------------------------------------------------
                                  0.000000    0.000000   clock CLK (rise edge)
                                  0.000000    0.000000   clock source latency
     1    0.021247    0.158803    0.103819    0.103819 ^ CLK (in)
                                                         CLK (net)
                      0.158854    0.000000    0.103819 ^ clkbuf_0_CLK/A (sky130_fd_sc_hd__clkbuf_16)
    16    0.110692    0.192001    0.346066    0.449884 ^ clkbuf_0_CLK/X (sky130_fd_sc_hd__clkbuf_16)
                                                         clknet_0_CLK (net)
                      0.192394    0.005746    0.455631 ^ clkbuf_4_10_0_CLK/A (sky130_fd_sc_hd__clkbuf_8)
     6    0.018696    0.080479    0.274320    0.729950 ^ clkbuf_4_10_0_CLK/X (sky130_fd_sc_hd__clkbuf_8)
                                                         clknet_4_10_0_CLK (net)
                      0.080488    0.000836    0.730786 ^ _1441_/CLK (sky130_fd_sc_hd__dfrtp_2)
     1    0.001743    0.062760    0.633660    1.364447 ^ _1441_/Q (sky130_fd_sc_hd__dfrtp_2)
                                                         control.reset_n (net)
                      0.062760    0.000075    1.364522 ^ hold143/A (sky130_fd_sc_hd__dlygate4sd3_1)
     2    0.010929    0.202529    1.083043    2.447565 ^ hold143/X (sky130_fd_sc_hd__dlygate4sd3_1)
                                                         net142 (net)
                      0.202531    0.000983    2.448548 ^ fanout72/A (sky130_fd_sc_hd__clkdlybuf4s25_1)
     8    0.039601    0.637829    0.881580    3.330128 ^ fanout72/X (sky130_fd_sc_hd__clkdlybuf4s25_1)
                                                         net72 (net)
                      0.637832    0.002532    3.332659 ^ fanout66/A (sky130_fd_sc_hd__clkdlybuf4s25_1)
     5    0.023003    0.379610    0.856440    4.189099 ^ fanout66/X (sky130_fd_sc_hd__clkdlybuf4s25_1)
                                                         net66 (net)
                      0.379613    0.001616    4.190714 ^ _1422_/RESET_B (sky130_fd_sc_hd__dfrtp_2)
                                              4.190714   data arrival time

                                  0.000000    0.000000   clock CLK (rise edge)
                                  0.000000    0.000000   clock source latency
     1    0.021247    0.158803    0.114747    0.114747 ^ CLK (in)
                                                         CLK (net)
                      0.158854    0.000000    0.114747 ^ clkbuf_0_CLK/A (sky130_fd_sc_hd__clkbuf_16)
    16    0.110692    0.192001    0.382494    0.497241 ^ clkbuf_0_CLK/X (sky130_fd_sc_hd__clkbuf_16)
                                                         clknet_0_CLK (net)
                      0.192680    0.008881    0.506122 ^ clkbuf_4_4_0_CLK/A (sky130_fd_sc_hd__clkbuf_8)
     6    0.019226    0.081698    0.304650    0.810772 ^ clkbuf_4_4_0_CLK/X (sky130_fd_sc_hd__clkbuf_8)
                                                         clknet_4_4_0_CLK (net)
                      0.081706    0.000907    0.811679 ^ _1422_/CLK (sky130_fd_sc_hd__dfrtp_2)
                                  0.250000    1.061679   clock uncertainty
                                 -0.047356    1.014323   clock reconvergence pessimism
                                  0.755841    1.770164   library removal time
                                              1.770164   data required time
---------------------------------------------------------------------------------------------
                                              1.770164   data required time
                                             -4.190714   data arrival time
---------------------------------------------------------------------------------------------
                                              2.420551   slack (MET)


Startpoint: _1441_ (rising edge-triggered flip-flop clocked by CLK)
Endpoint: _1401_ (removal check against rising-edge clock CLK)
Path Group: asynchronous
Path Type: min

Fanout         Cap        Slew       Delay        Time   Description
---------------------------------------------------------------------------------------------
                                  0.000000    0.000000   clock CLK (rise edge)
                                  0.000000    0.000000   clock source latency
     1    0.021247    0.158803    0.103819    0.103819 ^ CLK (in)
                                                         CLK (net)
                      0.158854    0.000000    0.103819 ^ clkbuf_0_CLK/A (sky130_fd_sc_hd__clkbuf_16)
    16    0.110692    0.192001    0.346066    0.449884 ^ clkbuf_0_CLK/X (sky130_fd_sc_hd__clkbuf_16)
                                                         clknet_0_CLK (net)
                      0.192394    0.005746    0.455631 ^ clkbuf_4_10_0_CLK/A (sky130_fd_sc_hd__clkbuf_8)
     6    0.018696    0.080479    0.274320    0.729950 ^ clkbuf_4_10_0_CLK/X (sky130_fd_sc_hd__clkbuf_8)
                                                         clknet_4_10_0_CLK (net)
                      0.080488    0.000836    0.730786 ^ _1441_/CLK (sky130_fd_sc_hd__dfrtp_2)
     1    0.001743    0.062760    0.633660    1.364447 ^ _1441_/Q (sky130_fd_sc_hd__dfrtp_2)
                                                         control.reset_n (net)
                      0.062760    0.000075    1.364522 ^ hold143/A (sky130_fd_sc_hd__dlygate4sd3_1)
     2    0.010929    0.202529    1.083043    2.447565 ^ hold143/X (sky130_fd_sc_hd__dlygate4sd3_1)
                                                         net142 (net)
                      0.202529    0.000662    2.448227 ^ fanout79/A (sky130_fd_sc_hd__clkdlybuf4s25_1)
     5    0.030871    0.501304    0.790785    3.239012 ^ fanout79/X (sky130_fd_sc_hd__clkdlybuf4s25_1)
                                                         net79 (net)
                      0.501304    0.001707    3.240719 ^ fanout75/A (sky130_fd_sc_hd__clkdlybuf4s25_1)
     2    0.006181    0.122447    0.633983    3.874702 ^ fanout75/X (sky130_fd_sc_hd__clkdlybuf4s25_1)
                                                         net75 (net)
                      0.122447    0.000327    3.875030 ^ load_slew76/A (sky130_fd_sc_hd__clkbuf_4)
     9    0.035822    0.186077    0.339012    4.214042 ^ load_slew76/X (sky130_fd_sc_hd__clkbuf_4)
                                                         net76 (net)
                      0.186100    0.002040    4.216082 ^ _1401_/RESET_B (sky130_fd_sc_hd__dfrtp_2)
                                              4.216082   data arrival time

                                  0.000000    0.000000   clock CLK (rise edge)
                                  0.000000    0.000000   clock source latency
     1    0.021247    0.158803    0.114747    0.114747 ^ CLK (in)
                                                         CLK (net)
                      0.158854    0.000000    0.114747 ^ clkbuf_0_CLK/A (sky130_fd_sc_hd__clkbuf_16)
    16    0.110692    0.192001    0.382494    0.497241 ^ clkbuf_0_CLK/X (sky130_fd_sc_hd__clkbuf_16)
                                                         clknet_0_CLK (net)
                      0.192366    0.006041    0.503282 ^ clkbuf_4_14_0_CLK/A (sky130_fd_sc_hd__clkbuf_8)
     6    0.018935    0.081026    0.303785    0.807067 ^ clkbuf_4_14_0_CLK/X (sky130_fd_sc_hd__clkbuf_8)
                                                         clknet_4_14_0_CLK (net)
                      0.081037    0.000989    0.808055 ^ _1401_/CLK (sky130_fd_sc_hd__dfrtp_2)
                                  0.250000    1.058055   clock uncertainty
                                 -0.047356    1.010699   clock reconvergence pessimism
                                  0.696329    1.707028   library removal time
                                              1.707028   data required time
---------------------------------------------------------------------------------------------
                                              1.707028   data required time
                                             -4.216082   data arrival time
---------------------------------------------------------------------------------------------
                                              2.509054   slack (MET)


Startpoint: _1441_ (rising edge-triggered flip-flop clocked by CLK)
Endpoint: _1399_ (removal check against rising-edge clock CLK)
Path Group: asynchronous
Path Type: min

Fanout         Cap        Slew       Delay        Time   Description
---------------------------------------------------------------------------------------------
                                  0.000000    0.000000   clock CLK (rise edge)
                                  0.000000    0.000000   clock source latency
     1    0.021247    0.158803    0.103819    0.103819 ^ CLK (in)
                                                         CLK (net)
                      0.158854    0.000000    0.103819 ^ clkbuf_0_CLK/A (sky130_fd_sc_hd__clkbuf_16)
    16    0.110692    0.192001    0.346066    0.449884 ^ clkbuf_0_CLK/X (sky130_fd_sc_hd__clkbuf_16)
                                                         clknet_0_CLK (net)
                      0.192394    0.005746    0.455631 ^ clkbuf_4_10_0_CLK/A (sky130_fd_sc_hd__clkbuf_8)
     6    0.018696    0.080479    0.274320    0.729950 ^ clkbuf_4_10_0_CLK/X (sky130_fd_sc_hd__clkbuf_8)
                                                         clknet_4_10_0_CLK (net)
                      0.080488    0.000836    0.730786 ^ _1441_/CLK (sky130_fd_sc_hd__dfrtp_2)
     1    0.001743    0.062760    0.633660    1.364447 ^ _1441_/Q (sky130_fd_sc_hd__dfrtp_2)
                                                         control.reset_n (net)
                      0.062760    0.000075    1.364522 ^ hold143/A (sky130_fd_sc_hd__dlygate4sd3_1)
     2    0.010929    0.202529    1.083043    2.447565 ^ hold143/X (sky130_fd_sc_hd__dlygate4sd3_1)
                                                         net142 (net)
                      0.202529    0.000662    2.448227 ^ fanout79/A (sky130_fd_sc_hd__clkdlybuf4s25_1)
     5    0.030871    0.501304    0.790785    3.239012 ^ fanout79/X (sky130_fd_sc_hd__clkdlybuf4s25_1)
                                                         net79 (net)
                      0.501304    0.001707    3.240719 ^ fanout75/A (sky130_fd_sc_hd__clkdlybuf4s25_1)
     2    0.006181    0.122447    0.633983    3.874702 ^ fanout75/X (sky130_fd_sc_hd__clkdlybuf4s25_1)
                                                         net75 (net)
                      0.122447    0.000327    3.875030 ^ load_slew76/A (sky130_fd_sc_hd__clkbuf_4)
     9    0.035822    0.186077    0.339012    4.214042 ^ load_slew76/X (sky130_fd_sc_hd__clkbuf_4)
                                                         net76 (net)
                      0.186099    0.001992    4.216034 ^ _1399_/RESET_B (sky130_fd_sc_hd__dfrtp_2)
                                              4.216034   data arrival time

                                  0.000000    0.000000   clock CLK (rise edge)
                                  0.000000    0.000000   clock source latency
     1    0.021247    0.158803    0.114747    0.114747 ^ CLK (in)
                                                         CLK (net)
                      0.158854    0.000000    0.114747 ^ clkbuf_0_CLK/A (sky130_fd_sc_hd__clkbuf_16)
    16    0.110692    0.192001    0.382494    0.497241 ^ clkbuf_0_CLK/X (sky130_fd_sc_hd__clkbuf_16)
                                                         clknet_0_CLK (net)
                      0.192366    0.006041    0.503282 ^ clkbuf_4_14_0_CLK/A (sky130_fd_sc_hd__clkbuf_8)
     6    0.018935    0.081026    0.303785    0.807067 ^ clkbuf_4_14_0_CLK/X (sky130_fd_sc_hd__clkbuf_8)
                                                         clknet_4_14_0_CLK (net)
                      0.081035    0.000936    0.808002 ^ _1399_/CLK (sky130_fd_sc_hd__dfrtp_2)
                                  0.250000    1.058002   clock uncertainty
                                 -0.047356    1.010646   clock reconvergence pessimism
                                  0.696328    1.706974   library removal time
                                              1.706974   data required time
---------------------------------------------------------------------------------------------
                                              1.706974   data required time
                                             -4.216034   data arrival time
---------------------------------------------------------------------------------------------
                                              2.509060   slack (MET)


Startpoint: _1441_ (rising edge-triggered flip-flop clocked by CLK)
Endpoint: _1402_ (removal check against rising-edge clock CLK)
Path Group: asynchronous
Path Type: min

Fanout         Cap        Slew       Delay        Time   Description
---------------------------------------------------------------------------------------------
                                  0.000000    0.000000   clock CLK (rise edge)
                                  0.000000    0.000000   clock source latency
     1    0.021247    0.158803    0.103819    0.103819 ^ CLK (in)
                                                         CLK (net)
                      0.158854    0.000000    0.103819 ^ clkbuf_0_CLK/A (sky130_fd_sc_hd__clkbuf_16)
    16    0.110692    0.192001    0.346066    0.449884 ^ clkbuf_0_CLK/X (sky130_fd_sc_hd__clkbuf_16)
                                                         clknet_0_CLK (net)
                      0.192394    0.005746    0.455631 ^ clkbuf_4_10_0_CLK/A (sky130_fd_sc_hd__clkbuf_8)
     6    0.018696    0.080479    0.274320    0.729950 ^ clkbuf_4_10_0_CLK/X (sky130_fd_sc_hd__clkbuf_8)
                                                         clknet_4_10_0_CLK (net)
                      0.080488    0.000836    0.730786 ^ _1441_/CLK (sky130_fd_sc_hd__dfrtp_2)
     1    0.001743    0.062760    0.633660    1.364447 ^ _1441_/Q (sky130_fd_sc_hd__dfrtp_2)
                                                         control.reset_n (net)
                      0.062760    0.000075    1.364522 ^ hold143/A (sky130_fd_sc_hd__dlygate4sd3_1)
     2    0.010929    0.202529    1.083043    2.447565 ^ hold143/X (sky130_fd_sc_hd__dlygate4sd3_1)
                                                         net142 (net)
                      0.202529    0.000662    2.448227 ^ fanout79/A (sky130_fd_sc_hd__clkdlybuf4s25_1)
     5    0.030871    0.501304    0.790785    3.239012 ^ fanout79/X (sky130_fd_sc_hd__clkdlybuf4s25_1)
                                                         net79 (net)
                      0.501304    0.001707    3.240719 ^ fanout75/A (sky130_fd_sc_hd__clkdlybuf4s25_1)
     2    0.006181    0.122447    0.633983    3.874702 ^ fanout75/X (sky130_fd_sc_hd__clkdlybuf4s25_1)
                                                         net75 (net)
                      0.122447    0.000327    3.875030 ^ load_slew76/A (sky130_fd_sc_hd__clkbuf_4)
     9    0.035822    0.186077    0.339012    4.214042 ^ load_slew76/X (sky130_fd_sc_hd__clkbuf_4)
                                                         net76 (net)
                      0.186093    0.001766    4.215808 ^ _1402_/RESET_B (sky130_fd_sc_hd__dfrtp_2)
                                              4.215808   data arrival time

                                  0.000000    0.000000   clock CLK (rise edge)
                                  0.000000    0.000000   clock source latency
     1    0.021247    0.158803    0.114747    0.114747 ^ CLK (in)
                                                         CLK (net)
                      0.158854    0.000000    0.114747 ^ clkbuf_0_CLK/A (sky130_fd_sc_hd__clkbuf_16)
    16    0.110692    0.192001    0.382494    0.497241 ^ clkbuf_0_CLK/X (sky130_fd_sc_hd__clkbuf_16)
                                                         clknet_0_CLK (net)
                      0.192366    0.006041    0.503282 ^ clkbuf_4_14_0_CLK/A (sky130_fd_sc_hd__clkbuf_8)
     6    0.018935    0.081026    0.303785    0.807067 ^ clkbuf_4_14_0_CLK/X (sky130_fd_sc_hd__clkbuf_8)
                                                         clknet_4_14_0_CLK (net)
                      0.081029    0.000671    0.807737 ^ _1402_/CLK (sky130_fd_sc_hd__dfrtp_2)
                                  0.250000    1.057737   clock uncertainty
                                 -0.047356    1.010381   clock reconvergence pessimism
                                  0.696324    1.706705   library removal time
                                              1.706705   data required time
---------------------------------------------------------------------------------------------
                                              1.706705   data required time
                                             -4.215808   data arrival time
---------------------------------------------------------------------------------------------
                                              2.509102   slack (MET)


Startpoint: _1441_ (rising edge-triggered flip-flop clocked by CLK)
Endpoint: _1450_ (removal check against rising-edge clock CLK)
Path Group: asynchronous
Path Type: min

Fanout         Cap        Slew       Delay        Time   Description
---------------------------------------------------------------------------------------------
                                  0.000000    0.000000   clock CLK (rise edge)
                                  0.000000    0.000000   clock source latency
     1    0.021247    0.158803    0.103819    0.103819 ^ CLK (in)
                                                         CLK (net)
                      0.158854    0.000000    0.103819 ^ clkbuf_0_CLK/A (sky130_fd_sc_hd__clkbuf_16)
    16    0.110692    0.192001    0.346066    0.449884 ^ clkbuf_0_CLK/X (sky130_fd_sc_hd__clkbuf_16)
                                                         clknet_0_CLK (net)
                      0.192394    0.005746    0.455631 ^ clkbuf_4_10_0_CLK/A (sky130_fd_sc_hd__clkbuf_8)
     6    0.018696    0.080479    0.274320    0.729950 ^ clkbuf_4_10_0_CLK/X (sky130_fd_sc_hd__clkbuf_8)
                                                         clknet_4_10_0_CLK (net)
                      0.080488    0.000836    0.730786 ^ _1441_/CLK (sky130_fd_sc_hd__dfrtp_2)
     1    0.001743    0.062760    0.633660    1.364447 ^ _1441_/Q (sky130_fd_sc_hd__dfrtp_2)
                                                         control.reset_n (net)
                      0.062760    0.000075    1.364522 ^ hold143/A (sky130_fd_sc_hd__dlygate4sd3_1)
     2    0.010929    0.202529    1.083043    2.447565 ^ hold143/X (sky130_fd_sc_hd__dlygate4sd3_1)
                                                         net142 (net)
                      0.202529    0.000662    2.448227 ^ fanout79/A (sky130_fd_sc_hd__clkdlybuf4s25_1)
     5    0.030871    0.501304    0.790785    3.239012 ^ fanout79/X (sky130_fd_sc_hd__clkdlybuf4s25_1)
                                                         net79 (net)
                      0.501304    0.001707    3.240719 ^ fanout75/A (sky130_fd_sc_hd__clkdlybuf4s25_1)
     2    0.006181    0.122447    0.633983    3.874702 ^ fanout75/X (sky130_fd_sc_hd__clkdlybuf4s25_1)
                                                         net75 (net)
                      0.122447    0.000327    3.875030 ^ load_slew76/A (sky130_fd_sc_hd__clkbuf_4)
     9    0.035822    0.186077    0.339012    4.214042 ^ load_slew76/X (sky130_fd_sc_hd__clkbuf_4)
                                                         net76 (net)
                      0.186115    0.002488    4.216530 ^ _1450_/RESET_B (sky130_fd_sc_hd__dfrtp_2)
                                              4.216530   data arrival time

                                  0.000000    0.000000   clock CLK (rise edge)
                                  0.000000    0.000000   clock source latency
     1    0.021247    0.158803    0.114747    0.114747 ^ CLK (in)
                                                         CLK (net)
                      0.158854    0.000000    0.114747 ^ clkbuf_0_CLK/A (sky130_fd_sc_hd__clkbuf_16)
    16    0.110692    0.192001    0.382494    0.497241 ^ clkbuf_0_CLK/X (sky130_fd_sc_hd__clkbuf_16)
                                                         clknet_0_CLK (net)
                      0.192366    0.006041    0.503282 ^ clkbuf_4_14_0_CLK/A (sky130_fd_sc_hd__clkbuf_8)
     6    0.018935    0.081026    0.303785    0.807067 ^ clkbuf_4_14_0_CLK/X (sky130_fd_sc_hd__clkbuf_8)
                                                         clknet_4_14_0_CLK (net)
                      0.081040    0.001092    0.808158 ^ _1450_/CLK (sky130_fd_sc_hd__dfrtp_2)
                                  0.250000    1.058158   clock uncertainty
                                 -0.047356    1.010802   clock reconvergence pessimism
                                  0.696334    1.707136   library removal time
                                              1.707136   data required time
---------------------------------------------------------------------------------------------
                                              1.707136   data required time
                                             -4.216530   data arrival time
---------------------------------------------------------------------------------------------
                                              2.509394   slack (MET)


Startpoint: _1441_ (rising edge-triggered flip-flop clocked by CLK)
Endpoint: _1419_ (removal check against rising-edge clock CLK)
Path Group: asynchronous
Path Type: min

Fanout         Cap        Slew       Delay        Time   Description
---------------------------------------------------------------------------------------------
                                  0.000000    0.000000   clock CLK (rise edge)
                                  0.000000    0.000000   clock source latency
     1    0.021247    0.158803    0.103819    0.103819 ^ CLK (in)
                                                         CLK (net)
                      0.158854    0.000000    0.103819 ^ clkbuf_0_CLK/A (sky130_fd_sc_hd__clkbuf_16)
    16    0.110692    0.192001    0.346066    0.449884 ^ clkbuf_0_CLK/X (sky130_fd_sc_hd__clkbuf_16)
                                                         clknet_0_CLK (net)
                      0.192394    0.005746    0.455631 ^ clkbuf_4_10_0_CLK/A (sky130_fd_sc_hd__clkbuf_8)
     6    0.018696    0.080479    0.274320    0.729950 ^ clkbuf_4_10_0_CLK/X (sky130_fd_sc_hd__clkbuf_8)
                                                         clknet_4_10_0_CLK (net)
                      0.080488    0.000836    0.730786 ^ _1441_/CLK (sky130_fd_sc_hd__dfrtp_2)
     1    0.001743    0.062760    0.633660    1.364447 ^ _1441_/Q (sky130_fd_sc_hd__dfrtp_2)
                                                         control.reset_n (net)
                      0.062760    0.000075    1.364522 ^ hold143/A (sky130_fd_sc_hd__dlygate4sd3_1)
     2    0.010929    0.202529    1.083043    2.447565 ^ hold143/X (sky130_fd_sc_hd__dlygate4sd3_1)
                                                         net142 (net)
                      0.202531    0.000983    2.448548 ^ fanout72/A (sky130_fd_sc_hd__clkdlybuf4s25_1)
     8    0.039601    0.637829    0.881580    3.330128 ^ fanout72/X (sky130_fd_sc_hd__clkdlybuf4s25_1)
                                                         net72 (net)
                      0.637832    0.002523    3.332650 ^ fanout65/A (sky130_fd_sc_hd__clkdlybuf4s25_1)
    10    0.041936    0.674525    1.053323    4.385973 ^ fanout65/X (sky130_fd_sc_hd__clkdlybuf4s25_1)
                                                         net65 (net)
                      0.674528    0.002628    4.388601 ^ _1419_/RESET_B (sky130_fd_sc_hd__dfrtp_2)
                                              4.388601   data arrival time

                                  0.000000    0.000000   clock CLK (rise edge)
                                  0.000000    0.000000   clock source latency
     1    0.021247    0.158803    0.114747    0.114747 ^ CLK (in)
                                                         CLK (net)
                      0.158854    0.000000    0.114747 ^ clkbuf_0_CLK/A (sky130_fd_sc_hd__clkbuf_16)
    16    0.110692    0.192001    0.382494    0.497241 ^ clkbuf_0_CLK/X (sky130_fd_sc_hd__clkbuf_16)
                                                         clknet_0_CLK (net)
                      0.192678    0.008862    0.506102 ^ clkbuf_4_0_0_CLK/A (sky130_fd_sc_hd__clkbuf_8)
     6    0.024030    0.093092    0.315987    0.822090 ^ clkbuf_4_0_0_CLK/X (sky130_fd_sc_hd__clkbuf_8)
                                                         clknet_4_0_0_CLK (net)
                      0.093112    0.001394    0.823484 ^ _1419_/CLK (sky130_fd_sc_hd__dfrtp_2)
                                  0.250000    1.073484   clock uncertainty
                                 -0.047356    1.026128   clock reconvergence pessimism
                                  0.849643    1.875771   library removal time
                                              1.875771   data required time
---------------------------------------------------------------------------------------------
                                              1.875771   data required time
                                             -4.388601   data arrival time
---------------------------------------------------------------------------------------------
                                              2.512830   slack (MET)


Startpoint: _1441_ (rising edge-triggered flip-flop clocked by CLK)
Endpoint: _1466_ (removal check against rising-edge clock CLK)
Path Group: asynchronous
Path Type: min

Fanout         Cap        Slew       Delay        Time   Description
---------------------------------------------------------------------------------------------
                                  0.000000    0.000000   clock CLK (rise edge)
                                  0.000000    0.000000   clock source latency
     1    0.021247    0.158803    0.103819    0.103819 ^ CLK (in)
                                                         CLK (net)
                      0.158854    0.000000    0.103819 ^ clkbuf_0_CLK/A (sky130_fd_sc_hd__clkbuf_16)
    16    0.110692    0.192001    0.346066    0.449884 ^ clkbuf_0_CLK/X (sky130_fd_sc_hd__clkbuf_16)
                                                         clknet_0_CLK (net)
                      0.192394    0.005746    0.455631 ^ clkbuf_4_10_0_CLK/A (sky130_fd_sc_hd__clkbuf_8)
     6    0.018696    0.080479    0.274320    0.729950 ^ clkbuf_4_10_0_CLK/X (sky130_fd_sc_hd__clkbuf_8)
                                                         clknet_4_10_0_CLK (net)
                      0.080488    0.000836    0.730786 ^ _1441_/CLK (sky130_fd_sc_hd__dfrtp_2)
     1    0.001743    0.062760    0.633660    1.364447 ^ _1441_/Q (sky130_fd_sc_hd__dfrtp_2)
                                                         control.reset_n (net)
                      0.062760    0.000075    1.364522 ^ hold143/A (sky130_fd_sc_hd__dlygate4sd3_1)
     2    0.010929    0.202529    1.083043    2.447565 ^ hold143/X (sky130_fd_sc_hd__dlygate4sd3_1)
                                                         net142 (net)
                      0.202531    0.000983    2.448548 ^ fanout72/A (sky130_fd_sc_hd__clkdlybuf4s25_1)
     8    0.039601    0.637829    0.881580    3.330128 ^ fanout72/X (sky130_fd_sc_hd__clkdlybuf4s25_1)
                                                         net72 (net)
                      0.637832    0.002523    3.332650 ^ fanout65/A (sky130_fd_sc_hd__clkdlybuf4s25_1)
    10    0.041936    0.674525    1.053323    4.385973 ^ fanout65/X (sky130_fd_sc_hd__clkdlybuf4s25_1)
                                                         net65 (net)
                      0.674536    0.003455    4.389428 ^ _1466_/RESET_B (sky130_fd_sc_hd__dfrtp_2)
                                              4.389428   data arrival time

                                  0.000000    0.000000   clock CLK (rise edge)
                                  0.000000    0.000000   clock source latency
     1    0.021247    0.158803    0.114747    0.114747 ^ CLK (in)
                                                         CLK (net)
                      0.158854    0.000000    0.114747 ^ clkbuf_0_CLK/A (sky130_fd_sc_hd__clkbuf_16)
    16    0.110692    0.192001    0.382494    0.497241 ^ clkbuf_0_CLK/X (sky130_fd_sc_hd__clkbuf_16)
                                                         clknet_0_CLK (net)
                      0.192678    0.008862    0.506102 ^ clkbuf_4_0_0_CLK/A (sky130_fd_sc_hd__clkbuf_8)
     6    0.024030    0.093092    0.315987    0.822090 ^ clkbuf_4_0_0_CLK/X (sky130_fd_sc_hd__clkbuf_8)
                                                         clknet_4_0_0_CLK (net)
                      0.093109    0.001303    0.823392 ^ _1466_/CLK (sky130_fd_sc_hd__dfrtp_2)
                                  0.250000    1.073392   clock uncertainty
                                 -0.047356    1.026036   clock reconvergence pessimism
                                  0.849645    1.875681   library removal time
                                              1.875681   data required time
---------------------------------------------------------------------------------------------
                                              1.875681   data required time
                                             -4.389428   data arrival time
---------------------------------------------------------------------------------------------
                                              2.513747   slack (MET)


Startpoint: _1441_ (rising edge-triggered flip-flop clocked by CLK)
Endpoint: _1467_ (removal check against rising-edge clock CLK)
Path Group: asynchronous
Path Type: min

Fanout         Cap        Slew       Delay        Time   Description
---------------------------------------------------------------------------------------------
                                  0.000000    0.000000   clock CLK (rise edge)
                                  0.000000    0.000000   clock source latency
     1    0.021247    0.158803    0.103819    0.103819 ^ CLK (in)
                                                         CLK (net)
                      0.158854    0.000000    0.103819 ^ clkbuf_0_CLK/A (sky130_fd_sc_hd__clkbuf_16)
    16    0.110692    0.192001    0.346066    0.449884 ^ clkbuf_0_CLK/X (sky130_fd_sc_hd__clkbuf_16)
                                                         clknet_0_CLK (net)
                      0.192394    0.005746    0.455631 ^ clkbuf_4_10_0_CLK/A (sky130_fd_sc_hd__clkbuf_8)
     6    0.018696    0.080479    0.274320    0.729950 ^ clkbuf_4_10_0_CLK/X (sky130_fd_sc_hd__clkbuf_8)
                                                         clknet_4_10_0_CLK (net)
                      0.080488    0.000836    0.730786 ^ _1441_/CLK (sky130_fd_sc_hd__dfrtp_2)
     1    0.001743    0.062760    0.633660    1.364447 ^ _1441_/Q (sky130_fd_sc_hd__dfrtp_2)
                                                         control.reset_n (net)
                      0.062760    0.000075    1.364522 ^ hold143/A (sky130_fd_sc_hd__dlygate4sd3_1)
     2    0.010929    0.202529    1.083043    2.447565 ^ hold143/X (sky130_fd_sc_hd__dlygate4sd3_1)
                                                         net142 (net)
                      0.202531    0.000983    2.448548 ^ fanout72/A (sky130_fd_sc_hd__clkdlybuf4s25_1)
     8    0.039601    0.637829    0.881580    3.330128 ^ fanout72/X (sky130_fd_sc_hd__clkdlybuf4s25_1)
                                                         net72 (net)
                      0.637832    0.002523    3.332650 ^ fanout65/A (sky130_fd_sc_hd__clkdlybuf4s25_1)
    10    0.041936    0.674525    1.053323    4.385973 ^ fanout65/X (sky130_fd_sc_hd__clkdlybuf4s25_1)
                                                         net65 (net)
                      0.674541    0.003877    4.389851 ^ _1467_/RESET_B (sky130_fd_sc_hd__dfrtp_2)
                                              4.389851   data arrival time

                                  0.000000    0.000000   clock CLK (rise edge)
                                  0.000000    0.000000   clock source latency
     1    0.021247    0.158803    0.114747    0.114747 ^ CLK (in)
                                                         CLK (net)
                      0.158854    0.000000    0.114747 ^ clkbuf_0_CLK/A (sky130_fd_sc_hd__clkbuf_16)
    16    0.110692    0.192001    0.382494    0.497241 ^ clkbuf_0_CLK/X (sky130_fd_sc_hd__clkbuf_16)
                                                         clknet_0_CLK (net)
                      0.192678    0.008862    0.506102 ^ clkbuf_4_0_0_CLK/A (sky130_fd_sc_hd__clkbuf_8)
     6    0.024030    0.093092    0.315987    0.822090 ^ clkbuf_4_0_0_CLK/X (sky130_fd_sc_hd__clkbuf_8)
                                                         clknet_4_0_0_CLK (net)
                      0.093105    0.001177    0.823266 ^ _1467_/CLK (sky130_fd_sc_hd__dfrtp_2)
                                  0.250000    1.073266   clock uncertainty
                                 -0.047356    1.025910   clock reconvergence pessimism
                                  0.849645    1.875555   library removal time
                                              1.875555   data required time
---------------------------------------------------------------------------------------------
                                              1.875555   data required time
                                             -4.389851   data arrival time
---------------------------------------------------------------------------------------------
                                              2.514295   slack (MET)


Startpoint: _1441_ (rising edge-triggered flip-flop clocked by CLK)
Endpoint: _1398_ (removal check against rising-edge clock CLK)
Path Group: asynchronous
Path Type: min

Fanout         Cap        Slew       Delay        Time   Description
---------------------------------------------------------------------------------------------
                                  0.000000    0.000000   clock CLK (rise edge)
                                  0.000000    0.000000   clock source latency
     1    0.021247    0.158803    0.103819    0.103819 ^ CLK (in)
                                                         CLK (net)
                      0.158854    0.000000    0.103819 ^ clkbuf_0_CLK/A (sky130_fd_sc_hd__clkbuf_16)
    16    0.110692    0.192001    0.346066    0.449884 ^ clkbuf_0_CLK/X (sky130_fd_sc_hd__clkbuf_16)
                                                         clknet_0_CLK (net)
                      0.192394    0.005746    0.455631 ^ clkbuf_4_10_0_CLK/A (sky130_fd_sc_hd__clkbuf_8)
     6    0.018696    0.080479    0.274320    0.729950 ^ clkbuf_4_10_0_CLK/X (sky130_fd_sc_hd__clkbuf_8)
                                                         clknet_4_10_0_CLK (net)
                      0.080488    0.000836    0.730786 ^ _1441_/CLK (sky130_fd_sc_hd__dfrtp_2)
     1    0.001743    0.062760    0.633660    1.364447 ^ _1441_/Q (sky130_fd_sc_hd__dfrtp_2)
                                                         control.reset_n (net)
                      0.062760    0.000075    1.364522 ^ hold143/A (sky130_fd_sc_hd__dlygate4sd3_1)
     2    0.010929    0.202529    1.083043    2.447565 ^ hold143/X (sky130_fd_sc_hd__dlygate4sd3_1)
                                                         net142 (net)
                      0.202529    0.000662    2.448227 ^ fanout79/A (sky130_fd_sc_hd__clkdlybuf4s25_1)
     5    0.030871    0.501304    0.790785    3.239012 ^ fanout79/X (sky130_fd_sc_hd__clkdlybuf4s25_1)
                                                         net79 (net)
                      0.501304    0.001707    3.240719 ^ fanout75/A (sky130_fd_sc_hd__clkdlybuf4s25_1)
     2    0.006181    0.122447    0.633983    3.874702 ^ fanout75/X (sky130_fd_sc_hd__clkdlybuf4s25_1)
                                                         net75 (net)
                      0.122447    0.000327    3.875030 ^ load_slew76/A (sky130_fd_sc_hd__clkbuf_4)
     9    0.035822    0.186077    0.339012    4.214042 ^ load_slew76/X (sky130_fd_sc_hd__clkbuf_4)
                                                         net76 (net)
                      0.186088    0.001536    4.215578 ^ _1398_/RESET_B (sky130_fd_sc_hd__dfrtp_2)
                                              4.215578   data arrival time

                                  0.000000    0.000000   clock CLK (rise edge)
                                  0.000000    0.000000   clock source latency
     1    0.021247    0.158803    0.114747    0.114747 ^ CLK (in)
                                                         CLK (net)
                      0.158854    0.000000    0.114747 ^ clkbuf_0_CLK/A (sky130_fd_sc_hd__clkbuf_16)
    16    0.110692    0.192001    0.382494    0.497241 ^ clkbuf_0_CLK/X (sky130_fd_sc_hd__clkbuf_16)
                                                         clknet_0_CLK (net)
                      0.192288    0.005081    0.502322 ^ clkbuf_4_13_0_CLK/A (sky130_fd_sc_hd__clkbuf_8)
     6    0.017372    0.077444    0.300015    0.802337 ^ clkbuf_4_13_0_CLK/X (sky130_fd_sc_hd__clkbuf_8)
                                                         clknet_4_13_0_CLK (net)
                      0.077454    0.000899    0.803236 ^ _1398_/CLK (sky130_fd_sc_hd__dfrtp_2)
                                  0.250000    1.053236   clock uncertainty
                                 -0.047356    1.005880   clock reconvergence pessimism
                                  0.695246    1.701126   library removal time
                                              1.701126   data required time
---------------------------------------------------------------------------------------------
                                              1.701126   data required time
                                             -4.215578   data arrival time
---------------------------------------------------------------------------------------------
                                              2.514452   slack (MET)


Startpoint: _1441_ (rising edge-triggered flip-flop clocked by CLK)
Endpoint: _1463_ (removal check against rising-edge clock CLK)
Path Group: asynchronous
Path Type: min

Fanout         Cap        Slew       Delay        Time   Description
---------------------------------------------------------------------------------------------
                                  0.000000    0.000000   clock CLK (rise edge)
                                  0.000000    0.000000   clock source latency
     1    0.021247    0.158803    0.103819    0.103819 ^ CLK (in)
                                                         CLK (net)
                      0.158854    0.000000    0.103819 ^ clkbuf_0_CLK/A (sky130_fd_sc_hd__clkbuf_16)
    16    0.110692    0.192001    0.346066    0.449884 ^ clkbuf_0_CLK/X (sky130_fd_sc_hd__clkbuf_16)
                                                         clknet_0_CLK (net)
                      0.192394    0.005746    0.455631 ^ clkbuf_4_10_0_CLK/A (sky130_fd_sc_hd__clkbuf_8)
     6    0.018696    0.080479    0.274320    0.729950 ^ clkbuf_4_10_0_CLK/X (sky130_fd_sc_hd__clkbuf_8)
                                                         clknet_4_10_0_CLK (net)
                      0.080488    0.000836    0.730786 ^ _1441_/CLK (sky130_fd_sc_hd__dfrtp_2)
     1    0.001743    0.062760    0.633660    1.364447 ^ _1441_/Q (sky130_fd_sc_hd__dfrtp_2)
                                                         control.reset_n (net)
                      0.062760    0.000075    1.364522 ^ hold143/A (sky130_fd_sc_hd__dlygate4sd3_1)
     2    0.010929    0.202529    1.083043    2.447565 ^ hold143/X (sky130_fd_sc_hd__dlygate4sd3_1)
                                                         net142 (net)
                      0.202531    0.000983    2.448548 ^ fanout72/A (sky130_fd_sc_hd__clkdlybuf4s25_1)
     8    0.039601    0.637829    0.881580    3.330128 ^ fanout72/X (sky130_fd_sc_hd__clkdlybuf4s25_1)
                                                         net72 (net)
                      0.637832    0.002523    3.332650 ^ fanout65/A (sky130_fd_sc_hd__clkdlybuf4s25_1)
    10    0.041936    0.674525    1.053323    4.385973 ^ fanout65/X (sky130_fd_sc_hd__clkdlybuf4s25_1)
                                                         net65 (net)
                      0.674547    0.004337    4.390310 ^ _1463_/RESET_B (sky130_fd_sc_hd__dfrtp_2)
                                              4.390310   data arrival time

                                  0.000000    0.000000   clock CLK (rise edge)
                                  0.000000    0.000000   clock source latency
     1    0.021247    0.158803    0.114747    0.114747 ^ CLK (in)
                                                         CLK (net)
                      0.158854    0.000000    0.114747 ^ clkbuf_0_CLK/A (sky130_fd_sc_hd__clkbuf_16)
    16    0.110692    0.192001    0.382494    0.497241 ^ clkbuf_0_CLK/X (sky130_fd_sc_hd__clkbuf_16)
                                                         clknet_0_CLK (net)
                      0.192678    0.008862    0.506102 ^ clkbuf_4_0_0_CLK/A (sky130_fd_sc_hd__clkbuf_8)
     6    0.024030    0.093092    0.315987    0.822090 ^ clkbuf_4_0_0_CLK/X (sky130_fd_sc_hd__clkbuf_8)
                                                         clknet_4_0_0_CLK (net)
                      0.093106    0.001226    0.823316 ^ _1463_/CLK (sky130_fd_sc_hd__dfrtp_2)
                                  0.250000    1.073316   clock uncertainty
                                 -0.047356    1.025960   clock reconvergence pessimism
                                  0.849647    1.875607   library removal time
                                              1.875607   data required time
---------------------------------------------------------------------------------------------
                                              1.875607   data required time
                                             -4.390310   data arrival time
---------------------------------------------------------------------------------------------
                                              2.514703   slack (MET)


Startpoint: _1441_ (rising edge-triggered flip-flop clocked by CLK)
Endpoint: _1465_ (removal check against rising-edge clock CLK)
Path Group: asynchronous
Path Type: min

Fanout         Cap        Slew       Delay        Time   Description
---------------------------------------------------------------------------------------------
                                  0.000000    0.000000   clock CLK (rise edge)
                                  0.000000    0.000000   clock source latency
     1    0.021247    0.158803    0.103819    0.103819 ^ CLK (in)
                                                         CLK (net)
                      0.158854    0.000000    0.103819 ^ clkbuf_0_CLK/A (sky130_fd_sc_hd__clkbuf_16)
    16    0.110692    0.192001    0.346066    0.449884 ^ clkbuf_0_CLK/X (sky130_fd_sc_hd__clkbuf_16)
                                                         clknet_0_CLK (net)
                      0.192394    0.005746    0.455631 ^ clkbuf_4_10_0_CLK/A (sky130_fd_sc_hd__clkbuf_8)
     6    0.018696    0.080479    0.274320    0.729950 ^ clkbuf_4_10_0_CLK/X (sky130_fd_sc_hd__clkbuf_8)
                                                         clknet_4_10_0_CLK (net)
                      0.080488    0.000836    0.730786 ^ _1441_/CLK (sky130_fd_sc_hd__dfrtp_2)
     1    0.001743    0.062760    0.633660    1.364447 ^ _1441_/Q (sky130_fd_sc_hd__dfrtp_2)
                                                         control.reset_n (net)
                      0.062760    0.000075    1.364522 ^ hold143/A (sky130_fd_sc_hd__dlygate4sd3_1)
     2    0.010929    0.202529    1.083043    2.447565 ^ hold143/X (sky130_fd_sc_hd__dlygate4sd3_1)
                                                         net142 (net)
                      0.202531    0.000983    2.448548 ^ fanout72/A (sky130_fd_sc_hd__clkdlybuf4s25_1)
     8    0.039601    0.637829    0.881580    3.330128 ^ fanout72/X (sky130_fd_sc_hd__clkdlybuf4s25_1)
                                                         net72 (net)
                      0.637833    0.002700    3.332828 ^ fanout69/A (sky130_fd_sc_hd__clkdlybuf4s25_1)
     8    0.039573    0.637195    1.029888    4.362716 ^ fanout69/X (sky130_fd_sc_hd__clkdlybuf4s25_1)
                                                         net69 (net)
                      0.637195    0.001937    4.364653 ^ _1465_/RESET_B (sky130_fd_sc_hd__dfrtp_2)
                                              4.364653   data arrival time

                                  0.000000    0.000000   clock CLK (rise edge)
                                  0.000000    0.000000   clock source latency
     1    0.021247    0.158803    0.114747    0.114747 ^ CLK (in)
                                                         CLK (net)
                      0.158854    0.000000    0.114747 ^ clkbuf_0_CLK/A (sky130_fd_sc_hd__clkbuf_16)
    16    0.110692    0.192001    0.382494    0.497241 ^ clkbuf_0_CLK/X (sky130_fd_sc_hd__clkbuf_16)
                                                         clknet_0_CLK (net)
                      0.192665    0.008770    0.506011 ^ clkbuf_4_3_0_CLK/A (sky130_fd_sc_hd__clkbuf_8)
     6    0.019520    0.082381    0.305330    0.811341 ^ clkbuf_4_3_0_CLK/X (sky130_fd_sc_hd__clkbuf_8)
                                                         clknet_4_3_0_CLK (net)
                      0.082389    0.000904    0.812245 ^ _1465_/CLK (sky130_fd_sc_hd__dfrtp_2)
                                  0.250000    1.062245   clock uncertainty
                                 -0.047356    1.014889   clock reconvergence pessimism
                                  0.834994    1.849882   library removal time
                                              1.849882   data required time
---------------------------------------------------------------------------------------------
                                              1.849882   data required time
                                             -4.364653   data arrival time
---------------------------------------------------------------------------------------------
                                              2.514771   slack (MET)


Startpoint: _1441_ (rising edge-triggered flip-flop clocked by CLK)
Endpoint: _1420_ (removal check against rising-edge clock CLK)
Path Group: asynchronous
Path Type: min

Fanout         Cap        Slew       Delay        Time   Description
---------------------------------------------------------------------------------------------
                                  0.000000    0.000000   clock CLK (rise edge)
                                  0.000000    0.000000   clock source latency
     1    0.021247    0.158803    0.103819    0.103819 ^ CLK (in)
                                                         CLK (net)
                      0.158854    0.000000    0.103819 ^ clkbuf_0_CLK/A (sky130_fd_sc_hd__clkbuf_16)
    16    0.110692    0.192001    0.346066    0.449884 ^ clkbuf_0_CLK/X (sky130_fd_sc_hd__clkbuf_16)
                                                         clknet_0_CLK (net)
                      0.192394    0.005746    0.455631 ^ clkbuf_4_10_0_CLK/A (sky130_fd_sc_hd__clkbuf_8)
     6    0.018696    0.080479    0.274320    0.729950 ^ clkbuf_4_10_0_CLK/X (sky130_fd_sc_hd__clkbuf_8)
                                                         clknet_4_10_0_CLK (net)
                      0.080488    0.000836    0.730786 ^ _1441_/CLK (sky130_fd_sc_hd__dfrtp_2)
     1    0.001743    0.062760    0.633660    1.364447 ^ _1441_/Q (sky130_fd_sc_hd__dfrtp_2)
                                                         control.reset_n (net)
                      0.062760    0.000075    1.364522 ^ hold143/A (sky130_fd_sc_hd__dlygate4sd3_1)
     2    0.010929    0.202529    1.083043    2.447565 ^ hold143/X (sky130_fd_sc_hd__dlygate4sd3_1)
                                                         net142 (net)
                      0.202531    0.000983    2.448548 ^ fanout72/A (sky130_fd_sc_hd__clkdlybuf4s25_1)
     8    0.039601    0.637829    0.881580    3.330128 ^ fanout72/X (sky130_fd_sc_hd__clkdlybuf4s25_1)
                                                         net72 (net)
                      0.637832    0.002523    3.332650 ^ fanout65/A (sky130_fd_sc_hd__clkdlybuf4s25_1)
    10    0.041936    0.674525    1.053323    4.385973 ^ fanout65/X (sky130_fd_sc_hd__clkdlybuf4s25_1)
                                                         net65 (net)
                      0.674552    0.004661    4.390634 ^ _1420_/RESET_B (sky130_fd_sc_hd__dfrtp_2)
                                              4.390634   data arrival time

                                  0.000000    0.000000   clock CLK (rise edge)
                                  0.000000    0.000000   clock source latency
     1    0.021247    0.158803    0.114747    0.114747 ^ CLK (in)
                                                         CLK (net)
                      0.158854    0.000000    0.114747 ^ clkbuf_0_CLK/A (sky130_fd_sc_hd__clkbuf_16)
    16    0.110692    0.192001    0.382494    0.497241 ^ clkbuf_0_CLK/X (sky130_fd_sc_hd__clkbuf_16)
                                                         clknet_0_CLK (net)
                      0.192678    0.008862    0.506102 ^ clkbuf_4_0_0_CLK/A (sky130_fd_sc_hd__clkbuf_8)
     6    0.024030    0.093092    0.315987    0.822090 ^ clkbuf_4_0_0_CLK/X (sky130_fd_sc_hd__clkbuf_8)
                                                         clknet_4_0_0_CLK (net)
                      0.093106    0.001208    0.823298 ^ _1420_/CLK (sky130_fd_sc_hd__dfrtp_2)
                                  0.250000    1.073298   clock uncertainty
                                 -0.047356    1.025941   clock reconvergence pessimism
                                  0.849649    1.875590   library removal time
                                              1.875590   data required time
---------------------------------------------------------------------------------------------
                                              1.875590   data required time
                                             -4.390634   data arrival time
---------------------------------------------------------------------------------------------
                                              2.515043   slack (MET)


Startpoint: _1441_ (rising edge-triggered flip-flop clocked by CLK)
Endpoint: _1397_ (removal check against rising-edge clock CLK)
Path Group: asynchronous
Path Type: min

Fanout         Cap        Slew       Delay        Time   Description
---------------------------------------------------------------------------------------------
                                  0.000000    0.000000   clock CLK (rise edge)
                                  0.000000    0.000000   clock source latency
     1    0.021247    0.158803    0.103819    0.103819 ^ CLK (in)
                                                         CLK (net)
                      0.158854    0.000000    0.103819 ^ clkbuf_0_CLK/A (sky130_fd_sc_hd__clkbuf_16)
    16    0.110692    0.192001    0.346066    0.449884 ^ clkbuf_0_CLK/X (sky130_fd_sc_hd__clkbuf_16)
                                                         clknet_0_CLK (net)
                      0.192394    0.005746    0.455631 ^ clkbuf_4_10_0_CLK/A (sky130_fd_sc_hd__clkbuf_8)
     6    0.018696    0.080479    0.274320    0.729950 ^ clkbuf_4_10_0_CLK/X (sky130_fd_sc_hd__clkbuf_8)
                                                         clknet_4_10_0_CLK (net)
                      0.080488    0.000836    0.730786 ^ _1441_/CLK (sky130_fd_sc_hd__dfrtp_2)
     1    0.001743    0.062760    0.633660    1.364447 ^ _1441_/Q (sky130_fd_sc_hd__dfrtp_2)
                                                         control.reset_n (net)
                      0.062760    0.000075    1.364522 ^ hold143/A (sky130_fd_sc_hd__dlygate4sd3_1)
     2    0.010929    0.202529    1.083043    2.447565 ^ hold143/X (sky130_fd_sc_hd__dlygate4sd3_1)
                                                         net142 (net)
                      0.202529    0.000662    2.448227 ^ fanout79/A (sky130_fd_sc_hd__clkdlybuf4s25_1)
     5    0.030871    0.501304    0.790785    3.239012 ^ fanout79/X (sky130_fd_sc_hd__clkdlybuf4s25_1)
                                                         net79 (net)
                      0.501304    0.001707    3.240719 ^ fanout75/A (sky130_fd_sc_hd__clkdlybuf4s25_1)
     2    0.006181    0.122447    0.633983    3.874702 ^ fanout75/X (sky130_fd_sc_hd__clkdlybuf4s25_1)
                                                         net75 (net)
                      0.122447    0.000327    3.875030 ^ load_slew76/A (sky130_fd_sc_hd__clkbuf_4)
     9    0.035822    0.186077    0.339012    4.214042 ^ load_slew76/X (sky130_fd_sc_hd__clkbuf_4)
                                                         net76 (net)
                      0.186089    0.001612    4.215654 ^ _1397_/RESET_B (sky130_fd_sc_hd__dfrtp_2)
                                              4.215654   data arrival time

                                  0.000000    0.000000   clock CLK (rise edge)
                                  0.000000    0.000000   clock source latency
     1    0.021247    0.158803    0.114747    0.114747 ^ CLK (in)
                                                         CLK (net)
                      0.158854    0.000000    0.114747 ^ clkbuf_0_CLK/A (sky130_fd_sc_hd__clkbuf_16)
    16    0.110692    0.192001    0.382494    0.497241 ^ clkbuf_0_CLK/X (sky130_fd_sc_hd__clkbuf_16)
                                                         clknet_0_CLK (net)
                      0.192352    0.005881    0.503122 ^ clkbuf_4_15_0_CLK/A (sky130_fd_sc_hd__clkbuf_8)
     6    0.015922    0.074184    0.296625    0.799747 ^ clkbuf_4_15_0_CLK/X (sky130_fd_sc_hd__clkbuf_8)
                                                         clknet_4_15_0_CLK (net)
                      0.074190    0.000732    0.800478 ^ _1397_/CLK (sky130_fd_sc_hd__dfrtp_2)
                                  0.250000    1.050478   clock uncertainty
                                 -0.047356    1.003122   clock reconvergence pessimism
                                  0.694263    1.697385   library removal time
                                              1.697385   data required time
---------------------------------------------------------------------------------------------
                                              1.697385   data required time
                                             -4.215654   data arrival time
---------------------------------------------------------------------------------------------
                                              2.518269   slack (MET)


Startpoint: _1441_ (rising edge-triggered flip-flop clocked by CLK)
Endpoint: _1400_ (removal check against rising-edge clock CLK)
Path Group: asynchronous
Path Type: min

Fanout         Cap        Slew       Delay        Time   Description
---------------------------------------------------------------------------------------------
                                  0.000000    0.000000   clock CLK (rise edge)
                                  0.000000    0.000000   clock source latency
     1    0.021247    0.158803    0.103819    0.103819 ^ CLK (in)
                                                         CLK (net)
                      0.158854    0.000000    0.103819 ^ clkbuf_0_CLK/A (sky130_fd_sc_hd__clkbuf_16)
    16    0.110692    0.192001    0.346066    0.449884 ^ clkbuf_0_CLK/X (sky130_fd_sc_hd__clkbuf_16)
                                                         clknet_0_CLK (net)
                      0.192394    0.005746    0.455631 ^ clkbuf_4_10_0_CLK/A (sky130_fd_sc_hd__clkbuf_8)
     6    0.018696    0.080479    0.274320    0.729950 ^ clkbuf_4_10_0_CLK/X (sky130_fd_sc_hd__clkbuf_8)
                                                         clknet_4_10_0_CLK (net)
                      0.080488    0.000836    0.730786 ^ _1441_/CLK (sky130_fd_sc_hd__dfrtp_2)
     1    0.001743    0.062760    0.633660    1.364447 ^ _1441_/Q (sky130_fd_sc_hd__dfrtp_2)
                                                         control.reset_n (net)
                      0.062760    0.000075    1.364522 ^ hold143/A (sky130_fd_sc_hd__dlygate4sd3_1)
     2    0.010929    0.202529    1.083043    2.447565 ^ hold143/X (sky130_fd_sc_hd__dlygate4sd3_1)
                                                         net142 (net)
                      0.202529    0.000662    2.448227 ^ fanout79/A (sky130_fd_sc_hd__clkdlybuf4s25_1)
     5    0.030871    0.501304    0.790785    3.239012 ^ fanout79/X (sky130_fd_sc_hd__clkdlybuf4s25_1)
                                                         net79 (net)
                      0.501304    0.001707    3.240719 ^ fanout75/A (sky130_fd_sc_hd__clkdlybuf4s25_1)
     2    0.006181    0.122447    0.633983    3.874702 ^ fanout75/X (sky130_fd_sc_hd__clkdlybuf4s25_1)
                                                         net75 (net)
                      0.122447    0.000327    3.875030 ^ load_slew76/A (sky130_fd_sc_hd__clkbuf_4)
     9    0.035822    0.186077    0.339012    4.214042 ^ load_slew76/X (sky130_fd_sc_hd__clkbuf_4)
                                                         net76 (net)
                      0.186105    0.002195    4.216237 ^ _1400_/RESET_B (sky130_fd_sc_hd__dfrtp_2)
                                              4.216237   data arrival time

                                  0.000000    0.000000   clock CLK (rise edge)
                                  0.000000    0.000000   clock source latency
     1    0.021247    0.158803    0.114747    0.114747 ^ CLK (in)
                                                         CLK (net)
                      0.158854    0.000000    0.114747 ^ clkbuf_0_CLK/A (sky130_fd_sc_hd__clkbuf_16)
    16    0.110692    0.192001    0.382494    0.497241 ^ clkbuf_0_CLK/X (sky130_fd_sc_hd__clkbuf_16)
                                                         clknet_0_CLK (net)
                      0.192352    0.005881    0.503122 ^ clkbuf_4_15_0_CLK/A (sky130_fd_sc_hd__clkbuf_8)
     6    0.015922    0.074184    0.296625    0.799747 ^ clkbuf_4_15_0_CLK/X (sky130_fd_sc_hd__clkbuf_8)
                                                         clknet_4_15_0_CLK (net)
                      0.074195    0.000875    0.800622 ^ _1400_/CLK (sky130_fd_sc_hd__dfrtp_2)
                                  0.250000    1.050622   clock uncertainty
                                 -0.047356    1.003266   clock reconvergence pessimism
                                  0.694269    1.697535   library removal time
                                              1.697535   data required time
---------------------------------------------------------------------------------------------
                                              1.697535   data required time
                                             -4.216237   data arrival time
---------------------------------------------------------------------------------------------
                                              2.518703   slack (MET)


Startpoint: _1441_ (rising edge-triggered flip-flop clocked by CLK)
Endpoint: _1435_ (removal check against rising-edge clock CLK)
Path Group: asynchronous
Path Type: min

Fanout         Cap        Slew       Delay        Time   Description
---------------------------------------------------------------------------------------------
                                  0.000000    0.000000   clock CLK (rise edge)
                                  0.000000    0.000000   clock source latency
     1    0.021247    0.158803    0.103819    0.103819 ^ CLK (in)
                                                         CLK (net)
                      0.158854    0.000000    0.103819 ^ clkbuf_0_CLK/A (sky130_fd_sc_hd__clkbuf_16)
    16    0.110692    0.192001    0.346066    0.449884 ^ clkbuf_0_CLK/X (sky130_fd_sc_hd__clkbuf_16)
                                                         clknet_0_CLK (net)
                      0.192394    0.005746    0.455631 ^ clkbuf_4_10_0_CLK/A (sky130_fd_sc_hd__clkbuf_8)
     6    0.018696    0.080479    0.274320    0.729950 ^ clkbuf_4_10_0_CLK/X (sky130_fd_sc_hd__clkbuf_8)
                                                         clknet_4_10_0_CLK (net)
                      0.080488    0.000836    0.730786 ^ _1441_/CLK (sky130_fd_sc_hd__dfrtp_2)
     1    0.001743    0.062760    0.633660    1.364447 ^ _1441_/Q (sky130_fd_sc_hd__dfrtp_2)
                                                         control.reset_n (net)
                      0.062760    0.000075    1.364522 ^ hold143/A (sky130_fd_sc_hd__dlygate4sd3_1)
     2    0.010929    0.202529    1.083043    2.447565 ^ hold143/X (sky130_fd_sc_hd__dlygate4sd3_1)
                                                         net142 (net)
                      0.202529    0.000662    2.448227 ^ fanout79/A (sky130_fd_sc_hd__clkdlybuf4s25_1)
     5    0.030871    0.501304    0.790785    3.239012 ^ fanout79/X (sky130_fd_sc_hd__clkdlybuf4s25_1)
                                                         net79 (net)
                      0.501304    0.001707    3.240719 ^ fanout75/A (sky130_fd_sc_hd__clkdlybuf4s25_1)
     2    0.006181    0.122447    0.633983    3.874702 ^ fanout75/X (sky130_fd_sc_hd__clkdlybuf4s25_1)
                                                         net75 (net)
                      0.122447    0.000327    3.875030 ^ load_slew76/A (sky130_fd_sc_hd__clkbuf_4)
     9    0.035822    0.186077    0.339012    4.214042 ^ load_slew76/X (sky130_fd_sc_hd__clkbuf_4)
                                                         net76 (net)
                      0.186109    0.002312    4.216354 ^ _1435_/RESET_B (sky130_fd_sc_hd__dfrtp_2)
                                              4.216354   data arrival time

                                  0.000000    0.000000   clock CLK (rise edge)
                                  0.000000    0.000000   clock source latency
     1    0.021247    0.158803    0.114747    0.114747 ^ CLK (in)
                                                         CLK (net)
                      0.158854    0.000000    0.114747 ^ clkbuf_0_CLK/A (sky130_fd_sc_hd__clkbuf_16)
    16    0.110692    0.192001    0.382494    0.497241 ^ clkbuf_0_CLK/X (sky130_fd_sc_hd__clkbuf_16)
                                                         clknet_0_CLK (net)
                      0.192352    0.005881    0.503122 ^ clkbuf_4_15_0_CLK/A (sky130_fd_sc_hd__clkbuf_8)
     6    0.015922    0.074184    0.296625    0.799747 ^ clkbuf_4_15_0_CLK/X (sky130_fd_sc_hd__clkbuf_8)
                                                         clknet_4_15_0_CLK (net)
                      0.074195    0.000891    0.800638 ^ _1435_/CLK (sky130_fd_sc_hd__dfrtp_2)
                                  0.250000    1.050638   clock uncertainty
                                 -0.047356    1.003282   clock reconvergence pessimism
                                  0.694270    1.697552   library removal time
                                              1.697552   data required time
---------------------------------------------------------------------------------------------
                                              1.697552   data required time
                                             -4.216354   data arrival time
---------------------------------------------------------------------------------------------
                                              2.518802   slack (MET)


Startpoint: _1441_ (rising edge-triggered flip-flop clocked by CLK)
Endpoint: _1434_ (removal check against rising-edge clock CLK)
Path Group: asynchronous
Path Type: min

Fanout         Cap        Slew       Delay        Time   Description
---------------------------------------------------------------------------------------------
                                  0.000000    0.000000   clock CLK (rise edge)
                                  0.000000    0.000000   clock source latency
     1    0.021247    0.158803    0.103819    0.103819 ^ CLK (in)
                                                         CLK (net)
                      0.158854    0.000000    0.103819 ^ clkbuf_0_CLK/A (sky130_fd_sc_hd__clkbuf_16)
    16    0.110692    0.192001    0.346066    0.449884 ^ clkbuf_0_CLK/X (sky130_fd_sc_hd__clkbuf_16)
                                                         clknet_0_CLK (net)
                      0.192394    0.005746    0.455631 ^ clkbuf_4_10_0_CLK/A (sky130_fd_sc_hd__clkbuf_8)
     6    0.018696    0.080479    0.274320    0.729950 ^ clkbuf_4_10_0_CLK/X (sky130_fd_sc_hd__clkbuf_8)
                                                         clknet_4_10_0_CLK (net)
                      0.080488    0.000836    0.730786 ^ _1441_/CLK (sky130_fd_sc_hd__dfrtp_2)
     1    0.001743    0.062760    0.633660    1.364447 ^ _1441_/Q (sky130_fd_sc_hd__dfrtp_2)
                                                         control.reset_n (net)
                      0.062760    0.000075    1.364522 ^ hold143/A (sky130_fd_sc_hd__dlygate4sd3_1)
     2    0.010929    0.202529    1.083043    2.447565 ^ hold143/X (sky130_fd_sc_hd__dlygate4sd3_1)
                                                         net142 (net)
                      0.202529    0.000662    2.448227 ^ fanout79/A (sky130_fd_sc_hd__clkdlybuf4s25_1)
     5    0.030871    0.501304    0.790785    3.239012 ^ fanout79/X (sky130_fd_sc_hd__clkdlybuf4s25_1)
                                                         net79 (net)
                      0.501304    0.001707    3.240719 ^ fanout75/A (sky130_fd_sc_hd__clkdlybuf4s25_1)
     2    0.006181    0.122447    0.633983    3.874702 ^ fanout75/X (sky130_fd_sc_hd__clkdlybuf4s25_1)
                                                         net75 (net)
                      0.122447    0.000327    3.875030 ^ load_slew76/A (sky130_fd_sc_hd__clkbuf_4)
     9    0.035822    0.186077    0.339012    4.214042 ^ load_slew76/X (sky130_fd_sc_hd__clkbuf_4)
                                                         net76 (net)
                      0.186115    0.002480    4.216522 ^ _1434_/RESET_B (sky130_fd_sc_hd__dfrtp_2)
                                              4.216522   data arrival time

                                  0.000000    0.000000   clock CLK (rise edge)
                                  0.000000    0.000000   clock source latency
     1    0.021247    0.158803    0.114747    0.114747 ^ CLK (in)
                                                         CLK (net)
                      0.158854    0.000000    0.114747 ^ clkbuf_0_CLK/A (sky130_fd_sc_hd__clkbuf_16)
    16    0.110692    0.192001    0.382494    0.497241 ^ clkbuf_0_CLK/X (sky130_fd_sc_hd__clkbuf_16)
                                                         clknet_0_CLK (net)
                      0.192352    0.005881    0.503122 ^ clkbuf_4_15_0_CLK/A (sky130_fd_sc_hd__clkbuf_8)
     6    0.015922    0.074184    0.296625    0.799747 ^ clkbuf_4_15_0_CLK/X (sky130_fd_sc_hd__clkbuf_8)
                                                         clknet_4_15_0_CLK (net)
                      0.074194    0.000843    0.800590 ^ _1434_/CLK (sky130_fd_sc_hd__dfrtp_2)
                                  0.250000    1.050590   clock uncertainty
                                 -0.047356    1.003233   clock reconvergence pessimism
                                  0.694272    1.697505   library removal time
                                              1.697505   data required time
---------------------------------------------------------------------------------------------
                                              1.697505   data required time
                                             -4.216522   data arrival time
---------------------------------------------------------------------------------------------
                                              2.519017   slack (MET)


Startpoint: _1441_ (rising edge-triggered flip-flop clocked by CLK)
Endpoint: _1452_ (removal check against rising-edge clock CLK)
Path Group: asynchronous
Path Type: min

Fanout         Cap        Slew       Delay        Time   Description
---------------------------------------------------------------------------------------------
                                  0.000000    0.000000   clock CLK (rise edge)
                                  0.000000    0.000000   clock source latency
     1    0.021247    0.158803    0.103819    0.103819 ^ CLK (in)
                                                         CLK (net)
                      0.158854    0.000000    0.103819 ^ clkbuf_0_CLK/A (sky130_fd_sc_hd__clkbuf_16)
    16    0.110692    0.192001    0.346066    0.449884 ^ clkbuf_0_CLK/X (sky130_fd_sc_hd__clkbuf_16)
                                                         clknet_0_CLK (net)
                      0.192394    0.005746    0.455631 ^ clkbuf_4_10_0_CLK/A (sky130_fd_sc_hd__clkbuf_8)
     6    0.018696    0.080479    0.274320    0.729950 ^ clkbuf_4_10_0_CLK/X (sky130_fd_sc_hd__clkbuf_8)
                                                         clknet_4_10_0_CLK (net)
                      0.080488    0.000836    0.730786 ^ _1441_/CLK (sky130_fd_sc_hd__dfrtp_2)
     1    0.001743    0.062760    0.633660    1.364447 ^ _1441_/Q (sky130_fd_sc_hd__dfrtp_2)
                                                         control.reset_n (net)
                      0.062760    0.000075    1.364522 ^ hold143/A (sky130_fd_sc_hd__dlygate4sd3_1)
     2    0.010929    0.202529    1.083043    2.447565 ^ hold143/X (sky130_fd_sc_hd__dlygate4sd3_1)
                                                         net142 (net)
                      0.202531    0.000983    2.448548 ^ fanout72/A (sky130_fd_sc_hd__clkdlybuf4s25_1)
     8    0.039601    0.637829    0.881580    3.330128 ^ fanout72/X (sky130_fd_sc_hd__clkdlybuf4s25_1)
                                                         net72 (net)
                      0.637833    0.002700    3.332828 ^ fanout69/A (sky130_fd_sc_hd__clkdlybuf4s25_1)
     8    0.039573    0.637195    1.029888    4.362716 ^ fanout69/X (sky130_fd_sc_hd__clkdlybuf4s25_1)
                                                         net69 (net)
                      0.637195    0.001745    4.364461 ^ _1452_/RESET_B (sky130_fd_sc_hd__dfrtp_2)
                                              4.364461   data arrival time

                                  0.000000    0.000000   clock CLK (rise edge)
                                  0.000000    0.000000   clock source latency
     1    0.021247    0.158803    0.114747    0.114747 ^ CLK (in)
                                                         CLK (net)
                      0.158854    0.000000    0.114747 ^ clkbuf_0_CLK/A (sky130_fd_sc_hd__clkbuf_16)
    16    0.110692    0.192001    0.382494    0.497241 ^ clkbuf_0_CLK/X (sky130_fd_sc_hd__clkbuf_16)
                                                         clknet_0_CLK (net)
                      0.192652    0.008669    0.505910 ^ clkbuf_4_6_0_CLK/A (sky130_fd_sc_hd__clkbuf_8)
     6    0.016696    0.075917    0.298598    0.804508 ^ clkbuf_4_6_0_CLK/X (sky130_fd_sc_hd__clkbuf_8)
                                                         clknet_4_6_0_CLK (net)
                      0.075926    0.000844    0.805352 ^ _1452_/CLK (sky130_fd_sc_hd__dfrtp_2)
                                  0.250000    1.055352   clock uncertainty
                                 -0.047356    1.007996   clock reconvergence pessimism
                                  0.833059    1.841055   library removal time
                                              1.841055   data required time
---------------------------------------------------------------------------------------------
                                              1.841055   data required time
                                             -4.364461   data arrival time
---------------------------------------------------------------------------------------------
                                              2.523406   slack (MET)


Startpoint: _1441_ (rising edge-triggered flip-flop clocked by CLK)
Endpoint: _1454_ (removal check against rising-edge clock CLK)
Path Group: asynchronous
Path Type: min

Fanout         Cap        Slew       Delay        Time   Description
---------------------------------------------------------------------------------------------
                                  0.000000    0.000000   clock CLK (rise edge)
                                  0.000000    0.000000   clock source latency
     1    0.021247    0.158803    0.103819    0.103819 ^ CLK (in)
                                                         CLK (net)
                      0.158854    0.000000    0.103819 ^ clkbuf_0_CLK/A (sky130_fd_sc_hd__clkbuf_16)
    16    0.110692    0.192001    0.346066    0.449884 ^ clkbuf_0_CLK/X (sky130_fd_sc_hd__clkbuf_16)
                                                         clknet_0_CLK (net)
                      0.192394    0.005746    0.455631 ^ clkbuf_4_10_0_CLK/A (sky130_fd_sc_hd__clkbuf_8)
     6    0.018696    0.080479    0.274320    0.729950 ^ clkbuf_4_10_0_CLK/X (sky130_fd_sc_hd__clkbuf_8)
                                                         clknet_4_10_0_CLK (net)
                      0.080488    0.000836    0.730786 ^ _1441_/CLK (sky130_fd_sc_hd__dfrtp_2)
     1    0.001743    0.062760    0.633660    1.364447 ^ _1441_/Q (sky130_fd_sc_hd__dfrtp_2)
                                                         control.reset_n (net)
                      0.062760    0.000075    1.364522 ^ hold143/A (sky130_fd_sc_hd__dlygate4sd3_1)
     2    0.010929    0.202529    1.083043    2.447565 ^ hold143/X (sky130_fd_sc_hd__dlygate4sd3_1)
                                                         net142 (net)
                      0.202531    0.000983    2.448548 ^ fanout72/A (sky130_fd_sc_hd__clkdlybuf4s25_1)
     8    0.039601    0.637829    0.881580    3.330128 ^ fanout72/X (sky130_fd_sc_hd__clkdlybuf4s25_1)
                                                         net72 (net)
                      0.637833    0.002700    3.332828 ^ fanout69/A (sky130_fd_sc_hd__clkdlybuf4s25_1)
     8    0.039573    0.637195    1.029888    4.362716 ^ fanout69/X (sky130_fd_sc_hd__clkdlybuf4s25_1)
                                                         net69 (net)
                      0.637195    0.001758    4.364473 ^ _1454_/RESET_B (sky130_fd_sc_hd__dfrtp_2)
                                              4.364473   data arrival time

                                  0.000000    0.000000   clock CLK (rise edge)
                                  0.000000    0.000000   clock source latency
     1    0.021247    0.158803    0.114747    0.114747 ^ CLK (in)
                                                         CLK (net)
                      0.158854    0.000000    0.114747 ^ clkbuf_0_CLK/A (sky130_fd_sc_hd__clkbuf_16)
    16    0.110692    0.192001    0.382494    0.497241 ^ clkbuf_0_CLK/X (sky130_fd_sc_hd__clkbuf_16)
                                                         clknet_0_CLK (net)
                      0.192652    0.008669    0.505910 ^ clkbuf_4_6_0_CLK/A (sky130_fd_sc_hd__clkbuf_8)
     6    0.016696    0.075917    0.298598    0.804508 ^ clkbuf_4_6_0_CLK/X (sky130_fd_sc_hd__clkbuf_8)
                                                         clknet_4_6_0_CLK (net)
                      0.075927    0.000855    0.805363 ^ _1454_/CLK (sky130_fd_sc_hd__dfrtp_2)
                                  0.250000    1.055363   clock uncertainty
                                 -0.047356    1.008007   clock reconvergence pessimism
                                  0.833059    1.841066   library removal time
                                              1.841066   data required time
---------------------------------------------------------------------------------------------
                                              1.841066   data required time
                                             -4.364473   data arrival time
---------------------------------------------------------------------------------------------
                                              2.523407   slack (MET)


Startpoint: _1441_ (rising edge-triggered flip-flop clocked by CLK)
Endpoint: _1453_ (removal check against rising-edge clock CLK)
Path Group: asynchronous
Path Type: min

Fanout         Cap        Slew       Delay        Time   Description
---------------------------------------------------------------------------------------------
                                  0.000000    0.000000   clock CLK (rise edge)
                                  0.000000    0.000000   clock source latency
     1    0.021247    0.158803    0.103819    0.103819 ^ CLK (in)
                                                         CLK (net)
                      0.158854    0.000000    0.103819 ^ clkbuf_0_CLK/A (sky130_fd_sc_hd__clkbuf_16)
    16    0.110692    0.192001    0.346066    0.449884 ^ clkbuf_0_CLK/X (sky130_fd_sc_hd__clkbuf_16)
                                                         clknet_0_CLK (net)
                      0.192394    0.005746    0.455631 ^ clkbuf_4_10_0_CLK/A (sky130_fd_sc_hd__clkbuf_8)
     6    0.018696    0.080479    0.274320    0.729950 ^ clkbuf_4_10_0_CLK/X (sky130_fd_sc_hd__clkbuf_8)
                                                         clknet_4_10_0_CLK (net)
                      0.080488    0.000836    0.730786 ^ _1441_/CLK (sky130_fd_sc_hd__dfrtp_2)
     1    0.001743    0.062760    0.633660    1.364447 ^ _1441_/Q (sky130_fd_sc_hd__dfrtp_2)
                                                         control.reset_n (net)
                      0.062760    0.000075    1.364522 ^ hold143/A (sky130_fd_sc_hd__dlygate4sd3_1)
     2    0.010929    0.202529    1.083043    2.447565 ^ hold143/X (sky130_fd_sc_hd__dlygate4sd3_1)
                                                         net142 (net)
                      0.202531    0.000983    2.448548 ^ fanout72/A (sky130_fd_sc_hd__clkdlybuf4s25_1)
     8    0.039601    0.637829    0.881580    3.330128 ^ fanout72/X (sky130_fd_sc_hd__clkdlybuf4s25_1)
                                                         net72 (net)
                      0.637833    0.002700    3.332828 ^ fanout69/A (sky130_fd_sc_hd__clkdlybuf4s25_1)
     8    0.039573    0.637195    1.029888    4.362716 ^ fanout69/X (sky130_fd_sc_hd__clkdlybuf4s25_1)
                                                         net69 (net)
                      0.637195    0.001905    4.364621 ^ _1453_/RESET_B (sky130_fd_sc_hd__dfrtp_2)
                                              4.364621   data arrival time

                                  0.000000    0.000000   clock CLK (rise edge)
                                  0.000000    0.000000   clock source latency
     1    0.021247    0.158803    0.114747    0.114747 ^ CLK (in)
                                                         CLK (net)
                      0.158854    0.000000    0.114747 ^ clkbuf_0_CLK/A (sky130_fd_sc_hd__clkbuf_16)
    16    0.110692    0.192001    0.382494    0.497241 ^ clkbuf_0_CLK/X (sky130_fd_sc_hd__clkbuf_16)
                                                         clknet_0_CLK (net)
                      0.192652    0.008669    0.505910 ^ clkbuf_4_6_0_CLK/A (sky130_fd_sc_hd__clkbuf_8)
     6    0.016696    0.075917    0.298598    0.804508 ^ clkbuf_4_6_0_CLK/X (sky130_fd_sc_hd__clkbuf_8)
                                                         clknet_4_6_0_CLK (net)
                      0.075925    0.000798    0.805306 ^ _1453_/CLK (sky130_fd_sc_hd__dfrtp_2)
                                  0.250000    1.055306   clock uncertainty
                                 -0.047356    1.007949   clock reconvergence pessimism
                                  0.833059    1.841008   library removal time
                                              1.841008   data required time
---------------------------------------------------------------------------------------------
                                              1.841008   data required time
                                             -4.364621   data arrival time
---------------------------------------------------------------------------------------------
                                              2.523612   slack (MET)


Startpoint: _1441_ (rising edge-triggered flip-flop clocked by CLK)
Endpoint: _1433_ (removal check against rising-edge clock CLK)
Path Group: asynchronous
Path Type: min

Fanout         Cap        Slew       Delay        Time   Description
---------------------------------------------------------------------------------------------
                                  0.000000    0.000000   clock CLK (rise edge)
                                  0.000000    0.000000   clock source latency
     1    0.021247    0.158803    0.103819    0.103819 ^ CLK (in)
                                                         CLK (net)
                      0.158854    0.000000    0.103819 ^ clkbuf_0_CLK/A (sky130_fd_sc_hd__clkbuf_16)
    16    0.110692    0.192001    0.346066    0.449884 ^ clkbuf_0_CLK/X (sky130_fd_sc_hd__clkbuf_16)
                                                         clknet_0_CLK (net)
                      0.192394    0.005746    0.455631 ^ clkbuf_4_10_0_CLK/A (sky130_fd_sc_hd__clkbuf_8)
     6    0.018696    0.080479    0.274320    0.729950 ^ clkbuf_4_10_0_CLK/X (sky130_fd_sc_hd__clkbuf_8)
                                                         clknet_4_10_0_CLK (net)
                      0.080488    0.000836    0.730786 ^ _1441_/CLK (sky130_fd_sc_hd__dfrtp_2)
     1    0.001743    0.062760    0.633660    1.364447 ^ _1441_/Q (sky130_fd_sc_hd__dfrtp_2)
                                                         control.reset_n (net)
                      0.062760    0.000075    1.364522 ^ hold143/A (sky130_fd_sc_hd__dlygate4sd3_1)
     2    0.010929    0.202529    1.083043    2.447565 ^ hold143/X (sky130_fd_sc_hd__dlygate4sd3_1)
                                                         net142 (net)
                      0.202531    0.000983    2.448548 ^ fanout72/A (sky130_fd_sc_hd__clkdlybuf4s25_1)
     8    0.039601    0.637829    0.881580    3.330128 ^ fanout72/X (sky130_fd_sc_hd__clkdlybuf4s25_1)
                                                         net72 (net)
                      0.637833    0.002700    3.332828 ^ fanout69/A (sky130_fd_sc_hd__clkdlybuf4s25_1)
     8    0.039573    0.637195    1.029888    4.362716 ^ fanout69/X (sky130_fd_sc_hd__clkdlybuf4s25_1)
                                                         net69 (net)
                      0.637195    0.001999    4.364715 ^ _1433_/RESET_B (sky130_fd_sc_hd__dfrtp_2)
                                              4.364715   data arrival time

                                  0.000000    0.000000   clock CLK (rise edge)
                                  0.000000    0.000000   clock source latency
     1    0.021247    0.158803    0.114747    0.114747 ^ CLK (in)
                                                         CLK (net)
                      0.158854    0.000000    0.114747 ^ clkbuf_0_CLK/A (sky130_fd_sc_hd__clkbuf_16)
    16    0.110692    0.192001    0.382494    0.497241 ^ clkbuf_0_CLK/X (sky130_fd_sc_hd__clkbuf_16)
                                                         clknet_0_CLK (net)
                      0.192709    0.009094    0.506335 ^ clkbuf_4_7_0_CLK/A (sky130_fd_sc_hd__clkbuf_8)
     6    0.015897    0.074126    0.296771    0.803106 ^ clkbuf_4_7_0_CLK/X (sky130_fd_sc_hd__clkbuf_8)
                                                         clknet_4_7_0_CLK (net)
                      0.074132    0.000710    0.803815 ^ _1433_/CLK (sky130_fd_sc_hd__dfrtp_2)
                                  0.250000    1.053815   clock uncertainty
                                 -0.047356    1.006459   clock reconvergence pessimism
                                  0.832522    1.838982   library removal time
                                              1.838982   data required time
---------------------------------------------------------------------------------------------
                                              1.838982   data required time
                                             -4.364715   data arrival time
---------------------------------------------------------------------------------------------
                                              2.525733   slack (MET)


Startpoint: _1441_ (rising edge-triggered flip-flop clocked by CLK)
Endpoint: _1447_ (removal check against rising-edge clock CLK)
Path Group: asynchronous
Path Type: min

Fanout         Cap        Slew       Delay        Time   Description
---------------------------------------------------------------------------------------------
                                  0.000000    0.000000   clock CLK (rise edge)
                                  0.000000    0.000000   clock source latency
     1    0.021247    0.158803    0.103819    0.103819 ^ CLK (in)
                                                         CLK (net)
                      0.158854    0.000000    0.103819 ^ clkbuf_0_CLK/A (sky130_fd_sc_hd__clkbuf_16)
    16    0.110692    0.192001    0.346066    0.449884 ^ clkbuf_0_CLK/X (sky130_fd_sc_hd__clkbuf_16)
                                                         clknet_0_CLK (net)
                      0.192394    0.005746    0.455631 ^ clkbuf_4_10_0_CLK/A (sky130_fd_sc_hd__clkbuf_8)
     6    0.018696    0.080479    0.274320    0.729950 ^ clkbuf_4_10_0_CLK/X (sky130_fd_sc_hd__clkbuf_8)
                                                         clknet_4_10_0_CLK (net)
                      0.080488    0.000836    0.730786 ^ _1441_/CLK (sky130_fd_sc_hd__dfrtp_2)
     1    0.001743    0.062760    0.633660    1.364447 ^ _1441_/Q (sky130_fd_sc_hd__dfrtp_2)
                                                         control.reset_n (net)
                      0.062760    0.000075    1.364522 ^ hold143/A (sky130_fd_sc_hd__dlygate4sd3_1)
     2    0.010929    0.202529    1.083043    2.447565 ^ hold143/X (sky130_fd_sc_hd__dlygate4sd3_1)
                                                         net142 (net)
                      0.202531    0.000983    2.448548 ^ fanout72/A (sky130_fd_sc_hd__clkdlybuf4s25_1)
     8    0.039601    0.637829    0.881580    3.330128 ^ fanout72/X (sky130_fd_sc_hd__clkdlybuf4s25_1)
                                                         net72 (net)
                      0.637833    0.002700    3.332828 ^ fanout69/A (sky130_fd_sc_hd__clkdlybuf4s25_1)
     8    0.039573    0.637195    1.029888    4.362716 ^ fanout69/X (sky130_fd_sc_hd__clkdlybuf4s25_1)
                                                         net69 (net)
                      0.637197    0.002337    4.365052 ^ _1447_/RESET_B (sky130_fd_sc_hd__dfrtp_2)
                                              4.365052   data arrival time

                                  0.000000    0.000000   clock CLK (rise edge)
                                  0.000000    0.000000   clock source latency
     1    0.021247    0.158803    0.114747    0.114747 ^ CLK (in)
                                                         CLK (net)
                      0.158854    0.000000    0.114747 ^ clkbuf_0_CLK/A (sky130_fd_sc_hd__clkbuf_16)
    16    0.110692    0.192001    0.382494    0.497241 ^ clkbuf_0_CLK/X (sky130_fd_sc_hd__clkbuf_16)
                                                         clknet_0_CLK (net)
                      0.192709    0.009094    0.506335 ^ clkbuf_4_7_0_CLK/A (sky130_fd_sc_hd__clkbuf_8)
     6    0.015897    0.074126    0.296771    0.803106 ^ clkbuf_4_7_0_CLK/X (sky130_fd_sc_hd__clkbuf_8)
                                                         clknet_4_7_0_CLK (net)
                      0.074136    0.000841    0.803947 ^ _1447_/CLK (sky130_fd_sc_hd__dfrtp_2)
                                  0.250000    1.053947   clock uncertainty
                                 -0.047356    1.006590   clock reconvergence pessimism
                                  0.832524    1.839115   library removal time
                                              1.839115   data required time
---------------------------------------------------------------------------------------------
                                              1.839115   data required time
                                             -4.365052   data arrival time
---------------------------------------------------------------------------------------------
                                              2.525938   slack (MET)


Startpoint: _1441_ (rising edge-triggered flip-flop clocked by CLK)
Endpoint: _1443_ (removal check against rising-edge clock CLK)
Path Group: asynchronous
Path Type: min

Fanout         Cap        Slew       Delay        Time   Description
---------------------------------------------------------------------------------------------
                                  0.000000    0.000000   clock CLK (rise edge)
                                  0.000000    0.000000   clock source latency
     1    0.021247    0.158803    0.103819    0.103819 ^ CLK (in)
                                                         CLK (net)
                      0.158854    0.000000    0.103819 ^ clkbuf_0_CLK/A (sky130_fd_sc_hd__clkbuf_16)
    16    0.110692    0.192001    0.346066    0.449884 ^ clkbuf_0_CLK/X (sky130_fd_sc_hd__clkbuf_16)
                                                         clknet_0_CLK (net)
                      0.192394    0.005746    0.455631 ^ clkbuf_4_10_0_CLK/A (sky130_fd_sc_hd__clkbuf_8)
     6    0.018696    0.080479    0.274320    0.729950 ^ clkbuf_4_10_0_CLK/X (sky130_fd_sc_hd__clkbuf_8)
                                                         clknet_4_10_0_CLK (net)
                      0.080488    0.000836    0.730786 ^ _1441_/CLK (sky130_fd_sc_hd__dfrtp_2)
     1    0.001743    0.062760    0.633660    1.364447 ^ _1441_/Q (sky130_fd_sc_hd__dfrtp_2)
                                                         control.reset_n (net)
                      0.062760    0.000075    1.364522 ^ hold143/A (sky130_fd_sc_hd__dlygate4sd3_1)
     2    0.010929    0.202529    1.083043    2.447565 ^ hold143/X (sky130_fd_sc_hd__dlygate4sd3_1)
                                                         net142 (net)
                      0.202531    0.000983    2.448548 ^ fanout72/A (sky130_fd_sc_hd__clkdlybuf4s25_1)
     8    0.039601    0.637829    0.881580    3.330128 ^ fanout72/X (sky130_fd_sc_hd__clkdlybuf4s25_1)
                                                         net72 (net)
                      0.637833    0.002700    3.332828 ^ fanout69/A (sky130_fd_sc_hd__clkdlybuf4s25_1)
     8    0.039573    0.637195    1.029888    4.362716 ^ fanout69/X (sky130_fd_sc_hd__clkdlybuf4s25_1)
                                                         net69 (net)
                      0.637198    0.002530    4.365246 ^ _1443_/RESET_B (sky130_fd_sc_hd__dfrtp_2)
                                              4.365246   data arrival time

                                  0.000000    0.000000   clock CLK (rise edge)
                                  0.000000    0.000000   clock source latency
     1    0.021247    0.158803    0.114747    0.114747 ^ CLK (in)
                                                         CLK (net)
                      0.158854    0.000000    0.114747 ^ clkbuf_0_CLK/A (sky130_fd_sc_hd__clkbuf_16)
    16    0.110692    0.192001    0.382494    0.497241 ^ clkbuf_0_CLK/X (sky130_fd_sc_hd__clkbuf_16)
                                                         clknet_0_CLK (net)
                      0.192709    0.009094    0.506335 ^ clkbuf_4_7_0_CLK/A (sky130_fd_sc_hd__clkbuf_8)
     6    0.015897    0.074126    0.296771    0.803106 ^ clkbuf_4_7_0_CLK/X (sky130_fd_sc_hd__clkbuf_8)
                                                         clknet_4_7_0_CLK (net)
                      0.074137    0.000865    0.803971 ^ _1443_/CLK (sky130_fd_sc_hd__dfrtp_2)
                                  0.250000    1.053971   clock uncertainty
                                 -0.047356    1.006615   clock reconvergence pessimism
                                  0.832525    1.839139   library removal time
                                              1.839139   data required time
---------------------------------------------------------------------------------------------
                                              1.839139   data required time
                                             -4.365246   data arrival time
---------------------------------------------------------------------------------------------
                                              2.526107   slack (MET)


Startpoint: _1441_ (rising edge-triggered flip-flop clocked by CLK)
Endpoint: _1421_ (removal check against rising-edge clock CLK)
Path Group: asynchronous
Path Type: min

Fanout         Cap        Slew       Delay        Time   Description
---------------------------------------------------------------------------------------------
                                  0.000000    0.000000   clock CLK (rise edge)
                                  0.000000    0.000000   clock source latency
     1    0.021247    0.158803    0.103819    0.103819 ^ CLK (in)
                                                         CLK (net)
                      0.158854    0.000000    0.103819 ^ clkbuf_0_CLK/A (sky130_fd_sc_hd__clkbuf_16)
    16    0.110692    0.192001    0.346066    0.449884 ^ clkbuf_0_CLK/X (sky130_fd_sc_hd__clkbuf_16)
                                                         clknet_0_CLK (net)
                      0.192394    0.005746    0.455631 ^ clkbuf_4_10_0_CLK/A (sky130_fd_sc_hd__clkbuf_8)
     6    0.018696    0.080479    0.274320    0.729950 ^ clkbuf_4_10_0_CLK/X (sky130_fd_sc_hd__clkbuf_8)
                                                         clknet_4_10_0_CLK (net)
                      0.080488    0.000836    0.730786 ^ _1441_/CLK (sky130_fd_sc_hd__dfrtp_2)
     1    0.001743    0.062760    0.633660    1.364447 ^ _1441_/Q (sky130_fd_sc_hd__dfrtp_2)
                                                         control.reset_n (net)
                      0.062760    0.000075    1.364522 ^ hold143/A (sky130_fd_sc_hd__dlygate4sd3_1)
     2    0.010929    0.202529    1.083043    2.447565 ^ hold143/X (sky130_fd_sc_hd__dlygate4sd3_1)
                                                         net142 (net)
                      0.202531    0.000983    2.448548 ^ fanout72/A (sky130_fd_sc_hd__clkdlybuf4s25_1)
     8    0.039601    0.637829    0.881580    3.330128 ^ fanout72/X (sky130_fd_sc_hd__clkdlybuf4s25_1)
                                                         net72 (net)
                      0.637832    0.002523    3.332650 ^ fanout65/A (sky130_fd_sc_hd__clkdlybuf4s25_1)
    10    0.041936    0.674525    1.053323    4.385973 ^ fanout65/X (sky130_fd_sc_hd__clkdlybuf4s25_1)
                                                         net65 (net)
                      0.674536    0.003476    4.389450 ^ _1421_/RESET_B (sky130_fd_sc_hd__dfrtp_2)
                                              4.389450   data arrival time

                                  0.000000    0.000000   clock CLK (rise edge)
                                  0.000000    0.000000   clock source latency
     1    0.021247    0.158803    0.114747    0.114747 ^ CLK (in)
                                                         CLK (net)
                      0.158854    0.000000    0.114747 ^ clkbuf_0_CLK/A (sky130_fd_sc_hd__clkbuf_16)
    16    0.110692    0.192001    0.382494    0.497241 ^ clkbuf_0_CLK/X (sky130_fd_sc_hd__clkbuf_16)
                                                         clknet_0_CLK (net)
                      0.192674    0.008839    0.506079 ^ clkbuf_4_1_0_CLK/A (sky130_fd_sc_hd__clkbuf_8)
     6    0.018223    0.079392    0.302190    0.808270 ^ clkbuf_4_1_0_CLK/X (sky130_fd_sc_hd__clkbuf_8)
                                                         clknet_4_1_0_CLK (net)
                      0.079403    0.000973    0.809242 ^ _1421_/CLK (sky130_fd_sc_hd__dfrtp_2)
                                  0.250000    1.059242   clock uncertainty
                                 -0.047356    1.011886   clock reconvergence pessimism
                                  0.845545    1.857431   library removal time
                                              1.857431   data required time
---------------------------------------------------------------------------------------------
                                              1.857431   data required time
                                             -4.389450   data arrival time
---------------------------------------------------------------------------------------------
                                              2.532019   slack (MET)


Startpoint: _1441_ (rising edge-triggered flip-flop clocked by CLK)
Endpoint: _1464_ (removal check against rising-edge clock CLK)
Path Group: asynchronous
Path Type: min

Fanout         Cap        Slew       Delay        Time   Description
---------------------------------------------------------------------------------------------
                                  0.000000    0.000000   clock CLK (rise edge)
                                  0.000000    0.000000   clock source latency
     1    0.021247    0.158803    0.103819    0.103819 ^ CLK (in)
                                                         CLK (net)
                      0.158854    0.000000    0.103819 ^ clkbuf_0_CLK/A (sky130_fd_sc_hd__clkbuf_16)
    16    0.110692    0.192001    0.346066    0.449884 ^ clkbuf_0_CLK/X (sky130_fd_sc_hd__clkbuf_16)
                                                         clknet_0_CLK (net)
                      0.192394    0.005746    0.455631 ^ clkbuf_4_10_0_CLK/A (sky130_fd_sc_hd__clkbuf_8)
     6    0.018696    0.080479    0.274320    0.729950 ^ clkbuf_4_10_0_CLK/X (sky130_fd_sc_hd__clkbuf_8)
                                                         clknet_4_10_0_CLK (net)
                      0.080488    0.000836    0.730786 ^ _1441_/CLK (sky130_fd_sc_hd__dfrtp_2)
     1    0.001743    0.062760    0.633660    1.364447 ^ _1441_/Q (sky130_fd_sc_hd__dfrtp_2)
                                                         control.reset_n (net)
                      0.062760    0.000075    1.364522 ^ hold143/A (sky130_fd_sc_hd__dlygate4sd3_1)
     2    0.010929    0.202529    1.083043    2.447565 ^ hold143/X (sky130_fd_sc_hd__dlygate4sd3_1)
                                                         net142 (net)
                      0.202531    0.000983    2.448548 ^ fanout72/A (sky130_fd_sc_hd__clkdlybuf4s25_1)
     8    0.039601    0.637829    0.881580    3.330128 ^ fanout72/X (sky130_fd_sc_hd__clkdlybuf4s25_1)
                                                         net72 (net)
                      0.637832    0.002523    3.332650 ^ fanout65/A (sky130_fd_sc_hd__clkdlybuf4s25_1)
    10    0.041936    0.674525    1.053323    4.385973 ^ fanout65/X (sky130_fd_sc_hd__clkdlybuf4s25_1)
                                                         net65 (net)
                      0.674551    0.004560    4.390533 ^ _1464_/RESET_B (sky130_fd_sc_hd__dfrtp_2)
                                              4.390533   data arrival time

                                  0.000000    0.000000   clock CLK (rise edge)
                                  0.000000    0.000000   clock source latency
     1    0.021247    0.158803    0.114747    0.114747 ^ CLK (in)
                                                         CLK (net)
                      0.158854    0.000000    0.114747 ^ clkbuf_0_CLK/A (sky130_fd_sc_hd__clkbuf_16)
    16    0.110692    0.192001    0.382494    0.497241 ^ clkbuf_0_CLK/X (sky130_fd_sc_hd__clkbuf_16)
                                                         clknet_0_CLK (net)
                      0.192674    0.008839    0.506079 ^ clkbuf_4_1_0_CLK/A (sky130_fd_sc_hd__clkbuf_8)
     6    0.018223    0.079392    0.302190    0.808270 ^ clkbuf_4_1_0_CLK/X (sky130_fd_sc_hd__clkbuf_8)
                                                         clknet_4_1_0_CLK (net)
                      0.079407    0.001117    0.809386 ^ _1464_/CLK (sky130_fd_sc_hd__dfrtp_2)
                                  0.250000    1.059386   clock uncertainty
                                 -0.047356    1.012030   clock reconvergence pessimism
                                  0.845551    1.857581   library removal time
                                              1.857581   data required time
---------------------------------------------------------------------------------------------
                                              1.857581   data required time
                                             -4.390533   data arrival time
---------------------------------------------------------------------------------------------
                                              2.532953   slack (MET)


Startpoint: _1441_ (rising edge-triggered flip-flop clocked by CLK)
Endpoint: _1445_ (removal check against rising-edge clock CLK)
Path Group: asynchronous
Path Type: min

Fanout         Cap        Slew       Delay        Time   Description
---------------------------------------------------------------------------------------------
                                  0.000000    0.000000   clock CLK (rise edge)
                                  0.000000    0.000000   clock source latency
     1    0.021247    0.158803    0.103819    0.103819 ^ CLK (in)
                                                         CLK (net)
                      0.158854    0.000000    0.103819 ^ clkbuf_0_CLK/A (sky130_fd_sc_hd__clkbuf_16)
    16    0.110692    0.192001    0.346066    0.449884 ^ clkbuf_0_CLK/X (sky130_fd_sc_hd__clkbuf_16)
                                                         clknet_0_CLK (net)
                      0.192394    0.005746    0.455631 ^ clkbuf_4_10_0_CLK/A (sky130_fd_sc_hd__clkbuf_8)
     6    0.018696    0.080479    0.274320    0.729950 ^ clkbuf_4_10_0_CLK/X (sky130_fd_sc_hd__clkbuf_8)
                                                         clknet_4_10_0_CLK (net)
                      0.080488    0.000836    0.730786 ^ _1441_/CLK (sky130_fd_sc_hd__dfrtp_2)
     1    0.001743    0.062760    0.633660    1.364447 ^ _1441_/Q (sky130_fd_sc_hd__dfrtp_2)
                                                         control.reset_n (net)
                      0.062760    0.000075    1.364522 ^ hold143/A (sky130_fd_sc_hd__dlygate4sd3_1)
     2    0.010929    0.202529    1.083043    2.447565 ^ hold143/X (sky130_fd_sc_hd__dlygate4sd3_1)
                                                         net142 (net)
                      0.202531    0.000983    2.448548 ^ fanout72/A (sky130_fd_sc_hd__clkdlybuf4s25_1)
     8    0.039601    0.637829    0.881580    3.330128 ^ fanout72/X (sky130_fd_sc_hd__clkdlybuf4s25_1)
                                                         net72 (net)
                      0.637832    0.002523    3.332650 ^ fanout65/A (sky130_fd_sc_hd__clkdlybuf4s25_1)
    10    0.041936    0.674525    1.053323    4.385973 ^ fanout65/X (sky130_fd_sc_hd__clkdlybuf4s25_1)
                                                         net65 (net)
                      0.674557    0.004923    4.390896 ^ _1445_/RESET_B (sky130_fd_sc_hd__dfrtp_2)
                                              4.390896   data arrival time

                                  0.000000    0.000000   clock CLK (rise edge)
                                  0.000000    0.000000   clock source latency
     1    0.021247    0.158803    0.114747    0.114747 ^ CLK (in)
                                                         CLK (net)
                      0.158854    0.000000    0.114747 ^ clkbuf_0_CLK/A (sky130_fd_sc_hd__clkbuf_16)
    16    0.110692    0.192001    0.382494    0.497241 ^ clkbuf_0_CLK/X (sky130_fd_sc_hd__clkbuf_16)
                                                         clknet_0_CLK (net)
                      0.192674    0.008839    0.506079 ^ clkbuf_4_1_0_CLK/A (sky130_fd_sc_hd__clkbuf_8)
     6    0.018223    0.079392    0.302190    0.808270 ^ clkbuf_4_1_0_CLK/X (sky130_fd_sc_hd__clkbuf_8)
                                                         clknet_4_1_0_CLK (net)
                      0.079402    0.000950    0.809219 ^ _1445_/CLK (sky130_fd_sc_hd__dfrtp_2)
                                  0.250000    1.059219   clock uncertainty
                                 -0.047356    1.011863   clock reconvergence pessimism
                                  0.845551    1.857414   library removal time
                                              1.857414   data required time
---------------------------------------------------------------------------------------------
                                              1.857414   data required time
                                             -4.390896   data arrival time
---------------------------------------------------------------------------------------------
                                              2.533482   slack (MET)


Startpoint: _1441_ (rising edge-triggered flip-flop clocked by CLK)
Endpoint: _1428_ (removal check against rising-edge clock CLK)
Path Group: asynchronous
Path Type: min

Fanout         Cap        Slew       Delay        Time   Description
---------------------------------------------------------------------------------------------
                                  0.000000    0.000000   clock CLK (rise edge)
                                  0.000000    0.000000   clock source latency
     1    0.021247    0.158803    0.103819    0.103819 ^ CLK (in)
                                                         CLK (net)
                      0.158854    0.000000    0.103819 ^ clkbuf_0_CLK/A (sky130_fd_sc_hd__clkbuf_16)
    16    0.110692    0.192001    0.346066    0.449884 ^ clkbuf_0_CLK/X (sky130_fd_sc_hd__clkbuf_16)
                                                         clknet_0_CLK (net)
                      0.192394    0.005746    0.455631 ^ clkbuf_4_10_0_CLK/A (sky130_fd_sc_hd__clkbuf_8)
     6    0.018696    0.080479    0.274320    0.729950 ^ clkbuf_4_10_0_CLK/X (sky130_fd_sc_hd__clkbuf_8)
                                                         clknet_4_10_0_CLK (net)
                      0.080488    0.000836    0.730786 ^ _1441_/CLK (sky130_fd_sc_hd__dfrtp_2)
     1    0.001743    0.062760    0.633660    1.364447 ^ _1441_/Q (sky130_fd_sc_hd__dfrtp_2)
                                                         control.reset_n (net)
                      0.062760    0.000075    1.364522 ^ hold143/A (sky130_fd_sc_hd__dlygate4sd3_1)
     2    0.010929    0.202529    1.083043    2.447565 ^ hold143/X (sky130_fd_sc_hd__dlygate4sd3_1)
                                                         net142 (net)
                      0.202531    0.000983    2.448548 ^ fanout72/A (sky130_fd_sc_hd__clkdlybuf4s25_1)
     8    0.039601    0.637829    0.881580    3.330128 ^ fanout72/X (sky130_fd_sc_hd__clkdlybuf4s25_1)
                                                         net72 (net)
                      0.637832    0.002523    3.332650 ^ fanout65/A (sky130_fd_sc_hd__clkdlybuf4s25_1)
    10    0.041936    0.674525    1.053323    4.385973 ^ fanout65/X (sky130_fd_sc_hd__clkdlybuf4s25_1)
                                                         net65 (net)
                      0.674562    0.005179    4.391151 ^ _1428_/RESET_B (sky130_fd_sc_hd__dfrtp_2)
                                              4.391151   data arrival time

                                  0.000000    0.000000   clock CLK (rise edge)
                                  0.000000    0.000000   clock source latency
     1    0.021247    0.158803    0.114747    0.114747 ^ CLK (in)
                                                         CLK (net)
                      0.158854    0.000000    0.114747 ^ clkbuf_0_CLK/A (sky130_fd_sc_hd__clkbuf_16)
    16    0.110692    0.192001    0.382494    0.497241 ^ clkbuf_0_CLK/X (sky130_fd_sc_hd__clkbuf_16)
                                                         clknet_0_CLK (net)
                      0.192674    0.008839    0.506079 ^ clkbuf_4_1_0_CLK/A (sky130_fd_sc_hd__clkbuf_8)
     6    0.018223    0.079392    0.302190    0.808270 ^ clkbuf_4_1_0_CLK/X (sky130_fd_sc_hd__clkbuf_8)
                                                         clknet_4_1_0_CLK (net)
                      0.079404    0.001005    0.809274 ^ _1428_/CLK (sky130_fd_sc_hd__dfrtp_2)
                                  0.250000    1.059274   clock uncertainty
                                 -0.047356    1.011918   clock reconvergence pessimism
                                  0.845553    1.857471   library removal time
                                              1.857471   data required time
---------------------------------------------------------------------------------------------
                                              1.857471   data required time
                                             -4.391151   data arrival time
---------------------------------------------------------------------------------------------
                                              2.533680   slack (MET)


Startpoint: _1441_ (rising edge-triggered flip-flop clocked by CLK)
Endpoint: _1444_ (removal check against rising-edge clock CLK)
Path Group: asynchronous
Path Type: min

Fanout         Cap        Slew       Delay        Time   Description
---------------------------------------------------------------------------------------------
                                  0.000000    0.000000   clock CLK (rise edge)
                                  0.000000    0.000000   clock source latency
     1    0.021247    0.158803    0.103819    0.103819 ^ CLK (in)
                                                         CLK (net)
                      0.158854    0.000000    0.103819 ^ clkbuf_0_CLK/A (sky130_fd_sc_hd__clkbuf_16)
    16    0.110692    0.192001    0.346066    0.449884 ^ clkbuf_0_CLK/X (sky130_fd_sc_hd__clkbuf_16)
                                                         clknet_0_CLK (net)
                      0.192394    0.005746    0.455631 ^ clkbuf_4_10_0_CLK/A (sky130_fd_sc_hd__clkbuf_8)
     6    0.018696    0.080479    0.274320    0.729950 ^ clkbuf_4_10_0_CLK/X (sky130_fd_sc_hd__clkbuf_8)
                                                         clknet_4_10_0_CLK (net)
                      0.080488    0.000836    0.730786 ^ _1441_/CLK (sky130_fd_sc_hd__dfrtp_2)
     1    0.001743    0.062760    0.633660    1.364447 ^ _1441_/Q (sky130_fd_sc_hd__dfrtp_2)
                                                         control.reset_n (net)
                      0.062760    0.000075    1.364522 ^ hold143/A (sky130_fd_sc_hd__dlygate4sd3_1)
     2    0.010929    0.202529    1.083043    2.447565 ^ hold143/X (sky130_fd_sc_hd__dlygate4sd3_1)
                                                         net142 (net)
                      0.202531    0.000983    2.448548 ^ fanout72/A (sky130_fd_sc_hd__clkdlybuf4s25_1)
     8    0.039601    0.637829    0.881580    3.330128 ^ fanout72/X (sky130_fd_sc_hd__clkdlybuf4s25_1)
                                                         net72 (net)
                      0.637832    0.002523    3.332650 ^ fanout65/A (sky130_fd_sc_hd__clkdlybuf4s25_1)
    10    0.041936    0.674525    1.053323    4.385973 ^ fanout65/X (sky130_fd_sc_hd__clkdlybuf4s25_1)
                                                         net65 (net)
                      0.674559    0.005059    4.391032 ^ _1444_/RESET_B (sky130_fd_sc_hd__dfrtp_2)
                                              4.391032   data arrival time

                                  0.000000    0.000000   clock CLK (rise edge)
                                  0.000000    0.000000   clock source latency
     1    0.021247    0.158803    0.114747    0.114747 ^ CLK (in)
                                                         CLK (net)
                      0.158854    0.000000    0.114747 ^ clkbuf_0_CLK/A (sky130_fd_sc_hd__clkbuf_16)
    16    0.110692    0.192001    0.382494    0.497241 ^ clkbuf_0_CLK/X (sky130_fd_sc_hd__clkbuf_16)
                                                         clknet_0_CLK (net)
                      0.192674    0.008839    0.506079 ^ clkbuf_4_1_0_CLK/A (sky130_fd_sc_hd__clkbuf_8)
     6    0.018223    0.079392    0.302190    0.808270 ^ clkbuf_4_1_0_CLK/X (sky130_fd_sc_hd__clkbuf_8)
                                                         clknet_4_1_0_CLK (net)
                      0.079400    0.000882    0.809151 ^ _1444_/CLK (sky130_fd_sc_hd__dfrtp_2)
                                  0.250000    1.059151   clock uncertainty
                                 -0.047356    1.011795   clock reconvergence pessimism
                                  0.845551    1.857346   library removal time
                                              1.857346   data required time
---------------------------------------------------------------------------------------------
                                              1.857346   data required time
                                             -4.391032   data arrival time
---------------------------------------------------------------------------------------------
                                              2.533685   slack (MET)


Startpoint: _1441_ (rising edge-triggered flip-flop clocked by CLK)
Endpoint: _1407_ (removal check against rising-edge clock CLK)
Path Group: asynchronous
Path Type: min

Fanout         Cap        Slew       Delay        Time   Description
---------------------------------------------------------------------------------------------
                                  0.000000    0.000000   clock CLK (rise edge)
                                  0.000000    0.000000   clock source latency
     1    0.021247    0.158803    0.103819    0.103819 ^ CLK (in)
                                                         CLK (net)
                      0.158854    0.000000    0.103819 ^ clkbuf_0_CLK/A (sky130_fd_sc_hd__clkbuf_16)
    16    0.110692    0.192001    0.346066    0.449884 ^ clkbuf_0_CLK/X (sky130_fd_sc_hd__clkbuf_16)
                                                         clknet_0_CLK (net)
                      0.192394    0.005746    0.455631 ^ clkbuf_4_10_0_CLK/A (sky130_fd_sc_hd__clkbuf_8)
     6    0.018696    0.080479    0.274320    0.729950 ^ clkbuf_4_10_0_CLK/X (sky130_fd_sc_hd__clkbuf_8)
                                                         clknet_4_10_0_CLK (net)
                      0.080488    0.000836    0.730786 ^ _1441_/CLK (sky130_fd_sc_hd__dfrtp_2)
     1    0.001743    0.062760    0.633660    1.364447 ^ _1441_/Q (sky130_fd_sc_hd__dfrtp_2)
                                                         control.reset_n (net)
                      0.062760    0.000075    1.364522 ^ hold143/A (sky130_fd_sc_hd__dlygate4sd3_1)
     2    0.010929    0.202529    1.083043    2.447565 ^ hold143/X (sky130_fd_sc_hd__dlygate4sd3_1)
                                                         net142 (net)
                      0.202529    0.000662    2.448227 ^ fanout79/A (sky130_fd_sc_hd__clkdlybuf4s25_1)
     5    0.030871    0.501304    0.790785    3.239012 ^ fanout79/X (sky130_fd_sc_hd__clkdlybuf4s25_1)
                                                         net79 (net)
                      0.501304    0.001253    3.240265 ^ fanout77/A (sky130_fd_sc_hd__clkdlybuf4s25_1)
     3    0.014439    0.247401    0.721693    3.961957 ^ fanout77/X (sky130_fd_sc_hd__clkdlybuf4s25_1)
                                                         net77 (net)
                      0.247401    0.000703    3.962661 ^ load_slew78/A (sky130_fd_sc_hd__buf_2)
     8    0.033029    0.263576    0.396400    4.359061 ^ load_slew78/X (sky130_fd_sc_hd__buf_2)
                                                         net78 (net)
                      0.263589    0.001962    4.361023 ^ _1407_/RESET_B (sky130_fd_sc_hd__dfrtp_2)
                                              4.361023   data arrival time

                                  0.000000    0.000000   clock CLK (rise edge)
                                  0.000000    0.000000   clock source latency
     1    0.021247    0.158803    0.114747    0.114747 ^ CLK (in)
                                                         CLK (net)
                      0.158854    0.000000    0.114747 ^ clkbuf_0_CLK/A (sky130_fd_sc_hd__clkbuf_16)
    16    0.110692    0.192001    0.382494    0.497241 ^ clkbuf_0_CLK/X (sky130_fd_sc_hd__clkbuf_16)
                                                         clknet_0_CLK (net)
                      0.192366    0.006041    0.503282 ^ clkbuf_4_14_0_CLK/A (sky130_fd_sc_hd__clkbuf_8)
     6    0.018935    0.081026    0.303785    0.807067 ^ clkbuf_4_14_0_CLK/X (sky130_fd_sc_hd__clkbuf_8)
                                                         clknet_4_14_0_CLK (net)
                      0.081037    0.000991    0.808058 ^ _1407_/CLK (sky130_fd_sc_hd__dfrtp_2)
                                  0.250000    1.058058   clock uncertainty
                                 -0.047356    1.010701   clock reconvergence pessimism
                                  0.720079    1.730780   library removal time
                                              1.730780   data required time
---------------------------------------------------------------------------------------------
                                              1.730780   data required time
                                             -4.361023   data arrival time
---------------------------------------------------------------------------------------------
                                              2.630242   slack (MET)


Startpoint: _1441_ (rising edge-triggered flip-flop clocked by CLK)
Endpoint: _1403_ (removal check against rising-edge clock CLK)
Path Group: asynchronous
Path Type: min

Fanout         Cap        Slew       Delay        Time   Description
---------------------------------------------------------------------------------------------
                                  0.000000    0.000000   clock CLK (rise edge)
                                  0.000000    0.000000   clock source latency
     1    0.021247    0.158803    0.103819    0.103819 ^ CLK (in)
                                                         CLK (net)
                      0.158854    0.000000    0.103819 ^ clkbuf_0_CLK/A (sky130_fd_sc_hd__clkbuf_16)
    16    0.110692    0.192001    0.346066    0.449884 ^ clkbuf_0_CLK/X (sky130_fd_sc_hd__clkbuf_16)
                                                         clknet_0_CLK (net)
                      0.192394    0.005746    0.455631 ^ clkbuf_4_10_0_CLK/A (sky130_fd_sc_hd__clkbuf_8)
     6    0.018696    0.080479    0.274320    0.729950 ^ clkbuf_4_10_0_CLK/X (sky130_fd_sc_hd__clkbuf_8)
                                                         clknet_4_10_0_CLK (net)
                      0.080488    0.000836    0.730786 ^ _1441_/CLK (sky130_fd_sc_hd__dfrtp_2)
     1    0.001743    0.062760    0.633660    1.364447 ^ _1441_/Q (sky130_fd_sc_hd__dfrtp_2)
                                                         control.reset_n (net)
                      0.062760    0.000075    1.364522 ^ hold143/A (sky130_fd_sc_hd__dlygate4sd3_1)
     2    0.010929    0.202529    1.083043    2.447565 ^ hold143/X (sky130_fd_sc_hd__dlygate4sd3_1)
                                                         net142 (net)
                      0.202529    0.000662    2.448227 ^ fanout79/A (sky130_fd_sc_hd__clkdlybuf4s25_1)
     5    0.030871    0.501304    0.790785    3.239012 ^ fanout79/X (sky130_fd_sc_hd__clkdlybuf4s25_1)
                                                         net79 (net)
                      0.501304    0.001253    3.240265 ^ fanout77/A (sky130_fd_sc_hd__clkdlybuf4s25_1)
     3    0.014439    0.247401    0.721693    3.961957 ^ fanout77/X (sky130_fd_sc_hd__clkdlybuf4s25_1)
                                                         net77 (net)
                      0.247401    0.000703    3.962661 ^ load_slew78/A (sky130_fd_sc_hd__buf_2)
     8    0.033029    0.263576    0.396400    4.359061 ^ load_slew78/X (sky130_fd_sc_hd__buf_2)
                                                         net78 (net)
                      0.263584    0.001652    4.360713 ^ _1403_/RESET_B (sky130_fd_sc_hd__dfrtp_2)
                                              4.360713   data arrival time

                                  0.000000    0.000000   clock CLK (rise edge)
                                  0.000000    0.000000   clock source latency
     1    0.021247    0.158803    0.114747    0.114747 ^ CLK (in)
                                                         CLK (net)
                      0.158854    0.000000    0.114747 ^ clkbuf_0_CLK/A (sky130_fd_sc_hd__clkbuf_16)
    16    0.110692    0.192001    0.382494    0.497241 ^ clkbuf_0_CLK/X (sky130_fd_sc_hd__clkbuf_16)
                                                         clknet_0_CLK (net)
                      0.192389    0.006296    0.503537 ^ clkbuf_4_11_0_CLK/A (sky130_fd_sc_hd__clkbuf_8)
     6    0.017155    0.076953    0.299547    0.803084 ^ clkbuf_4_11_0_CLK/X (sky130_fd_sc_hd__clkbuf_8)
                                                         clknet_4_11_0_CLK (net)
                      0.076966    0.000992    0.804075 ^ _1403_/CLK (sky130_fd_sc_hd__dfrtp_2)
                                  0.250000    1.054075   clock uncertainty
                                 -0.047356    1.006719   clock reconvergence pessimism
                                  0.718852    1.725572   library removal time
                                              1.725572   data required time
---------------------------------------------------------------------------------------------
                                              1.725572   data required time
                                             -4.360713   data arrival time
---------------------------------------------------------------------------------------------
                                              2.635142   slack (MET)


Startpoint: _1441_ (rising edge-triggered flip-flop clocked by CLK)
Endpoint: _1405_ (removal check against rising-edge clock CLK)
Path Group: asynchronous
Path Type: min

Fanout         Cap        Slew       Delay        Time   Description
---------------------------------------------------------------------------------------------
                                  0.000000    0.000000   clock CLK (rise edge)
                                  0.000000    0.000000   clock source latency
     1    0.021247    0.158803    0.103819    0.103819 ^ CLK (in)
                                                         CLK (net)
                      0.158854    0.000000    0.103819 ^ clkbuf_0_CLK/A (sky130_fd_sc_hd__clkbuf_16)
    16    0.110692    0.192001    0.346066    0.449884 ^ clkbuf_0_CLK/X (sky130_fd_sc_hd__clkbuf_16)
                                                         clknet_0_CLK (net)
                      0.192394    0.005746    0.455631 ^ clkbuf_4_10_0_CLK/A (sky130_fd_sc_hd__clkbuf_8)
     6    0.018696    0.080479    0.274320    0.729950 ^ clkbuf_4_10_0_CLK/X (sky130_fd_sc_hd__clkbuf_8)
                                                         clknet_4_10_0_CLK (net)
                      0.080488    0.000836    0.730786 ^ _1441_/CLK (sky130_fd_sc_hd__dfrtp_2)
     1    0.001743    0.062760    0.633660    1.364447 ^ _1441_/Q (sky130_fd_sc_hd__dfrtp_2)
                                                         control.reset_n (net)
                      0.062760    0.000075    1.364522 ^ hold143/A (sky130_fd_sc_hd__dlygate4sd3_1)
     2    0.010929    0.202529    1.083043    2.447565 ^ hold143/X (sky130_fd_sc_hd__dlygate4sd3_1)
                                                         net142 (net)
                      0.202529    0.000662    2.448227 ^ fanout79/A (sky130_fd_sc_hd__clkdlybuf4s25_1)
     5    0.030871    0.501304    0.790785    3.239012 ^ fanout79/X (sky130_fd_sc_hd__clkdlybuf4s25_1)
                                                         net79 (net)
                      0.501304    0.001253    3.240265 ^ fanout77/A (sky130_fd_sc_hd__clkdlybuf4s25_1)
     3    0.014439    0.247401    0.721693    3.961957 ^ fanout77/X (sky130_fd_sc_hd__clkdlybuf4s25_1)
                                                         net77 (net)
                      0.247401    0.000703    3.962661 ^ load_slew78/A (sky130_fd_sc_hd__buf_2)
     8    0.033029    0.263576    0.396400    4.359061 ^ load_slew78/X (sky130_fd_sc_hd__buf_2)
                                                         net78 (net)
                      0.263586    0.001824    4.360885 ^ _1405_/RESET_B (sky130_fd_sc_hd__dfrtp_2)
                                              4.360885   data arrival time

                                  0.000000    0.000000   clock CLK (rise edge)
                                  0.000000    0.000000   clock source latency
     1    0.021247    0.158803    0.114747    0.114747 ^ CLK (in)
                                                         CLK (net)
                      0.158854    0.000000    0.114747 ^ clkbuf_0_CLK/A (sky130_fd_sc_hd__clkbuf_16)
    16    0.110692    0.192001    0.382494    0.497241 ^ clkbuf_0_CLK/X (sky130_fd_sc_hd__clkbuf_16)
                                                         clknet_0_CLK (net)
                      0.192389    0.006296    0.503537 ^ clkbuf_4_11_0_CLK/A (sky130_fd_sc_hd__clkbuf_8)
     6    0.017155    0.076953    0.299547    0.803084 ^ clkbuf_4_11_0_CLK/X (sky130_fd_sc_hd__clkbuf_8)
                                                         clknet_4_11_0_CLK (net)
                      0.076965    0.000955    0.804039 ^ _1405_/CLK (sky130_fd_sc_hd__dfrtp_2)
                                  0.250000    1.054039   clock uncertainty
                                 -0.047356    1.006683   clock reconvergence pessimism
                                  0.718853    1.725536   library removal time
                                              1.725536   data required time
---------------------------------------------------------------------------------------------
                                              1.725536   data required time
                                             -4.360885   data arrival time
---------------------------------------------------------------------------------------------
                                              2.635349   slack (MET)


Startpoint: _1441_ (rising edge-triggered flip-flop clocked by CLK)
Endpoint: _1408_ (removal check against rising-edge clock CLK)
Path Group: asynchronous
Path Type: min

Fanout         Cap        Slew       Delay        Time   Description
---------------------------------------------------------------------------------------------
                                  0.000000    0.000000   clock CLK (rise edge)
                                  0.000000    0.000000   clock source latency
     1    0.021247    0.158803    0.103819    0.103819 ^ CLK (in)
                                                         CLK (net)
                      0.158854    0.000000    0.103819 ^ clkbuf_0_CLK/A (sky130_fd_sc_hd__clkbuf_16)
    16    0.110692    0.192001    0.346066    0.449884 ^ clkbuf_0_CLK/X (sky130_fd_sc_hd__clkbuf_16)
                                                         clknet_0_CLK (net)
                      0.192394    0.005746    0.455631 ^ clkbuf_4_10_0_CLK/A (sky130_fd_sc_hd__clkbuf_8)
     6    0.018696    0.080479    0.274320    0.729950 ^ clkbuf_4_10_0_CLK/X (sky130_fd_sc_hd__clkbuf_8)
                                                         clknet_4_10_0_CLK (net)
                      0.080488    0.000836    0.730786 ^ _1441_/CLK (sky130_fd_sc_hd__dfrtp_2)
     1    0.001743    0.062760    0.633660    1.364447 ^ _1441_/Q (sky130_fd_sc_hd__dfrtp_2)
                                                         control.reset_n (net)
                      0.062760    0.000075    1.364522 ^ hold143/A (sky130_fd_sc_hd__dlygate4sd3_1)
     2    0.010929    0.202529    1.083043    2.447565 ^ hold143/X (sky130_fd_sc_hd__dlygate4sd3_1)
                                                         net142 (net)
                      0.202529    0.000662    2.448227 ^ fanout79/A (sky130_fd_sc_hd__clkdlybuf4s25_1)
     5    0.030871    0.501304    0.790785    3.239012 ^ fanout79/X (sky130_fd_sc_hd__clkdlybuf4s25_1)
                                                         net79 (net)
                      0.501304    0.001253    3.240265 ^ fanout77/A (sky130_fd_sc_hd__clkdlybuf4s25_1)
     3    0.014439    0.247401    0.721693    3.961957 ^ fanout77/X (sky130_fd_sc_hd__clkdlybuf4s25_1)
                                                         net77 (net)
                      0.247401    0.000703    3.962661 ^ load_slew78/A (sky130_fd_sc_hd__buf_2)
     8    0.033029    0.263576    0.396400    4.359061 ^ load_slew78/X (sky130_fd_sc_hd__buf_2)
                                                         net78 (net)
                      0.263592    0.002140    4.361201 ^ _1408_/RESET_B (sky130_fd_sc_hd__dfrtp_2)
                                              4.361201   data arrival time

                                  0.000000    0.000000   clock CLK (rise edge)
                                  0.000000    0.000000   clock source latency
     1    0.021247    0.158803    0.114747    0.114747 ^ CLK (in)
                                                         CLK (net)
                      0.158854    0.000000    0.114747 ^ clkbuf_0_CLK/A (sky130_fd_sc_hd__clkbuf_16)
    16    0.110692    0.192001    0.382494    0.497241 ^ clkbuf_0_CLK/X (sky130_fd_sc_hd__clkbuf_16)
                                                         clknet_0_CLK (net)
                      0.192389    0.006296    0.503537 ^ clkbuf_4_11_0_CLK/A (sky130_fd_sc_hd__clkbuf_8)
     6    0.017155    0.076953    0.299547    0.803084 ^ clkbuf_4_11_0_CLK/X (sky130_fd_sc_hd__clkbuf_8)
                                                         clknet_4_11_0_CLK (net)
                      0.076966    0.000972    0.804056 ^ _1408_/CLK (sky130_fd_sc_hd__dfrtp_2)
                                  0.250000    1.054056   clock uncertainty
                                 -0.047356    1.006700   clock reconvergence pessimism
                                  0.718855    1.725555   library removal time
                                              1.725555   data required time
---------------------------------------------------------------------------------------------
                                              1.725555   data required time
                                             -4.361201   data arrival time
---------------------------------------------------------------------------------------------
                                              2.635647   slack (MET)


Startpoint: _1441_ (rising edge-triggered flip-flop clocked by CLK)
Endpoint: _1406_ (removal check against rising-edge clock CLK)
Path Group: asynchronous
Path Type: min

Fanout         Cap        Slew       Delay        Time   Description
---------------------------------------------------------------------------------------------
                                  0.000000    0.000000   clock CLK (rise edge)
                                  0.000000    0.000000   clock source latency
     1    0.021247    0.158803    0.103819    0.103819 ^ CLK (in)
                                                         CLK (net)
                      0.158854    0.000000    0.103819 ^ clkbuf_0_CLK/A (sky130_fd_sc_hd__clkbuf_16)
    16    0.110692    0.192001    0.346066    0.449884 ^ clkbuf_0_CLK/X (sky130_fd_sc_hd__clkbuf_16)
                                                         clknet_0_CLK (net)
                      0.192394    0.005746    0.455631 ^ clkbuf_4_10_0_CLK/A (sky130_fd_sc_hd__clkbuf_8)
     6    0.018696    0.080479    0.274320    0.729950 ^ clkbuf_4_10_0_CLK/X (sky130_fd_sc_hd__clkbuf_8)
                                                         clknet_4_10_0_CLK (net)
                      0.080488    0.000836    0.730786 ^ _1441_/CLK (sky130_fd_sc_hd__dfrtp_2)
     1    0.001743    0.062760    0.633660    1.364447 ^ _1441_/Q (sky130_fd_sc_hd__dfrtp_2)
                                                         control.reset_n (net)
                      0.062760    0.000075    1.364522 ^ hold143/A (sky130_fd_sc_hd__dlygate4sd3_1)
     2    0.010929    0.202529    1.083043    2.447565 ^ hold143/X (sky130_fd_sc_hd__dlygate4sd3_1)
                                                         net142 (net)
                      0.202529    0.000662    2.448227 ^ fanout79/A (sky130_fd_sc_hd__clkdlybuf4s25_1)
     5    0.030871    0.501304    0.790785    3.239012 ^ fanout79/X (sky130_fd_sc_hd__clkdlybuf4s25_1)
                                                         net79 (net)
                      0.501304    0.001253    3.240265 ^ fanout77/A (sky130_fd_sc_hd__clkdlybuf4s25_1)
     3    0.014439    0.247401    0.721693    3.961957 ^ fanout77/X (sky130_fd_sc_hd__clkdlybuf4s25_1)
                                                         net77 (net)
                      0.247401    0.000703    3.962661 ^ load_slew78/A (sky130_fd_sc_hd__buf_2)
     8    0.033029    0.263576    0.396400    4.359061 ^ load_slew78/X (sky130_fd_sc_hd__buf_2)
                                                         net78 (net)
                      0.263592    0.002153    4.361214 ^ _1406_/RESET_B (sky130_fd_sc_hd__dfrtp_2)
                                              4.361214   data arrival time

                                  0.000000    0.000000   clock CLK (rise edge)
                                  0.000000    0.000000   clock source latency
     1    0.021247    0.158803    0.114747    0.114747 ^ CLK (in)
                                                         CLK (net)
                      0.158854    0.000000    0.114747 ^ clkbuf_0_CLK/A (sky130_fd_sc_hd__clkbuf_16)
    16    0.110692    0.192001    0.382494    0.497241 ^ clkbuf_0_CLK/X (sky130_fd_sc_hd__clkbuf_16)
                                                         clknet_0_CLK (net)
                      0.192389    0.006296    0.503537 ^ clkbuf_4_11_0_CLK/A (sky130_fd_sc_hd__clkbuf_8)
     6    0.017155    0.076953    0.299547    0.803084 ^ clkbuf_4_11_0_CLK/X (sky130_fd_sc_hd__clkbuf_8)
                                                         clknet_4_11_0_CLK (net)
                      0.076963    0.000884    0.803968 ^ _1406_/CLK (sky130_fd_sc_hd__dfrtp_2)
                                  0.250000    1.053968   clock uncertainty
                                 -0.047356    1.006612   clock reconvergence pessimism
                                  0.718854    1.725466   library removal time
                                              1.725466   data required time
---------------------------------------------------------------------------------------------
                                              1.725466   data required time
                                             -4.361214   data arrival time
---------------------------------------------------------------------------------------------
                                              2.635748   slack (MET)


Startpoint: _1441_ (rising edge-triggered flip-flop clocked by CLK)
Endpoint: _1472_ (removal check against rising-edge clock CLK)
Path Group: asynchronous
Path Type: min

Fanout         Cap        Slew       Delay        Time   Description
---------------------------------------------------------------------------------------------
                                  0.000000    0.000000   clock CLK (rise edge)
                                  0.000000    0.000000   clock source latency
     1    0.021247    0.158803    0.103819    0.103819 ^ CLK (in)
                                                         CLK (net)
                      0.158854    0.000000    0.103819 ^ clkbuf_0_CLK/A (sky130_fd_sc_hd__clkbuf_16)
    16    0.110692    0.192001    0.346066    0.449884 ^ clkbuf_0_CLK/X (sky130_fd_sc_hd__clkbuf_16)
                                                         clknet_0_CLK (net)
                      0.192394    0.005746    0.455631 ^ clkbuf_4_10_0_CLK/A (sky130_fd_sc_hd__clkbuf_8)
     6    0.018696    0.080479    0.274320    0.729950 ^ clkbuf_4_10_0_CLK/X (sky130_fd_sc_hd__clkbuf_8)
                                                         clknet_4_10_0_CLK (net)
                      0.080488    0.000836    0.730786 ^ _1441_/CLK (sky130_fd_sc_hd__dfrtp_2)
     1    0.001743    0.062760    0.633660    1.364447 ^ _1441_/Q (sky130_fd_sc_hd__dfrtp_2)
                                                         control.reset_n (net)
                      0.062760    0.000075    1.364522 ^ hold143/A (sky130_fd_sc_hd__dlygate4sd3_1)
     2    0.010929    0.202529    1.083043    2.447565 ^ hold143/X (sky130_fd_sc_hd__dlygate4sd3_1)
                                                         net142 (net)
                      0.202529    0.000662    2.448227 ^ fanout79/A (sky130_fd_sc_hd__clkdlybuf4s25_1)
     5    0.030871    0.501304    0.790785    3.239012 ^ fanout79/X (sky130_fd_sc_hd__clkdlybuf4s25_1)
                                                         net79 (net)
                      0.501304    0.001253    3.240265 ^ fanout77/A (sky130_fd_sc_hd__clkdlybuf4s25_1)
     3    0.014439    0.247401    0.721693    3.961957 ^ fanout77/X (sky130_fd_sc_hd__clkdlybuf4s25_1)
                                                         net77 (net)
                      0.247401    0.000703    3.962661 ^ load_slew78/A (sky130_fd_sc_hd__buf_2)
     8    0.033029    0.263576    0.396400    4.359061 ^ load_slew78/X (sky130_fd_sc_hd__buf_2)
                                                         net78 (net)
                      0.263580    0.001397    4.360458 ^ _1472_/RESET_B (sky130_fd_sc_hd__dfrtp_2)
                                              4.360458   data arrival time

                                  0.000000    0.000000   clock CLK (rise edge)
                                  0.000000    0.000000   clock source latency
     1    0.021247    0.158803    0.114747    0.114747 ^ CLK (in)
                                                         CLK (net)
                      0.158854    0.000000    0.114747 ^ clkbuf_0_CLK/A (sky130_fd_sc_hd__clkbuf_16)
    16    0.110692    0.192001    0.382494    0.497241 ^ clkbuf_0_CLK/X (sky130_fd_sc_hd__clkbuf_16)
                                                         clknet_0_CLK (net)
                      0.192394    0.006351    0.503592 ^ clkbuf_4_10_0_CLK/A (sky130_fd_sc_hd__clkbuf_8)
     6    0.018696    0.080479    0.303195    0.806787 ^ clkbuf_4_10_0_CLK/X (sky130_fd_sc_hd__clkbuf_8)
                                                         clknet_4_10_0_CLK (net)
                      0.080488    0.000922    0.807709 ^ _1472_/CLK (sky130_fd_sc_hd__dfrtp_2)
                                  0.250000    1.057709   clock uncertainty
                                 -0.076837    0.980872   clock reconvergence pessimism
                                  0.719911    1.700783   library removal time
                                              1.700783   data required time
---------------------------------------------------------------------------------------------
                                              1.700783   data required time
                                             -4.360458   data arrival time
---------------------------------------------------------------------------------------------
                                              2.659675   slack (MET)


Startpoint: _1441_ (rising edge-triggered flip-flop clocked by CLK)
Endpoint: _1473_ (removal check against rising-edge clock CLK)
Path Group: asynchronous
Path Type: min

Fanout         Cap        Slew       Delay        Time   Description
---------------------------------------------------------------------------------------------
                                  0.000000    0.000000   clock CLK (rise edge)
                                  0.000000    0.000000   clock source latency
     1    0.021247    0.158803    0.103819    0.103819 ^ CLK (in)
                                                         CLK (net)
                      0.158854    0.000000    0.103819 ^ clkbuf_0_CLK/A (sky130_fd_sc_hd__clkbuf_16)
    16    0.110692    0.192001    0.346066    0.449884 ^ clkbuf_0_CLK/X (sky130_fd_sc_hd__clkbuf_16)
                                                         clknet_0_CLK (net)
                      0.192394    0.005746    0.455631 ^ clkbuf_4_10_0_CLK/A (sky130_fd_sc_hd__clkbuf_8)
     6    0.018696    0.080479    0.274320    0.729950 ^ clkbuf_4_10_0_CLK/X (sky130_fd_sc_hd__clkbuf_8)
                                                         clknet_4_10_0_CLK (net)
                      0.080488    0.000836    0.730786 ^ _1441_/CLK (sky130_fd_sc_hd__dfrtp_2)
     1    0.001743    0.062760    0.633660    1.364447 ^ _1441_/Q (sky130_fd_sc_hd__dfrtp_2)
                                                         control.reset_n (net)
                      0.062760    0.000075    1.364522 ^ hold143/A (sky130_fd_sc_hd__dlygate4sd3_1)
     2    0.010929    0.202529    1.083043    2.447565 ^ hold143/X (sky130_fd_sc_hd__dlygate4sd3_1)
                                                         net142 (net)
                      0.202529    0.000662    2.448227 ^ fanout79/A (sky130_fd_sc_hd__clkdlybuf4s25_1)
     5    0.030871    0.501304    0.790785    3.239012 ^ fanout79/X (sky130_fd_sc_hd__clkdlybuf4s25_1)
                                                         net79 (net)
                      0.501304    0.001253    3.240265 ^ fanout77/A (sky130_fd_sc_hd__clkdlybuf4s25_1)
     3    0.014439    0.247401    0.721693    3.961957 ^ fanout77/X (sky130_fd_sc_hd__clkdlybuf4s25_1)
                                                         net77 (net)
                      0.247401    0.000703    3.962661 ^ load_slew78/A (sky130_fd_sc_hd__buf_2)
     8    0.033029    0.263576    0.396400    4.359061 ^ load_slew78/X (sky130_fd_sc_hd__buf_2)
                                                         net78 (net)
                      0.263581    0.001417    4.360478 ^ _1473_/RESET_B (sky130_fd_sc_hd__dfrtp_2)
                                              4.360478   data arrival time

                                  0.000000    0.000000   clock CLK (rise edge)
                                  0.000000    0.000000   clock source latency
     1    0.021247    0.158803    0.114747    0.114747 ^ CLK (in)
                                                         CLK (net)
                      0.158854    0.000000    0.114747 ^ clkbuf_0_CLK/A (sky130_fd_sc_hd__clkbuf_16)
    16    0.110692    0.192001    0.382494    0.497241 ^ clkbuf_0_CLK/X (sky130_fd_sc_hd__clkbuf_16)
                                                         clknet_0_CLK (net)
                      0.192394    0.006351    0.503592 ^ clkbuf_4_10_0_CLK/A (sky130_fd_sc_hd__clkbuf_8)
     6    0.018696    0.080479    0.303195    0.806787 ^ clkbuf_4_10_0_CLK/X (sky130_fd_sc_hd__clkbuf_8)
                                                         clknet_4_10_0_CLK (net)
                      0.080487    0.000887    0.807674 ^ _1473_/CLK (sky130_fd_sc_hd__dfrtp_2)
                                  0.250000    1.057674   clock uncertainty
                                 -0.076837    0.980837   clock reconvergence pessimism
                                  0.719911    1.700748   library removal time
                                              1.700748   data required time
---------------------------------------------------------------------------------------------
                                              1.700748   data required time
                                             -4.360478   data arrival time
---------------------------------------------------------------------------------------------
                                              2.659730   slack (MET)


Startpoint: _1441_ (rising edge-triggered flip-flop clocked by CLK)
Endpoint: _1404_ (removal check against rising-edge clock CLK)
Path Group: asynchronous
Path Type: min

Fanout         Cap        Slew       Delay        Time   Description
---------------------------------------------------------------------------------------------
                                  0.000000    0.000000   clock CLK (rise edge)
                                  0.000000    0.000000   clock source latency
     1    0.021247    0.158803    0.103819    0.103819 ^ CLK (in)
                                                         CLK (net)
                      0.158854    0.000000    0.103819 ^ clkbuf_0_CLK/A (sky130_fd_sc_hd__clkbuf_16)
    16    0.110692    0.192001    0.346066    0.449884 ^ clkbuf_0_CLK/X (sky130_fd_sc_hd__clkbuf_16)
                                                         clknet_0_CLK (net)
                      0.192394    0.005746    0.455631 ^ clkbuf_4_10_0_CLK/A (sky130_fd_sc_hd__clkbuf_8)
     6    0.018696    0.080479    0.274320    0.729950 ^ clkbuf_4_10_0_CLK/X (sky130_fd_sc_hd__clkbuf_8)
                                                         clknet_4_10_0_CLK (net)
                      0.080488    0.000836    0.730786 ^ _1441_/CLK (sky130_fd_sc_hd__dfrtp_2)
     1    0.001743    0.062760    0.633660    1.364447 ^ _1441_/Q (sky130_fd_sc_hd__dfrtp_2)
                                                         control.reset_n (net)
                      0.062760    0.000075    1.364522 ^ hold143/A (sky130_fd_sc_hd__dlygate4sd3_1)
     2    0.010929    0.202529    1.083043    2.447565 ^ hold143/X (sky130_fd_sc_hd__dlygate4sd3_1)
                                                         net142 (net)
                      0.202529    0.000662    2.448227 ^ fanout79/A (sky130_fd_sc_hd__clkdlybuf4s25_1)
     5    0.030871    0.501304    0.790785    3.239012 ^ fanout79/X (sky130_fd_sc_hd__clkdlybuf4s25_1)
                                                         net79 (net)
                      0.501304    0.001253    3.240265 ^ fanout77/A (sky130_fd_sc_hd__clkdlybuf4s25_1)
     3    0.014439    0.247401    0.721693    3.961957 ^ fanout77/X (sky130_fd_sc_hd__clkdlybuf4s25_1)
                                                         net77 (net)
                      0.247401    0.000703    3.962661 ^ load_slew78/A (sky130_fd_sc_hd__buf_2)
     8    0.033029    0.263576    0.396400    4.359061 ^ load_slew78/X (sky130_fd_sc_hd__buf_2)
                                                         net78 (net)
                      0.263584    0.001673    4.360734 ^ _1404_/RESET_B (sky130_fd_sc_hd__dfrtp_2)
                                              4.360734   data arrival time

                                  0.000000    0.000000   clock CLK (rise edge)
                                  0.000000    0.000000   clock source latency
     1    0.021247    0.158803    0.114747    0.114747 ^ CLK (in)
                                                         CLK (net)
                      0.158854    0.000000    0.114747 ^ clkbuf_0_CLK/A (sky130_fd_sc_hd__clkbuf_16)
    16    0.110692    0.192001    0.382494    0.497241 ^ clkbuf_0_CLK/X (sky130_fd_sc_hd__clkbuf_16)
                                                         clknet_0_CLK (net)
                      0.192394    0.006351    0.503592 ^ clkbuf_4_10_0_CLK/A (sky130_fd_sc_hd__clkbuf_8)
     6    0.018696    0.080479    0.303195    0.806787 ^ clkbuf_4_10_0_CLK/X (sky130_fd_sc_hd__clkbuf_8)
                                                         clknet_4_10_0_CLK (net)
                      0.080495    0.001131    0.807918 ^ _1404_/CLK (sky130_fd_sc_hd__dfrtp_2)
                                  0.250000    1.057918   clock uncertainty
                                 -0.076837    0.981082   clock reconvergence pessimism
                                  0.719914    1.700996   library removal time
                                              1.700996   data required time
---------------------------------------------------------------------------------------------
                                              1.700996   data required time
                                             -4.360734   data arrival time
---------------------------------------------------------------------------------------------
                                              2.659738   slack (MET)


Startpoint: _1441_ (rising edge-triggered flip-flop clocked by CLK)
Endpoint: _1412_ (removal check against rising-edge clock CLK)
Path Group: asynchronous
Path Type: min

Fanout         Cap        Slew       Delay        Time   Description
---------------------------------------------------------------------------------------------
                                  0.000000    0.000000   clock CLK (rise edge)
                                  0.000000    0.000000   clock source latency
     1    0.021247    0.158803    0.103819    0.103819 ^ CLK (in)
                                                         CLK (net)
                      0.158854    0.000000    0.103819 ^ clkbuf_0_CLK/A (sky130_fd_sc_hd__clkbuf_16)
    16    0.110692    0.192001    0.346066    0.449884 ^ clkbuf_0_CLK/X (sky130_fd_sc_hd__clkbuf_16)
                                                         clknet_0_CLK (net)
                      0.192394    0.005746    0.455631 ^ clkbuf_4_10_0_CLK/A (sky130_fd_sc_hd__clkbuf_8)
     6    0.018696    0.080479    0.274320    0.729950 ^ clkbuf_4_10_0_CLK/X (sky130_fd_sc_hd__clkbuf_8)
                                                         clknet_4_10_0_CLK (net)
                      0.080488    0.000836    0.730786 ^ _1441_/CLK (sky130_fd_sc_hd__dfrtp_2)
     1    0.001743    0.062760    0.633660    1.364447 ^ _1441_/Q (sky130_fd_sc_hd__dfrtp_2)
                                                         control.reset_n (net)
                      0.062760    0.000075    1.364522 ^ hold143/A (sky130_fd_sc_hd__dlygate4sd3_1)
     2    0.010929    0.202529    1.083043    2.447565 ^ hold143/X (sky130_fd_sc_hd__dlygate4sd3_1)
                                                         net142 (net)
                      0.202529    0.000662    2.448227 ^ fanout79/A (sky130_fd_sc_hd__clkdlybuf4s25_1)
     5    0.030871    0.501304    0.790785    3.239012 ^ fanout79/X (sky130_fd_sc_hd__clkdlybuf4s25_1)
                                                         net79 (net)
                      0.501304    0.001232    3.240244 ^ fanout73/A (sky130_fd_sc_hd__clkdlybuf4s25_1)
     5    0.019250    0.321566    0.772258    4.012503 ^ fanout73/X (sky130_fd_sc_hd__clkdlybuf4s25_1)
                                                         net73 (net)
                      0.321566    0.000481    4.012984 ^ load_slew74/A (sky130_fd_sc_hd__buf_2)
     6    0.033734    0.269348    0.426553    4.439538 ^ load_slew74/X (sky130_fd_sc_hd__buf_2)
                                                         net74 (net)
                      0.269385    0.003042    4.442580 ^ _1412_/RESET_B (sky130_fd_sc_hd__dfrtp_2)
                                              4.442580   data arrival time

                                  0.000000    0.000000   clock CLK (rise edge)
                                  0.000000    0.000000   clock source latency
     1    0.021247    0.158803    0.114747    0.114747 ^ CLK (in)
                                                         CLK (net)
                      0.158854    0.000000    0.114747 ^ clkbuf_0_CLK/A (sky130_fd_sc_hd__clkbuf_16)
    16    0.110692    0.192001    0.382494    0.497241 ^ clkbuf_0_CLK/X (sky130_fd_sc_hd__clkbuf_16)
                                                         clknet_0_CLK (net)
                      0.192256    0.004626    0.501867 ^ clkbuf_4_12_0_CLK/A (sky130_fd_sc_hd__clkbuf_8)
     6    0.020022    0.083575    0.306156    0.808023 ^ clkbuf_4_12_0_CLK/X (sky130_fd_sc_hd__clkbuf_8)
                                                         clknet_4_12_0_CLK (net)
                      0.083577    0.000663    0.808686 ^ _1412_/CLK (sky130_fd_sc_hd__dfrtp_2)
                                  0.250000    1.058686   clock uncertainty
                                 -0.047356    1.011329   clock reconvergence pessimism
                                  0.722620    1.733949   library removal time
                                              1.733949   data required time
---------------------------------------------------------------------------------------------
                                              1.733949   data required time
                                             -4.442580   data arrival time
---------------------------------------------------------------------------------------------
                                              2.708630   slack (MET)


Startpoint: _1441_ (rising edge-triggered flip-flop clocked by CLK)
Endpoint: _1413_ (removal check against rising-edge clock CLK)
Path Group: asynchronous
Path Type: min

Fanout         Cap        Slew       Delay        Time   Description
---------------------------------------------------------------------------------------------
                                  0.000000    0.000000   clock CLK (rise edge)
                                  0.000000    0.000000   clock source latency
     1    0.021247    0.158803    0.103819    0.103819 ^ CLK (in)
                                                         CLK (net)
                      0.158854    0.000000    0.103819 ^ clkbuf_0_CLK/A (sky130_fd_sc_hd__clkbuf_16)
    16    0.110692    0.192001    0.346066    0.449884 ^ clkbuf_0_CLK/X (sky130_fd_sc_hd__clkbuf_16)
                                                         clknet_0_CLK (net)
                      0.192394    0.005746    0.455631 ^ clkbuf_4_10_0_CLK/A (sky130_fd_sc_hd__clkbuf_8)
     6    0.018696    0.080479    0.274320    0.729950 ^ clkbuf_4_10_0_CLK/X (sky130_fd_sc_hd__clkbuf_8)
                                                         clknet_4_10_0_CLK (net)
                      0.080488    0.000836    0.730786 ^ _1441_/CLK (sky130_fd_sc_hd__dfrtp_2)
     1    0.001743    0.062760    0.633660    1.364447 ^ _1441_/Q (sky130_fd_sc_hd__dfrtp_2)
                                                         control.reset_n (net)
                      0.062760    0.000075    1.364522 ^ hold143/A (sky130_fd_sc_hd__dlygate4sd3_1)
     2    0.010929    0.202529    1.083043    2.447565 ^ hold143/X (sky130_fd_sc_hd__dlygate4sd3_1)
                                                         net142 (net)
                      0.202529    0.000662    2.448227 ^ fanout79/A (sky130_fd_sc_hd__clkdlybuf4s25_1)
     5    0.030871    0.501304    0.790785    3.239012 ^ fanout79/X (sky130_fd_sc_hd__clkdlybuf4s25_1)
                                                         net79 (net)
                      0.501304    0.001232    3.240244 ^ fanout73/A (sky130_fd_sc_hd__clkdlybuf4s25_1)
     5    0.019250    0.321566    0.772258    4.012503 ^ fanout73/X (sky130_fd_sc_hd__clkdlybuf4s25_1)
                                                         net73 (net)
                      0.321566    0.000481    4.012984 ^ load_slew74/A (sky130_fd_sc_hd__buf_2)
     6    0.033734    0.269348    0.426553    4.439538 ^ load_slew74/X (sky130_fd_sc_hd__buf_2)
                                                         net74 (net)
                      0.269395    0.003352    4.442889 ^ _1413_/RESET_B (sky130_fd_sc_hd__dfrtp_2)
                                              4.442889   data arrival time

                                  0.000000    0.000000   clock CLK (rise edge)
                                  0.000000    0.000000   clock source latency
     1    0.021247    0.158803    0.114747    0.114747 ^ CLK (in)
                                                         CLK (net)
                      0.158854    0.000000    0.114747 ^ clkbuf_0_CLK/A (sky130_fd_sc_hd__clkbuf_16)
    16    0.110692    0.192001    0.382494    0.497241 ^ clkbuf_0_CLK/X (sky130_fd_sc_hd__clkbuf_16)
                                                         clknet_0_CLK (net)
                      0.192256    0.004626    0.501867 ^ clkbuf_4_12_0_CLK/A (sky130_fd_sc_hd__clkbuf_8)
     6    0.020022    0.083575    0.306156    0.808023 ^ clkbuf_4_12_0_CLK/X (sky130_fd_sc_hd__clkbuf_8)
                                                         clknet_4_12_0_CLK (net)
                      0.083581    0.000879    0.808902 ^ _1413_/CLK (sky130_fd_sc_hd__dfrtp_2)
                                  0.250000    1.058902   clock uncertainty
                                 -0.047356    1.011546   clock reconvergence pessimism
                                  0.722624    1.734170   library removal time
                                              1.734170   data required time
---------------------------------------------------------------------------------------------
                                              1.734170   data required time
                                             -4.442889   data arrival time
---------------------------------------------------------------------------------------------
                                              2.708719   slack (MET)


Startpoint: _1441_ (rising edge-triggered flip-flop clocked by CLK)
Endpoint: _1461_ (removal check against rising-edge clock CLK)
Path Group: asynchronous
Path Type: min

Fanout         Cap        Slew       Delay        Time   Description
---------------------------------------------------------------------------------------------
                                  0.000000    0.000000   clock CLK (rise edge)
                                  0.000000    0.000000   clock source latency
     1    0.021247    0.158803    0.103819    0.103819 ^ CLK (in)
                                                         CLK (net)
                      0.158854    0.000000    0.103819 ^ clkbuf_0_CLK/A (sky130_fd_sc_hd__clkbuf_16)
    16    0.110692    0.192001    0.346066    0.449884 ^ clkbuf_0_CLK/X (sky130_fd_sc_hd__clkbuf_16)
                                                         clknet_0_CLK (net)
                      0.192394    0.005746    0.455631 ^ clkbuf_4_10_0_CLK/A (sky130_fd_sc_hd__clkbuf_8)
     6    0.018696    0.080479    0.274320    0.729950 ^ clkbuf_4_10_0_CLK/X (sky130_fd_sc_hd__clkbuf_8)
                                                         clknet_4_10_0_CLK (net)
                      0.080488    0.000836    0.730786 ^ _1441_/CLK (sky130_fd_sc_hd__dfrtp_2)
     1    0.001743    0.062760    0.633660    1.364447 ^ _1441_/Q (sky130_fd_sc_hd__dfrtp_2)
                                                         control.reset_n (net)
                      0.062760    0.000075    1.364522 ^ hold143/A (sky130_fd_sc_hd__dlygate4sd3_1)
     2    0.010929    0.202529    1.083043    2.447565 ^ hold143/X (sky130_fd_sc_hd__dlygate4sd3_1)
                                                         net142 (net)
                      0.202529    0.000662    2.448227 ^ fanout79/A (sky130_fd_sc_hd__clkdlybuf4s25_1)
     5    0.030871    0.501304    0.790785    3.239012 ^ fanout79/X (sky130_fd_sc_hd__clkdlybuf4s25_1)
                                                         net79 (net)
                      0.501304    0.001232    3.240244 ^ fanout73/A (sky130_fd_sc_hd__clkdlybuf4s25_1)
     5    0.019250    0.321566    0.772258    4.012503 ^ fanout73/X (sky130_fd_sc_hd__clkdlybuf4s25_1)
                                                         net73 (net)
                      0.321566    0.000481    4.012984 ^ load_slew74/A (sky130_fd_sc_hd__buf_2)
     6    0.033734    0.269348    0.426553    4.439538 ^ load_slew74/X (sky130_fd_sc_hd__buf_2)
                                                         net74 (net)
                      0.269373    0.002628    4.442165 ^ _1461_/RESET_B (sky130_fd_sc_hd__dfrtp_2)
                                              4.442165   data arrival time

                                  0.000000    0.000000   clock CLK (rise edge)
                                  0.000000    0.000000   clock source latency
     1    0.021247    0.158803    0.114747    0.114747 ^ CLK (in)
                                                         CLK (net)
                      0.158854    0.000000    0.114747 ^ clkbuf_0_CLK/A (sky130_fd_sc_hd__clkbuf_16)
    16    0.110692    0.192001    0.382494    0.497241 ^ clkbuf_0_CLK/X (sky130_fd_sc_hd__clkbuf_16)
                                                         clknet_0_CLK (net)
                      0.192269    0.004810    0.502050 ^ clkbuf_4_9_0_CLK/A (sky130_fd_sc_hd__clkbuf_8)
     6    0.018064    0.079043    0.301374    0.803424 ^ clkbuf_4_9_0_CLK/X (sky130_fd_sc_hd__clkbuf_8)
                                                         clknet_4_9_0_CLK (net)
                      0.079091    0.001824    0.805248 ^ _1461_/CLK (sky130_fd_sc_hd__dfrtp_2)
                                  0.250000    1.055248   clock uncertainty
                                 -0.047356    1.007892   clock reconvergence pessimism
                                  0.721267    1.729159   library removal time
                                              1.729159   data required time
---------------------------------------------------------------------------------------------
                                              1.729159   data required time
                                             -4.442165   data arrival time
---------------------------------------------------------------------------------------------
                                              2.713007   slack (MET)


Startpoint: _1441_ (rising edge-triggered flip-flop clocked by CLK)
Endpoint: _1414_ (removal check against rising-edge clock CLK)
Path Group: asynchronous
Path Type: min

Fanout         Cap        Slew       Delay        Time   Description
---------------------------------------------------------------------------------------------
                                  0.000000    0.000000   clock CLK (rise edge)
                                  0.000000    0.000000   clock source latency
     1    0.021247    0.158803    0.103819    0.103819 ^ CLK (in)
                                                         CLK (net)
                      0.158854    0.000000    0.103819 ^ clkbuf_0_CLK/A (sky130_fd_sc_hd__clkbuf_16)
    16    0.110692    0.192001    0.346066    0.449884 ^ clkbuf_0_CLK/X (sky130_fd_sc_hd__clkbuf_16)
                                                         clknet_0_CLK (net)
                      0.192394    0.005746    0.455631 ^ clkbuf_4_10_0_CLK/A (sky130_fd_sc_hd__clkbuf_8)
     6    0.018696    0.080479    0.274320    0.729950 ^ clkbuf_4_10_0_CLK/X (sky130_fd_sc_hd__clkbuf_8)
                                                         clknet_4_10_0_CLK (net)
                      0.080488    0.000836    0.730786 ^ _1441_/CLK (sky130_fd_sc_hd__dfrtp_2)
     1    0.001743    0.062760    0.633660    1.364447 ^ _1441_/Q (sky130_fd_sc_hd__dfrtp_2)
                                                         control.reset_n (net)
                      0.062760    0.000075    1.364522 ^ hold143/A (sky130_fd_sc_hd__dlygate4sd3_1)
     2    0.010929    0.202529    1.083043    2.447565 ^ hold143/X (sky130_fd_sc_hd__dlygate4sd3_1)
                                                         net142 (net)
                      0.202529    0.000662    2.448227 ^ fanout79/A (sky130_fd_sc_hd__clkdlybuf4s25_1)
     5    0.030871    0.501304    0.790785    3.239012 ^ fanout79/X (sky130_fd_sc_hd__clkdlybuf4s25_1)
                                                         net79 (net)
                      0.501304    0.001232    3.240244 ^ fanout73/A (sky130_fd_sc_hd__clkdlybuf4s25_1)
     5    0.019250    0.321566    0.772258    4.012503 ^ fanout73/X (sky130_fd_sc_hd__clkdlybuf4s25_1)
                                                         net73 (net)
                      0.321566    0.000481    4.012984 ^ load_slew74/A (sky130_fd_sc_hd__buf_2)
     6    0.033734    0.269348    0.426553    4.439538 ^ load_slew74/X (sky130_fd_sc_hd__buf_2)
                                                         net74 (net)
                      0.269367    0.002355    4.441892 ^ _1414_/RESET_B (sky130_fd_sc_hd__dfrtp_2)
                                              4.441892   data arrival time

                                  0.000000    0.000000   clock CLK (rise edge)
                                  0.000000    0.000000   clock source latency
     1    0.021247    0.158803    0.114747    0.114747 ^ CLK (in)
                                                         CLK (net)
                      0.158854    0.000000    0.114747 ^ clkbuf_0_CLK/A (sky130_fd_sc_hd__clkbuf_16)
    16    0.110692    0.192001    0.382494    0.497241 ^ clkbuf_0_CLK/X (sky130_fd_sc_hd__clkbuf_16)
                                                         clknet_0_CLK (net)
                      0.192269    0.004810    0.502050 ^ clkbuf_4_9_0_CLK/A (sky130_fd_sc_hd__clkbuf_8)
     6    0.018064    0.079043    0.301374    0.803424 ^ clkbuf_4_9_0_CLK/X (sky130_fd_sc_hd__clkbuf_8)
                                                         clknet_4_9_0_CLK (net)
                      0.079044    0.000575    0.803999 ^ _1414_/CLK (sky130_fd_sc_hd__dfrtp_2)
                                  0.250000    1.053998   clock uncertainty
                                 -0.047356    1.006642   clock reconvergence pessimism
                                  0.721250    1.727893   library removal time
                                              1.727893   data required time
---------------------------------------------------------------------------------------------
                                              1.727893   data required time
                                             -4.441892   data arrival time
---------------------------------------------------------------------------------------------
                                              2.713999   slack (MET)


Startpoint: _1441_ (rising edge-triggered flip-flop clocked by CLK)
Endpoint: _1411_ (removal check against rising-edge clock CLK)
Path Group: asynchronous
Path Type: min

Fanout         Cap        Slew       Delay        Time   Description
---------------------------------------------------------------------------------------------
                                  0.000000    0.000000   clock CLK (rise edge)
                                  0.000000    0.000000   clock source latency
     1    0.021247    0.158803    0.103819    0.103819 ^ CLK (in)
                                                         CLK (net)
                      0.158854    0.000000    0.103819 ^ clkbuf_0_CLK/A (sky130_fd_sc_hd__clkbuf_16)
    16    0.110692    0.192001    0.346066    0.449884 ^ clkbuf_0_CLK/X (sky130_fd_sc_hd__clkbuf_16)
                                                         clknet_0_CLK (net)
                      0.192394    0.005746    0.455631 ^ clkbuf_4_10_0_CLK/A (sky130_fd_sc_hd__clkbuf_8)
     6    0.018696    0.080479    0.274320    0.729950 ^ clkbuf_4_10_0_CLK/X (sky130_fd_sc_hd__clkbuf_8)
                                                         clknet_4_10_0_CLK (net)
                      0.080488    0.000836    0.730786 ^ _1441_/CLK (sky130_fd_sc_hd__dfrtp_2)
     1    0.001743    0.062760    0.633660    1.364447 ^ _1441_/Q (sky130_fd_sc_hd__dfrtp_2)
                                                         control.reset_n (net)
                      0.062760    0.000075    1.364522 ^ hold143/A (sky130_fd_sc_hd__dlygate4sd3_1)
     2    0.010929    0.202529    1.083043    2.447565 ^ hold143/X (sky130_fd_sc_hd__dlygate4sd3_1)
                                                         net142 (net)
                      0.202529    0.000662    2.448227 ^ fanout79/A (sky130_fd_sc_hd__clkdlybuf4s25_1)
     5    0.030871    0.501304    0.790785    3.239012 ^ fanout79/X (sky130_fd_sc_hd__clkdlybuf4s25_1)
                                                         net79 (net)
                      0.501304    0.001232    3.240244 ^ fanout73/A (sky130_fd_sc_hd__clkdlybuf4s25_1)
     5    0.019250    0.321566    0.772258    4.012503 ^ fanout73/X (sky130_fd_sc_hd__clkdlybuf4s25_1)
                                                         net73 (net)
                      0.321566    0.000481    4.012984 ^ load_slew74/A (sky130_fd_sc_hd__buf_2)
     6    0.033734    0.269348    0.426553    4.439538 ^ load_slew74/X (sky130_fd_sc_hd__buf_2)
                                                         net74 (net)
                      0.269396    0.003385    4.442923 ^ _1411_/RESET_B (sky130_fd_sc_hd__dfrtp_2)
                                              4.442923   data arrival time

                                  0.000000    0.000000   clock CLK (rise edge)
                                  0.000000    0.000000   clock source latency
     1    0.021247    0.158803    0.114747    0.114747 ^ CLK (in)
                                                         CLK (net)
                      0.158854    0.000000    0.114747 ^ clkbuf_0_CLK/A (sky130_fd_sc_hd__clkbuf_16)
    16    0.110692    0.192001    0.382494    0.497241 ^ clkbuf_0_CLK/X (sky130_fd_sc_hd__clkbuf_16)
                                                         clknet_0_CLK (net)
                      0.192288    0.005081    0.502322 ^ clkbuf_4_13_0_CLK/A (sky130_fd_sc_hd__clkbuf_8)
     6    0.017372    0.077444    0.300015    0.802337 ^ clkbuf_4_13_0_CLK/X (sky130_fd_sc_hd__clkbuf_8)
                                                         clknet_4_13_0_CLK (net)
                      0.077455    0.000916    0.803253 ^ _1411_/CLK (sky130_fd_sc_hd__dfrtp_2)
                                  0.250000    1.053253   clock uncertainty
                                 -0.047356    1.005897   clock reconvergence pessimism
                                  0.720781    1.726678   library removal time
                                              1.726678   data required time
---------------------------------------------------------------------------------------------
                                              1.726678   data required time
                                             -4.442923   data arrival time
---------------------------------------------------------------------------------------------
                                              2.716245   slack (MET)


Startpoint: _1441_ (rising edge-triggered flip-flop clocked by CLK)
Endpoint: _1409_ (removal check against rising-edge clock CLK)
Path Group: asynchronous
Path Type: min

Fanout         Cap        Slew       Delay        Time   Description
---------------------------------------------------------------------------------------------
                                  0.000000    0.000000   clock CLK (rise edge)
                                  0.000000    0.000000   clock source latency
     1    0.021247    0.158803    0.103819    0.103819 ^ CLK (in)
                                                         CLK (net)
                      0.158854    0.000000    0.103819 ^ clkbuf_0_CLK/A (sky130_fd_sc_hd__clkbuf_16)
    16    0.110692    0.192001    0.346066    0.449884 ^ clkbuf_0_CLK/X (sky130_fd_sc_hd__clkbuf_16)
                                                         clknet_0_CLK (net)
                      0.192394    0.005746    0.455631 ^ clkbuf_4_10_0_CLK/A (sky130_fd_sc_hd__clkbuf_8)
     6    0.018696    0.080479    0.274320    0.729950 ^ clkbuf_4_10_0_CLK/X (sky130_fd_sc_hd__clkbuf_8)
                                                         clknet_4_10_0_CLK (net)
                      0.080488    0.000836    0.730786 ^ _1441_/CLK (sky130_fd_sc_hd__dfrtp_2)
     1    0.001743    0.062760    0.633660    1.364447 ^ _1441_/Q (sky130_fd_sc_hd__dfrtp_2)
                                                         control.reset_n (net)
                      0.062760    0.000075    1.364522 ^ hold143/A (sky130_fd_sc_hd__dlygate4sd3_1)
     2    0.010929    0.202529    1.083043    2.447565 ^ hold143/X (sky130_fd_sc_hd__dlygate4sd3_1)
                                                         net142 (net)
                      0.202529    0.000662    2.448227 ^ fanout79/A (sky130_fd_sc_hd__clkdlybuf4s25_1)
     5    0.030871    0.501304    0.790785    3.239012 ^ fanout79/X (sky130_fd_sc_hd__clkdlybuf4s25_1)
                                                         net79 (net)
                      0.501304    0.001232    3.240244 ^ fanout73/A (sky130_fd_sc_hd__clkdlybuf4s25_1)
     5    0.019250    0.321566    0.772258    4.012503 ^ fanout73/X (sky130_fd_sc_hd__clkdlybuf4s25_1)
                                                         net73 (net)
                      0.321566    0.000481    4.012984 ^ load_slew74/A (sky130_fd_sc_hd__buf_2)
     6    0.033734    0.269348    0.426553    4.439538 ^ load_slew74/X (sky130_fd_sc_hd__buf_2)
                                                         net74 (net)
                      0.269396    0.003387    4.442924 ^ _1409_/RESET_B (sky130_fd_sc_hd__dfrtp_2)
                                              4.442924   data arrival time

                                  0.000000    0.000000   clock CLK (rise edge)
                                  0.000000    0.000000   clock source latency
     1    0.021247    0.158803    0.114747    0.114747 ^ CLK (in)
                                                         CLK (net)
                      0.158854    0.000000    0.114747 ^ clkbuf_0_CLK/A (sky130_fd_sc_hd__clkbuf_16)
    16    0.110692    0.192001    0.382494    0.497241 ^ clkbuf_0_CLK/X (sky130_fd_sc_hd__clkbuf_16)
                                                         clknet_0_CLK (net)
                      0.192288    0.005081    0.502322 ^ clkbuf_4_13_0_CLK/A (sky130_fd_sc_hd__clkbuf_8)
     6    0.017372    0.077444    0.300015    0.802337 ^ clkbuf_4_13_0_CLK/X (sky130_fd_sc_hd__clkbuf_8)
                                                         clknet_4_13_0_CLK (net)
                      0.077451    0.000802    0.803139 ^ _1409_/CLK (sky130_fd_sc_hd__dfrtp_2)
                                  0.250000    1.053139   clock uncertainty
                                 -0.047356    1.005783   clock reconvergence pessimism
                                  0.720780    1.726563   library removal time
                                              1.726563   data required time
---------------------------------------------------------------------------------------------
                                              1.726563   data required time
                                             -4.442924   data arrival time
---------------------------------------------------------------------------------------------
                                              2.716362   slack (MET)


Startpoint: _1441_ (rising edge-triggered flip-flop clocked by CLK)
Endpoint: _1416_ (removal check against rising-edge clock CLK)
Path Group: asynchronous
Path Type: min

Fanout         Cap        Slew       Delay        Time   Description
---------------------------------------------------------------------------------------------
                                  0.000000    0.000000   clock CLK (rise edge)
                                  0.000000    0.000000   clock source latency
     1    0.021247    0.158803    0.103819    0.103819 ^ CLK (in)
                                                         CLK (net)
                      0.158854    0.000000    0.103819 ^ clkbuf_0_CLK/A (sky130_fd_sc_hd__clkbuf_16)
    16    0.110692    0.192001    0.346066    0.449884 ^ clkbuf_0_CLK/X (sky130_fd_sc_hd__clkbuf_16)
                                                         clknet_0_CLK (net)
                      0.192394    0.005746    0.455631 ^ clkbuf_4_10_0_CLK/A (sky130_fd_sc_hd__clkbuf_8)
     6    0.018696    0.080479    0.274320    0.729950 ^ clkbuf_4_10_0_CLK/X (sky130_fd_sc_hd__clkbuf_8)
                                                         clknet_4_10_0_CLK (net)
                      0.080488    0.000836    0.730786 ^ _1441_/CLK (sky130_fd_sc_hd__dfrtp_2)
     1    0.001743    0.062760    0.633660    1.364447 ^ _1441_/Q (sky130_fd_sc_hd__dfrtp_2)
                                                         control.reset_n (net)
                      0.062760    0.000075    1.364522 ^ hold143/A (sky130_fd_sc_hd__dlygate4sd3_1)
     2    0.010929    0.202529    1.083043    2.447565 ^ hold143/X (sky130_fd_sc_hd__dlygate4sd3_1)
                                                         net142 (net)
                      0.202531    0.000983    2.448548 ^ fanout72/A (sky130_fd_sc_hd__clkdlybuf4s25_1)
     8    0.039601    0.637829    0.881580    3.330128 ^ fanout72/X (sky130_fd_sc_hd__clkdlybuf4s25_1)
                                                         net72 (net)
                      0.637829    0.000111    3.330238 ^ fanout70/A (sky130_fd_sc_hd__clkdlybuf4s25_1)
     5    0.018327    0.307371    0.807520    4.137758 ^ fanout70/X (sky130_fd_sc_hd__clkdlybuf4s25_1)
                                                         net70 (net)
                      0.307371    0.000553    4.138311 ^ load_slew71/A (sky130_fd_sc_hd__buf_2)
     6    0.027102    0.220006    0.388400    4.526710 ^ load_slew71/X (sky130_fd_sc_hd__buf_2)
                                                         net71 (net)
                      0.220015    0.001608    4.528318 ^ _1416_/RESET_B (sky130_fd_sc_hd__dfrtp_2)
                                              4.528318   data arrival time

                                  0.000000    0.000000   clock CLK (rise edge)
                                  0.000000    0.000000   clock source latency
     1    0.021247    0.158803    0.114747    0.114747 ^ CLK (in)
                                                         CLK (net)
                      0.158854    0.000000    0.114747 ^ clkbuf_0_CLK/A (sky130_fd_sc_hd__clkbuf_16)
    16    0.110692    0.192001    0.382494    0.497241 ^ clkbuf_0_CLK/X (sky130_fd_sc_hd__clkbuf_16)
                                                         clknet_0_CLK (net)
                      0.192679    0.008869    0.506110 ^ clkbuf_4_2_0_CLK/A (sky130_fd_sc_hd__clkbuf_8)
     6    0.020724    0.085211    0.308118    0.814228 ^ clkbuf_4_2_0_CLK/X (sky130_fd_sc_hd__clkbuf_8)
                                                         clknet_4_2_0_CLK (net)
                      0.085226    0.001156    0.815383 ^ _1416_/CLK (sky130_fd_sc_hd__dfrtp_2)
                                  0.250000    1.065383   clock uncertainty
                                 -0.047356    1.018027   clock reconvergence pessimism
                                  0.707985    1.726012   library removal time
                                              1.726012   data required time
---------------------------------------------------------------------------------------------
                                              1.726012   data required time
                                             -4.528318   data arrival time
---------------------------------------------------------------------------------------------
                                              2.802305   slack (MET)


Startpoint: _1441_ (rising edge-triggered flip-flop clocked by CLK)
Endpoint: _1418_ (removal check against rising-edge clock CLK)
Path Group: asynchronous
Path Type: min

Fanout         Cap        Slew       Delay        Time   Description
---------------------------------------------------------------------------------------------
                                  0.000000    0.000000   clock CLK (rise edge)
                                  0.000000    0.000000   clock source latency
     1    0.021247    0.158803    0.103819    0.103819 ^ CLK (in)
                                                         CLK (net)
                      0.158854    0.000000    0.103819 ^ clkbuf_0_CLK/A (sky130_fd_sc_hd__clkbuf_16)
    16    0.110692    0.192001    0.346066    0.449884 ^ clkbuf_0_CLK/X (sky130_fd_sc_hd__clkbuf_16)
                                                         clknet_0_CLK (net)
                      0.192394    0.005746    0.455631 ^ clkbuf_4_10_0_CLK/A (sky130_fd_sc_hd__clkbuf_8)
     6    0.018696    0.080479    0.274320    0.729950 ^ clkbuf_4_10_0_CLK/X (sky130_fd_sc_hd__clkbuf_8)
                                                         clknet_4_10_0_CLK (net)
                      0.080488    0.000836    0.730786 ^ _1441_/CLK (sky130_fd_sc_hd__dfrtp_2)
     1    0.001743    0.062760    0.633660    1.364447 ^ _1441_/Q (sky130_fd_sc_hd__dfrtp_2)
                                                         control.reset_n (net)
                      0.062760    0.000075    1.364522 ^ hold143/A (sky130_fd_sc_hd__dlygate4sd3_1)
     2    0.010929    0.202529    1.083043    2.447565 ^ hold143/X (sky130_fd_sc_hd__dlygate4sd3_1)
                                                         net142 (net)
                      0.202531    0.000983    2.448548 ^ fanout72/A (sky130_fd_sc_hd__clkdlybuf4s25_1)
     8    0.039601    0.637829    0.881580    3.330128 ^ fanout72/X (sky130_fd_sc_hd__clkdlybuf4s25_1)
                                                         net72 (net)
                      0.637829    0.000111    3.330238 ^ fanout70/A (sky130_fd_sc_hd__clkdlybuf4s25_1)
     5    0.018327    0.307371    0.807520    4.137758 ^ fanout70/X (sky130_fd_sc_hd__clkdlybuf4s25_1)
                                                         net70 (net)
                      0.307371    0.000553    4.138311 ^ load_slew71/A (sky130_fd_sc_hd__buf_2)
     6    0.027102    0.220006    0.388400    4.526710 ^ load_slew71/X (sky130_fd_sc_hd__buf_2)
                                                         net71 (net)
                      0.220040    0.002607    4.529317 ^ _1418_/RESET_B (sky130_fd_sc_hd__dfrtp_2)
                                              4.529317   data arrival time

                                  0.000000    0.000000   clock CLK (rise edge)
                                  0.000000    0.000000   clock source latency
     1    0.021247    0.158803    0.114747    0.114747 ^ CLK (in)
                                                         CLK (net)
                      0.158854    0.000000    0.114747 ^ clkbuf_0_CLK/A (sky130_fd_sc_hd__clkbuf_16)
    16    0.110692    0.192001    0.382494    0.497241 ^ clkbuf_0_CLK/X (sky130_fd_sc_hd__clkbuf_16)
                                                         clknet_0_CLK (net)
                      0.192665    0.008770    0.506011 ^ clkbuf_4_3_0_CLK/A (sky130_fd_sc_hd__clkbuf_8)
     6    0.019520    0.082381    0.305330    0.811341 ^ clkbuf_4_3_0_CLK/X (sky130_fd_sc_hd__clkbuf_8)
                                                         clknet_4_3_0_CLK (net)
                      0.082385    0.000724    0.812065 ^ _1418_/CLK (sky130_fd_sc_hd__dfrtp_2)
                                  0.250000    1.062065   clock uncertainty
                                 -0.047356    1.014709   clock reconvergence pessimism
                                  0.707138    1.721846   library removal time
                                              1.721846   data required time
---------------------------------------------------------------------------------------------
                                              1.721846   data required time
                                             -4.529317   data arrival time
---------------------------------------------------------------------------------------------
                                              2.807471   slack (MET)


Startpoint: _1441_ (rising edge-triggered flip-flop clocked by CLK)
Endpoint: _1417_ (removal check against rising-edge clock CLK)
Path Group: asynchronous
Path Type: min

Fanout         Cap        Slew       Delay        Time   Description
---------------------------------------------------------------------------------------------
                                  0.000000    0.000000   clock CLK (rise edge)
                                  0.000000    0.000000   clock source latency
     1    0.021247    0.158803    0.103819    0.103819 ^ CLK (in)
                                                         CLK (net)
                      0.158854    0.000000    0.103819 ^ clkbuf_0_CLK/A (sky130_fd_sc_hd__clkbuf_16)
    16    0.110692    0.192001    0.346066    0.449884 ^ clkbuf_0_CLK/X (sky130_fd_sc_hd__clkbuf_16)
                                                         clknet_0_CLK (net)
                      0.192394    0.005746    0.455631 ^ clkbuf_4_10_0_CLK/A (sky130_fd_sc_hd__clkbuf_8)
     6    0.018696    0.080479    0.274320    0.729950 ^ clkbuf_4_10_0_CLK/X (sky130_fd_sc_hd__clkbuf_8)
                                                         clknet_4_10_0_CLK (net)
                      0.080488    0.000836    0.730786 ^ _1441_/CLK (sky130_fd_sc_hd__dfrtp_2)
     1    0.001743    0.062760    0.633660    1.364447 ^ _1441_/Q (sky130_fd_sc_hd__dfrtp_2)
                                                         control.reset_n (net)
                      0.062760    0.000075    1.364522 ^ hold143/A (sky130_fd_sc_hd__dlygate4sd3_1)
     2    0.010929    0.202529    1.083043    2.447565 ^ hold143/X (sky130_fd_sc_hd__dlygate4sd3_1)
                                                         net142 (net)
                      0.202531    0.000983    2.448548 ^ fanout72/A (sky130_fd_sc_hd__clkdlybuf4s25_1)
     8    0.039601    0.637829    0.881580    3.330128 ^ fanout72/X (sky130_fd_sc_hd__clkdlybuf4s25_1)
                                                         net72 (net)
                      0.637829    0.000111    3.330238 ^ fanout70/A (sky130_fd_sc_hd__clkdlybuf4s25_1)
     5    0.018327    0.307371    0.807520    4.137758 ^ fanout70/X (sky130_fd_sc_hd__clkdlybuf4s25_1)
                                                         net70 (net)
                      0.307371    0.000553    4.138311 ^ load_slew71/A (sky130_fd_sc_hd__buf_2)
     6    0.027102    0.220006    0.388400    4.526710 ^ load_slew71/X (sky130_fd_sc_hd__buf_2)
                                                         net71 (net)
                      0.220040    0.002606    4.529316 ^ _1417_/RESET_B (sky130_fd_sc_hd__dfrtp_2)
                                              4.529316   data arrival time

                                  0.000000    0.000000   clock CLK (rise edge)
                                  0.000000    0.000000   clock source latency
     1    0.021247    0.158803    0.114747    0.114747 ^ CLK (in)
                                                         CLK (net)
                      0.158854    0.000000    0.114747 ^ clkbuf_0_CLK/A (sky130_fd_sc_hd__clkbuf_16)
    16    0.110692    0.192001    0.382494    0.497241 ^ clkbuf_0_CLK/X (sky130_fd_sc_hd__clkbuf_16)
                                                         clknet_0_CLK (net)
                      0.192680    0.008881    0.506122 ^ clkbuf_4_4_0_CLK/A (sky130_fd_sc_hd__clkbuf_8)
     6    0.019226    0.081698    0.304650    0.810772 ^ clkbuf_4_4_0_CLK/X (sky130_fd_sc_hd__clkbuf_8)
                                                         clknet_4_4_0_CLK (net)
                      0.081710    0.001038    0.811810 ^ _1417_/CLK (sky130_fd_sc_hd__dfrtp_2)
                                  0.250000    1.061810   clock uncertainty
                                 -0.047356    1.014454   clock reconvergence pessimism
                                  0.706934    1.721388   library removal time
                                              1.721388   data required time
---------------------------------------------------------------------------------------------
                                              1.721388   data required time
                                             -4.529316   data arrival time
---------------------------------------------------------------------------------------------
                                              2.807929   slack (MET)


Startpoint: _1441_ (rising edge-triggered flip-flop clocked by CLK)
Endpoint: _1459_ (removal check against rising-edge clock CLK)
Path Group: asynchronous
Path Type: min

Fanout         Cap        Slew       Delay        Time   Description
---------------------------------------------------------------------------------------------
                                  0.000000    0.000000   clock CLK (rise edge)
                                  0.000000    0.000000   clock source latency
     1    0.021247    0.158803    0.103819    0.103819 ^ CLK (in)
                                                         CLK (net)
                      0.158854    0.000000    0.103819 ^ clkbuf_0_CLK/A (sky130_fd_sc_hd__clkbuf_16)
    16    0.110692    0.192001    0.346066    0.449884 ^ clkbuf_0_CLK/X (sky130_fd_sc_hd__clkbuf_16)
                                                         clknet_0_CLK (net)
                      0.192394    0.005746    0.455631 ^ clkbuf_4_10_0_CLK/A (sky130_fd_sc_hd__clkbuf_8)
     6    0.018696    0.080479    0.274320    0.729950 ^ clkbuf_4_10_0_CLK/X (sky130_fd_sc_hd__clkbuf_8)
                                                         clknet_4_10_0_CLK (net)
                      0.080488    0.000836    0.730786 ^ _1441_/CLK (sky130_fd_sc_hd__dfrtp_2)
     1    0.001743    0.062760    0.633660    1.364447 ^ _1441_/Q (sky130_fd_sc_hd__dfrtp_2)
                                                         control.reset_n (net)
                      0.062760    0.000075    1.364522 ^ hold143/A (sky130_fd_sc_hd__dlygate4sd3_1)
     2    0.010929    0.202529    1.083043    2.447565 ^ hold143/X (sky130_fd_sc_hd__dlygate4sd3_1)
                                                         net142 (net)
                      0.202531    0.000983    2.448548 ^ fanout72/A (sky130_fd_sc_hd__clkdlybuf4s25_1)
     8    0.039601    0.637829    0.881580    3.330128 ^ fanout72/X (sky130_fd_sc_hd__clkdlybuf4s25_1)
                                                         net72 (net)
                      0.637829    0.000111    3.330238 ^ fanout70/A (sky130_fd_sc_hd__clkdlybuf4s25_1)
     5    0.018327    0.307371    0.807520    4.137758 ^ fanout70/X (sky130_fd_sc_hd__clkdlybuf4s25_1)
                                                         net70 (net)
                      0.307371    0.000553    4.138311 ^ load_slew71/A (sky130_fd_sc_hd__buf_2)
     6    0.027102    0.220006    0.388400    4.526710 ^ load_slew71/X (sky130_fd_sc_hd__buf_2)
                                                         net71 (net)
                      0.220028    0.002204    4.528914 ^ _1459_/RESET_B (sky130_fd_sc_hd__dfrtp_2)
                                              4.528914   data arrival time

                                  0.000000    0.000000   clock CLK (rise edge)
                                  0.000000    0.000000   clock source latency
     1    0.021247    0.158803    0.114747    0.114747 ^ CLK (in)
                                                         CLK (net)
                      0.158854    0.000000    0.114747 ^ clkbuf_0_CLK/A (sky130_fd_sc_hd__clkbuf_16)
    16    0.110692    0.192001    0.382494    0.497241 ^ clkbuf_0_CLK/X (sky130_fd_sc_hd__clkbuf_16)
                                                         clknet_0_CLK (net)
                      0.192269    0.004810    0.502050 ^ clkbuf_4_9_0_CLK/A (sky130_fd_sc_hd__clkbuf_8)
     6    0.018064    0.079043    0.301374    0.803424 ^ clkbuf_4_9_0_CLK/X (sky130_fd_sc_hd__clkbuf_8)
                                                         clknet_4_9_0_CLK (net)
                      0.079099    0.001933    0.805357 ^ _1459_/CLK (sky130_fd_sc_hd__dfrtp_2)
                                  0.250000    1.055357   clock uncertainty
                                 -0.047356    1.008001   clock reconvergence pessimism
                                  0.706144    1.714145   library removal time
                                              1.714145   data required time
---------------------------------------------------------------------------------------------
                                              1.714145   data required time
                                             -4.528914   data arrival time
---------------------------------------------------------------------------------------------
                                              2.814769   slack (MET)


Startpoint: _1441_ (rising edge-triggered flip-flop clocked by CLK)
Endpoint: _1460_ (removal check against rising-edge clock CLK)
Path Group: asynchronous
Path Type: min

Fanout         Cap        Slew       Delay        Time   Description
---------------------------------------------------------------------------------------------
                                  0.000000    0.000000   clock CLK (rise edge)
                                  0.000000    0.000000   clock source latency
     1    0.021247    0.158803    0.103819    0.103819 ^ CLK (in)
                                                         CLK (net)
                      0.158854    0.000000    0.103819 ^ clkbuf_0_CLK/A (sky130_fd_sc_hd__clkbuf_16)
    16    0.110692    0.192001    0.346066    0.449884 ^ clkbuf_0_CLK/X (sky130_fd_sc_hd__clkbuf_16)
                                                         clknet_0_CLK (net)
                      0.192394    0.005746    0.455631 ^ clkbuf_4_10_0_CLK/A (sky130_fd_sc_hd__clkbuf_8)
     6    0.018696    0.080479    0.274320    0.729950 ^ clkbuf_4_10_0_CLK/X (sky130_fd_sc_hd__clkbuf_8)
                                                         clknet_4_10_0_CLK (net)
                      0.080488    0.000836    0.730786 ^ _1441_/CLK (sky130_fd_sc_hd__dfrtp_2)
     1    0.001743    0.062760    0.633660    1.364447 ^ _1441_/Q (sky130_fd_sc_hd__dfrtp_2)
                                                         control.reset_n (net)
                      0.062760    0.000075    1.364522 ^ hold143/A (sky130_fd_sc_hd__dlygate4sd3_1)
     2    0.010929    0.202529    1.083043    2.447565 ^ hold143/X (sky130_fd_sc_hd__dlygate4sd3_1)
                                                         net142 (net)
                      0.202531    0.000983    2.448548 ^ fanout72/A (sky130_fd_sc_hd__clkdlybuf4s25_1)
     8    0.039601    0.637829    0.881580    3.330128 ^ fanout72/X (sky130_fd_sc_hd__clkdlybuf4s25_1)
                                                         net72 (net)
                      0.637829    0.000111    3.330238 ^ fanout70/A (sky130_fd_sc_hd__clkdlybuf4s25_1)
     5    0.018327    0.307371    0.807520    4.137758 ^ fanout70/X (sky130_fd_sc_hd__clkdlybuf4s25_1)
                                                         net70 (net)
                      0.307371    0.000553    4.138311 ^ load_slew71/A (sky130_fd_sc_hd__buf_2)
     6    0.027102    0.220006    0.388400    4.526710 ^ load_slew71/X (sky130_fd_sc_hd__buf_2)
                                                         net71 (net)
                      0.220038    0.002534    4.529244 ^ _1460_/RESET_B (sky130_fd_sc_hd__dfrtp_2)
                                              4.529244   data arrival time

                                  0.000000    0.000000   clock CLK (rise edge)
                                  0.000000    0.000000   clock source latency
     1    0.021247    0.158803    0.114747    0.114747 ^ CLK (in)
                                                         CLK (net)
                      0.158854    0.000000    0.114747 ^ clkbuf_0_CLK/A (sky130_fd_sc_hd__clkbuf_16)
    16    0.110692    0.192001    0.382494    0.497241 ^ clkbuf_0_CLK/X (sky130_fd_sc_hd__clkbuf_16)
                                                         clknet_0_CLK (net)
                      0.192269    0.004810    0.502050 ^ clkbuf_4_9_0_CLK/A (sky130_fd_sc_hd__clkbuf_8)
     6    0.018064    0.079043    0.301374    0.803424 ^ clkbuf_4_9_0_CLK/X (sky130_fd_sc_hd__clkbuf_8)
                                                         clknet_4_9_0_CLK (net)
                      0.079094    0.001863    0.805287 ^ _1460_/CLK (sky130_fd_sc_hd__dfrtp_2)
                                  0.250000    1.055287   clock uncertainty
                                 -0.047356    1.007931   clock reconvergence pessimism
                                  0.706146    1.714077   library removal time
                                              1.714077   data required time
---------------------------------------------------------------------------------------------
                                              1.714077   data required time
                                             -4.529244   data arrival time
---------------------------------------------------------------------------------------------
                                              2.815167   slack (MET)


Startpoint: _1441_ (rising edge-triggered flip-flop clocked by CLK)
Endpoint: _1437_ (removal check against rising-edge clock CLK)
Path Group: asynchronous
Path Type: min

Fanout         Cap        Slew       Delay        Time   Description
---------------------------------------------------------------------------------------------
                                  0.000000    0.000000   clock CLK (rise edge)
                                  0.000000    0.000000   clock source latency
     1    0.021247    0.158803    0.103819    0.103819 ^ CLK (in)
                                                         CLK (net)
                      0.158854    0.000000    0.103819 ^ clkbuf_0_CLK/A (sky130_fd_sc_hd__clkbuf_16)
    16    0.110692    0.192001    0.346066    0.449884 ^ clkbuf_0_CLK/X (sky130_fd_sc_hd__clkbuf_16)
                                                         clknet_0_CLK (net)
                      0.192394    0.005746    0.455631 ^ clkbuf_4_10_0_CLK/A (sky130_fd_sc_hd__clkbuf_8)
     6    0.018696    0.080479    0.274320    0.729950 ^ clkbuf_4_10_0_CLK/X (sky130_fd_sc_hd__clkbuf_8)
                                                         clknet_4_10_0_CLK (net)
                      0.080488    0.000836    0.730786 ^ _1441_/CLK (sky130_fd_sc_hd__dfrtp_2)
     1    0.001743    0.062760    0.633660    1.364447 ^ _1441_/Q (sky130_fd_sc_hd__dfrtp_2)
                                                         control.reset_n (net)
                      0.062760    0.000075    1.364522 ^ hold143/A (sky130_fd_sc_hd__dlygate4sd3_1)
     2    0.010929    0.202529    1.083043    2.447565 ^ hold143/X (sky130_fd_sc_hd__dlygate4sd3_1)
                                                         net142 (net)
                      0.202531    0.000983    2.448548 ^ fanout72/A (sky130_fd_sc_hd__clkdlybuf4s25_1)
     8    0.039601    0.637829    0.881580    3.330128 ^ fanout72/X (sky130_fd_sc_hd__clkdlybuf4s25_1)
                                                         net72 (net)
                      0.637829    0.000111    3.330238 ^ fanout70/A (sky130_fd_sc_hd__clkdlybuf4s25_1)
     5    0.018327    0.307371    0.807520    4.137758 ^ fanout70/X (sky130_fd_sc_hd__clkdlybuf4s25_1)
                                                         net70 (net)
                      0.307371    0.000553    4.138311 ^ load_slew71/A (sky130_fd_sc_hd__buf_2)
     6    0.027102    0.220006    0.388400    4.526710 ^ load_slew71/X (sky130_fd_sc_hd__buf_2)
                                                         net71 (net)
                      0.220008    0.001064    4.527774 ^ _1437_/RESET_B (sky130_fd_sc_hd__dfrtp_2)
                                              4.527774   data arrival time

                                  0.000000    0.000000   clock CLK (rise edge)
                                  0.000000    0.000000   clock source latency
     1    0.021247    0.158803    0.114747    0.114747 ^ CLK (in)
                                                         CLK (net)
                      0.158854    0.000000    0.114747 ^ clkbuf_0_CLK/A (sky130_fd_sc_hd__clkbuf_16)
    16    0.110692    0.192001    0.382494    0.497241 ^ clkbuf_0_CLK/X (sky130_fd_sc_hd__clkbuf_16)
                                                         clknet_0_CLK (net)
                      0.192290    0.005107    0.502347 ^ clkbuf_4_8_0_CLK/A (sky130_fd_sc_hd__clkbuf_8)
     5    0.014905    0.071897    0.294177    0.796524 ^ clkbuf_4_8_0_CLK/X (sky130_fd_sc_hd__clkbuf_8)
                                                         clknet_4_8_0_CLK (net)
                      0.071952    0.000855    0.797379 ^ _1437_/CLK (sky130_fd_sc_hd__dfrtp_2)
                                  0.250000    1.047379   clock uncertainty
                                 -0.047356    1.000023   clock reconvergence pessimism
                                  0.703986    1.704009   library removal time
                                              1.704009   data required time
---------------------------------------------------------------------------------------------
                                              1.704009   data required time
                                             -4.527774   data arrival time
---------------------------------------------------------------------------------------------
                                              2.823765   slack (MET)


Startpoint: RESET_N (input port clocked by CLK)
Endpoint: _1440_ (removal check against rising-edge clock CLK)
Path Group: asynchronous
Path Type: min

Fanout         Cap        Slew       Delay        Time   Description
---------------------------------------------------------------------------------------------
                                  0.000000    0.000000   clock CLK (rise edge)
                                  0.000000    0.000000   clock network delay (propagated)
                                  4.000000    4.000000 ^ input external delay
     1    0.005324    0.049400    0.027730    4.027730 ^ RESET_N (in)
                                                         RESET_N (net)
                      0.049401    0.000000    4.027730 ^ input19/A (sky130_fd_sc_hd__clkdlybuf4s25_1)
     8    0.022878    0.377417    0.642164    4.669893 ^ input19/X (sky130_fd_sc_hd__clkdlybuf4s25_1)
                                                         net19 (net)
                      0.377421    0.001846    4.671740 ^ _1440_/RESET_B (sky130_fd_sc_hd__dfrtp_2)
                                              4.671740   data arrival time

                                  0.000000    0.000000   clock CLK (rise edge)
                                  0.000000    0.000000   clock source latency
     1    0.021247    0.158803    0.114747    0.114747 ^ CLK (in)
                                                         CLK (net)
                      0.158854    0.000000    0.114747 ^ clkbuf_0_CLK/A (sky130_fd_sc_hd__clkbuf_16)
    16    0.110692    0.192001    0.382494    0.497241 ^ clkbuf_0_CLK/X (sky130_fd_sc_hd__clkbuf_16)
                                                         clknet_0_CLK (net)
                      0.192394    0.006351    0.503592 ^ clkbuf_4_10_0_CLK/A (sky130_fd_sc_hd__clkbuf_8)
     6    0.018696    0.080479    0.303195    0.806787 ^ clkbuf_4_10_0_CLK/X (sky130_fd_sc_hd__clkbuf_8)
                                                         clknet_4_10_0_CLK (net)
                      0.080491    0.001019    0.807806 ^ _1440_/CLK (sky130_fd_sc_hd__dfrtp_2)
                                  0.250000    1.057806   clock uncertainty
                                  0.000000    1.057806   clock reconvergence pessimism
                                  0.754804    1.812610   library removal time
                                              1.812610   data required time
---------------------------------------------------------------------------------------------
                                              1.812610   data required time
                                             -4.671740   data arrival time
---------------------------------------------------------------------------------------------
                                              2.859129   slack (MET)


Startpoint: RESET_N (input port clocked by CLK)
Endpoint: _1441_ (removal check against rising-edge clock CLK)
Path Group: asynchronous
Path Type: min

Fanout         Cap        Slew       Delay        Time   Description
---------------------------------------------------------------------------------------------
                                  0.000000    0.000000   clock CLK (rise edge)
                                  0.000000    0.000000   clock network delay (propagated)
                                  4.000000    4.000000 ^ input external delay
     1    0.005324    0.049400    0.027730    4.027730 ^ RESET_N (in)
                                                         RESET_N (net)
                      0.049401    0.000000    4.027730 ^ input19/A (sky130_fd_sc_hd__clkdlybuf4s25_1)
     8    0.022878    0.377417    0.642164    4.669893 ^ input19/X (sky130_fd_sc_hd__clkdlybuf4s25_1)
                                                         net19 (net)
                      0.377420    0.001803    4.671697 ^ _1441_/RESET_B (sky130_fd_sc_hd__dfrtp_2)
                                              4.671697   data arrival time

                                  0.000000    0.000000   clock CLK (rise edge)
                                  0.000000    0.000000   clock source latency
     1    0.021247    0.158803    0.114747    0.114747 ^ CLK (in)
                                                         CLK (net)
                      0.158854    0.000000    0.114747 ^ clkbuf_0_CLK/A (sky130_fd_sc_hd__clkbuf_16)
    16    0.110692    0.192001    0.382494    0.497241 ^ clkbuf_0_CLK/X (sky130_fd_sc_hd__clkbuf_16)
                                                         clknet_0_CLK (net)
                      0.192394    0.006351    0.503592 ^ clkbuf_4_10_0_CLK/A (sky130_fd_sc_hd__clkbuf_8)
     6    0.018696    0.080479    0.303195    0.806787 ^ clkbuf_4_10_0_CLK/X (sky130_fd_sc_hd__clkbuf_8)
                                                         clknet_4_10_0_CLK (net)
                      0.080488    0.000924    0.807711 ^ _1441_/CLK (sky130_fd_sc_hd__dfrtp_2)
                                  0.250000    1.057711   clock uncertainty
                                  0.000000    1.057711   clock reconvergence pessimism
                                  0.754803    1.812515   library removal time
                                              1.812515   data required time
---------------------------------------------------------------------------------------------
                                              1.812515   data required time
                                             -4.671697   data arrival time
---------------------------------------------------------------------------------------------
                                              2.859182   slack (MET)


Startpoint: _1441_ (rising edge-triggered flip-flop clocked by CLK)
Endpoint: _1436_ (removal check against rising-edge clock CLK)
Path Group: asynchronous
Path Type: min

Fanout         Cap        Slew       Delay        Time   Description
---------------------------------------------------------------------------------------------
                                  0.000000    0.000000   clock CLK (rise edge)
                                  0.000000    0.000000   clock source latency
     1    0.021247    0.158803    0.103819    0.103819 ^ CLK (in)
                                                         CLK (net)
                      0.158854    0.000000    0.103819 ^ clkbuf_0_CLK/A (sky130_fd_sc_hd__clkbuf_16)
    16    0.110692    0.192001    0.346066    0.449884 ^ clkbuf_0_CLK/X (sky130_fd_sc_hd__clkbuf_16)
                                                         clknet_0_CLK (net)
                      0.192394    0.005746    0.455631 ^ clkbuf_4_10_0_CLK/A (sky130_fd_sc_hd__clkbuf_8)
     6    0.018696    0.080479    0.274320    0.729950 ^ clkbuf_4_10_0_CLK/X (sky130_fd_sc_hd__clkbuf_8)
                                                         clknet_4_10_0_CLK (net)
                      0.080488    0.000836    0.730786 ^ _1441_/CLK (sky130_fd_sc_hd__dfrtp_2)
     1    0.001743    0.062760    0.633660    1.364447 ^ _1441_/Q (sky130_fd_sc_hd__dfrtp_2)
                                                         control.reset_n (net)
                      0.062760    0.000075    1.364522 ^ hold143/A (sky130_fd_sc_hd__dlygate4sd3_1)
     2    0.010929    0.202529    1.083043    2.447565 ^ hold143/X (sky130_fd_sc_hd__dlygate4sd3_1)
                                                         net142 (net)
                      0.202531    0.000983    2.448548 ^ fanout72/A (sky130_fd_sc_hd__clkdlybuf4s25_1)
     8    0.039601    0.637829    0.881580    3.330128 ^ fanout72/X (sky130_fd_sc_hd__clkdlybuf4s25_1)
                                                         net72 (net)
                      0.637829    0.000111    3.330238 ^ fanout70/A (sky130_fd_sc_hd__clkdlybuf4s25_1)
     5    0.018327    0.307371    0.807520    4.137758 ^ fanout70/X (sky130_fd_sc_hd__clkdlybuf4s25_1)
                                                         net70 (net)
                      0.307371    0.000964    4.138721 ^ _1436_/SET_B (sky130_fd_sc_hd__dfstp_2)
                                              4.138721   data arrival time

                                  0.000000    0.000000   clock CLK (rise edge)
                                  0.000000    0.000000   clock source latency
     1    0.021247    0.158803    0.114747    0.114747 ^ CLK (in)
                                                         CLK (net)
                      0.158854    0.000000    0.114747 ^ clkbuf_0_CLK/A (sky130_fd_sc_hd__clkbuf_16)
    16    0.110692    0.192001    0.382494    0.497241 ^ clkbuf_0_CLK/X (sky130_fd_sc_hd__clkbuf_16)
                                                         clknet_0_CLK (net)
                      0.192290    0.005107    0.502347 ^ clkbuf_4_8_0_CLK/A (sky130_fd_sc_hd__clkbuf_8)
     5    0.014905    0.071897    0.294177    0.796524 ^ clkbuf_4_8_0_CLK/X (sky130_fd_sc_hd__clkbuf_8)
                                                         clknet_4_8_0_CLK (net)
                      0.071957    0.001001    0.797525 ^ _1436_/CLK (sky130_fd_sc_hd__dfstp_2)
                                  0.250000    1.047525   clock uncertainty
                                 -0.047356    1.000169   clock reconvergence pessimism
                                  0.276557    1.276726   library removal time
                                              1.276726   data required time
---------------------------------------------------------------------------------------------
                                              1.276726   data required time
                                             -4.138721   data arrival time
---------------------------------------------------------------------------------------------
                                              2.861995   slack (MET)


Startpoint: _1441_ (rising edge-triggered flip-flop clocked by CLK)
Endpoint: _1432_ (removal check against rising-edge clock CLK)
Path Group: asynchronous
Path Type: min

Fanout         Cap        Slew       Delay        Time   Description
---------------------------------------------------------------------------------------------
                                  0.000000    0.000000   clock CLK (rise edge)
                                  0.000000    0.000000   clock source latency
     1    0.021247    0.158803    0.103819    0.103819 ^ CLK (in)
                                                         CLK (net)
                      0.158854    0.000000    0.103819 ^ clkbuf_0_CLK/A (sky130_fd_sc_hd__clkbuf_16)
    16    0.110692    0.192001    0.346066    0.449884 ^ clkbuf_0_CLK/X (sky130_fd_sc_hd__clkbuf_16)
                                                         clknet_0_CLK (net)
                      0.192394    0.005746    0.455631 ^ clkbuf_4_10_0_CLK/A (sky130_fd_sc_hd__clkbuf_8)
     6    0.018696    0.080479    0.274320    0.729950 ^ clkbuf_4_10_0_CLK/X (sky130_fd_sc_hd__clkbuf_8)
                                                         clknet_4_10_0_CLK (net)
                      0.080488    0.000836    0.730786 ^ _1441_/CLK (sky130_fd_sc_hd__dfrtp_2)
     1    0.001743    0.062760    0.633660    1.364447 ^ _1441_/Q (sky130_fd_sc_hd__dfrtp_2)
                                                         control.reset_n (net)
                      0.062760    0.000075    1.364522 ^ hold143/A (sky130_fd_sc_hd__dlygate4sd3_1)
     2    0.010929    0.202529    1.083043    2.447565 ^ hold143/X (sky130_fd_sc_hd__dlygate4sd3_1)
                                                         net142 (net)
                      0.202531    0.000983    2.448548 ^ fanout72/A (sky130_fd_sc_hd__clkdlybuf4s25_1)
     8    0.039601    0.637829    0.881580    3.330128 ^ fanout72/X (sky130_fd_sc_hd__clkdlybuf4s25_1)
                                                         net72 (net)
                      0.637833    0.002700    3.332828 ^ fanout69/A (sky130_fd_sc_hd__clkdlybuf4s25_1)
     8    0.039573    0.637195    1.029888    4.362716 ^ fanout69/X (sky130_fd_sc_hd__clkdlybuf4s25_1)
                                                         net69 (net)
                      0.637199    0.002627    4.365343 ^ fanout67/A (sky130_fd_sc_hd__clkdlybuf4s25_1)
     3    0.016775    0.283485    0.790874    5.156216 ^ fanout67/X (sky130_fd_sc_hd__clkdlybuf4s25_1)
                                                         net67 (net)
                      0.283491    0.001699    5.157915 ^ _1432_/RESET_B (sky130_fd_sc_hd__dfrtp_2)
                                              5.157915   data arrival time

                                  0.000000    0.000000   clock CLK (rise edge)
                                  0.000000    0.000000   clock source latency
     1    0.021247    0.158803    0.114747    0.114747 ^ CLK (in)
                                                         CLK (net)
                      0.158854    0.000000    0.114747 ^ clkbuf_0_CLK/A (sky130_fd_sc_hd__clkbuf_16)
    16    0.110692    0.192001    0.382494    0.497241 ^ clkbuf_0_CLK/X (sky130_fd_sc_hd__clkbuf_16)
                                                         clknet_0_CLK (net)
                      0.192739    0.009312    0.506553 ^ clkbuf_4_5_0_CLK/A (sky130_fd_sc_hd__clkbuf_8)
     6    0.018014    0.078899    0.301863    0.808416 ^ clkbuf_4_5_0_CLK/X (sky130_fd_sc_hd__clkbuf_8)
                                                         clknet_4_5_0_CLK (net)
                      0.078906    0.000777    0.809193 ^ _1432_/CLK (sky130_fd_sc_hd__dfrtp_2)
                                  0.250000    1.059193   clock uncertainty
                                 -0.047356    1.011836   clock reconvergence pessimism
                                  0.725538    1.737374   library removal time
                                              1.737374   data required time
---------------------------------------------------------------------------------------------
                                              1.737374   data required time
                                             -5.157915   data arrival time
---------------------------------------------------------------------------------------------
                                              3.420541   slack (MET)


Startpoint: _1441_ (rising edge-triggered flip-flop clocked by CLK)
Endpoint: _1449_ (removal check against rising-edge clock CLK)
Path Group: asynchronous
Path Type: min

Fanout         Cap        Slew       Delay        Time   Description
---------------------------------------------------------------------------------------------
                                  0.000000    0.000000   clock CLK (rise edge)
                                  0.000000    0.000000   clock source latency
     1    0.021247    0.158803    0.103819    0.103819 ^ CLK (in)
                                                         CLK (net)
                      0.158854    0.000000    0.103819 ^ clkbuf_0_CLK/A (sky130_fd_sc_hd__clkbuf_16)
    16    0.110692    0.192001    0.346066    0.449884 ^ clkbuf_0_CLK/X (sky130_fd_sc_hd__clkbuf_16)
                                                         clknet_0_CLK (net)
                      0.192394    0.005746    0.455631 ^ clkbuf_4_10_0_CLK/A (sky130_fd_sc_hd__clkbuf_8)
     6    0.018696    0.080479    0.274320    0.729950 ^ clkbuf_4_10_0_CLK/X (sky130_fd_sc_hd__clkbuf_8)
                                                         clknet_4_10_0_CLK (net)
                      0.080488    0.000836    0.730786 ^ _1441_/CLK (sky130_fd_sc_hd__dfrtp_2)
     1    0.001743    0.062760    0.633660    1.364447 ^ _1441_/Q (sky130_fd_sc_hd__dfrtp_2)
                                                         control.reset_n (net)
                      0.062760    0.000075    1.364522 ^ hold143/A (sky130_fd_sc_hd__dlygate4sd3_1)
     2    0.010929    0.202529    1.083043    2.447565 ^ hold143/X (sky130_fd_sc_hd__dlygate4sd3_1)
                                                         net142 (net)
                      0.202531    0.000983    2.448548 ^ fanout72/A (sky130_fd_sc_hd__clkdlybuf4s25_1)
     8    0.039601    0.637829    0.881580    3.330128 ^ fanout72/X (sky130_fd_sc_hd__clkdlybuf4s25_1)
                                                         net72 (net)
                      0.637833    0.002700    3.332828 ^ fanout69/A (sky130_fd_sc_hd__clkdlybuf4s25_1)
     8    0.039573    0.637195    1.029888    4.362716 ^ fanout69/X (sky130_fd_sc_hd__clkdlybuf4s25_1)
                                                         net69 (net)
                      0.637199    0.002627    4.365343 ^ fanout67/A (sky130_fd_sc_hd__clkdlybuf4s25_1)
     3    0.016775    0.283485    0.790874    5.156216 ^ fanout67/X (sky130_fd_sc_hd__clkdlybuf4s25_1)
                                                         net67 (net)
                      0.283493    0.001811    5.158028 ^ _1449_/RESET_B (sky130_fd_sc_hd__dfrtp_2)
                                              5.158028   data arrival time

                                  0.000000    0.000000   clock CLK (rise edge)
                                  0.000000    0.000000   clock source latency
     1    0.021247    0.158803    0.114747    0.114747 ^ CLK (in)
                                                         CLK (net)
                      0.158854    0.000000    0.114747 ^ clkbuf_0_CLK/A (sky130_fd_sc_hd__clkbuf_16)
    16    0.110692    0.192001    0.382494    0.497241 ^ clkbuf_0_CLK/X (sky130_fd_sc_hd__clkbuf_16)
                                                         clknet_0_CLK (net)
                      0.192739    0.009312    0.506553 ^ clkbuf_4_5_0_CLK/A (sky130_fd_sc_hd__clkbuf_8)
     6    0.018014    0.078899    0.301863    0.808416 ^ clkbuf_4_5_0_CLK/X (sky130_fd_sc_hd__clkbuf_8)
                                                         clknet_4_5_0_CLK (net)
                      0.078902    0.000577    0.808993 ^ _1449_/CLK (sky130_fd_sc_hd__dfrtp_2)
                                  0.250000    1.058993   clock uncertainty
                                 -0.047356    1.011637   clock reconvergence pessimism
                                  0.725537    1.737174   library removal time
                                              1.737174   data required time
---------------------------------------------------------------------------------------------
                                              1.737174   data required time
                                             -5.158028   data arrival time
---------------------------------------------------------------------------------------------
                                              3.420853   slack (MET)


Startpoint: HALL_C (input port clocked by CLK)
Endpoint: _1468_ (rising edge-triggered flip-flop clocked by CLK)
Path Group: CLK
Path Type: min

Fanout         Cap        Slew       Delay        Time   Description
---------------------------------------------------------------------------------------------
                                  0.000000    0.000000   clock CLK (rise edge)
                                  0.000000    0.000000   clock network delay (propagated)
                                  4.000000    4.000000 v input external delay
     1    0.003151    0.019807    0.009868    4.009868 v HALL_C (in)
                                                         HALL_C (net)
                      0.019808    0.000000    4.009868 v input16/A (sky130_fd_sc_hd__clkdlybuf4s25_1)
     1    0.003071    0.077639    0.414185    4.424053 v input16/X (sky130_fd_sc_hd__clkdlybuf4s25_1)
                                                         net16 (net)
                      0.077639    0.000199    4.424252 v _1468_/D (sky130_fd_sc_hd__dfrtp_2)
                                              4.424252   data arrival time

                                  0.000000    0.000000   clock CLK (rise edge)
                                  0.000000    0.000000   clock source latency
     1    0.021247    0.158803    0.114747    0.114747 ^ CLK (in)
                                                         CLK (net)
                      0.158854    0.000000    0.114747 ^ clkbuf_0_CLK/A (sky130_fd_sc_hd__clkbuf_16)
    16    0.110692    0.192001    0.382494    0.497241 ^ clkbuf_0_CLK/X (sky130_fd_sc_hd__clkbuf_16)
                                                         clknet_0_CLK (net)
                      0.192679    0.008869    0.506110 ^ clkbuf_4_2_0_CLK/A (sky130_fd_sc_hd__clkbuf_8)
     6    0.020724    0.085211    0.308118    0.814228 ^ clkbuf_4_2_0_CLK/X (sky130_fd_sc_hd__clkbuf_8)
                                                         clknet_4_2_0_CLK (net)
                      0.085222    0.001022    0.815249 ^ _1468_/CLK (sky130_fd_sc_hd__dfrtp_2)
                                  0.250000    1.065249   clock uncertainty
                                  0.000000    1.065249   clock reconvergence pessimism
                                 -0.088758    0.976491   library hold time
                                              0.976491   data required time
---------------------------------------------------------------------------------------------
                                              0.976491   data required time
                                             -4.424252   data arrival time
---------------------------------------------------------------------------------------------
                                              3.447761   slack (MET)


Startpoint: DUTY[8] (input port clocked by CLK)
Endpoint: _1450_ (rising edge-triggered flip-flop clocked by CLK)
Path Group: CLK
Path Type: min

Fanout         Cap        Slew       Delay        Time   Description
---------------------------------------------------------------------------------------------
                                  0.000000    0.000000   clock CLK (rise edge)
                                  0.000000    0.000000   clock network delay (propagated)
                                  4.000000    4.000000 v input external delay
     1    0.004110    0.023584    0.012748    4.012748 v DUTY[8] (in)
                                                         DUTY[8] (net)
                      0.023586    0.000000    4.012748 v input11/A (sky130_fd_sc_hd__clkdlybuf4s25_1)
     1    0.002549    0.071840    0.409425    4.422173 v input11/X (sky130_fd_sc_hd__clkdlybuf4s25_1)
                                                         net11 (net)
                      0.071840    0.000103    4.422276 v _1450_/D (sky130_fd_sc_hd__dfrtp_2)
                                              4.422276   data arrival time

                                  0.000000    0.000000   clock CLK (rise edge)
                                  0.000000    0.000000   clock source latency
     1    0.021247    0.158803    0.114747    0.114747 ^ CLK (in)
                                                         CLK (net)
                      0.158854    0.000000    0.114747 ^ clkbuf_0_CLK/A (sky130_fd_sc_hd__clkbuf_16)
    16    0.110692    0.192001    0.382494    0.497241 ^ clkbuf_0_CLK/X (sky130_fd_sc_hd__clkbuf_16)
                                                         clknet_0_CLK (net)
                      0.192366    0.006041    0.503282 ^ clkbuf_4_14_0_CLK/A (sky130_fd_sc_hd__clkbuf_8)
     6    0.018935    0.081026    0.303785    0.807067 ^ clkbuf_4_14_0_CLK/X (sky130_fd_sc_hd__clkbuf_8)
                                                         clknet_4_14_0_CLK (net)
                      0.081040    0.001092    0.808158 ^ _1450_/CLK (sky130_fd_sc_hd__dfrtp_2)
                                  0.250000    1.058158   clock uncertainty
                                  0.000000    1.058158   clock reconvergence pessimism
                                 -0.087648    0.970510   library hold time
                                              0.970510   data required time
---------------------------------------------------------------------------------------------
                                              0.970510   data required time
                                             -4.422276   data arrival time
---------------------------------------------------------------------------------------------
                                              3.451766   slack (MET)


Startpoint: HALL_B (input port clocked by CLK)
Endpoint: _1466_ (rising edge-triggered flip-flop clocked by CLK)
Path Group: CLK
Path Type: min

Fanout         Cap        Slew       Delay        Time   Description
---------------------------------------------------------------------------------------------
                                  0.000000    0.000000   clock CLK (rise edge)
                                  0.000000    0.000000   clock network delay (propagated)
                                  4.000000    4.000000 v input external delay
     1    0.003845    0.022524    0.011962    4.011962 v HALL_B (in)
                                                         HALL_B (net)
                      0.022535    0.000000    4.011962 v input15/A (sky130_fd_sc_hd__clkdlybuf4s25_1)
     1    0.004708    0.096890    0.434343    4.446305 v input15/X (sky130_fd_sc_hd__clkdlybuf4s25_1)
                                                         net15 (net)
                      0.096946    0.000329    4.446634 v _1466_/D (sky130_fd_sc_hd__dfrtp_2)
                                              4.446634   data arrival time

                                  0.000000    0.000000   clock CLK (rise edge)
                                  0.000000    0.000000   clock source latency
     1    0.021247    0.158803    0.114747    0.114747 ^ CLK (in)
                                                         CLK (net)
                      0.158854    0.000000    0.114747 ^ clkbuf_0_CLK/A (sky130_fd_sc_hd__clkbuf_16)
    16    0.110692    0.192001    0.382494    0.497241 ^ clkbuf_0_CLK/X (sky130_fd_sc_hd__clkbuf_16)
                                                         clknet_0_CLK (net)
                      0.192678    0.008862    0.506102 ^ clkbuf_4_0_0_CLK/A (sky130_fd_sc_hd__clkbuf_8)
     6    0.024030    0.093092    0.315987    0.822090 ^ clkbuf_4_0_0_CLK/X (sky130_fd_sc_hd__clkbuf_8)
                                                         clknet_4_0_0_CLK (net)
                      0.093109    0.001303    0.823392 ^ _1466_/CLK (sky130_fd_sc_hd__dfrtp_2)
                                  0.250000    1.073392   clock uncertainty
                                  0.000000    1.073392   clock reconvergence pessimism
                                 -0.093918    0.979475   library hold time
                                              0.979475   data required time
---------------------------------------------------------------------------------------------
                                              0.979475   data required time
                                             -4.446634   data arrival time
---------------------------------------------------------------------------------------------
                                              3.467159   slack (MET)


Startpoint: DUTY[5] (input port clocked by CLK)
Endpoint: _1447_ (rising edge-triggered flip-flop clocked by CLK)
Path Group: CLK
Path Type: min

Fanout         Cap        Slew       Delay        Time   Description
---------------------------------------------------------------------------------------------
                                  0.000000    0.000000   clock CLK (rise edge)
                                  0.000000    0.000000   clock network delay (propagated)
                                  4.000000    4.000000 v input external delay
     1    0.006293    0.032283    0.019290    4.019290 v DUTY[5] (in)
                                                         DUTY[5] (net)
                      0.032289    0.000000    4.019290 v input8/A (sky130_fd_sc_hd__clkdlybuf4s25_1)
     1    0.004790    0.098024    0.439229    4.458519 v input8/X (sky130_fd_sc_hd__clkdlybuf4s25_1)
                                                         net8 (net)
                      0.098024    0.000311    4.458830 v _1447_/D (sky130_fd_sc_hd__dfrtp_2)
                                              4.458830   data arrival time

                                  0.000000    0.000000   clock CLK (rise edge)
                                  0.000000    0.000000   clock source latency
     1    0.021247    0.158803    0.114747    0.114747 ^ CLK (in)
                                                         CLK (net)
                      0.158854    0.000000    0.114747 ^ clkbuf_0_CLK/A (sky130_fd_sc_hd__clkbuf_16)
    16    0.110692    0.192001    0.382494    0.497241 ^ clkbuf_0_CLK/X (sky130_fd_sc_hd__clkbuf_16)
                                                         clknet_0_CLK (net)
                      0.192709    0.009094    0.506335 ^ clkbuf_4_7_0_CLK/A (sky130_fd_sc_hd__clkbuf_8)
     6    0.015897    0.074126    0.296771    0.803106 ^ clkbuf_4_7_0_CLK/X (sky130_fd_sc_hd__clkbuf_8)
                                                         clknet_4_7_0_CLK (net)
                      0.074136    0.000841    0.803947 ^ _1447_/CLK (sky130_fd_sc_hd__dfrtp_2)
                                  0.250000    1.053947   clock uncertainty
                                  0.000000    1.053947   clock reconvergence pessimism
                                 -0.098909    0.955038   library hold time
                                              0.955038   data required time
---------------------------------------------------------------------------------------------
                                              0.955038   data required time
                                             -4.458830   data arrival time
---------------------------------------------------------------------------------------------
                                              3.503793   slack (MET)


Startpoint: DUTY[9] (input port clocked by CLK)
Endpoint: _1451_ (rising edge-triggered flip-flop clocked by CLK)
Path Group: CLK
Path Type: min

Fanout         Cap        Slew       Delay        Time   Description
---------------------------------------------------------------------------------------------
                                  0.000000    0.000000   clock CLK (rise edge)
                                  0.000000    0.000000   clock network delay (propagated)
                                  4.000000    4.000000 v input external delay
     1    0.005037    0.027264    0.015541    4.015541 v DUTY[9] (in)
                                                         DUTY[9] (net)
                      0.027267    0.000000    4.015541 v input12/A (sky130_fd_sc_hd__clkdlybuf4s25_1)
     1    0.005358    0.104621    0.442738    4.458279 v input12/X (sky130_fd_sc_hd__clkdlybuf4s25_1)
                                                         net12 (net)
                      0.104621    0.000344    4.458623 v _1451_/D (sky130_fd_sc_hd__dfrtp_2)
                                              4.458623   data arrival time

                                  0.000000    0.000000   clock CLK (rise edge)
                                  0.000000    0.000000   clock source latency
     1    0.021247    0.158803    0.114747    0.114747 ^ CLK (in)
                                                         CLK (net)
                      0.158854    0.000000    0.114747 ^ clkbuf_0_CLK/A (sky130_fd_sc_hd__clkbuf_16)
    16    0.110692    0.192001    0.382494    0.497241 ^ clkbuf_0_CLK/X (sky130_fd_sc_hd__clkbuf_16)
                                                         clknet_0_CLK (net)
                      0.192352    0.005881    0.503122 ^ clkbuf_4_15_0_CLK/A (sky130_fd_sc_hd__clkbuf_8)
     6    0.015922    0.074184    0.296625    0.799747 ^ clkbuf_4_15_0_CLK/X (sky130_fd_sc_hd__clkbuf_8)
                                                         clknet_4_15_0_CLK (net)
                      0.074193    0.000808    0.800555 ^ _1451_/CLK (sky130_fd_sc_hd__dfrtp_2)
                                  0.250000    1.050555   clock uncertainty
                                  0.000000    1.050555   clock reconvergence pessimism
                                 -0.101312    0.949243   library hold time
                                              0.949243   data required time
---------------------------------------------------------------------------------------------
                                              0.949243   data required time
                                             -4.458623   data arrival time
---------------------------------------------------------------------------------------------
                                              3.509380   slack (MET)


Startpoint: DUTY[2] (input port clocked by CLK)
Endpoint: _1444_ (rising edge-triggered flip-flop clocked by CLK)
Path Group: CLK
Path Type: min

Fanout         Cap        Slew       Delay        Time   Description
---------------------------------------------------------------------------------------------
                                  0.000000    0.000000   clock CLK (rise edge)
                                  0.000000    0.000000   clock network delay (propagated)
                                  4.000000    4.000000 v input external delay
     1    0.007394    0.036757    0.022514    4.022514 v DUTY[2] (in)
                                                         DUTY[2] (net)
                      0.036766    0.000000    4.022514 v input5/A (sky130_fd_sc_hd__clkdlybuf4s25_1)
     1    0.005553    0.106827    0.448816    4.471330 v input5/X (sky130_fd_sc_hd__clkdlybuf4s25_1)
                                                         net5 (net)
                      0.106827    0.000238    4.471568 v _1444_/D (sky130_fd_sc_hd__dfrtp_2)
                                              4.471568   data arrival time

                                  0.000000    0.000000   clock CLK (rise edge)
                                  0.000000    0.000000   clock source latency
     1    0.021247    0.158803    0.114747    0.114747 ^ CLK (in)
                                                         CLK (net)
                      0.158854    0.000000    0.114747 ^ clkbuf_0_CLK/A (sky130_fd_sc_hd__clkbuf_16)
    16    0.110692    0.192001    0.382494    0.497241 ^ clkbuf_0_CLK/X (sky130_fd_sc_hd__clkbuf_16)
                                                         clknet_0_CLK (net)
                      0.192674    0.008839    0.506079 ^ clkbuf_4_1_0_CLK/A (sky130_fd_sc_hd__clkbuf_8)
     6    0.018223    0.079392    0.302190    0.808270 ^ clkbuf_4_1_0_CLK/X (sky130_fd_sc_hd__clkbuf_8)
                                                         clknet_4_1_0_CLK (net)
                      0.079400    0.000882    0.809151 ^ _1444_/CLK (sky130_fd_sc_hd__dfrtp_2)
                                  0.250000    1.059151   clock uncertainty
                                  0.000000    1.059151   clock reconvergence pessimism
                                 -0.100858    0.958293   library hold time
                                              0.958293   data required time
---------------------------------------------------------------------------------------------
                                              0.958293   data required time
                                             -4.471568   data arrival time
---------------------------------------------------------------------------------------------
                                              3.513275   slack (MET)


Startpoint: DUTY[3] (input port clocked by CLK)
Endpoint: _1445_ (rising edge-triggered flip-flop clocked by CLK)
Path Group: CLK
Path Type: min

Fanout         Cap        Slew       Delay        Time   Description
---------------------------------------------------------------------------------------------
                                  0.000000    0.000000   clock CLK (rise edge)
                                  0.000000    0.000000   clock network delay (propagated)
                                  4.000000    4.000000 v input external delay
     1    0.007396    0.036752    0.022449    4.022449 v DUTY[3] (in)
                                                         DUTY[3] (net)
                      0.036758    0.000000    4.022449 v input6/A (sky130_fd_sc_hd__clkdlybuf4s25_1)
     1    0.005879    0.110686    0.451970    4.474419 v input6/X (sky130_fd_sc_hd__clkdlybuf4s25_1)
                                                         net6 (net)
                      0.110686    0.000414    4.474833 v _1445_/D (sky130_fd_sc_hd__dfrtp_2)
                                              4.474833   data arrival time

                                  0.000000    0.000000   clock CLK (rise edge)
                                  0.000000    0.000000   clock source latency
     1    0.021247    0.158803    0.114747    0.114747 ^ CLK (in)
                                                         CLK (net)
                      0.158854    0.000000    0.114747 ^ clkbuf_0_CLK/A (sky130_fd_sc_hd__clkbuf_16)
    16    0.110692    0.192001    0.382494    0.497241 ^ clkbuf_0_CLK/X (sky130_fd_sc_hd__clkbuf_16)
                                                         clknet_0_CLK (net)
                      0.192674    0.008839    0.506079 ^ clkbuf_4_1_0_CLK/A (sky130_fd_sc_hd__clkbuf_8)
     6    0.018223    0.079392    0.302190    0.808270 ^ clkbuf_4_1_0_CLK/X (sky130_fd_sc_hd__clkbuf_8)
                                                         clknet_4_1_0_CLK (net)
                      0.079402    0.000950    0.809219 ^ _1445_/CLK (sky130_fd_sc_hd__dfrtp_2)
                                  0.250000    1.059219   clock uncertainty
                                  0.000000    1.059219   clock reconvergence pessimism
                                 -0.102270    0.956949   library hold time
                                              0.956949   data required time
---------------------------------------------------------------------------------------------
                                              0.956949   data required time
                                             -4.474833   data arrival time
---------------------------------------------------------------------------------------------
                                              3.517884   slack (MET)


Startpoint: HALL_A (input port clocked by CLK)
Endpoint: _1463_ (rising edge-triggered flip-flop clocked by CLK)
Path Group: CLK
Path Type: min

Fanout         Cap        Slew       Delay        Time   Description
---------------------------------------------------------------------------------------------
                                  0.000000    0.000000   clock CLK (rise edge)
                                  0.000000    0.000000   clock network delay (propagated)
                                  4.000000    4.000000 v input external delay
     1    0.005278    0.028222    0.016290    4.016290 v HALL_A (in)
                                                         HALL_A (net)
                      0.028226    0.000000    4.016290 v input14/A (sky130_fd_sc_hd__clkdlybuf4s25_1)
     1    0.008382    0.140903    0.473157    4.489447 v input14/X (sky130_fd_sc_hd__clkdlybuf4s25_1)
                                                         net14 (net)
                      0.140903    0.000643    4.490089 v _1463_/D (sky130_fd_sc_hd__dfrtp_2)
                                              4.490089   data arrival time

                                  0.000000    0.000000   clock CLK (rise edge)
                                  0.000000    0.000000   clock source latency
     1    0.021247    0.158803    0.114747    0.114747 ^ CLK (in)
                                                         CLK (net)
                      0.158854    0.000000    0.114747 ^ clkbuf_0_CLK/A (sky130_fd_sc_hd__clkbuf_16)
    16    0.110692    0.192001    0.382494    0.497241 ^ clkbuf_0_CLK/X (sky130_fd_sc_hd__clkbuf_16)
                                                         clknet_0_CLK (net)
                      0.192678    0.008862    0.506102 ^ clkbuf_4_0_0_CLK/A (sky130_fd_sc_hd__clkbuf_8)
     6    0.024030    0.093092    0.315987    0.822090 ^ clkbuf_4_0_0_CLK/X (sky130_fd_sc_hd__clkbuf_8)
                                                         clknet_4_0_0_CLK (net)
                      0.093106    0.001226    0.823316 ^ _1463_/CLK (sky130_fd_sc_hd__dfrtp_2)
                                  0.250000    1.073316   clock uncertainty
                                  0.000000    1.073316   clock reconvergence pessimism
                                 -0.110017    0.963299   library hold time
                                              0.963299   data required time
---------------------------------------------------------------------------------------------
                                              0.963299   data required time
                                             -4.490089   data arrival time
---------------------------------------------------------------------------------------------
                                              3.526791   slack (MET)


Startpoint: DUTY[1] (input port clocked by CLK)
Endpoint: _1443_ (rising edge-triggered flip-flop clocked by CLK)
Path Group: CLK
Path Type: min

Fanout         Cap        Slew       Delay        Time   Description
---------------------------------------------------------------------------------------------
                                  0.000000    0.000000   clock CLK (rise edge)
                                  0.000000    0.000000   clock network delay (propagated)
                                  4.000000    4.000000 v input external delay
     1    0.006965    0.035007    0.021241    4.021241 v DUTY[1] (in)
                                                         DUTY[1] (net)
                      0.035014    0.000000    4.021241 v input4/A (sky130_fd_sc_hd__clkdlybuf4s25_1)
     1    0.006373    0.116563    0.456104    4.477345 v input4/X (sky130_fd_sc_hd__clkdlybuf4s25_1)
                                                         net4 (net)
                      0.116563    0.000540    4.477884 v _1443_/D (sky130_fd_sc_hd__dfrtp_2)
                                              4.477884   data arrival time

                                  0.000000    0.000000   clock CLK (rise edge)
                                  0.000000    0.000000   clock source latency
     1    0.021247    0.158803    0.114747    0.114747 ^ CLK (in)
                                                         CLK (net)
                      0.158854    0.000000    0.114747 ^ clkbuf_0_CLK/A (sky130_fd_sc_hd__clkbuf_16)
    16    0.110692    0.192001    0.382494    0.497241 ^ clkbuf_0_CLK/X (sky130_fd_sc_hd__clkbuf_16)
                                                         clknet_0_CLK (net)
                      0.192709    0.009094    0.506335 ^ clkbuf_4_7_0_CLK/A (sky130_fd_sc_hd__clkbuf_8)
     6    0.015897    0.074126    0.296771    0.803106 ^ clkbuf_4_7_0_CLK/X (sky130_fd_sc_hd__clkbuf_8)
                                                         clknet_4_7_0_CLK (net)
                      0.074137    0.000865    0.803971 ^ _1443_/CLK (sky130_fd_sc_hd__dfrtp_2)
                                  0.250000    1.053971   clock uncertainty
                                  0.000000    1.053971   clock reconvergence pessimism
                                 -0.105698    0.948273   library hold time
                                              0.948273   data required time
---------------------------------------------------------------------------------------------
                                              0.948273   data required time
                                             -4.477884   data arrival time
---------------------------------------------------------------------------------------------
                                              3.529611   slack (MET)


Startpoint: DUTY[4] (input port clocked by CLK)
Endpoint: _1446_ (rising edge-triggered flip-flop clocked by CLK)
Path Group: CLK
Path Type: min

Fanout         Cap        Slew       Delay        Time   Description
---------------------------------------------------------------------------------------------
                                  0.000000    0.000000   clock CLK (rise edge)
                                  0.000000    0.000000   clock network delay (propagated)
                                  4.000000    4.000000 v input external delay
     1    0.010551    0.049623    0.031546    4.031546 v DUTY[4] (in)
                                                         DUTY[4] (net)
                      0.049629    0.000000    4.031546 v input7/A (sky130_fd_sc_hd__clkdlybuf4s25_1)
     1    0.007487    0.129815    0.473585    4.505131 v input7/X (sky130_fd_sc_hd__clkdlybuf4s25_1)
                                                         net7 (net)
                      0.129815    0.000451    4.505581 v _1446_/D (sky130_fd_sc_hd__dfrtp_2)
                                              4.505581   data arrival time

                                  0.000000    0.000000   clock CLK (rise edge)
                                  0.000000    0.000000   clock source latency
     1    0.021247    0.158803    0.114747    0.114747 ^ CLK (in)
                                                         CLK (net)
                      0.158854    0.000000    0.114747 ^ clkbuf_0_CLK/A (sky130_fd_sc_hd__clkbuf_16)
    16    0.110692    0.192001    0.382494    0.497241 ^ clkbuf_0_CLK/X (sky130_fd_sc_hd__clkbuf_16)
                                                         clknet_0_CLK (net)
                      0.192680    0.008881    0.506122 ^ clkbuf_4_4_0_CLK/A (sky130_fd_sc_hd__clkbuf_8)
     6    0.019226    0.081698    0.304650    0.810772 ^ clkbuf_4_4_0_CLK/X (sky130_fd_sc_hd__clkbuf_8)
                                                         clknet_4_4_0_CLK (net)
                      0.081707    0.000925    0.811697 ^ _1446_/CLK (sky130_fd_sc_hd__dfrtp_2)
                                  0.250000    1.061697   clock uncertainty
                                  0.000000    1.061697   clock reconvergence pessimism
                                 -0.108717    0.952979   library hold time
                                              0.952979   data required time
---------------------------------------------------------------------------------------------
                                              0.952979   data required time
                                             -4.505581   data arrival time
---------------------------------------------------------------------------------------------
                                              3.552602   slack (MET)


Startpoint: DUTY[6] (input port clocked by CLK)
Endpoint: _1448_ (rising edge-triggered flip-flop clocked by CLK)
Path Group: CLK
Path Type: min

Fanout         Cap        Slew       Delay        Time   Description
---------------------------------------------------------------------------------------------
                                  0.000000    0.000000   clock CLK (rise edge)
                                  0.000000    0.000000   clock network delay (propagated)
                                  4.000000    4.000000 v input external delay
     1    0.011391    0.053079    0.034034    4.034034 v DUTY[6] (in)
                                                         DUTY[6] (net)
                      0.053090    0.000000    4.034034 v input9/A (sky130_fd_sc_hd__clkdlybuf4s25_1)
     1    0.008616    0.143652    0.486160    4.520194 v input9/X (sky130_fd_sc_hd__clkdlybuf4s25_1)
                                                         net9 (net)
                      0.143653    0.000663    4.520857 v _1448_/D (sky130_fd_sc_hd__dfrtp_2)
                                              4.520857   data arrival time

                                  0.000000    0.000000   clock CLK (rise edge)
                                  0.000000    0.000000   clock source latency
     1    0.021247    0.158803    0.114747    0.114747 ^ CLK (in)
                                                         CLK (net)
                      0.158854    0.000000    0.114747 ^ clkbuf_0_CLK/A (sky130_fd_sc_hd__clkbuf_16)
    16    0.110692    0.192001    0.382494    0.497241 ^ clkbuf_0_CLK/X (sky130_fd_sc_hd__clkbuf_16)
                                                         clknet_0_CLK (net)
                      0.192680    0.008881    0.506122 ^ clkbuf_4_4_0_CLK/A (sky130_fd_sc_hd__clkbuf_8)
     6    0.019226    0.081698    0.304650    0.810772 ^ clkbuf_4_4_0_CLK/X (sky130_fd_sc_hd__clkbuf_8)
                                                         clknet_4_4_0_CLK (net)
                      0.081707    0.000929    0.811701 ^ _1448_/CLK (sky130_fd_sc_hd__dfrtp_2)
                                  0.250000    1.061701   clock uncertainty
                                  0.000000    1.061701   clock reconvergence pessimism
                                 -0.113785    0.947916   library hold time
                                              0.947916   data required time
---------------------------------------------------------------------------------------------
                                              0.947916   data required time
                                             -4.520857   data arrival time
---------------------------------------------------------------------------------------------
                                              3.572941   slack (MET)


Startpoint: DUTY[7] (input port clocked by CLK)
Endpoint: _1449_ (rising edge-triggered flip-flop clocked by CLK)
Path Group: CLK
Path Type: min

Fanout         Cap        Slew       Delay        Time   Description
---------------------------------------------------------------------------------------------
                                  0.000000    0.000000   clock CLK (rise edge)
                                  0.000000    0.000000   clock network delay (propagated)
                                  4.000000    4.000000 v input external delay
     1    0.010306    0.048523    0.031019    4.031019 v DUTY[7] (in)
                                                         DUTY[7] (net)
                      0.048544    0.000000    4.031019 v input10/A (sky130_fd_sc_hd__clkdlybuf4s25_1)
     1    0.009443    0.153853    0.492440    4.523459 v input10/X (sky130_fd_sc_hd__clkdlybuf4s25_1)
                                                         net10 (net)
                      0.153855    0.000775    4.524234 v _1449_/D (sky130_fd_sc_hd__dfrtp_2)
                                              4.524234   data arrival time

                                  0.000000    0.000000   clock CLK (rise edge)
                                  0.000000    0.000000   clock source latency
     1    0.021247    0.158803    0.114747    0.114747 ^ CLK (in)
                                                         CLK (net)
                      0.158854    0.000000    0.114747 ^ clkbuf_0_CLK/A (sky130_fd_sc_hd__clkbuf_16)
    16    0.110692    0.192001    0.382494    0.497241 ^ clkbuf_0_CLK/X (sky130_fd_sc_hd__clkbuf_16)
                                                         clknet_0_CLK (net)
                      0.192739    0.009312    0.506553 ^ clkbuf_4_5_0_CLK/A (sky130_fd_sc_hd__clkbuf_8)
     6    0.018014    0.078899    0.301863    0.808416 ^ clkbuf_4_5_0_CLK/X (sky130_fd_sc_hd__clkbuf_8)
                                                         clknet_4_5_0_CLK (net)
                      0.078902    0.000577    0.808993 ^ _1449_/CLK (sky130_fd_sc_hd__dfrtp_2)
                                  0.250000    1.058993   clock uncertainty
                                  0.000000    1.058993   clock reconvergence pessimism
                                 -0.118200    0.940793   library hold time
                                              0.940793   data required time
---------------------------------------------------------------------------------------------
                                              0.940793   data required time
                                             -4.524234   data arrival time
---------------------------------------------------------------------------------------------
                                              3.583441   slack (MET)


Startpoint: DUTY[0] (input port clocked by CLK)
Endpoint: _1442_ (rising edge-triggered flip-flop clocked by CLK)
Path Group: CLK
Path Type: min

Fanout         Cap        Slew       Delay        Time   Description
---------------------------------------------------------------------------------------------
                                  0.000000    0.000000   clock CLK (rise edge)
                                  0.000000    0.000000   clock network delay (propagated)
                                  4.000000    4.000000 v input external delay
     1    0.011772    0.054622    0.035077    4.035077 v DUTY[0] (in)
                                                         DUTY[0] (net)
                      0.054629    0.000000    4.035077 v input3/A (sky130_fd_sc_hd__clkdlybuf4s25_1)
     1    0.010346    0.164954    0.504152    4.539229 v input3/X (sky130_fd_sc_hd__clkdlybuf4s25_1)
                                                         net3 (net)
                      0.164955    0.000657    4.539886 v _1442_/D (sky130_fd_sc_hd__dfrtp_2)
                                              4.539886   data arrival time

                                  0.000000    0.000000   clock CLK (rise edge)
                                  0.000000    0.000000   clock source latency
     1    0.021247    0.158803    0.114747    0.114747 ^ CLK (in)
                                                         CLK (net)
                      0.158854    0.000000    0.114747 ^ clkbuf_0_CLK/A (sky130_fd_sc_hd__clkbuf_16)
    16    0.110692    0.192001    0.382494    0.497241 ^ clkbuf_0_CLK/X (sky130_fd_sc_hd__clkbuf_16)
                                                         clknet_0_CLK (net)
                      0.192739    0.009312    0.506553 ^ clkbuf_4_5_0_CLK/A (sky130_fd_sc_hd__clkbuf_8)
     6    0.018014    0.078899    0.301863    0.808416 ^ clkbuf_4_5_0_CLK/X (sky130_fd_sc_hd__clkbuf_8)
                                                         clknet_4_5_0_CLK (net)
                      0.078907    0.000831    0.809247 ^ _1442_/CLK (sky130_fd_sc_hd__dfrtp_2)
                                  0.250000    1.059247   clock uncertainty
                                  0.000000    1.059247   clock reconvergence pessimism
                                 -0.122264    0.936983   library hold time
                                              0.936983   data required time
---------------------------------------------------------------------------------------------
                                              0.936983   data required time
                                             -4.539886   data arrival time
---------------------------------------------------------------------------------------------
                                              3.602903   slack (MET)


Startpoint: _1441_ (rising edge-triggered flip-flop clocked by CLK)
Endpoint: _1429_ (removal check against rising-edge clock CLK)
Path Group: asynchronous
Path Type: min

Fanout         Cap        Slew       Delay        Time   Description
---------------------------------------------------------------------------------------------
                                  0.000000    0.000000   clock CLK (rise edge)
                                  0.000000    0.000000   clock source latency
     1    0.021247    0.158803    0.103819    0.103819 ^ CLK (in)
                                                         CLK (net)
                      0.158854    0.000000    0.103819 ^ clkbuf_0_CLK/A (sky130_fd_sc_hd__clkbuf_16)
    16    0.110692    0.192001    0.346066    0.449884 ^ clkbuf_0_CLK/X (sky130_fd_sc_hd__clkbuf_16)
                                                         clknet_0_CLK (net)
                      0.192394    0.005746    0.455631 ^ clkbuf_4_10_0_CLK/A (sky130_fd_sc_hd__clkbuf_8)
     6    0.018696    0.080479    0.274320    0.729950 ^ clkbuf_4_10_0_CLK/X (sky130_fd_sc_hd__clkbuf_8)
                                                         clknet_4_10_0_CLK (net)
                      0.080488    0.000836    0.730786 ^ _1441_/CLK (sky130_fd_sc_hd__dfrtp_2)
     1    0.001743    0.062760    0.633660    1.364447 ^ _1441_/Q (sky130_fd_sc_hd__dfrtp_2)
                                                         control.reset_n (net)
                      0.062760    0.000075    1.364522 ^ hold143/A (sky130_fd_sc_hd__dlygate4sd3_1)
     2    0.010929    0.202529    1.083043    2.447565 ^ hold143/X (sky130_fd_sc_hd__dlygate4sd3_1)
                                                         net142 (net)
                      0.202531    0.000983    2.448548 ^ fanout72/A (sky130_fd_sc_hd__clkdlybuf4s25_1)
     8    0.039601    0.637829    0.881580    3.330128 ^ fanout72/X (sky130_fd_sc_hd__clkdlybuf4s25_1)
                                                         net72 (net)
                      0.637833    0.002700    3.332828 ^ fanout69/A (sky130_fd_sc_hd__clkdlybuf4s25_1)
     8    0.039573    0.637195    1.029888    4.362716 ^ fanout69/X (sky130_fd_sc_hd__clkdlybuf4s25_1)
                                                         net69 (net)
                      0.637199    0.002627    4.365343 ^ fanout67/A (sky130_fd_sc_hd__clkdlybuf4s25_1)
     3    0.016775    0.283485    0.790874    5.156216 ^ fanout67/X (sky130_fd_sc_hd__clkdlybuf4s25_1)
                                                         net67 (net)
                      0.283489    0.001534    5.157750 ^ load_slew68/A (sky130_fd_sc_hd__clkbuf_4)
     8    0.034161    0.179816    0.403746    5.561495 ^ load_slew68/X (sky130_fd_sc_hd__clkbuf_4)
                                                         net68 (net)
                      0.179817    0.000809    5.562304 ^ _1429_/RESET_B (sky130_fd_sc_hd__dfrtp_2)
                                              5.562304   data arrival time

                                  0.000000    0.000000   clock CLK (rise edge)
                                  0.000000    0.000000   clock source latency
     1    0.021247    0.158803    0.114747    0.114747 ^ CLK (in)
                                                         CLK (net)
                      0.158854    0.000000    0.114747 ^ clkbuf_0_CLK/A (sky130_fd_sc_hd__clkbuf_16)
    16    0.110692    0.192001    0.382494    0.497241 ^ clkbuf_0_CLK/X (sky130_fd_sc_hd__clkbuf_16)
                                                         clknet_0_CLK (net)
                      0.192680    0.008881    0.506122 ^ clkbuf_4_4_0_CLK/A (sky130_fd_sc_hd__clkbuf_8)
     6    0.019226    0.081698    0.304650    0.810772 ^ clkbuf_4_4_0_CLK/X (sky130_fd_sc_hd__clkbuf_8)
                                                         clknet_4_4_0_CLK (net)
                      0.081706    0.000910    0.811682 ^ _1429_/CLK (sky130_fd_sc_hd__dfrtp_2)
                                  0.250000    1.061682   clock uncertainty
                                 -0.047356    1.014325   clock reconvergence pessimism
                                  0.694605    1.708930   library removal time
                                              1.708930   data required time
---------------------------------------------------------------------------------------------
                                              1.708930   data required time
                                             -5.562304   data arrival time
---------------------------------------------------------------------------------------------
                                              3.853375   slack (MET)


Startpoint: _1441_ (rising edge-triggered flip-flop clocked by CLK)
Endpoint: _1446_ (removal check against rising-edge clock CLK)
Path Group: asynchronous
Path Type: min

Fanout         Cap        Slew       Delay        Time   Description
---------------------------------------------------------------------------------------------
                                  0.000000    0.000000   clock CLK (rise edge)
                                  0.000000    0.000000   clock source latency
     1    0.021247    0.158803    0.103819    0.103819 ^ CLK (in)
                                                         CLK (net)
                      0.158854    0.000000    0.103819 ^ clkbuf_0_CLK/A (sky130_fd_sc_hd__clkbuf_16)
    16    0.110692    0.192001    0.346066    0.449884 ^ clkbuf_0_CLK/X (sky130_fd_sc_hd__clkbuf_16)
                                                         clknet_0_CLK (net)
                      0.192394    0.005746    0.455631 ^ clkbuf_4_10_0_CLK/A (sky130_fd_sc_hd__clkbuf_8)
     6    0.018696    0.080479    0.274320    0.729950 ^ clkbuf_4_10_0_CLK/X (sky130_fd_sc_hd__clkbuf_8)
                                                         clknet_4_10_0_CLK (net)
                      0.080488    0.000836    0.730786 ^ _1441_/CLK (sky130_fd_sc_hd__dfrtp_2)
     1    0.001743    0.062760    0.633660    1.364447 ^ _1441_/Q (sky130_fd_sc_hd__dfrtp_2)
                                                         control.reset_n (net)
                      0.062760    0.000075    1.364522 ^ hold143/A (sky130_fd_sc_hd__dlygate4sd3_1)
     2    0.010929    0.202529    1.083043    2.447565 ^ hold143/X (sky130_fd_sc_hd__dlygate4sd3_1)
                                                         net142 (net)
                      0.202531    0.000983    2.448548 ^ fanout72/A (sky130_fd_sc_hd__clkdlybuf4s25_1)
     8    0.039601    0.637829    0.881580    3.330128 ^ fanout72/X (sky130_fd_sc_hd__clkdlybuf4s25_1)
                                                         net72 (net)
                      0.637833    0.002700    3.332828 ^ fanout69/A (sky130_fd_sc_hd__clkdlybuf4s25_1)
     8    0.039573    0.637195    1.029888    4.362716 ^ fanout69/X (sky130_fd_sc_hd__clkdlybuf4s25_1)
                                                         net69 (net)
                      0.637199    0.002627    4.365343 ^ fanout67/A (sky130_fd_sc_hd__clkdlybuf4s25_1)
     3    0.016775    0.283485    0.790874    5.156216 ^ fanout67/X (sky130_fd_sc_hd__clkdlybuf4s25_1)
                                                         net67 (net)
                      0.283489    0.001534    5.157750 ^ load_slew68/A (sky130_fd_sc_hd__clkbuf_4)
     8    0.034161    0.179816    0.403746    5.561495 ^ load_slew68/X (sky130_fd_sc_hd__clkbuf_4)
                                                         net68 (net)
                      0.179819    0.001064    5.562559 ^ _1446_/RESET_B (sky130_fd_sc_hd__dfrtp_2)
                                              5.562559   data arrival time

                                  0.000000    0.000000   clock CLK (rise edge)
                                  0.000000    0.000000   clock source latency
     1    0.021247    0.158803    0.114747    0.114747 ^ CLK (in)
                                                         CLK (net)
                      0.158854    0.000000    0.114747 ^ clkbuf_0_CLK/A (sky130_fd_sc_hd__clkbuf_16)
    16    0.110692    0.192001    0.382494    0.497241 ^ clkbuf_0_CLK/X (sky130_fd_sc_hd__clkbuf_16)
                                                         clknet_0_CLK (net)
                      0.192680    0.008881    0.506122 ^ clkbuf_4_4_0_CLK/A (sky130_fd_sc_hd__clkbuf_8)
     6    0.019226    0.081698    0.304650    0.810772 ^ clkbuf_4_4_0_CLK/X (sky130_fd_sc_hd__clkbuf_8)
                                                         clknet_4_4_0_CLK (net)
                      0.081707    0.000925    0.811697 ^ _1446_/CLK (sky130_fd_sc_hd__dfrtp_2)
                                  0.250000    1.061697   clock uncertainty
                                 -0.047356    1.014340   clock reconvergence pessimism
                                  0.694606    1.708946   library removal time
                                              1.708946   data required time
---------------------------------------------------------------------------------------------
                                              1.708946   data required time
                                             -5.562559   data arrival time
---------------------------------------------------------------------------------------------
                                              3.853613   slack (MET)


Startpoint: _1441_ (rising edge-triggered flip-flop clocked by CLK)
Endpoint: _1448_ (removal check against rising-edge clock CLK)
Path Group: asynchronous
Path Type: min

Fanout         Cap        Slew       Delay        Time   Description
---------------------------------------------------------------------------------------------
                                  0.000000    0.000000   clock CLK (rise edge)
                                  0.000000    0.000000   clock source latency
     1    0.021247    0.158803    0.103819    0.103819 ^ CLK (in)
                                                         CLK (net)
                      0.158854    0.000000    0.103819 ^ clkbuf_0_CLK/A (sky130_fd_sc_hd__clkbuf_16)
    16    0.110692    0.192001    0.346066    0.449884 ^ clkbuf_0_CLK/X (sky130_fd_sc_hd__clkbuf_16)
                                                         clknet_0_CLK (net)
                      0.192394    0.005746    0.455631 ^ clkbuf_4_10_0_CLK/A (sky130_fd_sc_hd__clkbuf_8)
     6    0.018696    0.080479    0.274320    0.729950 ^ clkbuf_4_10_0_CLK/X (sky130_fd_sc_hd__clkbuf_8)
                                                         clknet_4_10_0_CLK (net)
                      0.080488    0.000836    0.730786 ^ _1441_/CLK (sky130_fd_sc_hd__dfrtp_2)
     1    0.001743    0.062760    0.633660    1.364447 ^ _1441_/Q (sky130_fd_sc_hd__dfrtp_2)
                                                         control.reset_n (net)
                      0.062760    0.000075    1.364522 ^ hold143/A (sky130_fd_sc_hd__dlygate4sd3_1)
     2    0.010929    0.202529    1.083043    2.447565 ^ hold143/X (sky130_fd_sc_hd__dlygate4sd3_1)
                                                         net142 (net)
                      0.202531    0.000983    2.448548 ^ fanout72/A (sky130_fd_sc_hd__clkdlybuf4s25_1)
     8    0.039601    0.637829    0.881580    3.330128 ^ fanout72/X (sky130_fd_sc_hd__clkdlybuf4s25_1)
                                                         net72 (net)
                      0.637833    0.002700    3.332828 ^ fanout69/A (sky130_fd_sc_hd__clkdlybuf4s25_1)
     8    0.039573    0.637195    1.029888    4.362716 ^ fanout69/X (sky130_fd_sc_hd__clkdlybuf4s25_1)
                                                         net69 (net)
                      0.637199    0.002627    4.365343 ^ fanout67/A (sky130_fd_sc_hd__clkdlybuf4s25_1)
     3    0.016775    0.283485    0.790874    5.156216 ^ fanout67/X (sky130_fd_sc_hd__clkdlybuf4s25_1)
                                                         net67 (net)
                      0.283489    0.001534    5.157750 ^ load_slew68/A (sky130_fd_sc_hd__clkbuf_4)
     8    0.034161    0.179816    0.403746    5.561495 ^ load_slew68/X (sky130_fd_sc_hd__clkbuf_4)
                                                         net68 (net)
                      0.179824    0.001379    5.562875 ^ _1448_/RESET_B (sky130_fd_sc_hd__dfrtp_2)
                                              5.562875   data arrival time

                                  0.000000    0.000000   clock CLK (rise edge)
                                  0.000000    0.000000   clock source latency
     1    0.021247    0.158803    0.114747    0.114747 ^ CLK (in)
                                                         CLK (net)
                      0.158854    0.000000    0.114747 ^ clkbuf_0_CLK/A (sky130_fd_sc_hd__clkbuf_16)
    16    0.110692    0.192001    0.382494    0.497241 ^ clkbuf_0_CLK/X (sky130_fd_sc_hd__clkbuf_16)
                                                         clknet_0_CLK (net)
                      0.192680    0.008881    0.506122 ^ clkbuf_4_4_0_CLK/A (sky130_fd_sc_hd__clkbuf_8)
     6    0.019226    0.081698    0.304650    0.810772 ^ clkbuf_4_4_0_CLK/X (sky130_fd_sc_hd__clkbuf_8)
                                                         clknet_4_4_0_CLK (net)
                      0.081707    0.000929    0.811701 ^ _1448_/CLK (sky130_fd_sc_hd__dfrtp_2)
                                  0.250000    1.061701   clock uncertainty
                                 -0.047356    1.014345   clock reconvergence pessimism
                                  0.694607    1.708952   library removal time
                                              1.708952   data required time
---------------------------------------------------------------------------------------------
                                              1.708952   data required time
                                             -5.562875   data arrival time
---------------------------------------------------------------------------------------------
                                              3.853923   slack (MET)


Startpoint: _1441_ (rising edge-triggered flip-flop clocked by CLK)
Endpoint: _1430_ (removal check against rising-edge clock CLK)
Path Group: asynchronous
Path Type: min

Fanout         Cap        Slew       Delay        Time   Description
---------------------------------------------------------------------------------------------
                                  0.000000    0.000000   clock CLK (rise edge)
                                  0.000000    0.000000   clock source latency
     1    0.021247    0.158803    0.103819    0.103819 ^ CLK (in)
                                                         CLK (net)
                      0.158854    0.000000    0.103819 ^ clkbuf_0_CLK/A (sky130_fd_sc_hd__clkbuf_16)
    16    0.110692    0.192001    0.346066    0.449884 ^ clkbuf_0_CLK/X (sky130_fd_sc_hd__clkbuf_16)
                                                         clknet_0_CLK (net)
                      0.192394    0.005746    0.455631 ^ clkbuf_4_10_0_CLK/A (sky130_fd_sc_hd__clkbuf_8)
     6    0.018696    0.080479    0.274320    0.729950 ^ clkbuf_4_10_0_CLK/X (sky130_fd_sc_hd__clkbuf_8)
                                                         clknet_4_10_0_CLK (net)
                      0.080488    0.000836    0.730786 ^ _1441_/CLK (sky130_fd_sc_hd__dfrtp_2)
     1    0.001743    0.062760    0.633660    1.364447 ^ _1441_/Q (sky130_fd_sc_hd__dfrtp_2)
                                                         control.reset_n (net)
                      0.062760    0.000075    1.364522 ^ hold143/A (sky130_fd_sc_hd__dlygate4sd3_1)
     2    0.010929    0.202529    1.083043    2.447565 ^ hold143/X (sky130_fd_sc_hd__dlygate4sd3_1)
                                                         net142 (net)
                      0.202531    0.000983    2.448548 ^ fanout72/A (sky130_fd_sc_hd__clkdlybuf4s25_1)
     8    0.039601    0.637829    0.881580    3.330128 ^ fanout72/X (sky130_fd_sc_hd__clkdlybuf4s25_1)
                                                         net72 (net)
                      0.637833    0.002700    3.332828 ^ fanout69/A (sky130_fd_sc_hd__clkdlybuf4s25_1)
     8    0.039573    0.637195    1.029888    4.362716 ^ fanout69/X (sky130_fd_sc_hd__clkdlybuf4s25_1)
                                                         net69 (net)
                      0.637199    0.002627    4.365343 ^ fanout67/A (sky130_fd_sc_hd__clkdlybuf4s25_1)
     3    0.016775    0.283485    0.790874    5.156216 ^ fanout67/X (sky130_fd_sc_hd__clkdlybuf4s25_1)
                                                         net67 (net)
                      0.283489    0.001534    5.157750 ^ load_slew68/A (sky130_fd_sc_hd__clkbuf_4)
     8    0.034161    0.179816    0.403746    5.561495 ^ load_slew68/X (sky130_fd_sc_hd__clkbuf_4)
                                                         net68 (net)
                      0.179821    0.001176    5.562671 ^ _1430_/RESET_B (sky130_fd_sc_hd__dfrtp_2)
                                              5.562671   data arrival time

                                  0.000000    0.000000   clock CLK (rise edge)
                                  0.000000    0.000000   clock source latency
     1    0.021247    0.158803    0.114747    0.114747 ^ CLK (in)
                                                         CLK (net)
                      0.158854    0.000000    0.114747 ^ clkbuf_0_CLK/A (sky130_fd_sc_hd__clkbuf_16)
    16    0.110692    0.192001    0.382494    0.497241 ^ clkbuf_0_CLK/X (sky130_fd_sc_hd__clkbuf_16)
                                                         clknet_0_CLK (net)
                      0.192739    0.009312    0.506553 ^ clkbuf_4_5_0_CLK/A (sky130_fd_sc_hd__clkbuf_8)
     6    0.018014    0.078899    0.301863    0.808416 ^ clkbuf_4_5_0_CLK/X (sky130_fd_sc_hd__clkbuf_8)
                                                         clknet_4_5_0_CLK (net)
                      0.078905    0.000749    0.809164 ^ _1430_/CLK (sky130_fd_sc_hd__dfrtp_2)
                                  0.250000    1.059164   clock uncertainty
                                 -0.047356    1.011808   clock reconvergence pessimism
                                  0.693762    1.705570   library removal time
                                              1.705570   data required time
---------------------------------------------------------------------------------------------
                                              1.705570   data required time
                                             -5.562671   data arrival time
---------------------------------------------------------------------------------------------
                                              3.857101   slack (MET)


Startpoint: _1441_ (rising edge-triggered flip-flop clocked by CLK)
Endpoint: _1442_ (removal check against rising-edge clock CLK)
Path Group: asynchronous
Path Type: min

Fanout         Cap        Slew       Delay        Time   Description
---------------------------------------------------------------------------------------------
                                  0.000000    0.000000   clock CLK (rise edge)
                                  0.000000    0.000000   clock source latency
     1    0.021247    0.158803    0.103819    0.103819 ^ CLK (in)
                                                         CLK (net)
                      0.158854    0.000000    0.103819 ^ clkbuf_0_CLK/A (sky130_fd_sc_hd__clkbuf_16)
    16    0.110692    0.192001    0.346066    0.449884 ^ clkbuf_0_CLK/X (sky130_fd_sc_hd__clkbuf_16)
                                                         clknet_0_CLK (net)
                      0.192394    0.005746    0.455631 ^ clkbuf_4_10_0_CLK/A (sky130_fd_sc_hd__clkbuf_8)
     6    0.018696    0.080479    0.274320    0.729950 ^ clkbuf_4_10_0_CLK/X (sky130_fd_sc_hd__clkbuf_8)
                                                         clknet_4_10_0_CLK (net)
                      0.080488    0.000836    0.730786 ^ _1441_/CLK (sky130_fd_sc_hd__dfrtp_2)
     1    0.001743    0.062760    0.633660    1.364447 ^ _1441_/Q (sky130_fd_sc_hd__dfrtp_2)
                                                         control.reset_n (net)
                      0.062760    0.000075    1.364522 ^ hold143/A (sky130_fd_sc_hd__dlygate4sd3_1)
     2    0.010929    0.202529    1.083043    2.447565 ^ hold143/X (sky130_fd_sc_hd__dlygate4sd3_1)
                                                         net142 (net)
                      0.202531    0.000983    2.448548 ^ fanout72/A (sky130_fd_sc_hd__clkdlybuf4s25_1)
     8    0.039601    0.637829    0.881580    3.330128 ^ fanout72/X (sky130_fd_sc_hd__clkdlybuf4s25_1)
                                                         net72 (net)
                      0.637833    0.002700    3.332828 ^ fanout69/A (sky130_fd_sc_hd__clkdlybuf4s25_1)
     8    0.039573    0.637195    1.029888    4.362716 ^ fanout69/X (sky130_fd_sc_hd__clkdlybuf4s25_1)
                                                         net69 (net)
                      0.637199    0.002627    4.365343 ^ fanout67/A (sky130_fd_sc_hd__clkdlybuf4s25_1)
     3    0.016775    0.283485    0.790874    5.156216 ^ fanout67/X (sky130_fd_sc_hd__clkdlybuf4s25_1)
                                                         net67 (net)
                      0.283489    0.001534    5.157750 ^ load_slew68/A (sky130_fd_sc_hd__clkbuf_4)
     8    0.034161    0.179816    0.403746    5.561495 ^ load_slew68/X (sky130_fd_sc_hd__clkbuf_4)
                                                         net68 (net)
                      0.179822    0.001271    5.562766 ^ _1442_/RESET_B (sky130_fd_sc_hd__dfrtp_2)
                                              5.562766   data arrival time

                                  0.000000    0.000000   clock CLK (rise edge)
                                  0.000000    0.000000   clock source latency
     1    0.021247    0.158803    0.114747    0.114747 ^ CLK (in)
                                                         CLK (net)
                      0.158854    0.000000    0.114747 ^ clkbuf_0_CLK/A (sky130_fd_sc_hd__clkbuf_16)
    16    0.110692    0.192001    0.382494    0.497241 ^ clkbuf_0_CLK/X (sky130_fd_sc_hd__clkbuf_16)
                                                         clknet_0_CLK (net)
                      0.192739    0.009312    0.506553 ^ clkbuf_4_5_0_CLK/A (sky130_fd_sc_hd__clkbuf_8)
     6    0.018014    0.078899    0.301863    0.808416 ^ clkbuf_4_5_0_CLK/X (sky130_fd_sc_hd__clkbuf_8)
                                                         clknet_4_5_0_CLK (net)
                      0.078907    0.000831    0.809247 ^ _1442_/CLK (sky130_fd_sc_hd__dfrtp_2)
                                  0.250000    1.059247   clock uncertainty
                                 -0.047356    1.011891   clock reconvergence pessimism
                                  0.693763    1.705654   library removal time
                                              1.705654   data required time
---------------------------------------------------------------------------------------------
                                              1.705654   data required time
                                             -5.562766   data arrival time
---------------------------------------------------------------------------------------------
                                              3.857112   slack (MET)


Startpoint: _1441_ (rising edge-triggered flip-flop clocked by CLK)
Endpoint: _1427_ (removal check against rising-edge clock CLK)
Path Group: asynchronous
Path Type: min

Fanout         Cap        Slew       Delay        Time   Description
---------------------------------------------------------------------------------------------
                                  0.000000    0.000000   clock CLK (rise edge)
                                  0.000000    0.000000   clock source latency
     1    0.021247    0.158803    0.103819    0.103819 ^ CLK (in)
                                                         CLK (net)
                      0.158854    0.000000    0.103819 ^ clkbuf_0_CLK/A (sky130_fd_sc_hd__clkbuf_16)
    16    0.110692    0.192001    0.346066    0.449884 ^ clkbuf_0_CLK/X (sky130_fd_sc_hd__clkbuf_16)
                                                         clknet_0_CLK (net)
                      0.192394    0.005746    0.455631 ^ clkbuf_4_10_0_CLK/A (sky130_fd_sc_hd__clkbuf_8)
     6    0.018696    0.080479    0.274320    0.729950 ^ clkbuf_4_10_0_CLK/X (sky130_fd_sc_hd__clkbuf_8)
                                                         clknet_4_10_0_CLK (net)
                      0.080488    0.000836    0.730786 ^ _1441_/CLK (sky130_fd_sc_hd__dfrtp_2)
     1    0.001743    0.062760    0.633660    1.364447 ^ _1441_/Q (sky130_fd_sc_hd__dfrtp_2)
                                                         control.reset_n (net)
                      0.062760    0.000075    1.364522 ^ hold143/A (sky130_fd_sc_hd__dlygate4sd3_1)
     2    0.010929    0.202529    1.083043    2.447565 ^ hold143/X (sky130_fd_sc_hd__dlygate4sd3_1)
                                                         net142 (net)
                      0.202531    0.000983    2.448548 ^ fanout72/A (sky130_fd_sc_hd__clkdlybuf4s25_1)
     8    0.039601    0.637829    0.881580    3.330128 ^ fanout72/X (sky130_fd_sc_hd__clkdlybuf4s25_1)
                                                         net72 (net)
                      0.637833    0.002700    3.332828 ^ fanout69/A (sky130_fd_sc_hd__clkdlybuf4s25_1)
     8    0.039573    0.637195    1.029888    4.362716 ^ fanout69/X (sky130_fd_sc_hd__clkdlybuf4s25_1)
                                                         net69 (net)
                      0.637199    0.002627    4.365343 ^ fanout67/A (sky130_fd_sc_hd__clkdlybuf4s25_1)
     3    0.016775    0.283485    0.790874    5.156216 ^ fanout67/X (sky130_fd_sc_hd__clkdlybuf4s25_1)
                                                         net67 (net)
                      0.283489    0.001534    5.157750 ^ load_slew68/A (sky130_fd_sc_hd__clkbuf_4)
     8    0.034161    0.179816    0.403746    5.561495 ^ load_slew68/X (sky130_fd_sc_hd__clkbuf_4)
                                                         net68 (net)
                      0.179839    0.001966    5.563461 ^ _1427_/RESET_B (sky130_fd_sc_hd__dfrtp_2)
                                              5.563461   data arrival time

                                  0.000000    0.000000   clock CLK (rise edge)
                                  0.000000    0.000000   clock source latency
     1    0.021247    0.158803    0.114747    0.114747 ^ CLK (in)
                                                         CLK (net)
                      0.158854    0.000000    0.114747 ^ clkbuf_0_CLK/A (sky130_fd_sc_hd__clkbuf_16)
    16    0.110692    0.192001    0.382494    0.497241 ^ clkbuf_0_CLK/X (sky130_fd_sc_hd__clkbuf_16)
                                                         clknet_0_CLK (net)
                      0.192739    0.009312    0.506553 ^ clkbuf_4_5_0_CLK/A (sky130_fd_sc_hd__clkbuf_8)
     6    0.018014    0.078899    0.301863    0.808416 ^ clkbuf_4_5_0_CLK/X (sky130_fd_sc_hd__clkbuf_8)
                                                         clknet_4_5_0_CLK (net)
                      0.078906    0.000815    0.809231 ^ _1427_/CLK (sky130_fd_sc_hd__dfrtp_2)
                                  0.250000    1.059231   clock uncertainty
                                 -0.047356    1.011875   clock reconvergence pessimism
                                  0.693768    1.705643   library removal time
                                              1.705643   data required time
---------------------------------------------------------------------------------------------
                                              1.705643   data required time
                                             -5.563461   data arrival time
---------------------------------------------------------------------------------------------
                                              3.857819   slack (MET)


Startpoint: _1441_ (rising edge-triggered flip-flop clocked by CLK)
Endpoint: _1426_ (removal check against rising-edge clock CLK)
Path Group: asynchronous
Path Type: min

Fanout         Cap        Slew       Delay        Time   Description
---------------------------------------------------------------------------------------------
                                  0.000000    0.000000   clock CLK (rise edge)
                                  0.000000    0.000000   clock source latency
     1    0.021247    0.158803    0.103819    0.103819 ^ CLK (in)
                                                         CLK (net)
                      0.158854    0.000000    0.103819 ^ clkbuf_0_CLK/A (sky130_fd_sc_hd__clkbuf_16)
    16    0.110692    0.192001    0.346066    0.449884 ^ clkbuf_0_CLK/X (sky130_fd_sc_hd__clkbuf_16)
                                                         clknet_0_CLK (net)
                      0.192394    0.005746    0.455631 ^ clkbuf_4_10_0_CLK/A (sky130_fd_sc_hd__clkbuf_8)
     6    0.018696    0.080479    0.274320    0.729950 ^ clkbuf_4_10_0_CLK/X (sky130_fd_sc_hd__clkbuf_8)
                                                         clknet_4_10_0_CLK (net)
                      0.080488    0.000836    0.730786 ^ _1441_/CLK (sky130_fd_sc_hd__dfrtp_2)
     1    0.001743    0.062760    0.633660    1.364447 ^ _1441_/Q (sky130_fd_sc_hd__dfrtp_2)
                                                         control.reset_n (net)
                      0.062760    0.000075    1.364522 ^ hold143/A (sky130_fd_sc_hd__dlygate4sd3_1)
     2    0.010929    0.202529    1.083043    2.447565 ^ hold143/X (sky130_fd_sc_hd__dlygate4sd3_1)
                                                         net142 (net)
                      0.202531    0.000983    2.448548 ^ fanout72/A (sky130_fd_sc_hd__clkdlybuf4s25_1)
     8    0.039601    0.637829    0.881580    3.330128 ^ fanout72/X (sky130_fd_sc_hd__clkdlybuf4s25_1)
                                                         net72 (net)
                      0.637833    0.002700    3.332828 ^ fanout69/A (sky130_fd_sc_hd__clkdlybuf4s25_1)
     8    0.039573    0.637195    1.029888    4.362716 ^ fanout69/X (sky130_fd_sc_hd__clkdlybuf4s25_1)
                                                         net69 (net)
                      0.637199    0.002627    4.365343 ^ fanout67/A (sky130_fd_sc_hd__clkdlybuf4s25_1)
     3    0.016775    0.283485    0.790874    5.156216 ^ fanout67/X (sky130_fd_sc_hd__clkdlybuf4s25_1)
                                                         net67 (net)
                      0.283489    0.001534    5.157750 ^ load_slew68/A (sky130_fd_sc_hd__clkbuf_4)
     8    0.034161    0.179816    0.403746    5.561495 ^ load_slew68/X (sky130_fd_sc_hd__clkbuf_4)
                                                         net68 (net)
                      0.179833    0.001776    5.563272 ^ _1426_/RESET_B (sky130_fd_sc_hd__dfrtp_2)
                                              5.563272   data arrival time

                                  0.000000    0.000000   clock CLK (rise edge)
                                  0.000000    0.000000   clock source latency
     1    0.021247    0.158803    0.114747    0.114747 ^ CLK (in)
                                                         CLK (net)
                      0.158854    0.000000    0.114747 ^ clkbuf_0_CLK/A (sky130_fd_sc_hd__clkbuf_16)
    16    0.110692    0.192001    0.382494    0.497241 ^ clkbuf_0_CLK/X (sky130_fd_sc_hd__clkbuf_16)
                                                         clknet_0_CLK (net)
                      0.192709    0.009094    0.506335 ^ clkbuf_4_7_0_CLK/A (sky130_fd_sc_hd__clkbuf_8)
     6    0.015897    0.074126    0.296771    0.803106 ^ clkbuf_4_7_0_CLK/X (sky130_fd_sc_hd__clkbuf_8)
                                                         clknet_4_7_0_CLK (net)
                      0.074136    0.000826    0.803932 ^ _1426_/CLK (sky130_fd_sc_hd__dfrtp_2)
                                  0.250000    1.053932   clock uncertainty
                                 -0.047356    1.006576   clock reconvergence pessimism
                                  0.692329    1.698905   library removal time
                                              1.698905   data required time
---------------------------------------------------------------------------------------------
                                              1.698905   data required time
                                             -5.563272   data arrival time
---------------------------------------------------------------------------------------------
                                              3.864367   slack (MET)


Startpoint: _1441_ (rising edge-triggered flip-flop clocked by CLK)
Endpoint: _1431_ (removal check against rising-edge clock CLK)
Path Group: asynchronous
Path Type: min

Fanout         Cap        Slew       Delay        Time   Description
---------------------------------------------------------------------------------------------
                                  0.000000    0.000000   clock CLK (rise edge)
                                  0.000000    0.000000   clock source latency
     1    0.021247    0.158803    0.103819    0.103819 ^ CLK (in)
                                                         CLK (net)
                      0.158854    0.000000    0.103819 ^ clkbuf_0_CLK/A (sky130_fd_sc_hd__clkbuf_16)
    16    0.110692    0.192001    0.346066    0.449884 ^ clkbuf_0_CLK/X (sky130_fd_sc_hd__clkbuf_16)
                                                         clknet_0_CLK (net)
                      0.192394    0.005746    0.455631 ^ clkbuf_4_10_0_CLK/A (sky130_fd_sc_hd__clkbuf_8)
     6    0.018696    0.080479    0.274320    0.729950 ^ clkbuf_4_10_0_CLK/X (sky130_fd_sc_hd__clkbuf_8)
                                                         clknet_4_10_0_CLK (net)
                      0.080488    0.000836    0.730786 ^ _1441_/CLK (sky130_fd_sc_hd__dfrtp_2)
     1    0.001743    0.062760    0.633660    1.364447 ^ _1441_/Q (sky130_fd_sc_hd__dfrtp_2)
                                                         control.reset_n (net)
                      0.062760    0.000075    1.364522 ^ hold143/A (sky130_fd_sc_hd__dlygate4sd3_1)
     2    0.010929    0.202529    1.083043    2.447565 ^ hold143/X (sky130_fd_sc_hd__dlygate4sd3_1)
                                                         net142 (net)
                      0.202531    0.000983    2.448548 ^ fanout72/A (sky130_fd_sc_hd__clkdlybuf4s25_1)
     8    0.039601    0.637829    0.881580    3.330128 ^ fanout72/X (sky130_fd_sc_hd__clkdlybuf4s25_1)
                                                         net72 (net)
                      0.637833    0.002700    3.332828 ^ fanout69/A (sky130_fd_sc_hd__clkdlybuf4s25_1)
     8    0.039573    0.637195    1.029888    4.362716 ^ fanout69/X (sky130_fd_sc_hd__clkdlybuf4s25_1)
                                                         net69 (net)
                      0.637199    0.002627    4.365343 ^ fanout67/A (sky130_fd_sc_hd__clkdlybuf4s25_1)
     3    0.016775    0.283485    0.790874    5.156216 ^ fanout67/X (sky130_fd_sc_hd__clkdlybuf4s25_1)
                                                         net67 (net)
                      0.283489    0.001534    5.157750 ^ load_slew68/A (sky130_fd_sc_hd__clkbuf_4)
     8    0.034161    0.179816    0.403746    5.561495 ^ load_slew68/X (sky130_fd_sc_hd__clkbuf_4)
                                                         net68 (net)
                      0.179838    0.001943    5.563438 ^ _1431_/RESET_B (sky130_fd_sc_hd__dfrtp_2)
                                              5.563438   data arrival time

                                  0.000000    0.000000   clock CLK (rise edge)
                                  0.000000    0.000000   clock source latency
     1    0.021247    0.158803    0.114747    0.114747 ^ CLK (in)
                                                         CLK (net)
                      0.158854    0.000000    0.114747 ^ clkbuf_0_CLK/A (sky130_fd_sc_hd__clkbuf_16)
    16    0.110692    0.192001    0.382494    0.497241 ^ clkbuf_0_CLK/X (sky130_fd_sc_hd__clkbuf_16)
                                                         clknet_0_CLK (net)
                      0.192709    0.009094    0.506335 ^ clkbuf_4_7_0_CLK/A (sky130_fd_sc_hd__clkbuf_8)
     6    0.015897    0.074126    0.296771    0.803106 ^ clkbuf_4_7_0_CLK/X (sky130_fd_sc_hd__clkbuf_8)
                                                         clknet_4_7_0_CLK (net)
                      0.074136    0.000834    0.803940 ^ _1431_/CLK (sky130_fd_sc_hd__dfrtp_2)
                                  0.250000    1.053940   clock uncertainty
                                 -0.047356    1.006584   clock reconvergence pessimism
                                  0.692330    1.698915   library removal time
                                              1.698915   data required time
---------------------------------------------------------------------------------------------
                                              1.698915   data required time
                                             -5.563438   data arrival time
---------------------------------------------------------------------------------------------
                                              3.864524   slack (MET)


Startpoint: _1396_ (rising edge-triggered flip-flop clocked by CLK)
Endpoint: FAULT (output port clocked by CLK)
Path Group: CLK
Path Type: min

Fanout         Cap        Slew       Delay        Time   Description
---------------------------------------------------------------------------------------------
                                  0.000000    0.000000   clock CLK (rise edge)
                                  0.000000    0.000000   clock source latency
     1    0.021247    0.158803    0.103819    0.103819 ^ CLK (in)
                                                         CLK (net)
                      0.158854    0.000000    0.103819 ^ clkbuf_0_CLK/A (sky130_fd_sc_hd__clkbuf_16)
    16    0.110692    0.192001    0.346066    0.449884 ^ clkbuf_0_CLK/X (sky130_fd_sc_hd__clkbuf_16)
                                                         clknet_0_CLK (net)
                      0.192290    0.004620    0.454505 ^ clkbuf_4_8_0_CLK/A (sky130_fd_sc_hd__clkbuf_8)
     5    0.014905    0.071897    0.266160    0.720665 ^ clkbuf_4_8_0_CLK/X (sky130_fd_sc_hd__clkbuf_8)
                                                         clknet_4_8_0_CLK (net)
                      0.071946    0.000639    0.721304 ^ _1396_/CLK (sky130_fd_sc_hd__dfrtp_2)
     4    0.011146    0.126284    0.702247    1.423551 ^ _1396_/Q (sky130_fd_sc_hd__dfrtp_2)
                                                         net21 (net)
                      0.126284    0.000416    1.423967 ^ output21/A (sky130_fd_sc_hd__clkdlybuf4s25_1)
     1    0.034713    0.560430    0.798525    2.222492 ^ output21/X (sky130_fd_sc_hd__clkdlybuf4s25_1)
                                                         FAULT (net)
                      0.560430    0.001694    2.224186 ^ FAULT (out)
                                              2.224186   data arrival time

                                  0.000000    0.000000   clock CLK (rise edge)
                                  0.000000    0.000000   clock network delay (propagated)
                                  0.250000    0.250000   clock uncertainty
                                  0.000000    0.250000   clock reconvergence pessimism
                                 -4.000000   -3.750000   output external delay
                                             -3.750000   data required time
---------------------------------------------------------------------------------------------
                                             -3.750000   data required time
                                             -2.224186   data arrival time
---------------------------------------------------------------------------------------------
                                              5.974186   slack (MET)


Startpoint: _1471_ (rising edge-triggered flip-flop clocked by CLK)
Endpoint: GL_C (output port clocked by CLK)
Path Group: CLK
Path Type: min

Fanout         Cap        Slew       Delay        Time   Description
---------------------------------------------------------------------------------------------
                                  0.000000    0.000000   clock CLK (rise edge)
                                  0.000000    0.000000   clock source latency
     1    0.021247    0.158803    0.103819    0.103819 ^ CLK (in)
                                                         CLK (net)
                      0.158854    0.000000    0.103819 ^ clkbuf_0_CLK/A (sky130_fd_sc_hd__clkbuf_16)
    16    0.110692    0.192001    0.346066    0.449884 ^ clkbuf_0_CLK/X (sky130_fd_sc_hd__clkbuf_16)
                                                         clknet_0_CLK (net)
                      0.192290    0.004620    0.454505 ^ clkbuf_4_8_0_CLK/A (sky130_fd_sc_hd__clkbuf_8)
     5    0.014905    0.071897    0.266160    0.720665 ^ clkbuf_4_8_0_CLK/X (sky130_fd_sc_hd__clkbuf_8)
                                                         clknet_4_8_0_CLK (net)
                      0.071946    0.000641    0.721306 ^ _1471_/CLK (sky130_fd_sc_hd__dfrtp_2)
     2    0.007984    0.104807    0.681602    1.402908 ^ _1471_/Q (sky130_fd_sc_hd__dfrtp_2)
                                                         gates.gl_c (net)
                      0.104807    0.000466    1.403374 ^ _0720_/B (sky130_fd_sc_hd__and3_2)
     1    0.002758    0.078876    0.334307    1.737682 ^ _0720_/X (sky130_fd_sc_hd__and3_2)
                                                         net27 (net)
                      0.078876    0.000192    1.737874 ^ output27/A (sky130_fd_sc_hd__clkdlybuf4s25_1)
     1    0.034432    0.555910    0.775366    2.513240 ^ output27/X (sky130_fd_sc_hd__clkdlybuf4s25_1)
                                                         GL_C (net)
                      0.555910    0.001736    2.514976 ^ GL_C (out)
                                              2.514976   data arrival time

                                  0.000000    0.000000   clock CLK (rise edge)
                                  0.000000    0.000000   clock network delay (propagated)
                                  0.250000    0.250000   clock uncertainty
                                  0.000000    0.250000   clock reconvergence pessimism
                                 -4.000000   -3.750000   output external delay
                                             -3.750000   data required time
---------------------------------------------------------------------------------------------
                                             -3.750000   data required time
                                             -2.514976   data arrival time
---------------------------------------------------------------------------------------------
                                              6.264977   slack (MET)


Startpoint: _1470_ (rising edge-triggered flip-flop clocked by CLK)
Endpoint: GH_C (output port clocked by CLK)
Path Group: CLK
Path Type: min

Fanout         Cap        Slew       Delay        Time   Description
---------------------------------------------------------------------------------------------
                                  0.000000    0.000000   clock CLK (rise edge)
                                  0.000000    0.000000   clock source latency
     1    0.021247    0.158803    0.103819    0.103819 ^ CLK (in)
                                                         CLK (net)
                      0.158854    0.000000    0.103819 ^ clkbuf_0_CLK/A (sky130_fd_sc_hd__clkbuf_16)
    16    0.110692    0.192001    0.346066    0.449884 ^ clkbuf_0_CLK/X (sky130_fd_sc_hd__clkbuf_16)
                                                         clknet_0_CLK (net)
                      0.192290    0.004620    0.454505 ^ clkbuf_4_8_0_CLK/A (sky130_fd_sc_hd__clkbuf_8)
     5    0.014905    0.071897    0.266160    0.720665 ^ clkbuf_4_8_0_CLK/X (sky130_fd_sc_hd__clkbuf_8)
                                                         clknet_4_8_0_CLK (net)
                      0.071947    0.000658    0.721323 ^ _1470_/CLK (sky130_fd_sc_hd__dfrtp_2)
     2    0.007755    0.103324    0.680292    1.401615 ^ _1470_/Q (sky130_fd_sc_hd__dfrtp_2)
                                                         gates.gh_c (net)
                      0.103324    0.000076    1.401691 ^ _0719_/B (sky130_fd_sc_hd__and3_2)
     1    0.002860    0.079626    0.334849    1.736541 ^ _0719_/X (sky130_fd_sc_hd__and3_2)
                                                         net24 (net)
                      0.079626    0.000200    1.736741 ^ output24/A (sky130_fd_sc_hd__clkdlybuf4s25_1)
     1    0.034519    0.557237    0.776643    2.513384 ^ output24/X (sky130_fd_sc_hd__clkdlybuf4s25_1)
                                                         GH_C (net)
                      0.557237    0.001646    2.515030 ^ GH_C (out)
                                              2.515030   data arrival time

                                  0.000000    0.000000   clock CLK (rise edge)
                                  0.000000    0.000000   clock network delay (propagated)
                                  0.250000    0.250000   clock uncertainty
                                  0.000000    0.250000   clock reconvergence pessimism
                                 -4.000000   -3.750000   output external delay
                                             -3.750000   data required time
---------------------------------------------------------------------------------------------
                                             -3.750000   data required time
                                             -2.515030   data arrival time
---------------------------------------------------------------------------------------------
                                              6.265029   slack (MET)


Startpoint: _1437_ (rising edge-triggered flip-flop clocked by CLK)
Endpoint: RUN (output port clocked by CLK)
Path Group: CLK
Path Type: min

Fanout         Cap        Slew       Delay        Time   Description
---------------------------------------------------------------------------------------------
                                  0.000000    0.000000   clock CLK (rise edge)
                                  0.000000    0.000000   clock source latency
     1    0.021247    0.158803    0.103819    0.103819 ^ CLK (in)
                                                         CLK (net)
                      0.158854    0.000000    0.103819 ^ clkbuf_0_CLK/A (sky130_fd_sc_hd__clkbuf_16)
    16    0.110692    0.192001    0.346066    0.449884 ^ clkbuf_0_CLK/X (sky130_fd_sc_hd__clkbuf_16)
                                                         clknet_0_CLK (net)
                      0.192290    0.004620    0.454505 ^ clkbuf_4_8_0_CLK/A (sky130_fd_sc_hd__clkbuf_8)
     5    0.014905    0.071897    0.266160    0.720665 ^ clkbuf_4_8_0_CLK/X (sky130_fd_sc_hd__clkbuf_8)
                                                         clknet_4_8_0_CLK (net)
                      0.071952    0.000774    0.721439 ^ _1437_/CLK (sky130_fd_sc_hd__dfrtp_2)
     6    0.016922    0.168010    0.739481    1.460920 ^ _1437_/Q (sky130_fd_sc_hd__dfrtp_2)
                                                         control.state[2] (net)
                      0.168011    0.000752    1.461672 ^ _0721_/A (sky130_fd_sc_hd__and2_2)
     1    0.003959    0.074973    0.285437    1.747109 ^ _0721_/X (sky130_fd_sc_hd__and2_2)
                                                         net28 (net)
                      0.074973    0.000236    1.747345 ^ output28/A (sky130_fd_sc_hd__clkdlybuf4s25_1)
     1    0.035175    0.567394    0.781543    2.528889 ^ output28/X (sky130_fd_sc_hd__clkdlybuf4s25_1)
                                                         RUN (net)
                      0.567394    0.001776    2.530665 ^ RUN (out)
                                              2.530665   data arrival time

                                  0.000000    0.000000   clock CLK (rise edge)
                                  0.000000    0.000000   clock network delay (propagated)
                                  0.250000    0.250000   clock uncertainty
                                  0.000000    0.250000   clock reconvergence pessimism
                                 -4.000000   -3.750000   output external delay
                                             -3.750000   data required time
---------------------------------------------------------------------------------------------
                                             -3.750000   data required time
                                             -2.530665   data arrival time
---------------------------------------------------------------------------------------------
                                              6.280664   slack (MET)


Startpoint: _1473_ (rising edge-triggered flip-flop clocked by CLK)
Endpoint: GL_B (output port clocked by CLK)
Path Group: CLK
Path Type: min

Fanout         Cap        Slew       Delay        Time   Description
---------------------------------------------------------------------------------------------
                                  0.000000    0.000000   clock CLK (rise edge)
                                  0.000000    0.000000   clock source latency
     1    0.021247    0.158803    0.103819    0.103819 ^ CLK (in)
                                                         CLK (net)
                      0.158854    0.000000    0.103819 ^ clkbuf_0_CLK/A (sky130_fd_sc_hd__clkbuf_16)
    16    0.110692    0.192001    0.346066    0.449884 ^ clkbuf_0_CLK/X (sky130_fd_sc_hd__clkbuf_16)
                                                         clknet_0_CLK (net)
                      0.192394    0.005746    0.455631 ^ clkbuf_4_10_0_CLK/A (sky130_fd_sc_hd__clkbuf_8)
     6    0.018696    0.080479    0.274320    0.729950 ^ clkbuf_4_10_0_CLK/X (sky130_fd_sc_hd__clkbuf_8)
                                                         clknet_4_10_0_CLK (net)
                      0.080487    0.000802    0.730753 ^ _1473_/CLK (sky130_fd_sc_hd__dfrtp_2)
     2    0.007818    0.103714    0.684308    1.415061 ^ _1473_/Q (sky130_fd_sc_hd__dfrtp_2)
                                                         gates.gl_b (net)
                      0.103714    0.000416    1.415477 ^ _0718_/B (sky130_fd_sc_hd__and3_2)
     1    0.002859    0.079613    0.334976    1.750454 ^ _0718_/X (sky130_fd_sc_hd__and3_2)
                                                         net26 (net)
                      0.079613    0.000188    1.750642 ^ output26/A (sky130_fd_sc_hd__clkdlybuf4s25_1)
     1    0.036066    0.581181    0.792692    2.543334 ^ output26/X (sky130_fd_sc_hd__clkdlybuf4s25_1)
                                                         GL_B (net)
                      0.581181    0.001894    2.545228 ^ GL_B (out)
                                              2.545228   data arrival time

                                  0.000000    0.000000   clock CLK (rise edge)
                                  0.000000    0.000000   clock network delay (propagated)
                                  0.250000    0.250000   clock uncertainty
                                  0.000000    0.250000   clock reconvergence pessimism
                                 -4.000000   -3.750000   output external delay
                                             -3.750000   data required time
---------------------------------------------------------------------------------------------
                                             -3.750000   data required time
                                             -2.545228   data arrival time
---------------------------------------------------------------------------------------------
                                              6.295228   slack (MET)


Startpoint: _1475_ (rising edge-triggered flip-flop clocked by CLK)
Endpoint: GL_A (output port clocked by CLK)
Path Group: CLK
Path Type: min

Fanout         Cap        Slew       Delay        Time   Description
---------------------------------------------------------------------------------------------
                                  0.000000    0.000000   clock CLK (rise edge)
                                  0.000000    0.000000   clock source latency
     1    0.021247    0.158803    0.103819    0.103819 ^ CLK (in)
                                                         CLK (net)
                      0.158854    0.000000    0.103819 ^ clkbuf_0_CLK/A (sky130_fd_sc_hd__clkbuf_16)
    16    0.110692    0.192001    0.346066    0.449884 ^ clkbuf_0_CLK/X (sky130_fd_sc_hd__clkbuf_16)
                                                         clknet_0_CLK (net)
                      0.192389    0.005697    0.455581 ^ clkbuf_4_11_0_CLK/A (sky130_fd_sc_hd__clkbuf_8)
     6    0.017155    0.076953    0.271019    0.726600 ^ clkbuf_4_11_0_CLK/X (sky130_fd_sc_hd__clkbuf_8)
                                                         clknet_4_11_0_CLK (net)
                      0.076962    0.000767    0.727367 ^ _1475_/CLK (sky130_fd_sc_hd__dfrtp_2)
     2    0.009508    0.114912    0.693805    1.421172 ^ _1475_/Q (sky130_fd_sc_hd__dfrtp_2)
                                                         gates.gl_a (net)
                      0.114912    0.000442    1.421613 ^ _0716_/B (sky130_fd_sc_hd__and3_2)
     1    0.005105    0.097339    0.362124    1.783738 ^ _0716_/X (sky130_fd_sc_hd__and3_2)
                                                         net25 (net)
                      0.097374    0.000359    1.784096 ^ output25/A (sky130_fd_sc_hd__clkdlybuf4s25_1)
     1    0.036008    0.580370    0.799647    2.583743 ^ output25/X (sky130_fd_sc_hd__clkdlybuf4s25_1)
                                                         GL_A (net)
                      0.580371    0.001907    2.585650 ^ GL_A (out)
                                              2.585650   data arrival time

                                  0.000000    0.000000   clock CLK (rise edge)
                                  0.000000    0.000000   clock network delay (propagated)
                                  0.250000    0.250000   clock uncertainty
                                  0.000000    0.250000   clock reconvergence pessimism
                                 -4.000000   -3.750000   output external delay
                                             -3.750000   data required time
---------------------------------------------------------------------------------------------
                                             -3.750000   data required time
                                             -2.585650   data arrival time
---------------------------------------------------------------------------------------------
                                              6.335650   slack (MET)


Startpoint: _1472_ (rising edge-triggered flip-flop clocked by CLK)
Endpoint: GH_B (output port clocked by CLK)
Path Group: CLK
Path Type: min

Fanout         Cap        Slew       Delay        Time   Description
---------------------------------------------------------------------------------------------
                                  0.000000    0.000000   clock CLK (rise edge)
                                  0.000000    0.000000   clock source latency
     1    0.021247    0.158803    0.103819    0.103819 ^ CLK (in)
                                                         CLK (net)
                      0.158854    0.000000    0.103819 ^ clkbuf_0_CLK/A (sky130_fd_sc_hd__clkbuf_16)
    16    0.110692    0.192001    0.346066    0.449884 ^ clkbuf_0_CLK/X (sky130_fd_sc_hd__clkbuf_16)
                                                         clknet_0_CLK (net)
                      0.192394    0.005746    0.455631 ^ clkbuf_4_10_0_CLK/A (sky130_fd_sc_hd__clkbuf_8)
     6    0.018696    0.080479    0.274320    0.729950 ^ clkbuf_4_10_0_CLK/X (sky130_fd_sc_hd__clkbuf_8)
                                                         clknet_4_10_0_CLK (net)
                      0.080488    0.000834    0.730784 ^ _1472_/CLK (sky130_fd_sc_hd__dfrtp_2)
     2    0.008427    0.107742    0.688240    1.419024 ^ _1472_/Q (sky130_fd_sc_hd__dfrtp_2)
                                                         gates.gh_b (net)
                      0.107742    0.000477    1.419501 ^ _0717_/B (sky130_fd_sc_hd__and3_2)
     1    0.006351    0.106604    0.369707    1.789208 ^ _0717_/X (sky130_fd_sc_hd__and3_2)
                                                         net23 (net)
                      0.106636    0.000452    1.789660 ^ output23/A (sky130_fd_sc_hd__clkdlybuf4s25_1)
     1    0.035736    0.576214    0.800734    2.590394 ^ output23/X (sky130_fd_sc_hd__clkdlybuf4s25_1)
                                                         GH_B (net)
                      0.576214    0.001918    2.592312 ^ GH_B (out)
                                              2.592312   data arrival time

                                  0.000000    0.000000   clock CLK (rise edge)
                                  0.000000    0.000000   clock network delay (propagated)
                                  0.250000    0.250000   clock uncertainty
                                  0.000000    0.250000   clock reconvergence pessimism
                                 -4.000000   -3.750000   output external delay
                                             -3.750000   data required time
---------------------------------------------------------------------------------------------
                                             -3.750000   data required time
                                             -2.592312   data arrival time
---------------------------------------------------------------------------------------------
                                              6.342312   slack (MET)


Startpoint: _1474_ (rising edge-triggered flip-flop clocked by CLK)
Endpoint: GH_A (output port clocked by CLK)
Path Group: CLK
Path Type: min

Fanout         Cap        Slew       Delay        Time   Description
---------------------------------------------------------------------------------------------
                                  0.000000    0.000000   clock CLK (rise edge)
                                  0.000000    0.000000   clock source latency
     1    0.021247    0.158803    0.103819    0.103819 ^ CLK (in)
                                                         CLK (net)
                      0.158854    0.000000    0.103819 ^ clkbuf_0_CLK/A (sky130_fd_sc_hd__clkbuf_16)
    16    0.110692    0.192001    0.346066    0.449884 ^ clkbuf_0_CLK/X (sky130_fd_sc_hd__clkbuf_16)
                                                         clknet_0_CLK (net)
                      0.192288    0.004597    0.454482 ^ clkbuf_4_13_0_CLK/A (sky130_fd_sc_hd__clkbuf_8)
     6    0.017372    0.077444    0.271442    0.725924 ^ clkbuf_4_13_0_CLK/X (sky130_fd_sc_hd__clkbuf_8)
                                                         clknet_4_13_0_CLK (net)
                      0.077455    0.000853    0.726777 ^ _1474_/CLK (sky130_fd_sc_hd__dfrtp_2)
     2    0.010085    0.118903    0.697638    1.424415 ^ _1474_/Q (sky130_fd_sc_hd__dfrtp_2)
                                                         gates.gh_a (net)
                      0.118903    0.000588    1.425003 ^ _0715_/B (sky130_fd_sc_hd__and3_2)
     1    0.012025    0.146228    0.413256    1.838259 ^ _0715_/X (sky130_fd_sc_hd__and3_2)
                                                         net22 (net)
                      0.146237    0.001199    1.839457 ^ output22/A (sky130_fd_sc_hd__clkdlybuf4s25_1)
     1    0.034989    0.564794    0.809871    2.649329 ^ output22/X (sky130_fd_sc_hd__clkdlybuf4s25_1)
                                                         GH_A (net)
                      0.564794    0.001762    2.651091 ^ GH_A (out)
                                              2.651091   data arrival time

                                  0.000000    0.000000   clock CLK (rise edge)
                                  0.000000    0.000000   clock network delay (propagated)
                                  0.250000    0.250000   clock uncertainty
                                  0.000000    0.250000   clock reconvergence pessimism
                                 -4.000000   -3.750000   output external delay
                                             -3.750000   data required time
---------------------------------------------------------------------------------------------
                                             -3.750000   data required time
                                             -2.651091   data arrival time
---------------------------------------------------------------------------------------------
                                              6.401091   slack (MET)



